TRDTYPE,DEPE,COMMODITY2,DISAGMOT,COUNTRY,VALUE,SHIPWT,FREIGHT_CHARGES,DF,CONTCODE,MONTH,YEAR
1,0101,04,5,1220,154890,0,144,1,X,04,2026
1,0101,28,5,1220,3143,0,470,2,X,04,2026
1,0101,29,5,1220,20501,0,2295,1,X,04,2026
1,0101,35,5,1220,182114,0,16069,1,X,04,2026
1,0101,36,5,1220,19244,0,183,1,X,04,2026
1,0101,38,5,1220,22013,0,2657,1,X,04,2026
1,0101,39,5,1220,414241,0,18015,1,X,04,2026
1,0101,39,5,1220,47320,0,3240,2,X,04,2026
1,0101,40,5,1220,909928,0,47631,1,X,04,2026
1,0101,44,5,1220,43290,0,5228,1,X,04,2026
1,0101,47,5,1220,120605,0,11239,1,X,04,2026
1,0101,48,5,1220,61951,0,3541,1,X,04,2026
1,0101,49,5,1220,24378,0,536,1,X,04,2026
1,0101,56,5,1220,35176,0,3403,1,X,04,2026
1,0101,59,5,1220,51716,0,1869,1,X,04,2026
1,0101,59,5,1220,2888,0,110,2,X,04,2026
1,0101,61,5,1220,4656,0,479,1,X,04,2026
1,0101,61,5,1220,84917,0,4543,2,X,04,2026
1,0101,62,5,1220,62028,0,3555,2,X,04,2026
1,0101,64,5,1220,19765,0,234,2,X,04,2026
1,0101,68,5,1220,91555,0,9535,1,X,04,2026
1,0101,70,5,1220,25845,0,475,1,X,04,2026
1,0101,72,5,1220,16534,0,409,1,X,04,2026
1,0101,73,5,1220,515013,0,34059,1,X,04,2026
1,0101,73,5,1220,88810,0,5534,2,X,04,2026
1,0101,74,5,1220,38438,0,1945,2,X,04,2026
1,0101,76,5,1220,359601,0,10269,1,X,04,2026
1,0101,82,5,1220,35329,0,374,1,X,04,2026
1,0101,83,5,1220,6648,0,194,1,X,04,2026
1,0101,84,5,1220,757534,0,24666,1,X,04,2026
1,0101,84,5,1220,544565,0,21223,2,X,04,2026
1,0101,85,5,1220,365659,0,6155,1,X,04,2026
1,0101,85,5,1220,371425,0,10033,2,X,04,2026
1,0101,86,5,1220,12644,0,495,2,X,04,2026
1,0101,87,5,1220,90900,0,3673,1,X,04,2026
1,0101,87,5,1220,11702,0,430,2,X,04,2026
1,0101,88,5,1220,1434237,0,7869,1,X,04,2026
1,0101,88,5,1220,70738,0,1321,2,X,04,2026
1,0101,89,5,1220,6680,0,358,1,X,04,2026
1,0101,90,5,1220,130102,0,1696,1,X,04,2026
1,0101,90,5,1220,22340,0,582,2,X,04,2026
1,0101,94,5,1220,54765,0,2594,1,X,04,2026
1,0101,94,5,1220,51280,0,2431,2,X,04,2026
1,0101,95,5,1220,10069,0,401,1,X,04,2026
1,0101,95,5,1220,4154,0,452,2,X,04,2026
1,0102,07,5,1220,42798,0,1650,1,X,04,2026
1,0102,72,5,1220,12348,0,306,1,X,04,2026
1,0103,49,5,1220,2772,0,93,1,X,04,2026
1,0103,49,5,1220,4292,0,145,2,X,04,2026
1,0103,62,5,1220,2744,0,89,2,X,04,2026
1,0103,63,5,1220,10880,0,412,1,X,04,2026
1,0103,76,5,1220,6100,0,132,2,X,04,2026
1,0103,85,5,1220,14403,0,315,2,X,04,2026
1,0104,01,5,1220,115685,0,2216,1,X,04,2026
1,0104,07,5,1220,43808,0,1688,1,X,04,2026
1,0104,08,5,1220,23480,0,4990,1,X,04,2026
1,0104,10,5,1220,5381,0,14,2,X,04,2026
1,0104,17,5,1220,3471320,0,172517,1,X,04,2026
1,0104,19,5,1220,24661,0,483,1,X,04,2026
1,0104,29,5,1220,3710,0,72,1,X,04,2026
1,0104,32,5,1220,2958,0,103,1,X,04,2026
1,0104,34,5,1220,2637,0,51,1,X,04,2026
1,0104,39,5,1220,92348,0,1550,1,X,04,2026
1,0104,40,5,1220,10168,0,240,1,X,04,2026
1,0104,44,5,1220,3732185,0,72951,1,X,04,2026
1,0104,44,6,1220,5824,0,72,1,X,04,2026
1,0104,47,5,1220,721957,0,14176,1,X,04,2026
1,0104,47,6,1220,53572,0,2638,1,X,04,2026
1,0104,48,5,1220,4776161,0,358154,1,X,04,2026
1,0104,48,6,1220,452970,0,4254,1,X,04,2026
1,0104,54,5,1220,24522,0,334,1,X,04,2026
1,0104,56,5,1220,19090,0,274,1,X,04,2026
1,0104,56,5,1220,2607,0,37,2,X,04,2026
1,0104,58,5,1220,3566,0,106,1,X,04,2026
1,0104,59,5,1220,3227,0,63,1,X,04,2026
1,0104,68,5,1220,300602,0,13839,1,X,04,2026
1,0104,69,5,1220,8178,0,238,1,X,04,2026
1,0104,72,5,1220,135889,0,3362,1,X,04,2026
1,0104,72,6,1220,361351,0,8979,1,X,04,2026
1,0104,74,5,1220,110444,0,2458,1,X,04,2026
1,0104,76,5,1220,16736,0,363,1,X,04,2026
1,0104,76,6,1220,238469,0,5178,1,X,04,2026
1,0104,83,5,1220,7176,0,198,1,X,04,2026
1,0104,84,5,1220,413659,0,9736,1,X,04,2026
1,0104,84,5,1220,7091,0,211,2,X,04,2026
1,0104,85,5,1220,74440,0,1442,1,X,04,2026
1,0104,85,5,1220,2750,0,79,2,X,04,2026
1,0104,87,5,1220,1721023,0,39985,1,X,04,2026
1,0104,87,5,1220,37471,0,735,2,X,04,2026
1,0104,88,5,1220,9541,0,186,1,X,04,2026
1,0104,89,5,1220,8393,0,123,1,X,04,2026
1,0104,94,5,1220,6894,0,289,1,X,04,2026
1,0104,95,5,1220,109198,0,2131,1,X,04,2026
1,0105,27,6,1220,432059,0,4276,1,X,04,2026
1,0105,28,6,1220,135622,0,288,1,X,04,2026
1,0105,31,6,1220,212143,0,19284,1,X,04,2026
1,0105,38,6,1220,68130,0,100,1,X,04,2026
1,0105,44,5,1220,33744,0,658,1,X,04,2026
1,0105,44,6,1220,1142412,0,24264,1,X,04,2026
1,0105,56,5,1220,15103,0,295,1,X,04,2026
1,0105,68,6,1220,1145761,0,54490,1,X,04,2026
1,0106,01,5,1220,258158,0,2317,1,X,04,2026
1,0106,03,5,1220,469196,0,8138,1,X,04,2026
1,0106,03,5,1220,792733,0,14700,2,X,04,2026
1,0106,04,5,1220,49132,0,545,1,X,04,2026
1,0106,05,5,1220,1083862,0,70826,1,X,04,2026
1,0106,06,5,1220,806515,0,11775,1,X,04,2026
1,0106,06,5,1220,12685,0,10,2,X,04,2026
1,0106,07,5,1220,860775,0,50368,1,X,04,2026
1,0106,08,5,1220,593671,0,26668,1,X,04,2026
1,0106,08,5,1220,1615657,0,30884,2,X,04,2026
1,0106,09,5,1220,11340,0,222,1,X,04,2026
1,0106,09,5,1220,29675,0,1426,2,X,04,2026
1,0106,11,5,1220,23676,0,3678,1,X,04,2026
1,0106,12,5,1220,139028,0,11187,1,X,04,2026
1,0106,15,5,1220,701545,0,9725,1,X,04,2026
1,0106,15,5,1220,69604,0,69,2,X,04,2026
1,0106,16,5,1220,45570,0,40,1,X,04,2026
1,0106,16,5,1220,269375,0,4775,2,X,04,2026
1,0106,19,5,1220,1895818,0,123940,1,X,04,2026
1,0106,20,5,1220,288041,0,20197,1,X,04,2026
1,0106,21,5,1220,614953,0,22234,1,X,04,2026
1,0106,22,5,1220,99711,0,4548,1,X,04,2026
1,0106,23,5,1220,54252,0,1061,1,X,04,2026
1,0106,25,5,1220,254520,0,11691,1,X,04,2026
1,0106,26,5,1220,5884,0,72,1,X,04,2026
1,0106,27,5,1220,1159429,0,24286,1,X,04,2026
1,0106,28,5,1220,550479,0,28915,1,X,04,2026
1,0106,28,6,1220,73075,0,3271,1,X,04,2026
1,0106,29,5,1220,851345,0,12912,1,X,04,2026
1,0106,29,5,1220,49104,0,1134,2,X,04,2026
1,0106,30,5,1220,9228,0,225,1,X,04,2026
1,0106,30,5,1220,62534,0,3065,2,X,04,2026
1,0106,31,5,1220,169692,0,19549,1,X,04,2026
1,0106,32,5,1220,582841,0,15417,1,X,04,2026
1,0106,33,5,1220,23626,0,563,1,X,04,2026
1,0106,34,5,1220,275723,0,14626,1,X,04,2026
1,0106,34,5,1220,16666,0,520,2,X,04,2026
1,0106,35,5,1220,109312,0,6227,1,X,04,2026
1,0106,38,5,1220,205233,0,11911,1,X,04,2026
1,0106,38,5,1220,68188,0,4381,2,X,04,2026
1,0106,39,5,1220,4514143,0,121732,1,X,04,2026
1,0106,39,5,1220,437357,0,3218,2,X,04,2026
1,0106,39,8,1220,3678,0,125,1,X,04,2026
1,0106,40,5,1220,5013453,0,256065,1,X,04,2026
1,0106,40,5,1220,138621,0,4931,2,X,04,2026
1,0106,42,5,1220,2974,0,74,1,X,04,2026
1,0106,44,5,1220,1226355,0,57617,1,X,04,2026
1,0106,47,5,1220,532706,0,22764,1,X,04,2026
1,0106,48,5,1220,2580221,0,74628,1,X,04,2026
1,0106,48,5,1220,35232,0,33,2,X,04,2026
1,0106,54,5,1220,16121,0,131,2,X,04,2026
1,0106,56,5,1220,1980377,0,13134,1,X,04,2026
1,0106,57,5,1220,78195,0,2364,1,X,04,2026
1,0106,58,5,1220,60115,0,54,1,X,04,2026
1,0106,59,5,1220,45968,0,1701,1,X,04,2026
1,0106,62,5,1220,3257,0,106,1,X,04,2026
1,0106,63,5,1220,16080,0,641,1,X,04,2026
1,0106,63,5,1220,68898,0,1350,2,X,04,2026
1,0106,65,5,1220,3656,0,3,1,X,04,2026
1,0106,68,5,1220,826348,0,31550,1,X,04,2026
1,0106,70,5,1220,428938,0,5479,1,X,04,2026
1,0106,71,5,1220,177803,0,2212,2,X,04,2026
1,0106,72,5,1220,96650,0,4501,1,X,04,2026
1,0106,73,5,1220,2269636,0,162806,1,X,04,2026
1,0106,73,5,1220,21692,0,834,2,X,04,2026
1,0106,73,8,1220,8621,0,169,1,X,04,2026
1,0106,74,5,1220,653364,0,5775,1,X,04,2026
1,0106,76,5,1220,482078,0,11143,1,X,04,2026
1,0106,79,5,1220,3795,0,237,1,X,04,2026
1,0106,80,5,1220,143044,0,218,2,X,04,2026
1,0106,82,5,1220,11606,0,240,1,X,04,2026
1,0106,83,5,1220,109425,0,1137,1,X,04,2026
1,0106,83,5,1220,14255,0,319,2,X,04,2026
1,0106,84,5,1220,7606072,0,124727,1,X,04,2026
1,0106,84,5,1220,6324024,0,103633,2,X,04,2026
1,0106,85,5,1220,4682155,0,72158,1,X,04,2026
1,0106,85,5,1220,301374,0,6784,2,X,04,2026
1,0106,86,5,1220,117865,0,1742,1,X,04,2026
1,0106,87,5,1220,9858817,0,128610,1,X,04,2026
1,0106,87,5,1220,1807544,0,25825,2,X,04,2026
1,0106,87,8,1220,18093,0,145,1,X,04,2026
1,0106,88,5,1220,120570,0,3572,1,X,04,2026
1,0106,89,5,1220,1965726,0,23378,1,X,04,2026
1,0106,89,5,1220,99790,0,801,2,X,04,2026
1,0106,89,8,1220,9531,0,379,1,X,04,2026
1,0106,90,5,1220,168825,0,2397,1,X,04,2026
1,0106,90,5,1220,34721,0,390,2,X,04,2026
1,0106,94,5,1220,289486,0,3104,1,X,04,2026
1,0106,94,5,1220,20612,0,434,2,X,04,2026
1,0106,95,5,1220,226168,0,6018,1,X,04,2026
1,0106,95,5,1220,7846,0,183,2,X,04,2026
1,0106,96,5,1220,226386,0,3108,1,X,04,2026
1,0106,96,5,1220,6714,0,237,2,X,04,2026
1,0107,07,5,1220,968226,0,81076,1,X,04,2026
1,0107,20,5,1220,82254,0,1611,1,X,04,2026
1,0107,31,5,1220,50370,0,2250,1,X,04,2026
1,0107,39,5,1220,9489,0,186,1,X,04,2026
1,0107,44,5,1220,435483,0,5833,1,X,04,2026
1,0107,48,5,1220,3998,0,78,1,X,04,2026
1,0107,68,5,1220,3351,0,85,1,X,04,2026
1,0107,87,5,1220,115013,0,1933,1,X,04,2026
1,0107,94,5,1220,8053,0,312,1,X,04,2026
1,0108,07,5,1220,2319289,0,89325,1,X,04,2026
1,0108,10,5,1220,40652,0,885,1,X,04,2026
1,0108,44,5,1220,254880,0,4881,1,X,04,2026
1,0108,44,6,1220,1021766,0,5760,1,X,04,2026
1,0108,47,5,1220,4680,0,91,1,X,04,2026
1,0108,48,5,1220,9236,0,181,1,X,04,2026
1,0108,48,5,1220,8947,0,175,2,X,04,2026
1,0108,72,5,1220,45201,0,1119,1,X,04,2026
1,0108,84,5,1220,124954,0,2792,1,X,04,2026
1,0108,84,5,1220,6006,0,178,2,X,04,2026
1,0108,84,8,1220,2705,0,80,1,X,04,2026
1,0108,85,5,1220,3941,0,86,1,X,04,2026
1,0108,87,5,1220,45997,0,919,1,X,04,2026
1,0108,87,5,1220,299225,0,11691,2,X,04,2026
1,0108,95,5,1220,2950,0,108,2,X,04,2026
1,0109,25,5,1220,4658,0,439,1,X,04,2026
1,0109,27,5,1220,138379,0,13527,1,X,04,2026
1,0109,29,6,1220,31666,0,452,1,X,04,2026
1,0109,39,5,1220,3097,0,173,1,X,04,2026
1,0109,47,5,1220,4613,0,90,1,X,04,2026
1,0109,48,5,1220,2000031,0,28671,1,X,04,2026
1,0109,72,5,1220,4132,0,102,1,X,04,2026
1,0109,84,5,1220,38733,0,642,1,X,04,2026
1,0109,85,5,1220,26501,0,764,1,X,04,2026
1,0109,85,5,1220,24233,0,1518,2,X,04,2026
1,0109,90,5,1220,6663,0,260,2,X,04,2026
1,0110,39,5,1220,24198,0,277,1,X,04,2026
1,0110,44,5,1220,276142,0,5219,1,X,04,2026
1,0110,48,5,1220,68131,0,973,1,X,04,2026
1,0110,83,5,1220,2958,0,75,1,X,04,2026
1,0110,84,5,1220,8748,0,260,1,X,04,2026
1,0110,87,5,1220,2662,0,45,1,X,04,2026
1,0115,01,5,1220,2890,0,57,1,X,04,2026
1,0115,03,5,1220,2827579,0,66454,1,X,04,2026
1,0115,03,5,1220,349684,0,5220,2,X,04,2026
1,0115,05,5,1220,310007,0,7625,1,X,04,2026
1,0115,06,5,1220,2594,0,50,1,X,04,2026
1,0115,06,5,1220,6292,0,727,2,X,04,2026
1,0115,08,5,1220,2245017,0,73734,1,X,04,2026
1,0115,08,5,1220,297605,0,5281,2,X,04,2026
1,0115,09,5,1220,7056,0,121,1,X,04,2026
1,0115,09,5,1220,2739,0,43,2,X,04,2026
1,0115,11,5,1220,43630,0,1697,1,X,04,2026
1,0115,12,5,1220,30082,0,33,1,X,04,2026
1,0115,12,5,1220,57072,0,195,2,X,04,2026
1,0115,15,5,1220,74406,0,1589,1,X,04,2026
1,0115,15,5,1220,38536,0,363,2,X,04,2026
1,0115,16,5,1220,47899,0,47,1,X,04,2026
1,0115,16,5,1220,246055,0,3271,2,X,04,2026
1,0115,17,5,1220,108548,0,4139,1,X,04,2026
1,0115,17,6,1220,160406,0,7900,1,X,04,2026
1,0115,18,5,1220,394636,0,6601,1,X,04,2026
1,0115,18,5,1220,2715,0,47,2,X,04,2026
1,0115,19,5,1220,355928,0,5046,1,X,04,2026
1,0115,20,5,1220,57372,0,7759,1,X,04,2026
1,0115,20,5,1220,27947,0,3126,2,X,04,2026
1,0115,21,5,1220,197053,0,2026,1,X,04,2026
1,0115,21,5,1220,43026,0,226,2,X,04,2026
1,0115,22,5,1220,10278,0,200,1,X,04,2026
1,0115,25,5,1220,183453,0,3826,1,X,04,2026
1,0115,26,5,1220,11840,0,144,1,X,04,2026
1,0115,27,5,1220,528592,0,10659,1,X,04,2026
1,0115,27,5,1220,6178,0,121,2,X,04,2026
1,0115,27,7,1220,40923304,0,0,1,X,04,2026
1,0115,28,5,1220,301306,0,9357,1,X,04,2026
1,0115,28,5,1220,36934,0,1250,2,X,04,2026
1,0115,29,5,1220,332463,0,5517,1,X,04,2026
1,0115,29,5,1220,6844,0,6,2,X,04,2026
1,0115,30,5,1220,574265,0,5952,1,X,04,2026
1,0115,30,5,1220,320530,0,3388,2,X,04,2026
1,0115,31,5,1220,91477,0,1260,1,X,04,2026
1,0115,32,5,1220,373063,0,16390,1,X,04,2026
1,0115,32,5,1220,15075,0,1542,2,X,04,2026
1,0115,32,6,1220,107744,0,0,1,X,04,2026
1,0115,33,5,1220,248583,0,8773,1,X,04,2026
1,0115,33,5,1220,22855,0,1623,2,X,04,2026
1,0115,34,5,1220,234454,0,7978,1,X,04,2026
1,0115,34,5,1220,11631,0,72,2,X,04,2026
1,0115,35,5,1220,126174,0,1295,1,X,04,2026
1,0115,35,5,1220,249982,0,2032,2,X,04,2026
1,0115,36,5,1220,37183,0,1769,2,X,04,2026
1,0115,38,5,1220,1276471,0,22020,1,X,04,2026
1,0115,38,5,1220,47823,0,818,2,X,04,2026
1,0115,39,5,1220,3475750,0,96043,1,X,04,2026
1,0115,39,5,1220,162864,0,6355,2,X,04,2026
1,0115,40,5,1220,348961,0,17135,1,X,04,2026
1,0115,40,5,1220,109099,0,5527,2,X,04,2026
1,0115,41,5,1220,19762,0,391,2,X,04,2026
1,0115,42,5,1220,28251,0,839,1,X,04,2026
1,0115,42,5,1220,27349,0,818,2,X,04,2026
1,0115,44,5,1220,564258,0,22058,1,X,04,2026
1,0115,44,5,1220,13377,0,295,2,X,04,2026
1,0115,47,5,1220,284819,0,4866,1,X,04,2026
1,0115,48,5,1220,3750796,0,174618,1,X,04,2026
1,0115,48,5,1220,22665,0,417,2,X,04,2026
1,0115,49,5,1220,38011,0,811,1,X,04,2026
1,0115,49,5,1220,15578,0,528,2,X,04,2026
1,0115,51,5,1220,8362,0,139,1,X,04,2026
1,0115,52,5,1220,2708,0,53,1,X,04,2026
1,0115,52,5,1220,3742,0,73,2,X,04,2026
1,0115,53,5,1220,2879,0,136,1,X,04,2026
1,0115,54,5,1220,21289,0,2589,1,X,04,2026
1,0115,56,5,1220,146696,0,2050,1,X,04,2026
1,0115,56,5,1220,22106,0,880,2,X,04,2026
1,0115,57,5,1220,3100,0,61,2,X,04,2026
1,0115,58,5,1220,23851,0,142,1,X,04,2026
1,0115,59,5,1220,77639,0,3100,1,X,04,2026
1,0115,61,5,1220,87891,0,3005,2,X,04,2026
1,0115,62,5,1220,38976,0,828,1,X,04,2026
1,0115,62,5,1220,82532,0,171,2,X,04,2026
1,0115,63,5,1220,89921,0,4070,1,X,04,2026
1,0115,63,5,1220,371354,0,7455,2,X,04,2026
1,0115,64,5,1220,10306,0,201,2,X,04,2026
1,0115,65,5,1220,22631,0,440,1,X,04,2026
1,0115,68,5,1220,254686,0,13682,1,X,04,2026
1,0115,68,5,1220,10544,0,330,2,X,04,2026
1,0115,69,5,1220,41227,0,1800,1,X,04,2026
1,0115,69,5,1220,9069,0,94,2,X,04,2026
1,0115,70,5,1220,72763,0,1480,1,X,04,2026
1,0115,70,5,1220,10475,0,202,2,X,04,2026
1,0115,72,5,1220,69998,0,4072,1,X,04,2026
1,0115,72,5,1220,33556,0,2159,2,X,04,2026
1,0115,73,5,1220,1144347,0,39200,1,X,04,2026
1,0115,73,5,1220,227116,0,6941,2,X,04,2026
1,0115,74,5,1220,37205,0,457,1,X,04,2026
1,0115,74,5,1220,65542,0,1386,2,X,04,2026
1,0115,75,5,1220,29008,0,581,1,X,04,2026
1,0115,75,5,1220,16237,0,160,2,X,04,2026
1,0115,76,5,1220,741913,0,36104,1,X,04,2026
1,0115,76,5,1220,11711,0,631,2,X,04,2026
1,0115,78,5,1220,18183,0,1955,1,X,04,2026
1,0115,81,5,1220,16667,0,384,1,X,04,2026
1,0115,82,5,1220,84202,0,1523,1,X,04,2026
1,0115,82,5,1220,52003,0,652,2,X,04,2026
1,0115,83,5,1220,649692,0,7959,1,X,04,2026
1,0115,83,5,1220,51698,0,725,2,X,04,2026
1,0115,84,5,1220,9981518,0,189835,1,X,04,2026
1,0115,84,5,1220,3085719,0,64674,2,X,04,2026
1,0115,84,6,1220,5311,0,298,1,X,04,2026
1,0115,85,5,1220,3027050,0,47063,1,X,04,2026
1,0115,85,5,1220,1612167,0,38852,2,X,04,2026
1,0115,86,5,1220,46863,0,1274,1,X,04,2026
1,0115,87,5,1220,8940965,0,124187,1,X,04,2026
1,0115,87,5,1220,844446,0,12242,2,X,04,2026
1,0115,88,5,1220,1516527,0,8115,1,X,04,2026
1,0115,88,5,1220,228565,0,2200,2,X,04,2026
1,0115,89,5,1220,758159,0,13786,1,X,04,2026
1,0115,89,5,1220,84747,0,72,2,X,04,2026
1,0115,90,5,1220,1077602,0,13988,1,X,04,2026
1,0115,90,5,1220,375910,0,7358,2,X,04,2026
1,0115,92,5,1220,11093,0,216,2,X,04,2026
1,0115,93,5,1220,44737,0,46,1,X,04,2026
1,0115,93,5,1220,3305,0,170,2,X,04,2026
1,0115,94,5,1220,544946,0,16087,1,X,04,2026
1,0115,94,5,1220,285223,0,9613,2,X,04,2026
1,0115,95,5,1220,207404,0,4897,1,X,04,2026
1,0115,95,5,1220,137370,0,4279,2,X,04,2026
1,0115,95,8,1220,2964,0,108,2,X,04,2026
1,0115,96,5,1220,38901,0,406,1,X,04,2026
1,0115,96,5,1220,3105,0,63,2,X,04,2026
1,0115,97,5,1220,4349,0,36,1,X,04,2026
1,0115,98,5,1220,75464,0,72,1,X,04,2026
1,0118,07,5,1220,51456,0,1983,1,X,04,2026
1,0118,25,5,1220,6072,0,119,1,X,04,2026
1,0118,28,5,1220,4007,0,78,1,X,04,2026
1,0118,31,5,1220,4561,0,89,1,X,04,2026
1,0118,39,5,1220,38767,0,383,1,X,04,2026
1,0118,72,5,1220,4954,0,122,1,X,04,2026
1,0118,84,5,1220,6264,0,122,1,X,04,2026
1,0127,07,5,1220,1029617,0,98521,1,X,04,2026
1,0127,20,5,1220,596023,0,11657,1,X,04,2026
1,0127,27,5,1220,116761,0,6947,1,X,04,2026
1,0127,31,5,1220,11674,0,522,1,X,04,2026
1,0127,38,5,1220,36729,0,908,1,X,04,2026
1,0127,39,5,1220,73350,0,2507,1,X,04,2026
1,0127,44,5,1220,33919,0,618,1,X,04,2026
1,0127,48,5,1220,23843,0,3177,1,X,04,2026
1,0127,84,5,1220,286239,0,3433,1,X,04,2026
1,0127,84,5,1220,68286,0,676,2,X,04,2026
1,0127,87,5,1220,28877,0,566,1,X,04,2026
1,0127,90,5,1220,4551,0,89,1,X,04,2026
1,0131,39,5,1220,8848,0,312,1,X,04,2026
1,0131,48,5,1220,4954,0,171,1,X,04,2026
1,0131,90,5,1220,5110,0,145,2,X,04,2026
1,01XX,03,1,1220,3079942,365190,42220,1,X,04,2026
1,01XX,27,1,1220,6791149,55724100,3271,2,X,04,2026
1,01XX,28,1,1220,2310466,71453,0,1,X,04,2026
1,01XX,28,3,1220,11282,10,221,1,X,04,2026
1,01XX,39,3,1220,8969,562,593,1,X,04,2026
1,01XX,39,3,1220,6452,143,185,2,X,04,2026
1,01XX,40,3,1220,11633,911,714,1,X,04,2026
1,01XX,48,1,1220,53066,22608,3270,2,X,04,2026
1,01XX,72,3,1220,4088,22045,101,1,X,04,2026
1,01XX,73,3,1220,3360,10,127,1,X,04,2026
1,01XX,74,3,1220,5128,45,45,2,X,04,2026
1,01XX,82,3,1220,13082,112,388,1,X,04,2026
1,01XX,83,3,1220,4247,15,106,1,X,04,2026
1,01XX,84,3,1220,27094,328,724,1,X,04,2026
1,01XX,84,3,1220,136723,1369,3710,2,X,04,2026
1,01XX,85,1,1220,4855,131,106,2,X,04,2026
1,01XX,85,3,1220,81249,528,2370,1,X,04,2026
1,01XX,85,3,1220,56802,111,897,2,X,04,2026
1,01XX,87,3,1220,3704,26,130,1,X,04,2026
1,01XX,88,3,1220,90662,104,1507,1,X,04,2026
1,01XX,88,3,1220,1862992,12128,35993,2,X,04,2026
1,01XX,90,3,1220,67766,191,1159,1,X,04,2026
1,01XX,90,3,1220,362683,2996,8175,2,X,04,2026
1,01XX,94,3,1220,31637,100,647,2,X,04,2026
1,01XX,95,3,1220,31125,705,1139,1,X,04,2026
1,01XX,96,3,1220,3080,64,130,1,X,04,2026
1,01XX,97,3,1220,101515,88,2214,2,X,04,2026
1,0201,84,5,1220,9232,0,181,1,X,04,2026
1,0201,84,8,1220,2733,0,192,1,X,04,2026
1,0203,23,5,1220,136903,0,17151,1,X,04,2026
1,0203,25,6,1220,97672,0,3428,1,X,04,2026
1,0203,44,5,1220,39269,0,766,1,X,04,2026
1,0203,84,5,1220,4016,0,78,1,X,04,2026
1,0203,85,5,1220,16125,0,316,2,X,04,2026
1,0203,88,8,1220,32152,0,820,1,X,04,2026
1,0203,94,5,1220,2710,0,105,1,X,04,2026
1,0203,95,5,1220,14345,0,524,1,X,04,2026
1,0203,95,5,1220,27347,0,1000,2,X,04,2026
1,0206,07,5,1220,11348,0,1875,1,X,04,2026
1,0206,12,5,1220,68291,0,9606,1,X,04,2026
1,0206,16,5,1220,109559,0,3271,1,X,04,2026
1,0206,19,5,1220,211416,0,19150,1,X,04,2026
1,0206,20,5,1220,22830,0,2912,1,X,04,2026
1,0206,21,5,1220,321959,0,6348,1,X,04,2026
1,0206,22,5,1220,21474,0,911,1,X,04,2026
1,0206,23,5,1220,35144,0,3271,1,X,04,2026
1,0206,27,5,1220,7850,0,767,1,X,04,2026
1,0206,28,5,1220,61186,0,7452,1,X,04,2026
1,0206,28,5,1220,13984,0,2091,2,X,04,2026
1,0206,28,6,1220,8616,0,1288,1,X,04,2026
1,0206,29,5,1220,27640,0,2155,1,X,04,2026
1,0206,30,5,1220,42209,0,561,1,X,04,2026
1,0206,32,5,1220,32258,0,1651,1,X,04,2026
1,0206,33,5,1220,251853,0,5048,1,X,04,2026
1,0206,34,5,1220,3116,0,367,1,X,04,2026
1,0206,35,5,1220,6819,0,796,1,X,04,2026
1,0206,38,5,1220,147688,0,5849,1,X,04,2026
1,0206,39,5,1220,764574,0,25123,1,X,04,2026
1,0206,39,5,1220,34275,0,2880,2,X,04,2026
1,0206,40,5,1220,17926,0,1213,1,X,04,2026
1,0206,44,5,1220,396730,0,16934,1,X,04,2026
1,0206,47,5,1220,32215,0,3002,1,X,04,2026
1,0206,48,5,1220,438812,0,39003,1,X,04,2026
1,0206,58,5,1220,5071,0,351,1,X,04,2026
1,0206,59,5,1220,16034,0,699,1,X,04,2026
1,0206,59,5,1220,15250,0,503,2,X,04,2026
1,0206,68,5,1220,379835,0,3961,1,X,04,2026
1,0206,69,5,1220,2835,0,319,1,X,04,2026
1,0206,72,5,1220,37962,0,3400,1,X,04,2026
1,0206,72,5,1220,5111,0,130,2,X,04,2026
1,0206,73,5,1220,88774,0,5018,1,X,04,2026
1,0206,73,5,1220,17610,0,191,2,X,04,2026
1,0206,76,5,1220,101304,0,10648,1,X,04,2026
1,0206,82,5,1220,3266,0,0,2,X,04,2026
1,0206,84,5,1220,457668,0,11438,1,X,04,2026
1,0206,84,5,1220,153660,0,4768,2,X,04,2026
1,0206,84,8,1220,4306,0,127,1,X,04,2026
1,0206,85,5,1220,217793,0,7261,1,X,04,2026
1,0206,85,5,1220,236883,0,5886,2,X,04,2026
1,0206,87,5,1220,318107,0,5106,1,X,04,2026
1,0206,87,5,1220,91835,0,2532,2,X,04,2026
1,0206,88,5,1220,9726,0,130,1,X,04,2026
1,0206,88,5,1220,64664,0,333,2,X,04,2026
1,0206,90,5,1220,32818,0,742,1,X,04,2026
1,0206,90,5,1220,16393,0,728,2,X,04,2026
1,0206,94,5,1220,24464,0,1143,1,X,04,2026
1,0209,05,5,1220,3456,0,52,2,X,04,2026
1,0209,06,5,1220,90423,0,1733,1,X,04,2026
1,0209,07,5,1220,5854,0,0,2,X,04,2026
1,0209,09,5,1220,259873,0,4529,2,X,04,2026
1,0209,10,5,1220,6975,0,14,2,X,04,2026
1,0209,12,5,1220,46628,0,36,2,X,04,2026
1,0209,15,5,1220,46345,0,458,2,X,04,2026
1,0209,18,5,1220,37921,0,375,1,X,04,2026
1,0209,21,5,1220,266550,0,9394,1,X,04,2026
1,0209,22,5,1220,25636,0,1509,1,X,04,2026
1,0209,23,5,1220,43784,0,607,1,X,04,2026
1,0209,25,5,1220,361646,0,9061,1,X,04,2026
1,0209,25,5,1220,64489,0,3642,2,X,04,2026
1,0209,27,5,1220,27129,0,554,1,X,04,2026
1,0209,28,5,1220,144487,0,2823,1,X,04,2026
1,0209,28,5,1220,5383,0,335,2,X,04,2026
1,0209,29,5,1220,94301,0,7152,1,X,04,2026
1,0209,29,5,1220,6994,0,123,2,X,04,2026
1,0209,30,5,1220,610201,0,7555,1,X,04,2026
1,0209,31,5,1220,17407,0,340,1,X,04,2026
1,0209,32,5,1220,85354,0,1282,1,X,04,2026
1,0209,32,5,1220,28018,0,549,2,X,04,2026
1,0209,33,5,1220,16873,0,363,2,X,04,2026
1,0209,34,5,1220,59378,0,456,1,X,04,2026
1,0209,34,5,1220,5920,0,368,2,X,04,2026
1,0209,38,5,1220,588327,0,8736,1,X,04,2026
1,0209,38,5,1220,14335,0,236,2,X,04,2026
1,0209,39,5,1220,3085650,0,132056,1,X,04,2026
1,0209,39,5,1220,147164,0,2122,2,X,04,2026
1,0209,40,5,1220,62277,0,3207,1,X,04,2026
1,0209,40,5,1220,81434,0,2152,2,X,04,2026
1,0209,42,5,1220,10897,0,212,1,X,04,2026
1,0209,42,5,1220,30592,0,531,2,X,04,2026
1,0209,44,5,1220,3246562,0,68047,1,X,04,2026
1,0209,44,5,1220,196626,0,2010,2,X,04,2026
1,0209,47,5,1220,1109746,0,19204,1,X,04,2026
1,0209,47,5,1220,37215,0,550,2,X,04,2026
1,0209,48,5,1220,2585087,0,174637,1,X,04,2026
1,0209,48,5,1220,30377,0,810,2,X,04,2026
1,0209,49,5,1220,8876,0,301,1,X,04,2026
1,0209,49,8,1220,4035,0,136,1,X,04,2026
1,0209,51,5,1220,15681,0,307,2,X,04,2026
1,0209,54,5,1220,134540,0,3568,1,X,04,2026
1,0209,55,5,1220,20371,0,306,1,X,04,2026
1,0209,56,5,1220,185998,0,2188,1,X,04,2026
1,0209,59,5,1220,4029,0,87,1,X,04,2026
1,0209,61,5,1220,50036,0,940,1,X,04,2026
1,0209,62,5,1220,58410,0,1124,1,X,04,2026
1,0209,62,5,1220,3720,0,79,2,X,04,2026
1,0209,63,5,1220,34270,0,790,2,X,04,2026
1,0209,65,5,1220,4102,0,22,2,X,04,2026
1,0209,65,8,1220,31863,0,630,1,X,04,2026
1,0209,68,5,1220,1502066,0,73986,1,X,04,2026
1,0209,68,5,1220,179055,0,10090,2,X,04,2026
1,0209,68,8,1220,5784,0,145,1,X,04,2026
1,0209,69,5,1220,4398,0,86,1,X,04,2026
1,0209,69,5,1220,13442,0,582,2,X,04,2026
1,0209,70,5,1220,17105,0,0,1,X,04,2026
1,0209,70,5,1220,113096,0,1286,2,X,04,2026
1,0209,71,5,1220,2569,0,45,1,X,04,2026
1,0209,71,5,1220,5928,0,73,2,X,04,2026
1,0209,72,5,1220,194501,0,7747,1,X,04,2026
1,0209,72,5,1220,36232,0,252,2,X,04,2026
1,0209,73,5,1220,672205,0,11476,1,X,04,2026
1,0209,73,5,1220,127271,0,2917,2,X,04,2026
1,0209,73,8,1220,2799,0,113,2,X,04,2026
1,0209,74,5,1220,145719,0,2836,1,X,04,2026
1,0209,75,5,1220,388236,0,2230,1,X,04,2026
1,0209,75,8,1220,3096,0,85,1,X,04,2026
1,0209,76,5,1220,228699,0,5616,1,X,04,2026
1,0209,76,5,1220,53541,0,930,2,X,04,2026
1,0209,80,5,1220,5364,0,325,1,X,04,2026
1,0209,80,5,1220,80087,0,4865,2,X,04,2026
1,0209,81,5,1220,2603791,0,80003,2,X,04,2026
1,0209,82,5,1220,10216,0,307,2,X,04,2026
1,0209,82,8,1220,42373,0,1273,1,X,04,2026
1,0209,83,5,1220,46443,0,1539,1,X,04,2026
1,0209,83,5,1220,72845,0,1335,2,X,04,2026
1,0209,83,8,1220,3122,0,79,2,X,04,2026
1,0209,84,5,1220,3218225,0,60107,1,X,04,2026
1,0209,84,5,1220,1834590,0,20107,2,X,04,2026
1,0209,84,8,1220,68297,0,2031,1,X,04,2026
1,0209,84,8,1220,6021,0,179,2,X,04,2026
1,0209,85,5,1220,427024,0,14674,1,X,04,2026
1,0209,85,5,1220,46351,0,984,2,X,04,2026
1,0209,87,5,1220,1876084,0,28077,1,X,04,2026
1,0209,87,5,1220,661077,0,6642,2,X,04,2026
1,0209,88,5,1220,8165687,0,13324,1,X,04,2026
1,0209,88,5,1220,321664,0,3488,2,X,04,2026
1,0209,89,5,1220,93764,0,1091,1,X,04,2026
1,0209,90,5,1220,792320,0,6803,1,X,04,2026
1,0209,90,5,1220,5119,0,50,2,X,04,2026
1,0209,93,5,1220,9611,0,253,2,X,04,2026
1,0209,94,5,1220,10397,0,269,1,X,04,2026
1,0209,94,5,1220,22158,0,135,2,X,04,2026
1,0209,95,5,1220,25409,0,497,2,X,04,2026
1,0209,96,5,1220,257886,0,4828,1,X,04,2026
1,0209,96,5,1220,3234,0,10,2,X,04,2026
1,0209,98,5,1220,18028,0,61,2,X,04,2026
1,0211,02,5,1220,28887,0,566,1,X,04,2026
1,0211,39,5,1220,264198,0,5174,1,X,04,2026
1,0211,44,5,1220,201252,0,3691,1,X,04,2026
1,0211,48,5,1220,7103,0,138,1,X,04,2026
1,0211,72,6,1220,25633,0,637,1,X,04,2026
1,0211,87,5,1220,2964,0,50,1,X,04,2026
1,0211,94,5,1220,3135,0,61,1,X,04,2026
1,0212,03,5,1220,1276725,0,21236,1,X,04,2026
1,0212,03,5,1220,407491,0,6328,2,X,04,2026
1,0212,04,5,1220,758134,0,31901,1,X,04,2026
1,0212,06,5,1220,443612,0,13127,1,X,04,2026
1,0212,07,5,1220,5754,0,565,1,X,04,2026
1,0212,09,5,1220,77610,0,1244,2,X,04,2026
1,0212,11,5,1220,5655,0,117,1,X,04,2026
1,0212,15,5,1220,319478,0,989,1,X,04,2026
1,0212,15,5,1220,83501,0,1003,2,X,04,2026
1,0212,16,5,1220,153797,0,428,1,X,04,2026
1,0212,17,5,1220,264615,0,3166,1,X,04,2026
1,0212,17,5,1220,33889,0,664,2,X,04,2026
1,0212,18,5,1220,3719421,0,47619,1,X,04,2026
1,0212,18,5,1220,600957,0,5745,2,X,04,2026
1,0212,19,5,1220,2646216,0,6864,1,X,04,2026
1,0212,20,5,1220,71815,0,1034,1,X,04,2026
1,0212,21,5,1220,566920,0,7129,1,X,04,2026
1,0212,22,5,1220,147686,0,2315,1,X,04,2026
1,0212,23,5,1220,166482,0,6302,1,X,04,2026
1,0212,25,5,1220,241691,0,5846,1,X,04,2026
1,0212,25,5,1220,25551,0,411,2,X,04,2026
1,0212,25,6,1220,910897,0,12985,1,X,04,2026
1,0212,26,5,1220,17519,0,342,1,X,04,2026
1,0212,27,5,1220,33962,0,665,1,X,04,2026
1,0212,27,5,1220,9638,0,119,2,X,04,2026
1,0212,28,5,1220,459095,0,7072,1,X,04,2026
1,0212,29,5,1220,108458,0,1298,1,X,04,2026
1,0212,29,5,1220,5788,0,142,2,X,04,2026
1,0212,30,5,1220,904409,0,5420,1,X,04,2026
1,0212,30,5,1220,2545,0,31,2,X,04,2026
1,0212,31,5,1220,203157,0,9217,1,X,04,2026
1,0212,32,5,1220,181499,0,4173,1,X,04,2026
1,0212,32,5,1220,57136,0,1128,2,X,04,2026
1,0212,33,5,1220,330633,0,2904,1,X,04,2026
1,0212,34,5,1220,79710,0,1150,1,X,04,2026
1,0212,34,5,1220,15662,0,120,2,X,04,2026
1,0212,35,5,1220,98018,0,4291,1,X,04,2026
1,0212,37,5,1220,16156,0,904,1,X,04,2026
1,0212,37,5,1220,25767,0,522,2,X,04,2026
1,0212,38,5,1220,2369249,0,35546,1,X,04,2026
1,0212,38,5,1220,62772,0,1167,2,X,04,2026
1,0212,39,5,1220,5416586,0,109342,1,X,04,2026
1,0212,39,5,1220,240511,0,7000,2,X,04,2026
1,0212,40,5,1220,467385,0,14221,1,X,04,2026
1,0212,40,5,1220,148841,0,2784,2,X,04,2026
1,0212,42,5,1220,18823,0,367,1,X,04,2026
1,0212,42,5,1220,11469,0,157,2,X,04,2026
1,0212,44,5,1220,991680,0,22132,1,X,04,2026
1,0212,44,5,1220,20908,0,2643,2,X,04,2026
1,0212,47,5,1220,479657,0,10436,1,X,04,2026
1,0212,48,5,1220,7430856,0,148838,1,X,04,2026
1,0212,48,5,1220,24025,0,614,2,X,04,2026
1,0212,54,5,1220,1204706,0,10680,1,X,04,2026
1,0212,56,5,1220,63198,0,1157,1,X,04,2026
1,0212,56,5,1220,52829,0,968,2,X,04,2026
1,0212,58,5,1220,19935,0,207,1,X,04,2026
1,0212,59,5,1220,66954,0,989,1,X,04,2026
1,0212,60,5,1220,62774,0,942,1,X,04,2026
1,0212,61,5,1220,55590,0,547,1,X,04,2026
1,0212,61,5,1220,282124,0,2785,2,X,04,2026
1,0212,62,5,1220,11027,0,114,1,X,04,2026
1,0212,62,5,1220,76261,0,919,2,X,04,2026
1,0212,64,5,1220,9435,0,175,2,X,04,2026
1,0212,65,5,1220,18838,0,178,2,X,04,2026
1,0212,68,5,1220,960465,0,44619,1,X,04,2026
1,0212,68,5,1220,16083,0,1683,2,X,04,2026
1,0212,70,5,1220,3365,0,1,1,X,04,2026
1,0212,70,5,1220,6656,0,4,2,X,04,2026
1,0212,71,5,1220,1065437,0,9502,1,X,04,2026
1,0212,71,5,1220,223766,0,775,2,X,04,2026
1,0212,72,5,1220,485705,0,11908,1,X,04,2026
1,0212,73,5,1220,366566,0,6871,1,X,04,2026
1,0212,73,5,1220,55526,0,420,2,X,04,2026
1,0212,74,5,1220,1028549,0,18481,1,X,04,2026
1,0212,74,5,1220,589559,0,13141,2,X,04,2026
1,0212,75,5,1220,204375,0,1020,1,X,04,2026
1,0212,75,5,1220,98519,0,226,2,X,04,2026
1,0212,76,5,1220,193994,0,2639,1,X,04,2026
1,0212,76,5,1220,15460,0,71,2,X,04,2026
1,0212,79,5,1220,2994,0,154,1,X,04,2026
1,0212,80,5,1220,37331,0,2268,1,X,04,2026
1,0212,81,5,1220,72043,0,651,1,X,04,2026
1,0212,81,5,1220,61610,0,383,2,X,04,2026
1,0212,82,5,1220,287166,0,5590,1,X,04,2026
1,0212,82,8,1220,9260,0,278,1,X,04,2026
1,0212,83,5,1220,104544,0,1180,1,X,04,2026
1,0212,83,5,1220,104248,0,253,2,X,04,2026
1,0212,84,5,1220,11934180,0,138776,1,X,04,2026
1,0212,84,5,1220,12143253,0,54180,2,X,04,2026
1,0212,84,8,1220,29724,0,885,1,X,04,2026
1,0212,85,5,1220,10694927,0,3137750,1,X,04,2026
1,0212,85,5,1220,668382,0,4253,2,X,04,2026
1,0212,86,5,1220,51782,0,510,1,X,04,2026
1,0212,87,5,1220,1879766,0,22724,1,X,04,2026
1,0212,87,5,1220,255152,0,5268,2,X,04,2026
1,0212,88,5,1220,27825708,0,34266,1,X,04,2026
1,0212,88,5,1220,14659397,0,33666,2,X,04,2026
1,0212,90,5,1220,2030229,0,20634,1,X,04,2026
1,0212,90,5,1220,454199,0,5937,2,X,04,2026
1,0212,94,5,1220,369042,0,10239,1,X,04,2026
1,0212,94,5,1220,10577,0,151,2,X,04,2026
1,0212,95,5,1220,315569,0,9317,1,X,04,2026
1,0212,95,5,1220,488499,0,12279,2,X,04,2026
1,0212,96,5,1220,7691,0,150,1,X,04,2026
1,0212,96,5,1220,5360,0,79,2,X,04,2026
1,0212,98,5,1220,35733,0,700,1,X,04,2026
1,02XX,30,3,1220,3902,16,141,1,X,04,2026
1,02XX,35,3,1220,31341,28,60,2,X,04,2026
1,02XX,38,3,1220,10089,12,144,1,X,04,2026
1,02XX,39,3,1220,6620,13,139,1,X,04,2026
1,02XX,70,3,1220,4853,38,167,1,X,04,2026
1,02XX,72,3,1220,4261,22861,106,1,X,04,2026
1,02XX,82,3,1220,2775,5,143,1,X,04,2026
1,02XX,84,3,1220,64322,162,708,1,X,04,2026
1,02XX,84,3,1220,79748,127,446,2,X,04,2026
1,02XX,85,3,1220,772462,232,1983,1,X,04,2026
1,02XX,85,3,1220,461765,469,1575,2,X,04,2026
1,02XX,85,3,2010,7129,2,0,1,0,04,2026
1,02XX,88,3,1220,30146,8,499,1,X,04,2026
1,02XX,90,3,1220,113520,93,552,1,X,04,2026
1,02XX,90,3,1220,110649,231,390,2,X,04,2026
1,0417,01,3,1220,9389,25,289,1,X,04,2026
1,0417,03,3,1220,61406,15701,239,1,X,04,2026
1,0417,03,3,1220,4180,186,91,2,X,04,2026
1,0417,30,3,1220,6203,20,202,1,X,04,2026
1,0417,39,3,1220,6973,96,104,1,X,04,2026
1,0417,84,3,1220,25610,63,185,1,X,04,2026
1,0417,85,3,1220,15536,74,304,2,X,04,2026
1,0417,88,3,1220,866169,261,4178,1,X,04,2026
1,0417,90,3,1220,493860,877,32955,1,X,04,2026
1,0417,90,3,1220,19620,222,280,2,X,04,2026
1,0417,96,3,1220,3216,34,130,1,X,04,2026
1,04XX,09,3,2010,3399,1928,0,1,0,04,2026
1,04XX,29,3,2010,3073,39,0,1,0,04,2026
1,04XX,30,3,2010,23602,34,0,1,0,04,2026
1,04XX,30,3,2010,8317,10,0,2,0,04,2026
1,04XX,35,3,2010,44274,50,0,1,0,04,2026
1,04XX,38,3,2010,80677,110,0,1,0,04,2026
1,04XX,39,3,2010,221028,1372,0,1,0,04,2026
1,04XX,39,3,2010,27106,404,0,2,0,04,2026
1,04XX,47,1,2010,6250,22771,0,1,1,04,2026
1,04XX,83,3,2010,4530,16,0,2,0,04,2026
1,04XX,84,3,1220,125323,93,1241,1,X,04,2026
1,04XX,84,3,1220,137070,27,2687,2,X,04,2026
1,04XX,84,3,2010,321702,638,0,1,0,04,2026
1,04XX,84,3,2010,38493,128,0,2,0,04,2026
1,04XX,85,3,1220,42424,40,420,1,X,04,2026
1,04XX,85,3,1220,39931,130,568,2,X,04,2026
1,04XX,85,3,2010,8394,25,0,1,0,04,2026
1,04XX,85,3,2010,50570,70,0,2,0,04,2026
1,04XX,85,3,2010,22420,2,0,2,1,04,2026
1,04XX,88,3,2010,426931,2179,0,1,0,04,2026
1,04XX,90,3,2010,200673,410,0,1,0,04,2026
1,04XX,90,3,2010,78581,212,0,2,0,04,2026
1,04XX,94,3,1220,19463,370,388,1,X,04,2026
1,04XX,98,8,2010,12256,0,0,1,X,04,2026
1,0701,04,5,1220,2129264,0,116471,1,X,04,2026
1,0701,05,5,1220,493102,0,16811,1,X,04,2026
1,0701,07,5,1220,79396,0,3060,1,X,04,2026
1,0701,17,5,1220,72910,0,362,1,X,04,2026
1,0701,18,5,1220,5165,0,91,1,X,04,2026
1,0701,19,5,1220,14490,0,2543,1,X,04,2026
1,0701,19,8,1220,21641,0,424,1,X,04,2026
1,0701,20,5,1220,401636,0,2694,1,X,04,2026
1,0701,23,5,1220,580511,0,10974,1,X,04,2026
1,0701,25,5,1220,228057,0,3613,1,X,04,2026
1,0701,26,5,1220,8611053,0,93578,1,X,04,2026
1,0701,27,5,1220,52939,0,1077,1,X,04,2026
1,0701,27,8,1220,10664,0,1043,1,X,04,2026
1,0701,28,5,1220,127015,0,3863,1,X,04,2026
1,0701,29,5,1220,4044,0,34,1,X,04,2026
1,0701,30,5,1220,10206,0,332,1,X,04,2026
1,0701,31,5,1220,36822,0,1074,1,X,04,2026
1,0701,32,5,1220,13376,0,468,1,X,04,2026
1,0701,32,5,1220,25942,0,911,2,X,04,2026
1,0701,33,5,1220,2746,0,82,1,X,04,2026
1,0701,34,5,1220,35635,0,1581,1,X,04,2026
1,0701,35,5,1220,1334896,0,66336,1,X,04,2026
1,0701,38,5,1220,507305,0,11137,1,X,04,2026
1,0701,38,5,1220,6536,0,162,2,X,04,2026
1,0701,39,5,1220,718964,0,21632,1,X,04,2026
1,0701,39,5,1220,46925,0,1075,2,X,04,2026
1,0701,39,8,1220,2727,0,93,1,X,04,2026
1,0701,40,5,1220,71417,0,957,1,X,04,2026
1,0701,40,5,1220,2669,0,58,2,X,04,2026
1,0701,42,5,1220,56798,0,1412,1,X,04,2026
1,0701,42,5,1220,11113,0,274,2,X,04,2026
1,0701,44,5,1220,1483925,0,36797,1,X,04,2026
1,0701,46,5,1220,25819,0,706,1,X,04,2026
1,0701,47,5,1220,34700,0,534,1,X,04,2026
1,0701,48,5,1220,1589525,0,39902,1,X,04,2026
1,0701,54,5,1220,278754,0,6050,1,X,04,2026
1,0701,55,5,1220,286082,0,3180,1,X,04,2026
1,0701,55,5,1220,3534,0,255,2,X,04,2026
1,0701,56,5,1220,33609,0,867,1,X,04,2026
1,0701,56,5,1220,14161,0,365,2,X,04,2026
1,0701,59,5,1220,58932,0,2255,1,X,04,2026
1,0701,60,5,1220,7179,0,214,1,X,04,2026
1,0701,60,5,1220,15663,0,466,2,X,04,2026
1,0701,61,5,1220,17831,0,554,2,X,04,2026
1,0701,62,5,1220,2619,0,85,1,X,04,2026
1,0701,62,5,1220,4104,0,133,2,X,04,2026
1,0701,63,5,1220,33536,0,1270,1,X,04,2026
1,0701,64,5,1220,70812,0,955,1,X,04,2026
1,0701,64,5,1220,5446,0,106,2,X,04,2026
1,0701,65,5,1220,12700,0,380,1,X,04,2026
1,0701,65,5,1220,9437,0,282,2,X,04,2026
1,0701,68,5,1220,115473,0,4982,1,X,04,2026
1,0701,68,8,1220,20169,0,960,1,X,04,2026
1,0701,69,5,1220,123464,0,2459,1,X,04,2026
1,0701,70,5,1220,635414,0,9484,1,X,04,2026
1,0701,72,5,1220,390812,0,5898,1,X,04,2026
1,0701,73,5,1220,404959,0,16693,1,X,04,2026
1,0701,73,5,1220,10030,0,213,2,X,04,2026
1,0701,74,5,1220,3540468,0,30098,1,X,04,2026
1,0701,75,5,1220,56680,0,463,1,X,04,2026
1,0701,76,5,1220,5475017,0,20480,1,X,04,2026
1,0701,76,5,1220,11422243,0,5193,2,X,04,2026
1,0701,81,5,1220,115379,0,1059,1,X,04,2026
1,0701,81,5,1220,66535,0,422,2,X,04,2026
1,0701,83,5,1220,32124,0,801,1,X,04,2026
1,0701,83,5,1220,106671,0,2721,2,X,04,2026
1,0701,84,5,1220,4733244,0,78018,1,X,04,2026
1,0701,84,5,1220,7727540,0,97297,2,X,04,2026
1,0701,85,5,1220,1998881,0,41991,1,X,04,2026
1,0701,85,5,1220,1930349,0,41753,2,X,04,2026
1,0701,86,5,1220,100702,0,1960,1,X,04,2026
1,0701,87,5,1220,2185037,0,26958,1,X,04,2026
1,0701,87,5,1220,8507559,0,107642,2,X,04,2026
1,0701,87,8,1220,6652,0,109,2,X,04,2026
1,0701,88,5,1220,41760,0,905,1,X,04,2026
1,0701,89,5,1220,271162,0,2101,1,X,04,2026
1,0701,90,5,1220,490775,0,11776,1,X,04,2026
1,0701,90,5,1220,138544,0,3608,2,X,04,2026
1,0701,93,5,1220,338728,0,16397,1,X,04,2026
1,0701,94,5,1220,528820,0,18745,1,X,04,2026
1,0701,94,5,1220,12301,0,409,2,X,04,2026
1,0701,95,5,1220,12369,0,452,1,X,04,2026
1,0701,95,5,1220,19584,0,633,2,X,04,2026
1,0701,96,5,1220,9007,0,275,2,X,04,2026
1,0701,98,5,1220,67615,0,2305,1,X,04,2026
1,0701,98,5,1220,32555,0,706,2,X,04,2026
1,0704,04,5,1220,2709191,0,155306,1,X,04,2026
1,0704,04,5,1220,328384,0,19722,2,X,04,2026
1,0704,07,5,1220,14396,0,554,2,X,04,2026
1,0704,18,5,1220,15966,0,311,1,X,04,2026
1,0704,19,5,1220,89286,0,144,1,X,04,2026
1,0704,23,5,1220,124606,0,144,1,X,04,2026
1,0704,25,5,1220,133966,0,1887,1,X,04,2026
1,0704,29,8,1220,186334,0,2663,1,X,04,2026
1,0704,32,5,1220,14848,0,282,1,X,04,2026
1,0704,35,5,1220,282327,0,13873,1,X,04,2026
1,0704,39,5,1220,112705,0,1697,1,X,04,2026
1,0704,39,5,1220,3195,0,7,2,X,04,2026
1,0704,39,8,1220,874899,0,12929,2,X,04,2026
1,0704,42,5,1220,3472,0,17,2,X,04,2026
1,0704,44,5,1220,421706,0,9917,1,X,04,2026
1,0704,48,5,1220,385021,0,26346,1,X,04,2026
1,0704,48,5,1220,41234,0,807,2,X,04,2026
1,0704,48,8,1220,17639,0,716,1,X,04,2026
1,0704,49,8,1220,2966,0,100,1,X,04,2026
1,0704,54,5,1220,208285,0,4060,1,X,04,2026
1,0704,59,5,1220,6972,0,331,2,X,04,2026
1,0704,62,5,1220,10405,0,203,1,X,04,2026
1,0704,63,5,1220,7375,0,279,1,X,04,2026
1,0704,65,5,1220,12474,0,23,2,X,04,2026
1,0704,70,5,1220,36643,0,717,1,X,04,2026
1,0704,72,5,1220,614087,0,11835,1,X,04,2026
1,0704,72,5,1220,3788,0,2,2,X,04,2026
1,0704,73,5,1220,63448,0,876,1,X,04,2026
1,0704,76,5,1220,162301,0,1820,1,X,04,2026
1,0704,82,5,1220,3849,0,7,1,X,04,2026
1,0704,82,5,1220,21893,0,40,2,X,04,2026
1,0704,83,5,1220,17988,0,153,1,X,04,2026
1,0704,84,5,1220,148876,0,2767,1,X,04,2026
1,0704,84,5,1220,229734,0,1027,2,X,04,2026
1,0704,85,5,1220,51432,0,516,1,X,04,2026
1,0704,85,5,1220,81796,0,965,2,X,04,2026
1,0704,87,5,1220,244958,0,4647,1,X,04,2026
1,0704,88,8,1220,10169,0,221,1,X,04,2026
1,0704,90,5,1220,18570,0,362,1,X,04,2026
1,0704,90,5,1220,3706,0,72,2,X,04,2026
1,0704,90,8,1220,28687,0,729,1,X,04,2026
1,0704,90,8,1220,216986,0,5538,2,X,04,2026
1,0704,94,5,1220,17796,0,525,1,X,04,2026
1,0704,94,5,1220,6693,0,130,2,X,04,2026
1,0704,95,5,1220,7914,0,288,1,X,04,2026
1,0704,95,5,1220,38916,0,1423,2,X,04,2026
1,0708,01,5,1220,8320381,0,90116,1,X,04,2026
1,0708,01,5,1220,161793,0,1600,2,X,04,2026
1,0708,01,8,1220,21018,0,412,1,X,04,2026
1,0708,02,5,1220,5083436,0,71842,1,X,04,2026
1,0708,03,5,1220,380746,0,6051,1,X,04,2026
1,0708,03,5,1220,1930853,0,42960,2,X,04,2026
1,0708,04,5,1220,3415533,0,150709,1,X,04,2026
1,0708,05,5,1220,4569,0,89,1,X,04,2026
1,0708,06,5,1220,715294,0,14520,1,X,04,2026
1,0708,07,5,1220,6574889,0,427030,1,X,04,2026
1,0708,07,5,1220,742917,0,31085,2,X,04,2026
1,0708,08,5,1220,845188,0,47940,1,X,04,2026
1,0708,08,5,1220,5340475,0,189376,2,X,04,2026
1,0708,09,5,1220,1820300,0,30411,1,X,04,2026
1,0708,09,5,1220,386456,0,8054,2,X,04,2026
1,0708,10,5,1220,46660,0,1932,1,X,04,2026
1,0708,10,8,1220,39512,0,775,1,X,04,2026
1,0708,11,5,1220,47877,0,938,1,X,04,2026
1,0708,11,5,1220,131918,0,2934,2,X,04,2026
1,0708,12,5,1220,2999054,0,347205,1,X,04,2026
1,0708,12,5,1220,342327,0,7196,2,X,04,2026
1,0708,13,5,1220,198690,0,4247,1,X,04,2026
1,0708,13,5,1220,41939,0,2673,2,X,04,2026
1,0708,14,5,1220,5805,0,312,1,X,04,2026
1,0708,14,5,1220,27458,0,1478,2,X,04,2026
1,0708,15,5,1220,302559,0,9629,1,X,04,2026
1,0708,15,5,1220,258597,0,6573,2,X,04,2026
1,0708,16,5,1220,349852,0,3909,1,X,04,2026
1,0708,17,5,1220,1464450,0,62994,1,X,04,2026
1,0708,17,5,1220,210753,0,12813,2,X,04,2026
1,0708,18,5,1220,5010126,0,84731,1,X,04,2026
1,0708,18,5,1220,1083816,0,17556,2,X,04,2026
1,0708,19,5,1220,6260586,0,127011,1,X,04,2026
1,0708,19,5,1220,11593,0,237,2,X,04,2026
1,0708,19,8,1220,49807,0,1911,1,X,04,2026
1,0708,20,5,1220,7163985,0,150094,1,X,04,2026
1,0708,20,5,1220,327764,0,10401,2,X,04,2026
1,0708,21,5,1220,6637765,0,187241,1,X,04,2026
1,0708,21,5,1220,344799,0,9162,2,X,04,2026
1,0708,22,5,1220,934422,0,24862,1,X,04,2026
1,0708,22,5,1220,48244,0,3042,2,X,04,2026
1,0708,23,5,1220,3430981,0,66733,1,X,04,2026
1,0708,24,5,1220,259478,0,4833,1,X,04,2026
1,0708,25,5,1220,1357476,0,47846,1,X,04,2026
1,0708,25,5,1220,93439,0,1833,2,X,04,2026
1,0708,26,5,1220,1257432,0,25820,1,X,04,2026
1,0708,26,5,1220,3390025,0,139135,2,X,04,2026
1,0708,27,5,1220,11024240,0,234631,1,X,04,2026
1,0708,27,5,1220,70359,0,1047,2,X,04,2026
1,0708,28,5,1220,3307987,0,72950,1,X,04,2026
1,0708,28,5,1220,4508683,0,24190,2,X,04,2026
1,0708,29,5,1220,4123087,0,108987,1,X,04,2026
1,0708,29,5,1220,963189,0,18661,2,X,04,2026
1,0708,30,5,1220,3301015,0,40834,1,X,04,2026
1,0708,30,5,1220,6202753,0,1065,2,X,04,2026
1,0708,31,5,1220,391574,0,9426,1,X,04,2026
1,0708,31,5,1220,18583,0,364,2,X,04,2026
1,0708,32,5,1220,6410346,0,90981,1,X,04,2026
1,0708,32,5,1220,359680,0,3456,2,X,04,2026
1,0708,33,5,1220,2550895,0,36882,1,X,04,2026
1,0708,33,5,1220,946467,0,9284,2,X,04,2026
1,0708,34,5,1220,4060678,0,44163,1,X,04,2026
1,0708,34,5,1220,380348,0,8235,2,X,04,2026
1,0708,35,5,1220,1706955,0,33470,1,X,04,2026
1,0708,35,5,1220,169998,0,6465,2,X,04,2026
1,0708,36,5,1220,729500,0,41421,1,X,04,2026
1,0708,36,5,1220,61417,0,4970,2,X,04,2026
1,0708,37,5,1220,35610,0,1013,1,X,04,2026
1,0708,38,5,1220,8425566,0,224178,1,X,04,2026
1,0708,38,5,1220,663599,0,13366,2,X,04,2026
1,0708,39,5,1220,43289728,0,1172157,1,X,04,2026
1,0708,39,5,1220,2025019,0,65250,2,X,04,2026
1,0708,40,5,1220,3950427,0,118186,1,X,04,2026
1,0708,40,5,1220,2512515,0,44440,2,X,04,2026
1,0708,42,5,1220,61872,0,478,1,X,04,2026
1,0708,42,5,1220,196397,0,5310,2,X,04,2026
1,0708,44,5,1220,10281856,0,226987,1,X,04,2026
1,0708,44,5,1220,129424,0,4194,2,X,04,2026
1,0708,46,5,1220,15010,0,409,1,X,04,2026
1,0708,47,5,1220,1656494,0,56554,1,X,04,2026
1,0708,47,5,1220,2401423,0,39819,2,X,04,2026
1,0708,48,5,1220,24019506,0,747476,1,X,04,2026
1,0708,48,5,1220,796926,0,17589,2,X,04,2026
1,0708,49,5,1220,3040028,0,3680,1,X,04,2026
1,0708,49,5,1220,860123,0,3167,2,X,04,2026
1,0708,51,5,1220,21754,0,495,1,X,04,2026
1,0708,52,5,1220,29528,0,717,1,X,04,2026
1,0708,52,5,1220,13145,0,171,2,X,04,2026
1,0708,53,5,1220,19362,0,371,1,X,04,2026
1,0708,54,5,1220,1663314,0,33615,1,X,04,2026
1,0708,54,5,1220,275483,0,5298,2,X,04,2026
1,0708,55,5,1220,2750255,0,46370,1,X,04,2026
1,0708,55,5,1220,187717,0,5647,2,X,04,2026
1,0708,56,5,1220,3302591,0,108021,1,X,04,2026
1,0708,56,5,1220,387743,0,4314,2,X,04,2026
1,0708,56,8,1220,50531,0,363,1,X,04,2026
1,0708,57,5,1220,100129,0,2386,1,X,04,2026
1,0708,57,5,1220,18077,0,175,2,X,04,2026
1,0708,58,5,1220,88087,0,1494,1,X,04,2026
1,0708,59,5,1220,3088921,0,57988,1,X,04,2026
1,0708,59,5,1220,268160,0,8198,2,X,04,2026
1,0708,60,5,1220,248526,0,3518,1,X,04,2026
1,0708,61,5,1220,126856,0,1911,1,X,04,2026
1,0708,61,5,1220,499610,0,6358,2,X,04,2026
1,0708,62,5,1220,200649,0,3583,1,X,04,2026
1,0708,62,5,1220,85443,0,1457,2,X,04,2026
1,0708,63,5,1220,405211,0,7108,1,X,04,2026
1,0708,63,5,1220,191012,0,6072,2,X,04,2026
1,0708,64,5,1220,236486,0,4362,2,X,04,2026
1,0708,65,5,1220,13777,0,186,2,X,04,2026
1,0708,67,5,1220,3589,0,66,2,X,04,2026
1,0708,68,5,1220,5965387,0,220027,1,X,04,2026
1,0708,68,5,1220,151383,0,3264,2,X,04,2026
1,0708,69,5,1220,1757849,0,51272,1,X,04,2026
1,0708,69,5,1220,102708,0,1968,2,X,04,2026
1,0708,70,5,1220,9453816,0,237019,1,X,04,2026
1,0708,70,5,1220,427900,0,7928,2,X,04,2026
1,0708,70,8,1220,23505,0,1115,1,X,04,2026
1,0708,71,5,1220,1470701,0,28487,1,X,04,2026
1,0708,71,5,1220,115511751,0,402874,2,X,04,2026
1,0708,72,5,1220,4633296,0,124543,1,X,04,2026
1,0708,72,5,1220,872460,0,14063,2,X,04,2026
1,0708,72,8,1220,45454,0,1129,1,X,04,2026
1,0708,73,5,1220,10126842,0,264113,1,X,04,2026
1,0708,73,5,1220,698766,0,16799,2,X,04,2026
1,0708,73,8,1220,250144,0,10150,2,X,04,2026
1,0708,74,5,1220,21333316,0,308451,1,X,04,2026
1,0708,74,5,1220,595417,0,10956,2,X,04,2026
1,0708,75,5,1220,4937093,0,31147,1,X,04,2026
1,0708,75,5,1220,9786,0,191,2,X,04,2026
1,0708,76,5,1220,12158463,0,198696,1,X,04,2026
1,0708,76,5,1220,7458162,0,19955,2,X,04,2026
1,0708,76,8,1220,92825,0,2016,1,X,04,2026
1,0708,78,5,1220,52342,0,518,2,X,04,2026
1,0708,79,5,1220,878894,0,8192,1,X,04,2026
1,0708,79,5,1220,7658,0,106,2,X,04,2026
1,0708,80,5,1220,1028501,0,62500,1,X,04,2026
1,0708,80,5,1220,3109361,0,188950,2,X,04,2026
1,0708,81,5,1220,5442095,0,55885,1,X,04,2026
1,0708,81,5,1220,124107,0,1394,2,X,04,2026
1,0708,82,5,1220,238426,0,3201,1,X,04,2026
1,0708,82,5,1220,56164,0,1421,2,X,04,2026
1,0708,83,5,1220,1135808,0,19120,1,X,04,2026
1,0708,83,5,1220,487957,0,5733,2,X,04,2026
1,0708,84,5,1220,46500261,0,723381,1,X,04,2026
1,0708,84,5,1220,16911220,0,234985,2,X,04,2026
1,0708,84,8,1220,8687,0,690,1,X,04,2026
1,0708,85,5,1220,24265262,0,395572,1,X,04,2026
1,0708,85,5,1220,10050339,0,144402,2,X,04,2026
1,0708,85,8,1220,5604,0,122,2,X,04,2026
1,0708,86,5,1220,1381332,0,27228,1,X,04,2026
1,0708,86,5,1220,81104,0,968,2,X,04,2026
1,0708,87,5,1220,30508598,0,460864,1,X,04,2026
1,0708,87,5,1220,15429738,0,292294,2,X,04,2026
1,0708,87,8,1220,300391,0,4713,1,X,04,2026
1,0708,88,5,1220,11015607,0,150646,1,X,04,2026
1,0708,88,5,1220,4659410,0,29768,2,X,04,2026
1,0708,89,5,1220,4028517,0,51246,1,X,04,2026
1,0708,89,5,1220,104165,0,1477,2,X,04,2026
1,0708,90,5,1220,1788972,0,20797,1,X,04,2026
1,0708,90,5,1220,938768,0,11762,2,X,04,2026
1,0708,92,5,1220,2902,0,30,1,X,04,2026
1,0708,93,5,1220,2485629,0,44119,1,X,04,2026
1,0708,93,5,1220,262825,0,6391,2,X,04,2026
1,0708,94,5,1220,2404360,0,44632,1,X,04,2026
1,0708,94,5,1220,1004254,0,12036,2,X,04,2026
1,0708,94,8,1220,3109,0,61,1,X,04,2026
1,0708,95,5,1220,2001198,0,43106,1,X,04,2026
1,0708,95,5,1220,1117648,0,16845,2,X,04,2026
1,0708,96,5,1220,2385675,0,49536,1,X,04,2026
1,0708,96,5,1220,62498,0,751,2,X,04,2026
1,0708,97,5,1220,2720,0,59,1,X,04,2026
1,0708,97,5,1220,18549,0,403,2,X,04,2026
1,0708,98,5,1220,1795214,0,21934,1,X,04,2026
1,0708,98,5,1220,912402,0,5989,2,X,04,2026
1,0708,98,8,1220,44371,0,748,1,X,04,2026
1,0708,98,8,1220,214196,0,4334,2,X,04,2026
1,0712,01,5,1220,1021729,0,13467,1,X,04,2026
1,0712,01,5,1220,138792,0,298,2,X,04,2026
1,0712,01,8,1220,90232,0,893,2,X,04,2026
1,0712,02,5,1220,991664,0,13086,1,X,04,2026
1,0712,03,5,1220,405985,0,10320,1,X,04,2026
1,0712,03,5,1220,1860674,0,34815,2,X,04,2026
1,0712,04,5,1220,887348,0,21762,1,X,04,2026
1,0712,04,5,1220,624560,0,10697,2,X,04,2026
1,0712,05,5,1220,338753,0,3648,1,X,04,2026
1,0712,05,5,1220,23638,0,440,2,X,04,2026
1,0712,06,5,1220,1538465,0,35512,1,X,04,2026
1,0712,06,5,1220,16818,0,749,2,X,04,2026
1,0712,07,5,1220,5953631,0,354774,1,X,04,2026
1,0712,07,5,1220,1718548,0,112013,2,X,04,2026
1,0712,08,5,1220,1399771,0,57176,1,X,04,2026
1,0712,08,5,1220,24007909,0,907489,2,X,04,2026
1,0712,09,5,1220,2250269,0,36165,1,X,04,2026
1,0712,09,5,1220,3661106,0,62894,2,X,04,2026
1,0712,09,6,1220,215025,0,3433,2,X,04,2026
1,0712,10,5,1220,10595,0,207,1,X,04,2026
1,0712,10,5,1220,18379,0,1385,2,X,04,2026
1,0712,11,5,1220,154037,0,5766,1,X,04,2026
1,0712,11,5,1220,150626,0,6689,2,X,04,2026
1,0712,12,5,1220,638710,0,33009,1,X,04,2026
1,0712,12,5,1220,451187,0,14702,2,X,04,2026
1,0712,13,5,1220,440328,0,10104,1,X,04,2026
1,0712,13,5,1220,318466,0,9280,2,X,04,2026
1,0712,14,5,1220,7785,0,516,1,X,04,2026
1,0712,15,5,1220,666704,0,14527,1,X,04,2026
1,0712,15,5,1220,1571890,0,24220,2,X,04,2026
1,0712,16,5,1220,652232,0,7807,1,X,04,2026
1,0712,17,5,1220,618647,0,21874,1,X,04,2026
1,0712,17,5,1220,781375,0,14901,2,X,04,2026
1,0712,18,5,1220,13204429,0,191369,1,X,04,2026
1,0712,18,5,1220,2868786,0,29556,2,X,04,2026
1,0712,19,5,1220,6189153,0,186450,1,X,04,2026
1,0712,19,5,1220,200495,0,2416,2,X,04,2026
1,0712,20,5,1220,2678927,0,145229,1,X,04,2026
1,0712,20,5,1220,1769205,0,38681,2,X,04,2026
1,0712,21,5,1220,5654887,0,160223,1,X,04,2026
1,0712,21,5,1220,345190,0,11595,2,X,04,2026
1,0712,21,8,1220,21562,0,181,1,X,04,2026
1,0712,22,5,1220,2742291,0,64111,1,X,04,2026
1,0712,22,5,1220,60182,0,613,2,X,04,2026
1,0712,23,5,1220,661807,0,21363,1,X,04,2026
1,0712,24,5,1220,551936,0,9811,1,X,04,2026
1,0712,24,5,1220,538587,0,5706,2,X,04,2026
1,0712,25,5,1220,652465,0,33177,1,X,04,2026
1,0712,25,5,1220,467146,0,6005,2,X,04,2026
1,0712,25,6,1220,637243,0,10446,1,X,04,2026
1,0712,25,6,1220,174873,0,16514,2,X,04,2026
1,0712,26,5,1220,19082,0,2546,1,X,04,2026
1,0712,26,5,1220,34469,0,674,2,X,04,2026
1,0712,27,5,1220,4296855,0,86436,1,X,04,2026
1,0712,27,5,1220,133073,0,1854,2,X,04,2026
1,0712,27,6,1220,1280812,0,56789,1,X,04,2026
1,0712,27,8,1220,31587852,0,0,1,X,04,2026
1,0712,28,5,1220,4075163,0,73065,1,X,04,2026
1,0712,28,5,1220,459857,0,8792,2,X,04,2026
1,0712,28,6,1220,539881,0,15013,1,X,04,2026
1,0712,28,6,1220,538593,0,7159,2,X,04,2026
1,0712,29,5,1220,5014967,0,135444,1,X,04,2026
1,0712,29,5,1220,2702881,0,65371,2,X,04,2026
1,0712,29,6,1220,441567,0,13084,1,X,04,2026
1,0712,29,6,1220,176075,0,3271,2,X,04,2026
1,0712,30,5,1220,13113941,0,48460,1,X,04,2026
1,0712,30,5,1220,5261800,0,40395,2,X,04,2026
1,0712,30,8,1220,3398,0,110,1,X,04,2026
1,0712,31,5,1220,335926,0,16138,1,X,04,2026
1,0712,31,5,1220,320382,0,34188,2,X,04,2026
1,0712,31,6,1220,638251,0,6315,1,X,04,2026
1,0712,32,5,1220,6446366,0,117117,1,X,04,2026
1,0712,32,5,1220,533285,0,10971,2,X,04,2026
1,0712,32,6,1220,225512,0,6542,1,X,04,2026
1,0712,32,6,1220,13372,0,262,2,X,04,2026
1,0712,33,5,1220,15485229,0,203861,1,X,04,2026
1,0712,33,5,1220,7395450,0,80106,2,X,04,2026
1,0712,34,5,1220,5109622,0,108330,1,X,04,2026
1,0712,34,5,1220,528742,0,12680,2,X,04,2026
1,0712,34,6,1220,195369,0,2792,1,X,04,2026
1,0712,34,8,1220,2928,0,110,1,X,04,2026
1,0712,35,5,1220,3146315,0,120615,1,X,04,2026
1,0712,35,5,1220,564066,0,22520,2,X,04,2026
1,0712,36,5,1220,12113873,0,70129,1,X,04,2026
1,0712,36,5,1220,1207588,0,26219,2,X,04,2026
1,0712,37,5,1220,629441,0,3731,1,X,04,2026
1,0712,37,5,1220,260761,0,10115,2,X,04,2026
1,0712,38,5,1220,9792534,0,240286,1,X,04,2026
1,0712,38,5,1220,691314,0,11464,2,X,04,2026
1,0712,38,6,1220,390211,0,25605,1,X,04,2026
1,0712,39,5,1220,31137872,0,896917,1,X,04,2026
1,0712,39,5,1220,5453675,0,135549,2,X,04,2026
1,0712,39,6,1220,1395718,0,21960,1,X,04,2026
1,0712,40,5,1220,4419889,0,136720,1,X,04,2026
1,0712,40,5,1220,3387390,0,92536,2,X,04,2026
1,0712,40,8,1220,3310,0,72,1,X,04,2026
1,0712,41,5,1220,127097,0,1886,1,X,04,2026
1,0712,41,5,1220,26568,0,534,2,X,04,2026
1,0712,42,5,1220,144947,0,2724,1,X,04,2026
1,0712,42,5,1220,1344511,0,23478,2,X,04,2026
1,0712,43,5,1220,6301,0,76,2,X,04,2026
1,0712,44,5,1220,4458455,0,127975,1,X,04,2026
1,0712,44,5,1220,177868,0,8371,2,X,04,2026
1,0712,44,6,1220,1393485,0,33585,1,X,04,2026
1,0712,45,5,1220,2935,0,71,1,X,04,2026
1,0712,47,5,1220,1837061,0,49769,1,X,04,2026
1,0712,47,5,1220,5661706,0,100389,2,X,04,2026
1,0712,47,6,1220,2365181,0,91539,1,X,04,2026
1,0712,47,6,1220,3232983,0,57002,2,X,04,2026
1,0712,48,5,1220,13936641,0,326967,1,X,04,2026
1,0712,48,5,1220,1090147,0,24934,2,X,04,2026
1,0712,48,6,1220,967813,0,10476,1,X,04,2026
1,0712,48,6,1220,46088,0,903,2,X,04,2026
1,0712,49,5,1220,810813,0,7575,1,X,04,2026
1,0712,49,5,1220,366951,0,1466,2,X,04,2026
1,0712,49,8,1220,45015,0,1523,1,X,04,2026
1,0712,51,5,1220,232546,0,4308,1,X,04,2026
1,0712,51,5,1220,7741,0,135,2,X,04,2026
1,0712,52,5,1220,54496,0,1332,1,X,04,2026
1,0712,52,5,1220,94810,0,2856,2,X,04,2026
1,0712,53,5,1220,51350,0,1004,1,X,04,2026
1,0712,54,5,1220,1258116,0,25430,1,X,04,2026
1,0712,54,5,1220,443134,0,6964,2,X,04,2026
1,0712,55,5,1220,1876552,0,46969,1,X,04,2026
1,0712,55,5,1220,402308,0,9552,2,X,04,2026
1,0712,56,5,1220,2459529,0,42583,1,X,04,2026
1,0712,56,5,1220,467076,0,12037,2,X,04,2026
1,0712,57,5,1220,55151,0,1206,1,X,04,2026
1,0712,57,5,1220,21655,0,312,2,X,04,2026
1,0712,58,5,1220,137866,0,3011,1,X,04,2026
1,0712,58,5,1220,29763,0,1903,2,X,04,2026
1,0712,59,5,1220,735502,0,16370,1,X,04,2026
1,0712,59,5,1220,322432,0,6278,2,X,04,2026
1,0712,60,5,1220,175421,0,3042,1,X,04,2026
1,0712,60,5,1220,6996,0,137,2,X,04,2026
1,0712,61,5,1220,36026,0,1039,1,X,04,2026
1,0712,61,5,1220,872541,0,20405,2,X,04,2026
1,0712,62,5,1220,326513,0,5756,1,X,04,2026
1,0712,62,5,1220,1400934,0,22099,2,X,04,2026
1,0712,63,5,1220,214881,0,5561,1,X,04,2026
1,0712,63,5,1220,244992,0,4103,2,X,04,2026
1,0712,64,5,1220,119688,0,1192,1,X,04,2026
1,0712,64,5,1220,258787,0,3102,2,X,04,2026
1,0712,65,5,1220,139360,0,887,1,X,04,2026
1,0712,65,5,1220,286897,0,6835,2,X,04,2026
1,0712,66,5,1220,18914,0,973,1,X,04,2026
1,0712,66,5,1220,8368,0,497,2,X,04,2026
1,0712,67,5,1220,6646,0,398,1,X,04,2026
1,0712,67,5,1220,8137,0,161,2,X,04,2026
1,0712,68,5,1220,3936756,0,187889,1,X,04,2026
1,0712,68,5,1220,244168,0,7031,2,X,04,2026
1,0712,68,6,1220,204461,0,11660,1,X,04,2026
1,0712,69,5,1220,393080,0,7919,1,X,04,2026
1,0712,69,5,1220,103187,0,2188,2,X,04,2026
1,0712,70,5,1220,2064484,0,64344,1,X,04,2026
1,0712,70,5,1220,519495,0,11525,2,X,04,2026
1,0712,71,5,1220,3677061,0,50264,1,X,04,2026
1,0712,71,5,1220,37073114,0,163846,2,X,04,2026
1,0712,72,5,1220,3950076,0,211630,1,X,04,2026
1,0712,72,5,1220,733703,0,25532,2,X,04,2026
1,0712,72,6,1220,981680,0,17736,1,X,04,2026
1,0712,72,6,1220,117578,0,3271,2,X,04,2026
1,0712,73,5,1220,7438143,0,197498,1,X,04,2026
1,0712,73,5,1220,1074331,0,38033,2,X,04,2026
1,0712,73,8,1220,4849,0,197,1,X,04,2026
1,0712,74,5,1220,10179592,0,121782,1,X,04,2026
1,0712,74,5,1220,114674,0,1837,2,X,04,2026
1,0712,74,6,1220,14099718,0,314298,1,X,04,2026
1,0712,75,5,1220,433804,0,6733,1,X,04,2026
1,0712,75,5,1220,484854,0,9143,2,X,04,2026
1,0712,76,5,1220,10006333,0,624303,1,X,04,2026
1,0712,76,5,1220,165559,0,3382,2,X,04,2026
1,0712,78,5,1220,135343,0,4729,1,X,04,2026
1,0712,79,5,1220,474523,0,8066,1,X,04,2026
1,0712,79,5,1220,4190,0,148,2,X,04,2026
1,0712,80,5,1220,145650,0,1773,1,X,04,2026
1,0712,80,5,1220,1028791,0,62517,2,X,04,2026
1,0712,81,5,1220,2151874,0,25100,1,X,04,2026
1,0712,81,5,1220,59552,0,940,2,X,04,2026
1,0712,82,5,1220,1121886,0,22600,1,X,04,2026
1,0712,82,5,1220,537947,0,12152,2,X,04,2026
1,0712,83,5,1220,1719275,0,32444,1,X,04,2026
1,0712,83,5,1220,920826,0,21829,2,X,04,2026
1,0712,84,5,1220,48110014,0,843115,1,X,04,2026
1,0712,84,5,1220,36821759,0,600053,2,X,04,2026
1,0712,84,6,1220,2592,0,50,1,X,04,2026
1,0712,84,6,1220,7842,0,177,2,X,04,2026
1,0712,84,8,1220,39010,0,450,1,X,04,2026
1,0712,84,8,1220,26217,0,779,2,X,04,2026
1,0712,85,5,1220,39493343,0,707359,1,X,04,2026
1,0712,85,5,1220,22699327,0,324622,2,X,04,2026
1,0712,85,6,1220,4501,0,86,2,X,04,2026
1,0712,85,8,1220,6238,0,136,1,X,04,2026
1,0712,85,8,1220,30340,0,663,2,X,04,2026
1,0712,86,5,1220,789115,0,30013,1,X,04,2026
1,0712,86,5,1220,331155,0,8367,2,X,04,2026
1,0712,87,5,1220,60446244,0,746601,1,X,04,2026
1,0712,87,5,1220,18045748,0,212851,2,X,04,2026
1,0712,87,8,1220,732265,0,9552,1,X,04,2026
1,0712,87,8,1220,432925,0,5670,2,X,04,2026
1,0712,88,5,1220,35416558,0,138513,1,X,04,2026
1,0712,88,5,1220,4208424,0,38327,2,X,04,2026
1,0712,88,8,1220,272650,0,2718,1,X,04,2026
1,0712,89,5,1220,1791627,0,17924,1,X,04,2026
1,0712,89,5,1220,6085,0,105,2,X,04,2026
1,0712,90,5,1220,13735904,0,177821,1,X,04,2026
1,0712,90,5,1220,7194301,0,110301,2,X,04,2026
1,0712,90,8,1220,13945,0,280,1,X,04,2026
1,0712,90,8,1220,11166,0,283,2,X,04,2026
1,0712,91,5,1220,72385,0,1345,1,X,04,2026
1,0712,91,5,1220,150092,0,3516,2,X,04,2026
1,0712,92,5,1220,18404,0,704,1,X,04,2026
1,0712,92,5,1220,53097,0,823,2,X,04,2026
1,0712,93,5,1220,3511602,0,29433,1,X,04,2026
1,0712,93,5,1220,212984,0,1977,2,X,04,2026
1,0712,93,8,1220,11558,0,558,1,X,04,2026
1,0712,94,5,1220,1831948,0,44496,1,X,04,2026
1,0712,94,5,1220,1738439,0,41439,2,X,04,2026
1,0712,95,5,1220,2104484,0,24567,1,X,04,2026
1,0712,95,5,1220,856532,0,18411,2,X,04,2026
1,0712,95,8,1220,46744,0,1708,1,X,04,2026
1,0712,95,8,1220,88424,0,3233,2,X,04,2026
1,0712,96,5,1220,289593,0,6062,1,X,04,2026
1,0712,96,5,1220,500184,0,7317,2,X,04,2026
1,0712,97,5,1220,1402866,0,17845,1,X,04,2026
1,0712,97,5,1220,2124015,0,14977,2,X,04,2026
1,0712,98,5,1220,1357501,0,25965,1,X,04,2026
1,0712,98,5,1220,577513,0,7114,2,X,04,2026
1,0714,84,5,1220,15520,0,382,2,X,04,2026
1,0715,05,5,1220,8898,0,865,1,X,04,2026
1,0715,08,5,1220,448503,0,95314,1,X,04,2026
1,0715,12,6,1220,619084,0,21526,1,X,04,2026
1,0715,22,6,1220,221023,0,14497,1,X,04,2026
1,0715,23,5,1220,10270,0,396,1,X,04,2026
1,0715,25,5,1220,11054,0,571,1,X,04,2026
1,0715,25,6,1220,463898,0,8116,1,X,04,2026
1,0715,27,5,1220,98834,0,1010,1,X,04,2026
1,0715,27,6,1220,304668,0,3240,1,X,04,2026
1,0715,28,6,1220,987887,0,11497,1,X,04,2026
1,0715,29,6,1220,4138682,0,68134,1,X,04,2026
1,0715,31,6,1220,1052398,0,46218,1,X,04,2026
1,0715,38,6,1220,105606,0,3372,1,X,04,2026
1,0715,39,6,1220,173086,0,3712,1,X,04,2026
1,0715,44,5,1220,22812,0,435,1,X,04,2026
1,0715,44,6,1220,1267922,0,14901,1,X,04,2026
1,0715,47,6,1220,658813,0,12914,2,X,04,2026
1,0715,48,6,1220,628012,0,2394,1,X,04,2026
1,0715,56,5,1220,4838,0,85,1,X,04,2026
1,0715,72,5,1220,32947,0,812,1,X,04,2026
1,0715,76,5,1220,21928,0,476,1,X,04,2026
1,0715,84,5,1220,24564,0,483,1,X,04,2026
1,0715,87,5,1220,69288,0,3079,1,X,04,2026
1,07XX,12,3,1220,5055,6,190,1,X,04,2026
1,07XX,17,3,1220,3191,193,154,1,X,04,2026
1,07XX,22,1,1220,93300,283169,1777,1,X,04,2026
1,07XX,22,3,1220,38975,19032,2556,2,X,04,2026
1,07XX,25,3,1220,5577,19748,109,1,X,04,2026
1,07XX,27,1,1220,4777789,9500000,3271,1,X,04,2026
1,07XX,28,1,1220,73124,19431,3271,1,X,04,2026
1,07XX,28,3,1220,37752,3602,537,1,X,04,2026
1,07XX,29,3,1220,5121,2,100,2,X,04,2026
1,07XX,30,3,1220,8264,27,162,1,X,04,2026
1,07XX,32,3,1220,2561,29,50,1,X,04,2026
1,07XX,32,3,1220,3546,33,34,2,X,04,2026
1,07XX,33,5,2010,26862,0,0,2,0,04,2026
1,07XX,34,3,1220,3226,351,167,1,X,04,2026
1,07XX,37,3,1220,97392,410,1101,1,X,04,2026
1,07XX,38,3,1220,79446,15414,2203,1,X,04,2026
1,07XX,38,3,1220,7579,20,148,2,X,04,2026
1,07XX,39,1,1220,44455,19720,3534,2,X,04,2026
1,07XX,39,3,1220,161918,3468,5247,1,X,04,2026
1,07XX,39,3,1220,38345,1692,797,2,X,04,2026
1,07XX,40,1,1220,47267,8033,601,2,X,04,2026
1,07XX,40,3,1220,25058,121,394,1,X,04,2026
1,07XX,40,3,1220,9362,238,324,2,X,04,2026
1,07XX,42,3,1220,4084,11,218,1,X,04,2026
1,07XX,48,3,1220,6478,235,272,1,X,04,2026
1,07XX,49,3,1220,5474,294,444,1,X,04,2026
1,07XX,52,3,1220,3168,515,62,1,X,04,2026
1,07XX,54,3,1220,3063,19,60,1,X,04,2026
1,07XX,56,3,1220,11534,259,296,1,X,04,2026
1,07XX,58,3,1220,12618,1225,247,1,X,04,2026
1,07XX,59,1,1220,90912,38291,1782,2,X,04,2026
1,07XX,59,3,1220,35041,614,559,1,X,04,2026
1,07XX,59,3,1220,14922,109,291,2,X,04,2026
1,07XX,61,3,1220,2606,12,50,2,X,04,2026
1,07XX,62,3,1220,89994,6881,1072,1,X,04,2026
1,07XX,63,1,1220,51439,10005,2886,2,X,04,2026
1,07XX,64,3,1220,7359,60,144,1,X,04,2026
1,07XX,64,3,1220,3387,131,63,2,X,04,2026
1,07XX,65,3,1220,38917,194,788,2,X,04,2026
1,07XX,68,3,1220,3099,2,87,1,X,04,2026
1,07XX,68,3,1220,3653,33110,332,2,X,04,2026
1,07XX,70,1,1220,32155,2679,34,1,X,04,2026
1,07XX,71,3,1220,163844496,23447,73198,1,X,04,2026
1,07XX,71,3,1220,100843,28,1200,2,X,04,2026
1,07XX,73,3,1220,120060,2338,1573,1,X,04,2026
1,07XX,73,3,1220,20916,267,583,2,X,04,2026
1,07XX,74,1,1220,78597,5262,1378,1,X,04,2026
1,07XX,74,1,1220,169004,10971,2759,2,X,04,2026
1,07XX,75,3,1220,4246,2,18,2,X,04,2026
1,07XX,76,3,1220,45048,2513,337,1,X,04,2026
1,07XX,76,3,1220,2709,22,78,2,X,04,2026
1,07XX,81,3,1220,8027,12,39,1,X,04,2026
1,07XX,81,3,1220,738802,736,22700,2,X,04,2026
1,07XX,82,3,1220,9689,7,332,1,X,04,2026
1,07XX,82,3,1220,49610,162,816,2,X,04,2026
1,07XX,83,1,1220,8022,124,143,2,X,04,2026
1,07XX,83,3,1220,14767,289,347,1,X,04,2026
1,07XX,83,3,1220,67084,859,1673,2,X,04,2026
1,07XX,84,1,1220,5025,555,127,2,X,04,2026
1,07XX,84,3,1220,905491,12440,17706,1,X,04,2026
1,07XX,84,3,1220,988750,11759,14179,2,X,04,2026
1,07XX,85,3,1220,498816,2471,8216,1,X,04,2026
1,07XX,85,3,1220,1598621,6473,17783,2,X,04,2026
1,07XX,86,3,1220,5598,63,260,1,X,04,2026
1,07XX,86,3,1220,75978,10050,36,2,X,04,2026
1,07XX,87,3,1220,257773,6718,2170,1,X,04,2026
1,07XX,87,3,1220,16344,108,289,2,X,04,2026
1,07XX,88,3,1220,472179,775,6634,1,X,04,2026
1,07XX,88,3,1220,9973,9,133,2,X,04,2026
1,07XX,90,1,1220,3565,10,71,1,X,04,2026
1,07XX,90,3,1220,898893,1664,8069,1,X,04,2026
1,07XX,90,3,1220,386948,1065,4947,2,X,04,2026
1,07XX,92,3,1220,8048,74,157,1,X,04,2026
1,07XX,92,3,1220,4054,38,79,2,X,04,2026
1,07XX,94,1,1220,8229,122,318,2,X,04,2026
1,07XX,94,3,1220,20636,384,570,1,X,04,2026
1,07XX,94,3,1220,12915,518,896,2,X,04,2026
1,07XX,95,3,1220,2504,24,0,1,X,04,2026
1,07XX,96,3,1220,2801,5,55,2,X,04,2026
1,0901,01,5,1220,11791678,0,137067,1,X,04,2026
1,0901,01,5,1220,2564550,0,3564,2,X,04,2026
1,0901,01,8,1220,3180,0,145,1,X,04,2026
1,0901,02,5,1220,8067208,0,182954,1,X,04,2026
1,0901,03,5,1220,3132728,0,57683,1,X,04,2026
1,0901,03,5,1220,9893098,0,146737,2,X,04,2026
1,0901,04,5,1220,4236659,0,83130,1,X,04,2026
1,0901,04,5,1220,1056039,0,42511,2,X,04,2026
1,0901,05,5,1220,1676768,0,27901,1,X,04,2026
1,0901,05,5,1220,76310,0,1598,2,X,04,2026
1,0901,06,5,1220,6773425,0,107772,1,X,04,2026
1,0901,06,5,1220,214430,0,4569,2,X,04,2026
1,0901,07,5,1220,10299851,0,469310,1,X,04,2026
1,0901,07,5,1220,4617688,0,197823,2,X,04,2026
1,0901,07,6,1220,15187,0,1492,1,X,04,2026
1,0901,08,5,1220,2255960,0,53710,1,X,04,2026
1,0901,08,5,1220,33130642,0,1027694,2,X,04,2026
1,0901,08,6,1220,84140,0,8222,2,X,04,2026
1,0901,09,5,1220,15521644,0,262831,1,X,04,2026
1,0901,09,5,1220,9353271,0,173584,2,X,04,2026
1,0901,09,6,1220,3144227,0,62351,2,X,04,2026
1,0901,10,5,1220,233935,0,5189,1,X,04,2026
1,0901,10,5,1220,328335,0,6064,2,X,04,2026
1,0901,10,6,1220,233376,0,3000,1,X,04,2026
1,0901,11,5,1220,1336422,0,36261,1,X,04,2026
1,0901,11,5,1220,763424,0,12058,2,X,04,2026
1,0901,11,6,1220,125135,0,4232,1,X,04,2026
1,0901,12,5,1220,6457856,0,131938,1,X,04,2026
1,0901,12,5,1220,1840954,0,26412,2,X,04,2026
1,0901,12,6,1220,32457,0,1221,1,X,04,2026
1,0901,13,5,1220,1563933,0,28711,1,X,04,2026
1,0901,13,5,1220,453402,0,9029,2,X,04,2026
1,0901,14,5,1220,18725,0,1251,1,X,04,2026
1,0901,15,5,1220,3905606,0,75107,1,X,04,2026
1,0901,15,5,1220,6413945,0,112092,2,X,04,2026
1,0901,15,6,1220,1067745,0,23901,1,X,04,2026
1,0901,15,6,1220,7761577,0,113784,2,X,04,2026
1,0901,16,5,1220,8683393,0,158988,1,X,04,2026
1,0901,16,5,1220,55243,0,802,2,X,04,2026
1,0901,17,5,1220,8366153,0,181073,1,X,04,2026
1,0901,17,5,1220,1162840,0,22542,2,X,04,2026
1,0901,18,5,1220,36248120,0,442714,1,X,04,2026
1,0901,18,5,1220,8098747,0,86000,2,X,04,2026
1,0901,19,5,1220,41622113,0,1020589,1,X,04,2026
1,0901,19,5,1220,501933,0,12401,2,X,04,2026
1,0901,19,6,1220,136622,0,4791,1,X,04,2026
1,0901,19,6,1220,230527,0,2427,2,X,04,2026
1,0901,19,8,1220,4045,0,143,2,X,04,2026
1,0901,20,5,1220,21050297,0,839457,1,X,04,2026
1,0901,20,5,1220,3987355,0,196940,2,X,04,2026
1,0901,20,6,1220,195257,0,1954,1,X,04,2026
1,0901,21,5,1220,52945555,0,1635843,1,X,04,2026
1,0901,21,5,1220,3752513,0,59686,2,X,04,2026
1,0901,21,6,1220,658984,0,61898,1,X,04,2026
1,0901,22,5,1220,26121443,0,1111408,1,X,04,2026
1,0901,22,5,1220,741480,0,17161,2,X,04,2026
1,0901,23,5,1220,22461233,0,519717,1,X,04,2026
1,0901,23,5,1220,48674,0,968,2,X,04,2026
1,0901,24,5,1220,305979,0,1054,1,X,04,2026
1,0901,24,5,1220,2304920,0,31915,2,X,04,2026
1,0901,25,5,1220,4818823,0,203376,1,X,04,2026
1,0901,25,5,1220,534625,0,10669,2,X,04,2026
1,0901,25,6,1220,157876,0,3093,1,X,04,2026
1,0901,25,6,1220,4803,0,4,2,X,04,2026
1,0901,26,5,1220,1863555,0,28191,1,X,04,2026
1,0901,26,5,1220,837684,0,22703,2,X,04,2026
1,0901,26,6,1220,421504,0,16275,1,X,04,2026
1,0901,27,5,1220,39046655,0,987670,1,X,04,2026
1,0901,27,5,1220,291049,0,8555,2,X,04,2026
1,0901,27,6,1220,9377447,0,278029,1,X,04,2026
1,0901,27,6,1220,99424,0,1817,2,X,04,2026
1,0901,27,7,1220,22307694,0,0,1,X,04,2026
1,0901,27,7,1220,2407033,0,0,2,X,04,2026
1,0901,27,8,1220,38522,0,0,1,X,04,2026
1,0901,28,5,1220,15494635,0,406253,1,X,04,2026
1,0901,28,5,1220,3181983,0,101840,2,X,04,2026
1,0901,28,6,1220,3543847,0,56260,1,X,04,2026
1,0901,28,6,1220,4823959,0,2736,2,X,04,2026
1,0901,29,5,1220,17554024,0,326726,1,X,04,2026
1,0901,29,5,1220,8267003,0,198263,2,X,04,2026
1,0901,29,6,1220,2405220,0,59209,1,X,04,2026
1,0901,29,6,1220,1112137,0,22010,2,X,04,2026
1,0901,30,5,1220,181745105,0,866852,1,X,04,2026
1,0901,30,5,1220,52596270,0,358456,2,X,04,2026
1,0901,31,5,1220,2421738,0,60959,1,X,04,2026
1,0901,31,5,1220,729164,0,8805,2,X,04,2026
1,0901,31,6,1220,821946,0,14663,1,X,04,2026
1,0901,32,5,1220,40993501,0,855393,1,X,04,2026
1,0901,32,5,1220,4156178,0,79588,2,X,04,2026
1,0901,32,6,1220,109176,0,3175,1,X,04,2026
1,0901,32,8,1220,7253,0,129,1,X,04,2026
1,0901,33,5,1220,72593736,0,1145411,1,X,04,2026
1,0901,33,5,1220,19758463,0,304605,2,X,04,2026
1,0901,33,8,1220,5446,0,112,2,X,04,2026
1,0901,34,5,1220,45640565,0,1242294,1,X,04,2026
1,0901,34,5,1220,2579469,0,61561,2,X,04,2026
1,0901,34,6,1220,97233,0,405,1,X,04,2026
1,0901,35,5,1220,10555367,0,205222,1,X,04,2026
1,0901,35,5,1220,1708018,0,26289,2,X,04,2026
1,0901,36,5,1220,570292,0,25196,1,X,04,2026
1,0901,36,5,1220,134917,0,5074,2,X,04,2026
1,0901,37,5,1220,1118919,0,19875,1,X,04,2026
1,0901,37,5,1220,564536,0,3670,2,X,04,2026
1,0901,38,3,2010,147607,1049,0,1,0,04,2026
1,0901,38,5,1220,43419209,0,954487,1,X,04,2026
1,0901,38,5,1220,4059260,0,89503,2,X,04,2026
1,0901,38,5,2010,284815,0,0,1,0,04,2026
1,0901,38,6,1220,8733504,0,296052,1,X,04,2026
1,0901,38,8,1220,68628,0,347,1,X,04,2026
1,0901,39,3,2010,18871,268,0,1,0,04,2026
1,0901,39,5,1220,148778979,0,4373539,1,X,04,2026
1,0901,39,5,1220,16966224,0,386127,2,X,04,2026
1,0901,39,5,2010,41340,0,0,1,0,04,2026
1,0901,39,6,1220,10604059,0,311191,1,X,04,2026
1,0901,39,6,1220,1523525,0,29526,2,X,04,2026
1,0901,40,5,1220,26643584,0,572696,1,X,04,2026
1,0901,40,5,1220,7932047,0,167432,2,X,04,2026
1,0901,41,5,1220,174715,0,3528,1,X,04,2026
1,0901,41,5,1220,191148,0,4788,2,X,04,2026
1,0901,42,5,1220,492211,0,10059,1,X,04,2026
1,0901,42,5,1220,2815753,0,60001,2,X,04,2026
1,0901,43,5,1220,153993,0,1269,1,X,04,2026
1,0901,43,5,1220,6121,0,49,2,X,04,2026
1,0901,44,5,1220,14380980,0,432881,1,X,04,2026
1,0901,44,5,1220,1121172,0,30737,2,X,04,2026
1,0901,44,6,1220,497895,0,12118,1,X,04,2026
1,0901,45,5,1220,8096,0,181,1,X,04,2026
1,0901,45,5,1220,5152,0,85,2,X,04,2026
1,0901,46,5,1220,28435,0,643,1,X,04,2026
1,0901,46,5,1220,3460,0,24,2,X,04,2026
1,0901,47,5,1220,1291622,0,55387,1,X,04,2026
1,0901,47,5,1220,487098,0,21942,2,X,04,2026
1,0901,47,6,1220,708672,0,34337,1,X,04,2026
1,0901,47,6,1220,5477894,0,106282,2,X,04,2026
1,0901,48,5,1220,78482795,0,2623517,1,X,04,2026
1,0901,48,5,1220,6859237,0,125980,2,X,04,2026
1,0901,48,6,1220,6791223,0,56105,1,X,04,2026
1,0901,49,5,1220,17787267,0,231266,1,X,04,2026
1,0901,49,5,1220,3837756,0,43318,2,X,04,2026
1,0901,49,5,2010,20926,0,0,1,0,04,2026
1,0901,51,5,1220,16694,0,282,1,X,04,2026
1,0901,51,5,1220,21094,0,376,2,X,04,2026
1,0901,52,5,1220,187814,0,2988,1,X,04,2026
1,0901,52,5,1220,209561,0,2892,2,X,04,2026
1,0901,53,5,1220,33741,0,651,1,X,04,2026
1,0901,53,5,1220,39178,0,927,2,X,04,2026
1,0901,54,5,1220,1510486,0,30777,1,X,04,2026
1,0901,54,5,1220,178736,0,4540,2,X,04,2026
1,0901,54,8,1220,16247,0,363,2,X,04,2026
1,0901,55,5,1220,1602699,0,29894,1,X,04,2026
1,0901,55,5,1220,286875,0,5868,2,X,04,2026
1,0901,55,6,1220,25593,0,499,1,X,04,2026
1,0901,56,5,1220,9795310,0,252738,1,X,04,2026
1,0901,56,5,1220,1390946,0,24416,2,X,04,2026
1,0901,57,5,1220,1846661,0,55383,1,X,04,2026
1,0901,57,5,1220,576264,0,7799,2,X,04,2026
1,0901,57,6,1220,97630,0,70,2,X,04,2026
1,0901,58,5,1220,638386,0,15600,1,X,04,2026
1,0901,58,5,1220,216956,0,6135,2,X,04,2026
1,0901,59,5,1220,2581411,0,51340,1,X,04,2026
1,0901,59,5,1220,1263380,0,32704,2,X,04,2026
1,0901,60,5,1220,482562,0,16657,1,X,04,2026
1,0901,60,5,1220,141913,0,3142,2,X,04,2026
1,0901,61,5,1220,637121,0,3755,1,X,04,2026
1,0901,61,5,1220,8362619,0,135703,2,X,04,2026
1,0901,62,5,1220,1036181,0,19295,1,X,04,2026
1,0901,62,5,1220,3990495,0,66465,2,X,04,2026
1,0901,63,5,1220,2511574,0,79038,1,X,04,2026
1,0901,63,5,1220,1072852,0,23126,2,X,04,2026
1,0901,64,5,1220,231891,0,5746,1,X,04,2026
1,0901,64,5,1220,487987,0,13223,2,X,04,2026
1,0901,64,6,1220,20826,0,28,2,X,04,2026
1,0901,65,5,1220,912457,0,11745,1,X,04,2026
1,0901,65,5,1220,944724,0,17017,2,X,04,2026
1,0901,65,6,1220,8417,0,41,1,X,04,2026
1,0901,66,5,1220,80193,0,4125,1,X,04,2026
1,0901,66,5,1220,92768,0,4774,2,X,04,2026
1,0901,67,5,1220,342637,0,7804,2,X,04,2026
1,0901,68,5,1220,8545785,0,304583,1,X,04,2026
1,0901,68,5,1220,1324671,0,22654,2,X,04,2026
1,0901,68,6,1220,706293,0,32627,1,X,04,2026
1,0901,69,5,1220,6663323,0,75018,1,X,04,2026
1,0901,69,5,1220,1657084,0,41627,2,X,04,2026
1,0901,70,5,1220,13766477,0,275210,1,X,04,2026
1,0901,70,5,1220,1462209,0,33000,2,X,04,2026
1,0901,70,5,2010,34380,0,0,1,0,04,2026
1,0901,70,6,1220,2682,0,101,1,X,04,2026
1,0901,70,6,1220,23971,0,468,2,X,04,2026
1,0901,71,5,1220,249992642,0,1628167,1,X,04,2026
1,0901,71,5,1220,143513891,0,540398,2,X,04,2026
1,0901,72,5,1220,54930420,0,1501229,1,X,04,2026
1,0901,72,5,1220,5987179,0,105902,2,X,04,2026
1,0901,72,6,1220,3414602,0,50885,1,X,04,2026
1,0901,73,5,1220,56589376,0,1036079,1,X,04,2026
1,0901,73,5,1220,7489575,0,151854,2,X,04,2026
1,0901,73,6,1220,44984,0,765,1,X,04,2026
1,0901,74,5,1220,56980326,0,645928,1,X,04,2026
1,0901,74,5,1220,1526787,0,24776,2,X,04,2026
1,0901,74,6,1220,3982447,0,88770,1,X,04,2026
1,0901,75,5,1220,7094544,0,72770,1,X,04,2026
1,0901,75,5,1220,1904645,0,20121,2,X,04,2026
1,0901,76,5,1220,71640419,0,1527655,1,X,04,2026
1,0901,76,5,1220,9987234,0,119369,2,X,04,2026
1,0901,78,5,1220,97222,0,2219,1,X,04,2026
1,0901,79,5,1220,776566,0,22445,1,X,04,2026
1,0901,79,5,1220,169707,0,4109,2,X,04,2026
1,0901,80,5,1220,198176,0,6079,1,X,04,2026
1,0901,80,5,1220,51095,0,506,2,X,04,2026
1,0901,81,5,1220,2306962,0,23849,1,X,04,2026
1,0901,81,5,1220,431268,0,6456,2,X,04,2026
1,0901,82,5,1220,9193002,0,153435,1,X,04,2026
1,0901,82,5,1220,4820062,0,76670,2,X,04,2026
1,0901,83,5,1220,21293203,0,312724,1,X,04,2026
1,0901,83,5,1220,4100852,0,102202,2,X,04,2026
1,0901,83,6,1220,18204,0,189,1,X,04,2026
1,0901,84,3,2010,13892,50,0,1,0,04,2026
1,0901,84,5,1220,241179035,0,4417566,1,X,04,2026
1,0901,84,5,1220,154202790,0,2258049,2,X,04,2026
1,0901,84,5,2010,104967,0,0,1,0,04,2026
1,0901,84,5,2010,68440,0,0,2,0,04,2026
1,0901,84,6,1220,80389,0,1631,1,X,04,2026
1,0901,84,6,1220,575550,0,13841,2,X,04,2026
1,0901,84,8,1220,70633,0,1489,1,X,04,2026
1,0901,85,3,2010,8538,53,0,1,0,04,2026
1,0901,85,5,1220,129714061,0,2327413,1,X,04,2026
1,0901,85,5,1220,88804537,0,1577634,2,X,04,2026
1,0901,85,5,2010,1604512,0,0,1,0,04,2026
1,0901,85,5,2010,467705,0,0,2,0,04,2026
1,0901,85,6,1220,16388,0,8,2,X,04,2026
1,0901,85,8,1220,5887,0,128,1,X,04,2026
1,0901,85,8,1220,43166,0,944,2,X,04,2026
1,0901,86,5,1220,8492978,0,110690,1,X,04,2026
1,0901,86,5,1220,725362,0,14607,2,X,04,2026
1,0901,86,6,1220,6033639,0,2254,1,X,04,2026
1,0901,87,5,1220,106837180,0,1357668,1,X,04,2026
1,0901,87,5,1220,33140039,0,438029,2,X,04,2026
1,0901,87,8,1220,1285916,0,22586,1,X,04,2026
1,0901,87,8,1220,191697,0,7042,2,X,04,2026
1,0901,88,5,1220,14457862,0,180261,1,X,04,2026
1,0901,88,5,1220,4013624,0,36901,2,X,04,2026
1,0901,89,5,1220,5018130,0,45470,1,X,04,2026
1,0901,89,5,1220,49534,0,456,2,X,04,2026
1,0901,89,8,1220,333940,0,6505,1,X,04,2026
1,0901,90,5,1220,54506713,0,616888,1,X,04,2026
1,0901,90,5,1220,35327454,0,452287,2,X,04,2026
1,0901,90,5,2010,910256,0,0,1,0,04,2026
1,0901,90,5,2010,31740,0,0,2,0,04,2026
1,0901,90,6,1220,120977,0,341,1,X,04,2026
1,0901,90,6,1220,780828,0,4185,2,X,04,2026
1,0901,90,8,1220,21005,0,530,1,X,04,2026
1,0901,91,5,1220,81498,0,1926,1,X,04,2026
1,0901,91,5,1220,162233,0,2051,2,X,04,2026
1,0901,92,5,1220,907449,0,13557,1,X,04,2026
1,0901,92,5,1220,591702,0,4422,2,X,04,2026
1,0901,93,5,1220,4685842,0,59542,1,X,04,2026
1,0901,93,5,1220,593888,0,15113,2,X,04,2026
1,0901,94,5,1220,15553511,0,392839,1,X,04,2026
1,0901,94,5,1220,9419418,0,208109,2,X,04,2026
1,0901,94,5,2010,8167,0,0,1,0,04,2026
1,0901,94,8,1220,13985,0,305,2,X,04,2026
1,0901,95,5,1220,11487830,0,220835,1,X,04,2026
1,0901,95,5,1220,5220605,0,103261,2,X,04,2026
1,0901,95,6,1220,7268,0,7,2,X,04,2026
1,0901,95,8,1220,10953,0,301,1,X,04,2026
1,0901,95,8,1220,10432,0,381,2,X,04,2026
1,0901,96,5,1220,27195171,0,789249,1,X,04,2026
1,0901,96,5,1220,2349518,0,46800,2,X,04,2026
1,0901,96,5,2010,3184,0,0,2,0,04,2026
1,0901,96,6,1220,6749,0,132,2,X,04,2026
1,0901,97,5,1220,4050735,0,72882,1,X,04,2026
1,0901,97,5,1220,2755606,0,52738,2,X,04,2026
1,0901,97,8,1220,92909,0,2027,2,X,04,2026
1,0901,98,5,1220,3764018,0,78623,1,X,04,2026
1,0901,98,5,1220,9540884,0,167670,2,X,04,2026
1,0901,98,8,1220,663184,0,1834,1,X,04,2026
1,0901,98,8,1220,33625,0,908,2,X,04,2026
1,0903,89,8,1220,382118,0,7492,1,X,04,2026
1,0904,39,6,1220,5932,0,363,1,X,04,2026
1,09XX,01,3,1220,18511,760,145,2,X,04,2026
1,09XX,03,3,1220,45322,14618,993,1,X,04,2026
1,09XX,03,3,1220,61116,5519,836,2,X,04,2026
1,09XX,08,3,1220,22338,3068,151,1,X,04,2026
1,09XX,08,3,1220,8905,798,60,2,X,04,2026
1,09XX,11,3,1220,3893,391,130,2,X,04,2026
1,09XX,12,3,1220,5586,14,210,1,X,04,2026
1,09XX,13,1,1220,50223,1631,781,2,X,04,2026
1,09XX,17,1,1220,37044,56583,726,2,X,04,2026
1,09XX,20,3,1220,33727,14842,552,1,X,04,2026
1,09XX,21,3,1220,133134,21342,4926,1,X,04,2026
1,09XX,23,3,1220,37490,22670,1785,1,X,04,2026
1,09XX,25,3,1220,4142,18987,145,1,X,04,2026
1,09XX,26,1,1220,3620570,33572000,31091,1,X,04,2026
1,09XX,27,1,1220,179077100,135063450,9394293,1,X,04,2026
1,09XX,27,3,1220,12902,3315,252,1,X,04,2026
1,09XX,28,3,1220,2540818,249919,28702,1,X,04,2026
1,09XX,28,3,1220,18177,39540,129,2,X,04,2026
1,09XX,29,1,1220,149024,28807,65,2,X,04,2026
1,09XX,29,3,1220,767093,2267,11109,1,X,04,2026
1,09XX,29,3,1220,78978,2328,1049,2,X,04,2026
1,09XX,30,3,1220,1551950,19473,22587,1,X,04,2026
1,09XX,30,3,1220,56567,154,829,2,X,04,2026
1,09XX,31,1,1220,7668494,17950014,75925,1,X,04,2026
1,09XX,32,1,1220,21357,5500,1144,2,X,04,2026
1,09XX,32,3,1220,16754,5582,466,1,X,04,2026
1,09XX,32,3,1220,41964,4475,840,2,X,04,2026
1,09XX,33,3,1220,98978,3847,2124,1,X,04,2026
1,09XX,33,3,1220,71113,530,1182,2,X,04,2026
1,09XX,34,3,1220,96170,17678,220,1,X,04,2026
1,09XX,34,3,1220,12042,1749,221,2,X,04,2026
1,09XX,35,3,1220,48412,1247,874,1,X,04,2026
1,09XX,35,3,1220,10191,560,1190,2,X,04,2026
1,09XX,37,3,1220,10646,129,13,1,X,04,2026
1,09XX,37,3,1220,22256,270,27,2,X,04,2026
1,09XX,38,3,1220,220136,729,3950,1,X,04,2026
1,09XX,38,3,1220,33832,172,332,2,X,04,2026
1,09XX,39,1,1220,89832,33208,100,2,X,04,2026
1,09XX,39,3,1220,344312,9245,6487,1,X,04,2026
1,09XX,39,3,1220,109113,773,1399,2,X,04,2026
1,09XX,40,3,1220,202196,12799,3456,1,X,04,2026
1,09XX,40,3,1220,33492,3451,610,2,X,04,2026
1,09XX,41,3,1220,3475,19,130,1,X,04,2026
1,09XX,41,3,1220,55631,576,712,2,X,04,2026
1,09XX,42,3,1220,28155,968,497,1,X,04,2026
1,09XX,42,3,1220,145566,9348,1458,2,X,04,2026
1,09XX,48,3,1220,45220,6989,764,1,X,04,2026
1,09XX,48,3,1220,59870,7694,5442,2,X,04,2026
1,09XX,49,3,1220,24904,173,486,1,X,04,2026
1,09XX,49,3,1220,150107,11538,2834,2,X,04,2026
1,09XX,52,1,1220,46961,5449,2132,1,X,04,2026
1,09XX,54,3,1220,6809,75,268,1,X,04,2026
1,09XX,54,3,1220,2794,54,130,2,X,04,2026
1,09XX,55,3,1220,11753,984,253,2,X,04,2026
1,09XX,56,3,1220,2579,57,50,1,X,04,2026
1,09XX,57,3,1220,3513,93,67,1,X,04,2026
1,09XX,58,3,1220,4850,39,95,2,X,04,2026
1,09XX,59,3,1220,50543,1799,1123,1,X,04,2026
1,09XX,59,3,1220,11703,163,307,2,X,04,2026
1,09XX,61,1,1220,11190,291,18,2,X,04,2026
1,09XX,61,3,1220,40525,436,429,2,X,04,2026
1,09XX,62,3,1220,10416,36,204,1,X,04,2026
1,09XX,62,3,1220,80116,2444,1271,2,X,04,2026
1,09XX,63,3,1220,76604,1591,857,1,X,04,2026
1,09XX,63,3,1220,5471,322,78,2,X,04,2026
1,09XX,64,1,1220,4916,233,495,2,X,04,2026
1,09XX,64,3,1220,30077,176,283,1,X,04,2026
1,09XX,64,3,1220,16537,278,199,2,X,04,2026
1,09XX,65,3,1220,11443,394,342,1,X,04,2026
1,09XX,65,3,1220,40260,227,670,2,X,04,2026
1,09XX,68,3,1220,37970,693,619,1,X,04,2026
1,09XX,68,3,1220,26038,726,662,2,X,04,2026
1,09XX,69,1,1220,16008,1089,761,2,X,04,2026
1,09XX,69,3,1220,2750,15,39,2,X,04,2026
1,09XX,70,3,1220,73310,29074,1638,1,X,04,2026
1,09XX,70,3,1220,11476,518,658,2,X,04,2026
1,09XX,71,3,1220,590616,81,6912,1,X,04,2026
1,09XX,71,3,1220,349367,57,4806,2,X,04,2026
1,09XX,72,1,1220,2040712,107169,3501,2,X,04,2026
1,09XX,72,3,1220,11281,17,221,1,X,04,2026
1,09XX,73,3,1220,794894,49309,11422,1,X,04,2026
1,09XX,73,3,1220,116750,4197,1104,2,X,04,2026
1,09XX,74,3,1220,36948,459,665,1,X,04,2026
1,09XX,75,3,1220,31934,91,501,1,X,04,2026
1,09XX,75,3,1220,69564,87,110,2,X,04,2026
1,09XX,76,3,1220,126783,5930,1314,1,X,04,2026
1,09XX,76,3,1220,8596,255,167,2,X,04,2026
1,09XX,79,3,1220,2604,27,50,1,X,04,2026
1,09XX,81,3,1220,107892,230,985,1,X,04,2026
1,09XX,81,3,1220,71102,81,793,2,X,04,2026
1,09XX,82,3,1220,93882,1575,2273,1,X,04,2026
1,09XX,82,3,1220,35384,720,1004,2,X,04,2026
1,09XX,83,3,1220,239290,3893,2582,1,X,04,2026
1,09XX,83,3,1220,22594,803,938,2,X,04,2026
1,09XX,84,1,1220,421052,37008,16265,2,X,04,2026
1,09XX,84,3,1220,6472890,41909,51721,1,X,04,2026
1,09XX,84,3,1220,3167213,52781,40423,2,X,04,2026
1,09XX,85,1,1220,1136862,45675,6444,2,X,04,2026
1,09XX,85,3,1220,3096623,8503,53749,1,X,04,2026
1,09XX,85,3,1220,5908413,23278,72011,2,X,04,2026
1,09XX,86,3,1220,16603,3551,35,1,X,04,2026
1,09XX,87,3,1220,329992,18697,3457,1,X,04,2026
1,09XX,87,3,1220,55560,392,918,2,X,04,2026
1,09XX,88,3,1220,2915821,2917,24065,1,X,04,2026
1,09XX,88,3,1220,488575,497,5099,2,X,04,2026
1,09XX,90,3,1220,5148213,5501,61448,1,X,04,2026
1,09XX,90,3,1220,2245551,8123,27779,2,X,04,2026
1,09XX,91,3,1220,9452,32,190,1,X,04,2026
1,09XX,91,3,1220,23368,13,928,2,X,04,2026
1,09XX,92,3,1220,15211,248,268,1,X,04,2026
1,09XX,94,1,1220,92365,11015,395,2,X,04,2026
1,09XX,94,3,1220,266971,9174,6562,1,X,04,2026
1,09XX,94,3,1220,113984,8610,2770,2,X,04,2026
1,09XX,95,1,1220,26970,2448,36,2,X,04,2026
1,09XX,95,3,1220,87546,292,1160,1,X,04,2026
1,09XX,95,3,1220,132988,4974,1644,2,X,04,2026
1,09XX,96,3,1220,24701,659,374,1,X,04,2026
1,09XX,96,3,1220,20783,1497,1171,2,X,04,2026
1,09XX,97,3,1220,38364,49,700,1,X,04,2026
1,09XX,97,3,1220,200096,86,1981,2,X,04,2026
1,09XX,98,3,1220,20554,70,402,1,X,04,2026
1,09XX,98,3,1220,28081,4971,65,2,X,04,2026
1,1003,28,3,2010,35299,28,0,1,0,04,2026
1,1003,30,3,2010,28095,97,0,1,0,04,2026
1,1003,30,3,2010,67564,59,0,2,0,04,2026
1,1003,32,3,2010,15300,90,0,1,0,04,2026
1,1003,33,3,2010,172255,1559,0,1,0,04,2026
1,1003,35,1,2010,100299,58739,0,1,1,04,2026
1,1003,35,1,2010,33528,3464,0,2,1,04,2026
1,1003,35,3,2010,7915,18,0,1,0,04,2026
1,1003,38,3,2010,13839,112,0,1,0,04,2026
1,1003,39,1,2010,298650,58793,0,1,1,04,2026
1,1003,39,3,2010,2740,1,0,1,0,04,2026
1,1003,40,3,2010,5156,77,0,1,0,04,2026
1,1003,47,1,2010,1041345,4911994,0,1,1,04,2026
1,1003,62,3,2010,28192,5279,0,2,0,04,2026
1,1003,64,3,2010,259699,3276,0,2,0,04,2026
1,1003,70,3,2010,84412,86,0,1,0,04,2026
1,1003,71,3,2010,280596,31,0,1,0,04,2026
1,1003,71,3,2010,40968,4,0,2,0,04,2026
1,1003,73,3,2010,78897,1048,0,1,0,04,2026
1,1003,82,3,2010,24507,52,0,1,0,04,2026
1,1003,84,1,2010,80458,26670,0,1,1,04,2026
1,1003,84,3,2010,192329,376,0,1,0,04,2026
1,1003,84,3,2010,31365,39,0,2,0,04,2026
1,1003,85,3,2010,12185,193,0,1,0,04,2026
1,1003,85,3,2010,13909,6,0,2,0,04,2026
1,1003,87,1,2010,1785380,90226,0,1,0,04,2026
1,1003,87,1,2010,27200,20176,0,1,1,04,2026
1,1003,87,3,2010,5470,100,0,2,0,04,2026
1,1003,88,3,2010,1941148,3014,0,1,0,04,2026
1,1003,88,3,2010,16153,5,0,2,0,04,2026
1,1003,90,3,2010,7256,7,0,1,0,04,2026
1,1003,92,3,2010,11872,23,0,2,0,04,2026
1,1012,30,3,1220,386946,463,4921,1,X,04,2026
1,1012,39,3,1220,3255,10,63,1,X,04,2026
1,1012,61,3,1220,21075,421,654,2,X,04,2026
1,1012,66,3,1220,5173,422,389,2,X,04,2026
1,1012,71,3,1220,138129,5,481,1,X,04,2026
1,1012,71,3,1220,3314140,280,12280,2,X,04,2026
1,1012,73,3,1220,4581,287,90,1,X,04,2026
1,1012,73,3,1220,2854,226,56,2,X,04,2026
1,1012,84,3,1220,168271,663,2052,1,X,04,2026
1,1012,84,3,1220,7202,30,141,2,X,04,2026
1,1012,85,3,1220,8792,19,87,1,X,04,2026
1,1012,85,3,1220,51754,194,720,2,X,04,2026
1,1012,88,3,1220,979977,392,8671,2,X,04,2026
1,1012,90,3,1220,65252,321,712,1,X,04,2026
1,1012,90,3,1220,1966164,5633,60,2,X,04,2026
1,1012,91,3,1220,1689330,752,511,2,X,04,2026
1,1012,97,3,1220,45478,29,363,1,X,04,2026
1,10XX,01,3,2010,8654,75,0,1,0,04,2026
1,10XX,03,3,2010,17500,1000,0,1,0,04,2026
1,10XX,21,3,2010,199850,31081,0,1,0,04,2026
1,10XX,21,3,2010,7105,225,0,2,0,04,2026
1,10XX,22,1,1220,3963663,5044552,38334,1,X,04,2026
1,10XX,29,3,2010,167171,1122,0,1,0,04,2026
1,10XX,30,3,2010,4714384,15055,0,1,0,04,2026
1,10XX,30,3,2010,1353881,2087,0,2,0,04,2026
1,10XX,32,3,2010,29040,268,0,1,0,04,2026
1,10XX,33,3,2010,83819,1080,0,1,0,04,2026
1,10XX,34,1,2010,106346,18869,0,1,1,04,2026
1,10XX,34,3,2010,119515,653,0,1,0,04,2026
1,10XX,35,3,2010,6515,89,0,2,0,04,2026
1,10XX,38,3,2010,332364,2391,0,1,0,04,2026
1,10XX,39,3,2010,230494,5710,0,1,0,04,2026
1,10XX,39,3,2010,47339,612,0,2,0,04,2026
1,10XX,40,3,2010,6493,159,0,1,0,04,2026
1,10XX,42,3,2010,5609,40,0,1,0,04,2026
1,10XX,42,3,2010,14774,259,0,2,0,04,2026
1,10XX,43,3,2010,3120,54,0,2,0,04,2026
1,10XX,44,1,2010,98289,18402,0,1,1,04,2026
1,10XX,44,3,2010,3917,133,0,1,0,04,2026
1,10XX,44,3,2010,10009,3309,0,2,0,04,2026
1,10XX,47,1,2010,28800,88000,0,1,0,04,2026
1,10XX,47,1,2010,1416820,4846686,0,1,1,04,2026
1,10XX,48,3,2010,6912,982,0,1,0,04,2026
1,10XX,49,3,2010,28333,905,0,1,0,04,2026
1,10XX,49,3,2010,731863,3714,0,2,0,04,2026
1,10XX,56,3,2010,8876,260,0,1,0,04,2026
1,10XX,61,3,2010,19110,118,0,1,0,04,2026
1,10XX,61,3,2010,9752,65,0,2,0,04,2026
1,10XX,62,3,2010,20214,283,0,2,0,04,2026
1,10XX,63,3,2010,4214,133,0,1,0,04,2026
1,10XX,68,3,2010,3780,7,0,1,0,04,2026
1,10XX,68,3,2010,3415,20,0,2,0,04,2026
1,10XX,69,3,2010,25894,1286,0,1,0,04,2026
1,10XX,69,3,2010,5846,2,0,2,0,04,2026
1,10XX,70,3,2010,6736,21,0,2,0,04,2026
1,10XX,71,3,2010,3685406,335,0,1,0,04,2026
1,10XX,71,3,2010,2099756,591,0,2,0,04,2026
1,10XX,72,3,2010,12128,2372,0,1,0,04,2026
1,10XX,73,3,2010,258991,5819,0,1,0,04,2026
1,10XX,75,3,2010,3044,43,0,1,0,04,2026
1,10XX,82,1,1220,10143,265,199,2,X,04,2026
1,10XX,82,3,2010,15409,12,0,1,0,04,2026
1,10XX,82,3,2010,6849,1010,0,2,0,04,2026
1,10XX,83,3,2010,19523,210,0,1,0,04,2026
1,10XX,83,3,2010,2934,3,0,2,0,04,2026
1,10XX,84,3,2010,6508359,27526,0,1,0,04,2026
1,10XX,84,3,2010,48371,350,0,1,1,04,2026
1,10XX,84,3,2010,3789876,10329,0,2,0,04,2026
1,10XX,85,1,2010,29265,853,0,1,1,04,2026
1,10XX,85,3,2010,1060296,2665,0,1,0,04,2026
1,10XX,85,3,2010,2612704,3621,0,2,0,04,2026
1,10XX,86,3,2010,3439,370,0,1,0,04,2026
1,10XX,87,3,2010,46574,272,0,2,0,04,2026
1,10XX,88,3,2010,18721661,44803,0,1,0,04,2026
1,10XX,88,3,2010,152674,1885,0,2,0,04,2026
1,10XX,90,3,2010,4998698,14454,0,1,0,04,2026
1,10XX,90,3,2010,2440279,5683,0,2,0,04,2026
1,10XX,91,3,2010,2771,9,0,1,0,04,2026
1,10XX,91,3,2010,579060,372,0,2,0,04,2026
1,10XX,92,3,2010,19088,10,0,2,0,04,2026
1,10XX,93,3,2010,18000,6,0,1,0,04,2026
1,10XX,95,3,2010,13603,223,0,1,0,04,2026
1,10XX,96,1,1220,4069,232,79,2,X,04,2026
1,10XX,97,3,2010,2065852,2035,0,1,0,04,2026
1,10XX,97,3,2010,8564600,482,0,2,0,04,2026
1,11XX,30,3,1220,24261,14,536,1,X,04,2026
1,11XX,38,3,2010,37369,90,0,1,0,04,2026
1,11XX,39,3,1220,95262,431,1135,1,X,04,2026
1,11XX,39,3,2010,19942,103,0,1,0,04,2026
1,11XX,47,1,2010,162816,580088,0,1,1,04,2026
1,11XX,58,3,2010,9504,91,0,1,0,04,2026
1,11XX,59,3,2010,2905,276,0,1,0,04,2026
1,11XX,71,3,2010,12448,1,0,1,0,04,2026
1,11XX,73,3,2010,32647,456,0,1,0,04,2026
1,11XX,82,3,2010,36390,84,0,1,0,04,2026
1,11XX,84,3,1220,34358,632,3123,1,X,04,2026
1,11XX,84,3,2010,61373,222,0,1,0,04,2026
1,11XX,84,3,2010,6700,10,0,1,1,04,2026
1,11XX,84,3,2010,2613,61,0,2,0,04,2026
1,11XX,85,3,1220,25472,43,229,2,X,04,2026
1,11XX,85,3,2010,47948,156,0,1,0,04,2026
1,11XX,85,3,2010,1297880,6215,0,2,0,04,2026
1,11XX,87,1,2010,15000,13500,0,1,0,04,2026
1,11XX,88,3,2010,30387,33,0,1,0,04,2026
1,11XX,90,3,1220,118249,27,1170,1,X,04,2026
1,11XX,90,3,1220,105704,1339,750,2,X,04,2026
1,11XX,90,3,2010,247112,109,0,1,0,04,2026
1,11XX,90,3,2010,4192,14,0,2,0,04,2026
1,11XX,93,3,1220,10651,86,97,1,X,04,2026
1,11XX,97,3,1220,81252,20,363,2,X,04,2026
1,13XX,25,1,2010,38739,23663,0,1,1,04,2026
1,13XX,47,1,2010,819741,3438660,0,1,1,04,2026
1,13XX,72,1,1220,2714393,71138,1993,2,X,04,2026
1,13XX,82,3,2010,8364,497,0,1,0,04,2026
1,13XX,84,3,1220,113912,350,1817,1,X,04,2026
1,13XX,84,3,2010,15073,48,0,1,0,04,2026
1,13XX,85,3,1220,3794,13,7,2,X,04,2026
1,13XX,90,3,1220,37291,130,79,1,X,04,2026
1,13XX,90,3,1220,70172,25,695,2,X,04,2026
1,13XX,90,3,2010,2852,2,0,1,0,04,2026
1,13XX,90,3,2010,59430,14,0,2,0,04,2026
1,14XX,47,1,2010,50260,193767,0,1,1,04,2026
1,14XX,69,1,2010,20612,12714,0,1,1,04,2026
1,14XX,84,1,2010,90137,5462,0,1,1,04,2026
1,14XX,84,3,2010,279072,998,0,1,0,04,2026
1,15XX,30,3,2010,2407359,19028,0,1,0,04,2026
1,15XX,30,3,2010,100770563,4349,0,2,0,04,2026
1,15XX,40,3,2010,3075,1,0,2,0,04,2026
1,15XX,73,3,1220,3114,127,61,1,X,04,2026
1,15XX,76,3,2010,2580,13,0,1,0,04,2026
1,15XX,84,3,1220,10812,142,148,2,X,04,2026
1,15XX,84,3,2010,5891686,13673,0,1,0,04,2026
1,15XX,84,3,2010,214056,1820,0,2,0,04,2026
1,15XX,85,3,1220,39569,63,532,2,X,04,2026
1,15XX,85,3,2010,283756,224,0,1,0,04,2026
1,15XX,85,3,2010,70304,306,0,2,0,04,2026
1,15XX,85,8,2010,4840,0,0,1,X,04,2026
1,15XX,88,3,1220,49206,36,1068,1,X,04,2026
1,15XX,90,3,2010,3958,1,0,2,0,04,2026
1,15XX,95,3,2010,9425,331,0,1,0,04,2026
1,15XX,98,8,1220,769805,0,872,1,X,04,2026
1,16XX,38,1,2010,35040,41204,0,1,0,04,2026
1,16XX,38,1,2010,96600,66865,0,1,1,04,2026
1,16XX,38,3,2010,4446,13,0,1,0,04,2026
1,16XX,39,1,2010,91829,65972,0,1,1,04,2026
1,16XX,47,1,2010,199937,631026,0,1,1,04,2026
1,16XX,55,1,2010,151217,18910,0,1,1,04,2026
1,16XX,72,1,2010,23049792,22481861,0,1,0,04,2026
1,16XX,84,1,2010,108072,3913,0,1,1,04,2026
1,16XX,84,3,1220,7446,75,146,2,X,04,2026
1,16XX,85,3,2010,442161,10390,0,1,0,04,2026
1,16XX,88,8,2010,167719176,0,0,1,X,04,2026
1,16XX,98,8,1220,11274,0,872,1,X,04,2026
1,1704,01,3,1220,17218,23,337,1,X,04,2026
1,1704,29,3,1220,3377,1,160,1,X,04,2026
1,1704,40,3,1220,3606,1093,71,1,X,04,2026
1,1704,54,3,1220,6984,15,109,2,X,04,2026
1,1704,58,3,1220,12471,225,268,2,X,04,2026
1,1704,60,3,1220,3553,42,68,1,X,04,2026
1,1704,62,3,1220,4717,77,98,2,X,04,2026
1,1704,63,3,1220,52617,180,521,1,X,04,2026
1,1704,82,3,1220,78080,656,850,1,X,04,2026
1,1704,83,3,1220,41884,20,391,1,X,04,2026
1,1704,84,3,1220,6055235,2945,59384,1,X,04,2026
1,1704,84,3,1220,32212,547,542,2,X,04,2026
1,1704,85,3,1220,1150958,5195,13332,1,X,04,2026
1,1704,85,3,1220,10647,8,99,2,X,04,2026
1,1704,88,3,1220,3512774,3599,24701,1,X,04,2026
1,1704,90,3,1220,346499,319,3568,1,X,04,2026
1,1704,90,3,1220,20486,11,202,2,X,04,2026
1,1704,94,3,1220,8157,374,172,1,X,04,2026
1,17XX,21,1,2010,134463,36560,0,1,1,04,2026
1,17XX,21,3,2010,17586,2396,0,1,0,04,2026
1,17XX,30,3,2010,389111,4671,0,1,0,04,2026
1,17XX,34,3,2010,3150,41,0,1,0,04,2026
1,17XX,38,1,2010,29700,22878,0,1,1,04,2026
1,17XX,38,3,2010,219105,2551,0,1,0,04,2026
1,17XX,39,1,2010,74147,57572,0,1,1,04,2026
1,17XX,39,3,2010,55105,3606,0,1,0,04,2026
1,17XX,40,3,1220,11304,32,0,1,X,04,2026
1,17XX,40,3,2010,20846,553,0,2,0,04,2026
1,17XX,44,3,2010,4719,1280,0,1,0,04,2026
1,17XX,47,1,2010,265032,789700,0,1,1,04,2026
1,17XX,61,3,2010,26188,320,0,1,0,04,2026
1,17XX,73,3,2010,30788,194,0,1,0,04,2026
1,17XX,73,3,2010,4936,3,0,2,0,04,2026
1,17XX,76,3,2010,2580,6,0,1,0,04,2026
1,17XX,83,3,2010,2709,82,0,1,0,04,2026
1,17XX,84,1,2010,300000,5961,0,2,1,04,2026
1,17XX,84,3,1220,35689,404,226,1,X,04,2026
1,17XX,84,3,2010,1863760,11232,0,1,0,04,2026
1,17XX,84,3,2010,12365,272,0,1,1,04,2026
1,17XX,84,3,2010,114081,5526,0,2,0,04,2026
1,17XX,85,3,1220,121660,246,1208,1,X,04,2026
1,17XX,85,3,1220,5711,56,199,2,X,04,2026
1,17XX,85,3,2010,469730,1257,0,1,0,04,2026
1,17XX,85,3,2010,2523936,7439,0,2,0,04,2026
1,17XX,87,1,2010,23090797,1198376,0,1,0,04,2026
1,17XX,87,3,1220,5267,89,183,2,X,04,2026
1,17XX,88,3,1220,92506,37,911,1,X,04,2026
1,17XX,88,3,2010,62234,33,0,1,0,04,2026
1,17XX,88,8,2010,79000000,0,0,1,X,04,2026
1,17XX,90,3,2010,681366,1520,0,1,0,04,2026
1,17XX,90,3,2010,271833,444,0,2,0,04,2026
1,17XX,98,8,1220,762804,0,1006,1,X,04,2026
1,18XX,02,1,2010,436579,31314,0,1,1,04,2026
1,18XX,03,1,2010,313875,10869,0,1,1,04,2026
1,18XX,03,3,1220,20476,1647,831,1,X,04,2026
1,18XX,04,1,2010,24422,4314,0,1,1,04,2026
1,18XX,04,1,2010,14914,6001,0,2,1,04,2026
1,18XX,05,1,2010,2607,4869,0,1,1,04,2026
1,18XX,07,1,2010,7197,353,0,1,1,04,2026
1,18XX,09,1,2010,61456,20697,0,1,1,04,2026
1,18XX,15,1,2010,10535,2531,0,1,1,04,2026
1,18XX,16,1,2010,47829,14101,0,1,1,04,2026
1,18XX,19,1,2010,262817,80821,0,1,1,04,2026
1,18XX,20,1,2010,205604,49289,0,1,1,04,2026
1,18XX,21,1,2010,103410,24233,0,1,1,04,2026
1,18XX,22,1,2010,288420,256927,0,1,1,04,2026
1,18XX,22,1,2010,11964,11888,0,2,0,04,2026
1,18XX,25,1,2010,45081,105277,0,1,1,04,2026
1,18XX,27,1,2010,9454,21900,0,1,1,04,2026
1,18XX,28,1,2010,5163,32,0,1,1,04,2026
1,18XX,29,1,2010,4603,254,0,1,1,04,2026
1,18XX,30,1,2010,13337,4513,0,1,1,04,2026
1,18XX,30,3,1220,5376,12,145,1,X,04,2026
1,18XX,31,1,1220,3819193,7530094,25242,1,X,04,2026
1,18XX,32,1,2010,137021,5534,0,1,1,04,2026
1,18XX,33,1,2010,144386,7885,0,1,1,04,2026
1,18XX,34,1,2010,13041,1218,0,1,1,04,2026
1,18XX,35,1,2010,44110,3870,0,1,1,04,2026
1,18XX,37,1,2010,1149769,8177,0,1,0,04,2026
1,18XX,37,1,2010,802516,15566,0,1,1,04,2026
1,18XX,37,1,2010,46080,12474,0,2,1,04,2026
1,18XX,38,1,2010,188248,59717,0,1,1,04,2026
1,18XX,39,1,2010,208221,45058,0,1,0,04,2026
1,18XX,39,1,2010,1030169,96404,0,1,1,04,2026
1,18XX,39,1,2010,6482,302,0,2,1,04,2026
1,18XX,39,3,2010,7702,5,0,1,0,04,2026
1,18XX,40,1,2010,121389,19030,0,1,1,04,2026
1,18XX,41,1,2010,48670,5142,0,1,1,04,2026
1,18XX,44,1,2010,158178,171550,0,1,1,04,2026
1,18XX,44,1,2010,122419,147314,0,2,1,04,2026
1,18XX,47,1,2010,2549171,5235340,0,1,1,04,2026
1,18XX,47,1,2010,11426497,17676040,0,2,1,04,2026
1,18XX,48,1,2010,51184,15909,0,1,1,04,2026
1,18XX,49,1,2010,16129,1736,0,1,1,04,2026
1,18XX,52,1,2010,39978,1202,0,1,1,04,2026
1,18XX,53,1,2010,11800,785,0,1,1,04,2026
1,18XX,54,1,2010,1127176,158327,0,1,1,04,2026
1,18XX,54,1,2010,4359,355,0,2,1,04,2026
1,18XX,55,1,2010,33529,1431,0,1,1,04,2026
1,18XX,55,1,2010,20710,1296,0,2,1,04,2026
1,18XX,56,1,2010,11742,264,0,1,1,04,2026
1,18XX,56,1,2010,27407,2029,0,2,1,04,2026
1,18XX,58,1,2010,12951,358,0,1,1,04,2026
1,18XX,58,1,2010,57904,4292,0,2,1,04,2026
1,18XX,59,1,2010,26232,811,0,1,1,04,2026
1,18XX,59,1,2010,5215,200,0,2,1,04,2026
1,18XX,60,1,2010,108437,9176,0,1,1,04,2026
1,18XX,61,1,2010,172159,29432,0,1,1,04,2026
1,18XX,63,1,2010,5338,643,0,1,1,04,2026
1,18XX,64,1,2010,190141,4882,0,1,1,04,2026
1,18XX,68,1,2010,8442,1882,0,1,0,04,2026
1,18XX,68,1,2010,2683,15,0,1,1,04,2026
1,18XX,69,1,2010,275205,1681,0,1,1,04,2026
1,18XX,69,1,2010,7316,603,0,2,1,04,2026
1,18XX,70,1,2010,115243,18361,0,1,1,04,2026
1,18XX,70,1,2010,2647,644,0,2,1,04,2026
1,18XX,73,1,2010,69593,4045,0,1,1,04,2026
1,18XX,76,1,2010,122068,7103,0,1,1,04,2026
1,18XX,81,3,2010,2863,3,0,2,0,04,2026
1,18XX,82,1,2010,16476,1512,0,1,1,04,2026
1,18XX,83,1,2010,8688,254,0,1,0,04,2026
1,18XX,83,1,2010,26432,906,0,1,1,04,2026
1,18XX,83,3,2010,6814,5,0,1,0,04,2026
1,18XX,83,3,2010,5170,24,0,2,0,04,2026
1,18XX,84,1,2010,305123,68287,0,1,0,04,2026
1,18XX,84,1,2010,1407939,42683,0,1,1,04,2026
1,18XX,84,1,2010,249304,29830,0,2,1,04,2026
1,18XX,84,3,1220,84148,350,1202,1,X,04,2026
1,18XX,84,3,1220,224144,848,505,2,X,04,2026
1,18XX,84,3,2010,6802,173,0,1,0,04,2026
1,18XX,85,1,2010,752059,33148,0,1,1,04,2026
1,18XX,85,1,2010,53498,655,0,2,1,04,2026
1,18XX,85,3,1220,46698,79,668,1,X,04,2026
1,18XX,85,3,1220,16217,139,120,2,X,04,2026
1,18XX,85,3,2010,16253,44,0,1,0,04,2026
1,18XX,85,3,2010,4560,7,0,2,0,04,2026
1,18XX,87,1,2010,180985,64110,0,1,0,04,2026
1,18XX,87,1,2010,346930,18666,0,1,1,04,2026
1,18XX,87,1,2010,13900,4369,0,2,1,04,2026
1,18XX,88,3,1220,284318,466,3131,1,X,04,2026
1,18XX,88,3,2010,186964,374,0,1,0,04,2026
1,18XX,88,3,2010,2690,2,0,2,0,04,2026
1,18XX,89,1,2010,128235,14289,0,1,0,04,2026
1,18XX,89,1,2010,383700,20585,0,1,1,04,2026
1,18XX,90,1,2010,117757,1320,0,1,1,04,2026
1,18XX,90,1,2010,7256,67,0,2,1,04,2026
1,18XX,90,3,1220,3908,3,79,2,X,04,2026
1,18XX,90,3,2010,116550,275,0,1,0,04,2026
1,18XX,90,3,2010,262873,292,0,2,0,04,2026
1,18XX,94,1,2010,52048,3468,0,1,1,04,2026
1,18XX,96,1,2010,1516460,26171,0,1,1,04,2026
1,18XX,96,1,2010,16808,294,0,2,1,04,2026
1,18XX,98,8,1220,601529,0,13,1,X,04,2026
1,19XX,01,3,1220,17063,27,332,1,X,04,2026
1,19XX,11,1,2010,102539,184615,0,1,1,04,2026
1,19XX,17,1,2010,4526654,10725798,0,1,1,04,2026
1,19XX,23,1,2010,1753700,10120281,0,1,0,04,2026
1,19XX,25,1,2010,97290,632780,0,1,0,04,2026
1,19XX,25,1,2010,209234,1754925,0,1,1,04,2026
1,19XX,25,1,2010,15802,16787,0,2,1,04,2026
1,19XX,27,1,2010,31671842,26790583,0,1,0,04,2026
1,19XX,28,1,2010,96694,158338,0,1,0,04,2026
1,19XX,28,1,2010,382828,260039,0,1,1,04,2026
1,19XX,29,1,2010,106375,71146,0,1,0,04,2026
1,19XX,29,1,2010,1622277,1605579,0,1,1,04,2026
1,19XX,38,1,2010,566589,247208,0,1,1,04,2026
1,19XX,39,1,2010,276422,104562,0,1,1,04,2026
1,19XX,44,1,2010,87668,144713,0,1,1,04,2026
1,19XX,47,1,2010,5543447,7046474,0,1,0,04,2026
1,19XX,47,1,2010,784371,1314679,0,1,1,04,2026
1,19XX,72,1,2010,80611057,63397425,0,1,0,04,2026
1,19XX,72,1,2010,4777977,3091400,0,1,1,04,2026
1,19XX,88,3,1220,25132,51,492,1,X,04,2026
1,2006,01,3,1220,7067,32,20,1,X,04,2026
1,2006,27,3,1220,3822,3792,72,1,X,04,2026
1,2006,29,3,1220,82999,80,906,1,X,04,2026
1,2006,30,3,1220,3083,4,39,1,X,04,2026
1,2006,33,3,1220,3676,20,71,1,X,04,2026
1,2006,38,3,1220,47255,717,629,1,X,04,2026
1,2006,39,3,1220,45237,1083,579,1,X,04,2026
1,2006,39,3,1220,121656,4563,707,2,X,04,2026
1,2006,40,3,1220,336658,793,4332,1,X,04,2026
1,2006,40,3,1220,119579,1690,1617,2,X,04,2026
1,2006,48,3,1220,2595,258,50,1,X,04,2026
1,2006,49,3,1220,2559,1,50,1,X,04,2026
1,2006,65,3,1220,5503,8,107,1,X,04,2026
1,2006,68,3,1220,4897,25,181,1,X,04,2026
1,2006,71,3,1220,7169,9,86,2,X,04,2026
1,2006,73,3,1220,441585,18215,619,1,X,04,2026
1,2006,73,3,1220,376497,4520,83,2,X,04,2026
1,2006,75,3,1220,1807457,7431,341,1,X,04,2026
1,2006,75,3,1220,129353,1668,42,2,X,04,2026
1,2006,76,3,1220,14451,1432,14,1,X,04,2026
1,2006,76,3,1220,2686,12,72,2,X,04,2026
1,2006,81,3,1220,19605,81,21,1,X,04,2026
1,2006,82,3,1220,10973,10,260,1,X,04,2026
1,2006,83,3,1220,117859,3680,22,1,X,04,2026
1,2006,83,3,1220,71672,2770,10,2,X,04,2026
1,2006,84,3,1220,6284431,40724,2833,1,X,04,2026
1,2006,84,3,1220,1203728,11641,4588,2,X,04,2026
1,2006,85,3,1220,1030107,5266,1478,1,X,04,2026
1,2006,85,3,1220,967425,4597,4528,2,X,04,2026
1,2006,88,3,1220,69982824,8684,15854,1,X,04,2026
1,2006,88,3,1220,10077822,1184,1015,2,X,04,2026
1,2006,90,3,1220,222219,311,1830,1,X,04,2026
1,2006,90,3,1220,369734,1683,1337,2,X,04,2026
1,2006,91,3,1220,14951,3,292,2,X,04,2026
1,2006,94,3,1220,8450,135,266,2,X,04,2026
1,2006,95,3,1220,12340,119,555,1,X,04,2026
1,2006,98,8,1220,1040304,0,10978,1,X,04,2026
1,2007,30,3,2010,112320,174,0,2,0,04,2026
1,2007,32,3,2010,81922,369,0,1,0,04,2026
1,2007,39,3,2010,27080,700,0,2,0,04,2026
1,2007,84,3,2010,416336,1161,0,1,0,04,2026
1,2007,84,3,2010,150516,246,0,2,0,04,2026
1,2007,85,3,2010,148590,587,0,2,0,04,2026
1,2007,91,3,2010,36031,2696,0,2,0,04,2026
1,20XX,01,3,1220,36215,1042,145,1,X,04,2026
1,20XX,01,3,2010,694735,5518,0,1,0,04,2026
1,20XX,03,3,1220,4376,68,72,1,X,04,2026
1,20XX,05,3,1220,152261,13181,1617,1,X,04,2026
1,20XX,05,3,1220,14236,139,130,2,X,04,2026
1,20XX,06,3,1220,108232,2268,2685,1,X,04,2026
1,20XX,06,3,1220,3377,8,72,2,X,04,2026
1,20XX,07,3,1220,20713,2557,1216,1,X,04,2026
1,20XX,07,3,2010,3083,49,0,1,0,04,2026
1,20XX,09,3,1220,20161,3655,1131,2,X,04,2026
1,20XX,10,1,2010,221280599,875966667,0,1,0,04,2026
1,20XX,12,1,2010,9973941,24198916,0,1,0,04,2026
1,20XX,12,3,1220,160473,10811,2748,1,X,04,2026
1,20XX,12,3,1220,52483,359,443,2,X,04,2026
1,20XX,13,3,1220,19664,213,419,1,X,04,2026
1,20XX,13,3,1220,17939,145,351,2,X,04,2026
1,20XX,13,3,2010,10967,40,0,1,0,04,2026
1,20XX,18,3,1220,5155,1123,90,1,X,04,2026
1,20XX,19,3,1220,69767,8525,2566,1,X,04,2026
1,20XX,20,3,1220,21401,4112,269,1,X,04,2026
1,20XX,21,3,1220,389249,4617,3430,1,X,04,2026
1,20XX,21,3,1220,156398,2352,777,2,X,04,2026
1,20XX,21,3,2010,12244,87,0,2,0,04,2026
1,20XX,22,3,1220,25649,384,891,1,X,04,2026
1,20XX,22,3,1220,28060,971,96,2,X,04,2026
1,20XX,23,1,2010,13650337,39063104,0,1,0,04,2026
1,20XX,23,3,1220,13604,7567,147,1,X,04,2026
1,20XX,24,3,1220,2515,69,49,2,X,04,2026
1,20XX,25,3,1220,9335,3510,109,2,X,04,2026
1,20XX,27,1,1220,111194116,129234770,72705,1,X,04,2026
1,20XX,27,1,2010,99725777,111531672,0,1,0,04,2026
1,20XX,27,3,1220,24480,4531,427,1,X,04,2026
1,20XX,27,3,1220,8982,8798,28,2,X,04,2026
1,20XX,27,3,2010,12090,6068,0,1,0,04,2026
1,20XX,28,1,1220,2032001,3037301,0,1,X,04,2026
1,20XX,28,1,2010,4860,100,0,1,0,04,2026
1,20XX,28,3,1220,3475634,341646,20319,1,X,04,2026
1,20XX,28,3,1220,213059,126,1805,2,X,04,2026
1,20XX,28,3,2010,2282818,760,0,1,0,04,2026
1,20XX,28,3,2010,7608,56,0,2,0,04,2026
1,20XX,29,1,2010,27309483,30582713,0,1,0,04,2026
1,20XX,29,3,1220,792020,5004,11392,1,X,04,2026
1,20XX,29,3,1220,450423,31189,4949,2,X,04,2026
1,20XX,29,3,2010,152382,1033,0,1,0,04,2026
1,20XX,29,3,2010,35502,1102,0,2,0,04,2026
1,20XX,30,3,1220,6890872,50025,73496,1,X,04,2026
1,20XX,30,3,1220,1980886,12872,20797,2,X,04,2026
1,20XX,30,3,2010,260710,794,0,1,0,04,2026
1,20XX,30,3,2010,301725,381,0,2,0,04,2026
1,20XX,32,1,2010,24642,4468,0,1,0,04,2026
1,20XX,32,3,1220,536762,24446,11247,1,X,04,2026
1,20XX,32,3,1220,60344,1497,1545,2,X,04,2026
1,20XX,32,3,2010,493421,3573,0,1,0,04,2026
1,20XX,32,3,2010,2888,24,0,1,1,04,2026
1,20XX,32,3,2010,113312,705,0,2,0,04,2026
1,20XX,33,3,1220,709152,9878,9003,1,X,04,2026
1,20XX,33,3,1220,90179,1295,1016,2,X,04,2026
1,20XX,33,3,2010,41781,779,0,1,0,04,2026
1,20XX,33,3,2010,18750,1843,0,2,0,04,2026
1,20XX,34,3,1220,121838,14498,1913,1,X,04,2026
1,20XX,34,3,1220,53858,5631,691,2,X,04,2026
1,20XX,34,3,2010,26926,101,0,1,0,04,2026
1,20XX,34,3,2010,21573,354,0,2,0,04,2026
1,20XX,35,3,1220,829506,8461,7800,1,X,04,2026
1,20XX,35,3,1220,98460,261,771,2,X,04,2026
1,20XX,35,3,2010,219144,1485,0,1,0,04,2026
1,20XX,35,3,2010,14886,23,0,1,1,04,2026
1,20XX,35,3,2010,37048,67,0,2,0,04,2026
1,20XX,36,3,1220,37803,599,1451,1,X,04,2026
1,20XX,37,3,1220,89223,111,1215,1,X,04,2026
1,20XX,37,3,1220,12042,185,156,2,X,04,2026
1,20XX,37,3,2010,32500,243,0,1,0,04,2026
1,20XX,38,1,2010,7612,467,0,1,0,04,2026
1,20XX,38,3,1220,10615194,50086,109430,1,X,04,2026
1,20XX,38,3,1220,2439657,7941,24765,2,X,04,2026
1,20XX,38,3,2010,3342546,29022,0,1,0,04,2026
1,20XX,38,3,2010,80079,418,0,2,0,04,2026
1,20XX,39,1,2010,30235,286,0,1,0,04,2026
1,20XX,39,3,1220,4811519,102010,82001,1,X,04,2026
1,20XX,39,3,1220,1542101,27564,17913,2,X,04,2026
1,20XX,39,3,2010,2999822,76416,0,1,0,04,2026
1,20XX,39,3,2010,543199,9104,0,2,0,04,2026
1,20XX,40,1,2010,23948,193,0,1,0,04,2026
1,20XX,40,1,2010,5403,4198,0,2,0,04,2026
1,20XX,40,3,1220,2143412,11009,36347,1,X,04,2026
1,20XX,40,3,1220,475727,3924,8909,2,X,04,2026
1,20XX,40,3,2010,266222,2229,0,1,0,04,2026
1,20XX,40,3,2010,174497,2332,0,2,0,04,2026
1,20XX,41,3,1220,104968,2274,1394,1,X,04,2026
1,20XX,41,3,1220,67402,485,1419,2,X,04,2026
1,20XX,41,3,2010,3118,127,0,1,0,04,2026
1,20XX,42,3,1220,209749,3622,2471,1,X,04,2026
1,20XX,42,3,1220,329836,5004,5852,2,X,04,2026
1,20XX,42,3,2010,10560,930,0,1,0,04,2026
1,20XX,42,3,2010,26231,489,0,2,0,04,2026
1,20XX,44,3,1220,6825,865,72,1,X,04,2026
1,20XX,47,1,2010,31023,82691,0,1,1,04,2026
1,20XX,48,3,1220,392119,103178,7561,1,X,04,2026
1,20XX,48,3,1220,943114,29592,895,2,X,04,2026
1,20XX,48,3,2010,547122,63484,0,1,0,04,2026
1,20XX,48,3,2010,3300,1323,0,1,1,04,2026
1,20XX,49,3,1220,3704126,37133,25402,1,X,04,2026
1,20XX,49,3,1220,588581,5685,7322,2,X,04,2026
1,20XX,49,3,2010,189448,4157,0,1,0,04,2026
1,20XX,50,3,1220,2711,10,53,1,X,04,2026
1,20XX,51,3,1220,2532,14,57,1,X,04,2026
1,20XX,51,3,1220,5779,656,88,2,X,04,2026
1,20XX,52,3,1220,6087,55,181,1,X,04,2026
1,20XX,52,3,1220,93496,6839,1534,2,X,04,2026
1,20XX,53,3,1220,7720,463,147,2,X,04,2026
1,20XX,54,3,1220,15627,4062,236,1,X,04,2026
1,20XX,54,3,1220,12304,171,185,2,X,04,2026
1,20XX,54,3,2010,3004,289,0,1,0,04,2026
1,20XX,55,3,1220,5644,18,110,1,X,04,2026
1,20XX,55,3,1220,17089,2293,286,2,X,04,2026
1,20XX,56,3,1220,96596,3740,2306,1,X,04,2026
1,20XX,56,3,1220,23705,644,542,2,X,04,2026
1,20XX,56,3,2010,174125,20346,0,1,0,04,2026
1,20XX,56,3,2010,3388,16,0,2,0,04,2026
1,20XX,57,3,1220,13137,602,65,1,X,04,2026
1,20XX,57,3,1220,6576,36,132,2,X,04,2026
1,20XX,58,3,1220,11389,356,677,1,X,04,2026
1,20XX,58,3,1220,59365,1317,674,2,X,04,2026
1,20XX,58,3,2010,5000,185,0,1,0,04,2026
1,20XX,59,3,1220,329627,6193,2491,1,X,04,2026
1,20XX,59,3,1220,83239,3695,1510,2,X,04,2026
1,20XX,59,3,2010,63471,118,0,1,0,04,2026
1,20XX,59,3,2010,8735,10,0,2,0,04,2026
1,20XX,60,3,1220,3937,94,72,1,X,04,2026
1,20XX,61,3,1220,111937,760,1312,1,X,04,2026
1,20XX,61,3,1220,608524,6481,6622,2,X,04,2026
1,20XX,62,1,2010,12754,168,0,2,0,04,2026
1,20XX,62,3,1220,276181,1615,2222,1,X,04,2026
1,20XX,62,3,1220,875270,4259,6009,2,X,04,2026
1,20XX,62,3,2010,11697,288,0,2,0,04,2026
1,20XX,63,3,1220,572361,14828,4632,1,X,04,2026
1,20XX,63,3,1220,132626,10445,2253,2,X,04,2026
1,20XX,63,3,2010,32296,314,0,1,0,04,2026
1,20XX,63,3,2010,3298,74,0,2,0,04,2026
1,20XX,64,1,2010,4653,75,0,1,0,04,2026
1,20XX,64,1,2010,7296,126,0,2,0,04,2026
1,20XX,64,3,1220,4057,165,373,1,X,04,2026
1,20XX,64,3,1220,107201,2694,1109,2,X,04,2026
1,20XX,64,3,2010,9737,347,0,2,0,04,2026
1,20XX,65,3,1220,207525,4124,4235,1,X,04,2026
1,20XX,65,3,1220,261353,6943,3484,2,X,04,2026
1,20XX,65,3,2010,13440,73,0,1,0,04,2026
1,20XX,66,3,1220,6231,227,319,2,X,04,2026
1,20XX,67,3,1220,7023,141,132,1,X,04,2026
1,20XX,67,3,1220,34224,80,652,2,X,04,2026
1,20XX,68,1,2010,3434,30,0,1,0,04,2026
1,20XX,68,3,1220,245976,3977,3303,1,X,04,2026
1,20XX,68,3,1220,92094,520,1413,2,X,04,2026
1,20XX,68,3,2010,306726,1290,0,1,0,04,2026
1,20XX,68,3,2010,10383,11,0,1,1,04,2026
1,20XX,68,3,2010,391597,855,0,2,0,04,2026
1,20XX,68,3,2010,6679,1,0,2,1,04,2026
1,20XX,69,3,1220,552458,14968,2017,1,X,04,2026
1,20XX,69,3,1220,24707,2751,568,2,X,04,2026
1,20XX,69,3,2010,1898274,3147,0,1,0,04,2026
1,20XX,69,3,2010,139667,65,0,2,0,04,2026
1,20XX,70,3,1220,697567,8432,6043,1,X,04,2026
1,20XX,70,3,1220,107364,2318,1927,2,X,04,2026
1,20XX,70,3,2010,106316,1171,0,1,0,04,2026
1,20XX,70,3,2010,2715,69,0,2,0,04,2026
1,20XX,71,3,1220,4178783,1155,42115,1,X,04,2026
1,20XX,71,3,1220,5234690,1256,41184,2,X,04,2026
1,20XX,71,3,2010,5629647,520,0,1,0,04,2026
1,20XX,71,3,2010,55459,876,0,2,0,04,2026
1,20XX,72,3,1220,30093,4343,566,1,X,04,2026
1,20XX,72,3,1220,3330,9,65,2,X,04,2026
1,20XX,72,3,2010,34701,1330,0,1,0,04,2026
1,20XX,73,1,2010,271537,34318,0,1,0,04,2026
1,20XX,73,1,2010,73293,1147,0,2,0,04,2026
1,20XX,73,3,1220,7804795,353577,94315,1,X,04,2026
1,20XX,73,3,1220,1261432,58427,13887,2,X,04,2026
1,20XX,73,3,2010,2308904,68652,0,1,0,04,2026
1,20XX,73,3,2010,343675,5124,0,2,0,04,2026
1,20XX,74,3,1220,892974,23735,5977,1,X,04,2026
1,20XX,74,3,1220,76474,2010,1885,2,X,04,2026
1,20XX,74,3,2010,104374,2053,0,1,0,04,2026
1,20XX,74,3,2010,24315,44,0,2,0,04,2026
1,20XX,75,3,1220,7687771,18167,31260,1,X,04,2026
1,20XX,75,3,1220,737742,2000,6986,2,X,04,2026
1,20XX,75,3,2010,41753,265,0,1,0,04,2026
1,20XX,75,3,2010,44478,100,0,2,0,04,2026
1,20XX,76,3,1220,1561466,23233,15272,1,X,04,2026
1,20XX,76,3,1220,113271,1610,1572,2,X,04,2026
1,20XX,76,3,2010,341874,24111,0,1,0,04,2026
1,20XX,76,3,2010,18999,66,0,2,0,04,2026
1,20XX,78,3,1220,5625,484,5,1,X,04,2026
1,20XX,79,3,1220,8366,4284,122,1,X,04,2026
1,20XX,79,3,1220,17059,312,72,2,X,04,2026
1,20XX,80,3,1220,6875,180,130,1,X,04,2026
1,20XX,80,3,1220,2969,44,81,2,X,04,2026
1,20XX,81,3,1220,2236633,3786,16750,1,X,04,2026
1,20XX,81,3,1220,472669,624,1676,2,X,04,2026
1,20XX,81,3,2010,808577,2214,0,1,0,04,2026
1,20XX,82,1,2010,9445,685,0,1,0,04,2026
1,20XX,82,3,1220,2571444,9484,42357,1,X,04,2026
1,20XX,82,3,1220,801366,3953,12693,2,X,04,2026
1,20XX,82,3,2010,1171677,15770,0,1,0,04,2026
1,20XX,82,3,2010,215129,884,0,2,0,04,2026
1,20XX,83,1,2010,9549,92,0,1,0,04,2026
1,20XX,83,1,2010,26061,435,0,2,0,04,2026
1,20XX,83,3,1220,2761393,49676,37092,1,X,04,2026
1,20XX,83,3,1220,545568,15385,9867,2,X,04,2026
1,20XX,83,3,2010,1549350,14401,0,1,0,04,2026
1,20XX,83,3,2010,4966,4,0,1,1,04,2026
1,20XX,83,3,2010,102153,810,0,2,0,04,2026
1,20XX,83,3,2010,146281,50,0,2,1,04,2026
1,20XX,84,1,2010,2835360,309087,0,1,0,04,2026
1,20XX,84,1,2010,11105400,134467,0,1,1,04,2026
1,20XX,84,1,2010,996285,22210,0,2,0,04,2026
1,20XX,84,3,1220,84517329,533335,910388,1,X,04,2026
1,20XX,84,3,1220,43381954,190558,459776,2,X,04,2026
1,20XX,84,3,2010,19046473,123879,0,1,0,04,2026
1,20XX,84,3,2010,391912,419,0,1,1,04,2026
1,20XX,84,3,2010,30899908,50197,0,2,0,04,2026
1,20XX,84,3,2010,29488,53,0,2,1,04,2026
1,20XX,85,1,2010,387049,40973,0,1,0,04,2026
1,20XX,85,1,2010,9310,124,0,2,0,04,2026
1,20XX,85,3,1220,76465849,257041,656597,1,X,04,2026
1,20XX,85,3,1220,70532229,181129,759390,2,X,04,2026
1,20XX,85,3,2010,78065064,217241,0,1,0,04,2026
1,20XX,85,3,2010,210308,1143,0,1,1,04,2026
1,20XX,85,3,2010,111801554,246611,0,2,0,04,2026
1,20XX,85,3,2010,1587845,5655,0,2,1,04,2026
1,20XX,86,1,2010,389808,59644,0,1,0,04,2026
1,20XX,86,1,2010,224000,34985,0,2,0,04,2026
1,20XX,86,3,1220,24502,1177,966,1,X,04,2026
1,20XX,86,3,1220,204443,7683,13084,2,X,04,2026
1,20XX,86,3,2010,219437,16843,0,1,0,04,2026
1,20XX,87,3,1220,632236,6438,11527,1,X,04,2026
1,20XX,87,3,1220,280608,2420,5400,2,X,04,2026
1,20XX,87,3,2010,400359,28315,0,1,0,04,2026
1,20XX,87,3,2010,474304,22456,0,2,0,04,2026
1,20XX,88,3,1220,122415620,192942,577713,1,X,04,2026
1,20XX,88,3,1220,26015374,23161,119399,2,X,04,2026
1,20XX,88,3,2010,28461946,59357,0,1,0,04,2026
1,20XX,88,3,2010,1140867,162,0,1,1,04,2026
1,20XX,88,3,2010,3931246,3483,0,2,0,04,2026
1,20XX,88,3,2010,36186,4,0,2,1,04,2026
1,20XX,89,3,1220,481618,823,7597,1,X,04,2026
1,20XX,89,3,1220,7241,33,138,2,X,04,2026
1,20XX,90,1,2010,5566,1120,0,1,0,04,2026
1,20XX,90,1,2010,10586,526,0,2,0,04,2026
1,20XX,90,3,1220,66811203,101668,727456,1,X,04,2026
1,20XX,90,3,1220,40422310,93485,551978,2,X,04,2026
1,20XX,90,3,2010,16849833,26933,0,1,0,04,2026
1,20XX,90,3,2010,108989,39,0,1,1,04,2026
1,20XX,90,3,2010,8006249,12463,0,2,0,04,2026
1,20XX,90,3,2010,16188,339,0,2,1,04,2026
1,20XX,91,3,1220,143519,77,1046,1,X,04,2026
1,20XX,91,3,1220,1466517,519,7197,2,X,04,2026
1,20XX,91,3,2010,188687,1347,0,2,0,04,2026
1,20XX,92,3,1220,135624,1161,1483,1,X,04,2026
1,20XX,92,3,1220,28310,309,429,2,X,04,2026
1,20XX,93,3,1220,78462,319,700,1,X,04,2026
1,20XX,93,3,1220,44336,6,655,2,X,04,2026
1,20XX,94,3,1220,3054207,90654,40042,1,X,04,2026
1,20XX,94,3,1220,548867,16955,8685,2,X,04,2026
1,20XX,94,3,2010,619130,9446,0,1,0,04,2026
1,20XX,94,3,2010,133340,1427,0,2,0,04,2026
1,20XX,95,3,1220,2040399,16018,24150,1,X,04,2026
1,20XX,95,3,1220,2352066,18336,11645,2,X,04,2026
1,20XX,95,3,2010,4066,108,0,1,0,04,2026
1,20XX,95,3,2010,94602,1042,0,2,0,04,2026
1,20XX,96,1,2010,2547,15,0,1,0,04,2026
1,20XX,96,3,1220,178552,1241,2709,1,X,04,2026
1,20XX,96,3,1220,163604,725,1722,2,X,04,2026
1,20XX,96,3,2010,32035,733,0,1,0,04,2026
1,20XX,96,3,2010,31792,600,0,2,0,04,2026
1,20XX,97,3,1220,749874,540,9527,1,X,04,2026
1,20XX,97,3,1220,561640,279,1935,2,X,04,2026
1,20XX,97,3,2010,10925,34,0,1,0,04,2026
1,20XX,97,3,2010,3000,7,0,2,0,04,2026
1,20XX,98,3,1220,3407,447,66,1,X,04,2026
1,20XX,98,3,1220,158154,10222,3861,2,X,04,2026
1,20XX,98,5,1220,627262,0,147,1,X,04,2026
1,20XX,98,8,1220,7497164,0,31330,1,X,04,2026
1,20XX,98,8,2010,323174,0,0,1,X,04,2026
1,21XX,27,1,2010,486786005,537263480,0,1,0,04,2026
1,21XX,29,1,2010,2548671,10990258,0,1,0,04,2026
1,21XX,44,1,2010,11676,3992,0,1,0,04,2026
1,21XX,90,1,2010,70673,591,0,1,0,04,2026
1,2301,01,5,2010,447243,0,0,1,0,04,2026
1,2301,02,5,2010,784510,0,0,1,0,04,2026
1,2301,03,5,2010,7112,0,0,1,0,04,2026
1,2301,04,5,2010,781632,0,0,1,0,04,2026
1,2301,07,5,2010,80450,0,0,1,0,04,2026
1,2301,07,6,2010,93384,0,0,1,0,04,2026
1,2301,10,6,2010,28442,0,0,1,0,04,2026
1,2301,11,5,2010,51240,0,0,1,0,04,2026
1,2301,11,6,2010,75401,0,0,1,0,04,2026
1,2301,12,5,2010,362563,0,0,1,0,04,2026
1,2301,15,5,2010,354852,0,0,1,0,04,2026
1,2301,15,5,2010,72548,0,0,1,1,04,2026
1,2301,15,5,2010,185247,0,0,2,0,04,2026
1,2301,16,5,2010,7757,0,0,1,0,04,2026
1,2301,17,5,2010,134222,0,0,1,0,04,2026
1,2301,17,5,2010,78435,0,0,2,0,04,2026
1,2301,17,6,2010,713563,0,0,1,0,04,2026
1,2301,17,6,2010,952688,0,0,1,1,04,2026
1,2301,19,5,2010,140924,0,0,1,0,04,2026
1,2301,20,5,2010,39745,0,0,1,0,04,2026
1,2301,21,5,2010,1034763,0,0,1,0,04,2026
1,2301,22,5,2010,109755,0,0,1,0,04,2026
1,2301,22,6,2010,703764,0,0,1,0,04,2026
1,2301,23,5,2010,182890,0,0,1,0,04,2026
1,2301,23,5,2010,28930,0,0,2,0,04,2026
1,2301,23,6,2010,7352480,0,0,1,0,04,2026
1,2301,25,5,2010,710137,0,0,1,0,04,2026
1,2301,25,5,2010,245986,0,0,2,0,04,2026
1,2301,25,6,2010,43324,0,0,1,0,04,2026
1,2301,25,6,2010,3314724,0,0,1,1,04,2026
1,2301,26,5,2010,321555,0,0,1,0,04,2026
1,2301,26,5,2010,228280,0,0,2,0,04,2026
1,2301,27,1,2010,24517280,52101060,0,1,0,04,2026
1,2301,27,5,2010,174490245,0,0,1,0,04,2026
1,2301,27,5,2010,20656580,0,0,1,1,04,2026
1,2301,27,5,2010,3328989,0,0,2,0,04,2026
1,2301,27,6,2010,6866532,0,0,1,0,04,2026
1,2301,27,6,2010,84833,0,0,1,1,04,2026
1,2301,27,7,2010,102206810,0,0,1,X,04,2026
1,2301,27,8,2010,22518,0,0,1,X,04,2026
1,2301,28,5,2010,1396061,0,0,1,0,04,2026
1,2301,28,5,2010,238752,0,0,2,0,04,2026
1,2301,28,6,2010,72153,0,0,1,0,04,2026
1,2301,28,6,2010,904300,0,0,1,1,04,2026
1,2301,28,6,2010,50862,0,0,2,1,04,2026
1,2301,29,5,2010,9198746,0,0,1,0,04,2026
1,2301,29,5,2010,698412,0,0,1,1,04,2026
1,2301,29,5,2010,2695494,0,0,2,0,04,2026
1,2301,29,5,2010,77808,0,0,2,1,04,2026
1,2301,29,6,2010,9027764,0,0,1,0,04,2026
1,2301,29,6,2010,363356,0,0,1,1,04,2026
1,2301,29,6,2010,28864,0,0,2,0,04,2026
1,2301,31,5,2010,521186,0,0,1,0,04,2026
1,2301,31,5,2010,185793,0,0,2,0,04,2026
1,2301,32,5,2010,5118416,0,0,1,0,04,2026
1,2301,32,5,2010,863069,0,0,2,0,04,2026
1,2301,33,5,2010,361254,0,0,1,0,04,2026
1,2301,33,5,2010,20940,0,0,2,0,04,2026
1,2301,34,5,2010,3214100,0,0,1,0,04,2026
1,2301,34,5,2010,11073,0,0,1,1,04,2026
1,2301,34,5,2010,915061,0,0,2,0,04,2026
1,2301,34,6,2010,127499,0,0,1,1,04,2026
1,2301,35,5,2010,2658412,0,0,1,0,04,2026
1,2301,35,5,2010,337846,0,0,2,0,04,2026
1,2301,36,5,2010,639303,0,0,1,0,04,2026
1,2301,37,5,2010,2891,0,0,1,0,04,2026
1,2301,37,5,2010,2504,0,0,2,0,04,2026
1,2301,38,5,2010,10356204,0,0,1,0,04,2026
1,2301,38,5,2010,3452427,0,0,1,1,04,2026
1,2301,38,5,2010,8765529,0,0,2,0,04,2026
1,2301,38,6,2010,1804182,0,0,1,0,04,2026
1,2301,38,6,2010,689466,0,0,1,1,04,2026
1,2301,39,5,2010,42239687,0,0,1,0,04,2026
1,2301,39,5,2010,12663633,0,0,1,1,04,2026
1,2301,39,5,2010,11905724,0,0,2,0,04,2026
1,2301,39,5,2010,193001,0,0,2,1,04,2026
1,2301,39,6,2010,25321363,0,0,1,0,04,2026
1,2301,40,5,2010,11344130,0,0,1,0,04,2026
1,2301,40,5,2010,17842,0,0,1,1,04,2026
1,2301,40,5,2010,1163686,0,0,2,0,04,2026
1,2301,40,5,2010,4680,0,0,2,1,04,2026
1,2301,41,5,2010,31674,0,0,1,0,04,2026
1,2301,41,5,2010,44102,0,0,2,0,04,2026
1,2301,42,5,2010,344008,0,0,1,0,04,2026
1,2301,42,5,2010,136200,0,0,2,0,04,2026
1,2301,44,5,2010,578898,0,0,1,0,04,2026
1,2301,44,5,2010,158373,0,0,2,0,04,2026
1,2301,47,5,2010,1104307,0,0,1,0,04,2026
1,2301,47,5,2010,380002,0,0,2,0,04,2026
1,2301,48,5,2010,9398756,0,0,1,0,04,2026
1,2301,48,5,2010,1344484,0,0,2,0,04,2026
1,2301,48,6,2010,424173,0,0,1,0,04,2026
1,2301,49,5,2010,350119,0,0,1,0,04,2026
1,2301,49,5,2010,20130,0,0,2,0,04,2026
1,2301,51,5,2010,12796,0,0,1,0,04,2026
1,2301,51,5,2010,42892,0,0,2,0,04,2026
1,2301,52,5,2010,78862,0,0,1,0,04,2026
1,2301,52,5,2010,31951,0,0,2,0,04,2026
1,2301,53,5,2010,37303,0,0,1,0,04,2026
1,2301,54,5,2010,1555853,0,0,1,0,04,2026
1,2301,54,5,2010,394237,0,0,2,0,04,2026
1,2301,55,5,2010,1942480,0,0,1,0,04,2026
1,2301,55,5,2010,169947,0,0,2,0,04,2026
1,2301,56,5,2010,317968,0,0,1,0,04,2026
1,2301,56,5,2010,129589,0,0,2,0,04,2026
1,2301,58,5,2010,423183,0,0,1,0,04,2026
1,2301,58,5,2010,102487,0,0,2,0,04,2026
1,2301,59,5,2010,1215124,0,0,1,0,04,2026
1,2301,59,5,2010,498670,0,0,2,0,04,2026
1,2301,60,5,2010,387936,0,0,1,0,04,2026
1,2301,61,5,2010,26300,0,0,2,0,04,2026
1,2301,62,5,2010,16187,0,0,1,0,04,2026
1,2301,62,5,2010,34965,0,0,2,0,04,2026
1,2301,62,5,2010,4650,0,0,2,1,04,2026
1,2301,63,5,2010,1915951,0,0,1,0,04,2026
1,2301,63,5,2010,12067,0,0,2,0,04,2026
1,2301,64,5,2010,13511,0,0,1,0,04,2026
1,2301,64,5,2010,3298,0,0,2,0,04,2026
1,2301,65,1,2010,337067,1113,0,1,0,04,2026
1,2301,65,5,2010,27771,0,0,1,0,04,2026
1,2301,65,5,2010,12180,0,0,2,0,04,2026
1,2301,68,5,2010,4799963,0,0,1,0,04,2026
1,2301,68,5,2010,32490,0,0,2,0,04,2026
1,2301,69,5,2010,1256303,0,0,1,0,04,2026
1,2301,69,5,2010,3461,0,0,2,0,04,2026
1,2301,69,6,2010,201879,0,0,1,0,04,2026
1,2301,70,5,2010,3393949,0,0,1,0,04,2026
1,2301,70,5,2010,108593,0,0,2,0,04,2026
1,2301,71,5,2010,1368072,0,0,1,0,04,2026
1,2301,71,5,2010,4675,0,0,1,1,04,2026
1,2301,71,5,2010,834264,0,0,2,0,04,2026
1,2301,72,5,2010,26749771,0,0,1,0,04,2026
1,2301,72,5,2010,34631,0,0,1,1,04,2026
1,2301,72,5,2010,3322457,0,0,2,0,04,2026
1,2301,72,5,2010,4519,0,0,2,1,04,2026
1,2301,72,6,2010,18819191,0,0,1,0,04,2026
1,2301,72,6,2010,11122563,0,0,1,1,04,2026
1,2301,72,6,2010,12423428,0,0,2,0,04,2026
1,2301,73,5,2010,20158333,0,0,1,0,04,2026
1,2301,73,5,2010,65344,0,0,1,1,04,2026
1,2301,73,5,2010,7149961,0,0,2,0,04,2026
1,2301,73,5,2010,180969,0,0,2,1,04,2026
1,2301,73,6,2010,389557,0,0,1,0,04,2026
1,2301,74,5,2010,3916450,0,0,1,0,04,2026
1,2301,74,5,2010,202893,0,0,2,0,04,2026
1,2301,75,5,2010,308341,0,0,1,0,04,2026
1,2301,75,5,2010,38849,0,0,1,1,04,2026
1,2301,75,5,2010,89011,0,0,2,1,04,2026
1,2301,76,5,2010,7770485,0,0,1,0,04,2026
1,2301,76,5,2010,1631894,0,0,2,0,04,2026
1,2301,76,5,2010,7354,0,0,2,1,04,2026
1,2301,78,5,2010,39274,0,0,1,0,04,2026
1,2301,78,5,2010,18292,0,0,2,0,04,2026
1,2301,79,5,2010,149746,0,0,1,0,04,2026
1,2301,80,5,2010,243119,0,0,1,0,04,2026
1,2301,80,5,2010,27894,0,0,2,0,04,2026
1,2301,81,5,2010,11035493,0,0,1,0,04,2026
1,2301,81,5,2010,14533048,0,0,2,0,04,2026
1,2301,82,5,2010,3153619,0,0,1,0,04,2026
1,2301,82,5,2010,230450,0,0,2,0,04,2026
1,2301,83,5,2010,3179622,0,0,1,0,04,2026
1,2301,83,5,2010,38889,0,0,1,1,04,2026
1,2301,83,5,2010,911391,0,0,2,0,04,2026
1,2301,84,5,2010,30404170,0,0,1,0,04,2026
1,2301,84,5,2010,1010488,0,0,1,1,04,2026
1,2301,84,5,2010,10733204,0,0,2,0,04,2026
1,2301,84,5,2010,45546,0,0,2,1,04,2026
1,2301,85,1,2010,63386,79,0,1,0,04,2026
1,2301,85,3,2010,27330,74,0,2,0,04,2026
1,2301,85,5,2010,41074755,0,0,1,0,04,2026
1,2301,85,5,2010,93026,0,0,1,1,04,2026
1,2301,85,5,2010,47117973,0,0,2,0,04,2026
1,2301,85,5,2010,39208,0,0,2,1,04,2026
1,2301,86,5,2010,1084731,0,0,1,0,04,2026
1,2301,86,5,2010,215280,0,0,2,0,04,2026
1,2301,86,6,2010,1366606,0,0,1,0,04,2026
1,2301,87,5,2010,17033496,0,0,1,0,04,2026
1,2301,87,5,2010,86885,0,0,1,1,04,2026
1,2301,87,5,2010,2763326,0,0,2,0,04,2026
1,2301,87,5,2010,45920,0,0,2,1,04,2026
1,2301,87,8,2010,14271093,0,0,1,X,04,2026
1,2301,88,1,2010,4716,75,0,2,0,04,2026
1,2301,88,5,2010,3721324,0,0,1,0,04,2026
1,2301,88,5,2010,267006,0,0,2,0,04,2026
1,2301,89,5,2010,24500,0,0,1,0,04,2026
1,2301,90,1,2010,125000,6,0,1,0,04,2026
1,2301,90,5,2010,10093287,0,0,1,0,04,2026
1,2301,90,5,2010,4362,0,0,1,1,04,2026
1,2301,90,5,2010,5536958,0,0,2,0,04,2026
1,2301,90,5,2010,56116,0,0,2,1,04,2026
1,2301,91,5,2010,9127,0,0,1,0,04,2026
1,2301,91,5,2010,7117,0,0,2,0,04,2026
1,2301,93,1,2010,432000,15332,0,1,0,04,2026
1,2301,93,5,2010,52915,0,0,1,0,04,2026
1,2301,94,3,2010,10823,196,0,1,0,04,2026
1,2301,94,5,2010,9132441,0,0,1,0,04,2026
1,2301,94,5,2010,855496,0,0,2,0,04,2026
1,2301,94,5,2010,12163,0,0,2,1,04,2026
1,2301,95,5,2010,57194,0,0,1,0,04,2026
1,2301,96,5,2010,964123,0,0,1,0,04,2026
1,2301,96,5,2010,179280,0,0,2,0,04,2026
1,2301,98,5,2010,121564,0,0,1,0,04,2026
1,2301,98,8,2010,43816,0,0,1,X,04,2026
1,2302,01,5,2010,106389,0,0,1,0,04,2026
1,2302,08,5,2010,3563759,0,0,1,0,04,2026
1,2302,10,5,2010,36608,0,0,1,0,04,2026
1,2302,12,5,2010,42174,0,0,1,0,04,2026
1,2302,20,5,2010,193485,0,0,1,0,04,2026
1,2302,23,5,2010,36965,0,0,1,0,04,2026
1,2302,25,5,2010,7166,0,0,1,0,04,2026
1,2302,27,5,2010,271498,0,0,1,0,04,2026
1,2302,27,5,2010,25954,0,0,2,0,04,2026
1,2302,28,5,2010,220396,0,0,1,0,04,2026
1,2302,28,5,2010,6658,0,0,2,0,04,2026
1,2302,29,5,2010,191436,0,0,1,0,04,2026
1,2302,29,5,2010,2584,0,0,2,0,04,2026
1,2302,32,5,2010,1062488,0,0,1,0,04,2026
1,2302,32,5,2010,22591,0,0,1,1,04,2026
1,2302,32,5,2010,226168,0,0,2,0,04,2026
1,2302,34,5,2010,384823,0,0,1,0,04,2026
1,2302,35,5,2010,355246,0,0,1,0,04,2026
1,2302,38,5,2010,195825,0,0,1,0,04,2026
1,2302,38,5,2010,30237,0,0,1,1,04,2026
1,2302,38,5,2010,21639,0,0,2,0,04,2026
1,2302,39,5,2010,13969881,0,0,1,0,04,2026
1,2302,39,5,2010,855412,0,0,1,1,04,2026
1,2302,39,5,2010,5686185,0,0,2,0,04,2026
1,2302,39,5,2010,126978,0,0,2,1,04,2026
1,2302,40,5,2010,2005911,0,0,1,0,04,2026
1,2302,40,5,2010,807451,0,0,2,0,04,2026
1,2302,40,5,2010,16031,0,0,2,1,04,2026
1,2302,41,5,2010,100801,0,0,1,0,04,2026
1,2302,42,5,2010,80556,0,0,1,0,04,2026
1,2302,42,5,2010,6473,0,0,2,0,04,2026
1,2302,42,5,2010,416269,0,0,2,1,04,2026
1,2302,44,5,2010,98630,0,0,1,0,04,2026
1,2302,44,5,2010,27247,0,0,2,0,04,2026
1,2302,48,5,2010,883254,0,0,1,0,04,2026
1,2302,48,5,2010,439466,0,0,1,1,04,2026
1,2302,48,5,2010,23906,0,0,2,0,04,2026
1,2302,49,5,2010,103269,0,0,1,0,04,2026
1,2302,49,5,2010,19358,0,0,1,1,04,2026
1,2302,49,5,2010,21413,0,0,2,0,04,2026
1,2302,51,5,2010,3059,0,0,1,0,04,2026
1,2302,52,5,2010,239541,0,0,1,0,04,2026
1,2302,52,5,2010,11262,0,0,2,0,04,2026
1,2302,54,5,2010,601860,0,0,1,0,04,2026
1,2302,54,5,2010,44182,0,0,1,1,04,2026
1,2302,54,5,2010,50811,0,0,2,0,04,2026
1,2302,54,5,2010,39177,0,0,2,1,04,2026
1,2302,55,5,2010,97581,0,0,1,0,04,2026
1,2302,55,5,2010,11884,0,0,2,0,04,2026
1,2302,56,5,2010,1059799,0,0,1,0,04,2026
1,2302,56,5,2010,1604647,0,0,1,1,04,2026
1,2302,56,5,2010,90807,0,0,2,0,04,2026
1,2302,56,5,2010,42598,0,0,2,1,04,2026
1,2302,57,5,2010,47276,0,0,1,0,04,2026
1,2302,58,5,2010,120657,0,0,1,0,04,2026
1,2302,58,5,2010,163623,0,0,1,1,04,2026
1,2302,58,5,2010,156333,0,0,2,0,04,2026
1,2302,59,5,2010,817799,0,0,1,0,04,2026
1,2302,59,5,2010,3371,0,0,2,0,04,2026
1,2302,59,5,2010,12123,0,0,2,1,04,2026
1,2302,60,5,2010,224959,0,0,1,0,04,2026
1,2302,60,5,2010,182090,0,0,1,1,04,2026
1,2302,60,5,2010,8114,0,0,2,1,04,2026
1,2302,61,5,2010,7019,0,0,2,0,04,2026
1,2302,63,5,2010,24981,0,0,1,0,04,2026
1,2302,63,5,2010,7263,0,0,2,0,04,2026
1,2302,64,5,2010,415345,0,0,1,0,04,2026
1,2302,68,5,2010,425082,0,0,1,0,04,2026
1,2302,68,5,2010,120781,0,0,2,0,04,2026
1,2302,69,5,2010,6856463,0,0,1,0,04,2026
1,2302,69,5,2010,349206,0,0,2,0,04,2026
1,2302,70,5,2010,121426,0,0,1,0,04,2026
1,2302,70,5,2010,27089,0,0,1,1,04,2026
1,2302,70,5,2010,57626,0,0,2,0,04,2026
1,2302,71,5,2010,14641,0,0,1,0,04,2026
1,2302,72,5,2010,2668010,0,0,1,0,04,2026
1,2302,72,5,2010,77459,0,0,1,1,04,2026
1,2302,72,5,2010,310131,0,0,2,0,04,2026
1,2302,72,5,2010,3019,0,0,2,1,04,2026
1,2302,73,5,2010,5053826,0,0,1,0,04,2026
1,2302,73,5,2010,70591,0,0,1,1,04,2026
1,2302,73,5,2010,1831699,0,0,2,0,04,2026
1,2302,73,5,2010,237955,0,0,2,1,04,2026
1,2302,74,5,2010,8745006,0,0,1,0,04,2026
1,2302,74,5,2010,224854,0,0,2,0,04,2026
1,2302,75,5,2010,1086563,0,0,1,0,04,2026
1,2302,75,5,2010,9772,0,0,2,0,04,2026
1,2302,76,5,2010,1245834,0,0,1,0,04,2026
1,2302,76,5,2010,38418,0,0,1,1,04,2026
1,2302,76,5,2010,376807,0,0,2,0,04,2026
1,2302,81,5,2010,2093325,0,0,1,0,04,2026
1,2302,81,5,2010,183660,0,0,2,0,04,2026
1,2302,82,5,2010,770674,0,0,1,0,04,2026
1,2302,82,5,2010,89913,0,0,2,0,04,2026
1,2302,83,5,2010,469871,0,0,1,0,04,2026
1,2302,83,5,2010,202160,0,0,2,0,04,2026
1,2302,84,5,2010,19397112,0,0,1,0,04,2026
1,2302,84,5,2010,1964630,0,0,1,1,04,2026
1,2302,84,5,2010,7983107,0,0,2,0,04,2026
1,2302,84,5,2010,65195,0,0,2,1,04,2026
1,2302,85,5,2010,10629833,0,0,1,0,04,2026
1,2302,85,5,2010,95141,0,0,1,1,04,2026
1,2302,85,5,2010,11575630,0,0,2,0,04,2026
1,2302,85,5,2010,3548131,0,0,2,1,04,2026
1,2302,86,5,2010,405525,0,0,1,0,04,2026
1,2302,86,5,2010,329163,0,0,2,0,04,2026
1,2302,87,5,2010,7716450,0,0,1,0,04,2026
1,2302,87,5,2010,918759,0,0,2,0,04,2026
1,2302,88,5,2010,40894579,0,0,1,0,04,2026
1,2302,90,5,2010,530227,0,0,1,0,04,2026
1,2302,90,5,2010,238053,0,0,2,0,04,2026
1,2302,94,5,2010,1013532,0,0,1,0,04,2026
1,2302,94,5,2010,205330,0,0,1,1,04,2026
1,2302,94,5,2010,144990,0,0,2,0,04,2026
1,2302,94,5,2010,657739,0,0,2,1,04,2026
1,2302,95,5,2010,23996,0,0,1,0,04,2026
1,2302,96,5,2010,538216,0,0,1,0,04,2026
1,2302,96,5,2010,3000,0,0,2,0,04,2026
1,2302,96,5,2010,9785,0,0,2,1,04,2026
1,2303,01,5,2010,142289,0,0,1,0,04,2026
1,2303,01,5,2010,105610,0,0,1,1,04,2026
1,2303,02,5,2010,897013,0,0,1,0,04,2026
1,2303,02,5,2010,153600,0,0,1,1,04,2026
1,2303,02,6,2010,197936,0,0,1,0,04,2026
1,2303,03,5,2010,24664,0,0,1,0,04,2026
1,2303,04,5,2010,11343,0,0,1,0,04,2026
1,2303,04,6,2010,134947,0,0,1,0,04,2026
1,2303,05,5,2010,6784,0,0,1,0,04,2026
1,2303,07,5,2010,225322,0,0,1,0,04,2026
1,2303,07,5,2010,73876,0,0,2,0,04,2026
1,2303,07,6,2010,806737,0,0,1,0,04,2026
1,2303,09,5,2010,88440,0,0,1,0,04,2026
1,2303,10,6,2010,86982980,0,0,1,0,04,2026
1,2303,10,6,2010,102348,0,0,1,1,04,2026
1,2303,11,6,2010,1229911,0,0,1,0,04,2026
1,2303,11,6,2010,14662041,0,0,1,1,04,2026
1,2303,12,6,2010,40588192,0,0,1,0,04,2026
1,2303,13,5,2010,73625,0,0,1,0,04,2026
1,2303,15,5,2010,6812,0,0,1,0,04,2026
1,2303,15,6,2010,5601946,0,0,1,0,04,2026
1,2303,17,5,2010,18200,0,0,1,0,04,2026
1,2303,17,6,2010,35883785,0,0,1,0,04,2026
1,2303,20,5,2010,84512,0,0,1,0,04,2026
1,2303,20,6,2010,197749,0,0,1,0,04,2026
1,2303,20,6,2010,1791900,0,0,1,1,04,2026
1,2303,21,5,2010,7101678,0,0,1,0,04,2026
1,2303,22,5,2010,162186,0,0,1,0,04,2026
1,2303,22,6,2010,6153915,0,0,1,0,04,2026
1,2303,22,6,2010,659442,0,0,1,1,04,2026
1,2303,22,6,2010,533968,0,0,2,0,04,2026
1,2303,23,6,2010,55362316,0,0,1,0,04,2026
1,2303,24,8,2010,114785,0,0,1,X,04,2026
1,2303,25,5,2010,93195,0,0,1,0,04,2026
1,2303,25,5,2010,11824,0,0,2,0,04,2026
1,2303,25,6,2010,2013023,0,0,1,0,04,2026
1,2303,25,6,2010,945542,0,0,1,1,04,2026
1,2303,25,6,2010,37903,0,0,2,0,04,2026
1,2303,27,5,2010,41376114,0,0,1,0,04,2026
1,2303,27,5,2010,2971062,0,0,1,1,04,2026
1,2303,27,6,2010,55050423,0,0,1,0,04,2026
1,2303,27,6,2010,9684967,0,0,1,1,04,2026
1,2303,28,5,2010,685734,0,0,1,0,04,2026
1,2303,28,5,2010,38840,0,0,2,0,04,2026
1,2303,28,6,2010,12882585,0,0,1,0,04,2026
1,2303,28,6,2010,4147134,0,0,1,1,04,2026
1,2303,29,5,2010,715088,0,0,1,0,04,2026
1,2303,29,5,2010,5820,0,0,2,0,04,2026
1,2303,29,6,2010,2563715,0,0,1,0,04,2026
1,2303,29,6,2010,120888,0,0,1,1,04,2026
1,2303,30,5,2010,20835,0,0,1,0,04,2026
1,2303,31,5,2010,296519,0,0,2,0,04,2026
1,2303,31,6,2010,1934995,0,0,1,0,04,2026
1,2303,32,5,2010,2682026,0,0,1,0,04,2026
1,2303,32,5,2010,40892,0,0,1,1,04,2026
1,2303,32,5,2010,448000,0,0,2,0,04,2026
1,2303,32,6,2010,242971,0,0,1,0,04,2026
1,2303,32,6,2010,38462,0,0,1,1,04,2026
1,2303,33,5,2010,46364,0,0,1,0,04,2026
1,2303,34,5,2010,1831804,0,0,1,0,04,2026
1,2303,34,5,2010,71590,0,0,2,0,04,2026
1,2303,34,6,2010,3750,0,0,1,0,04,2026
1,2303,34,6,2010,30559,0,0,2,0,04,2026
1,2303,35,5,2010,596821,0,0,1,0,04,2026
1,2303,35,5,2010,57058,0,0,1,1,04,2026
1,2303,35,5,2010,46444,0,0,2,0,04,2026
1,2303,35,6,2010,50233,0,0,1,0,04,2026
1,2303,35,6,2010,95717,0,0,1,1,04,2026
1,2303,36,5,2010,1300046,0,0,1,0,04,2026
1,2303,38,5,2010,1039283,0,0,1,0,04,2026
1,2303,38,5,2010,9756,0,0,1,1,04,2026
1,2303,38,5,2010,363494,0,0,2,0,04,2026
1,2303,38,6,2010,4652521,0,0,1,0,04,2026
1,2303,38,6,2010,15808,0,0,1,1,04,2026
1,2303,39,5,2010,32121027,0,0,1,0,04,2026
1,2303,39,5,2010,371973,0,0,1,1,04,2026
1,2303,39,5,2010,2105304,0,0,2,0,04,2026
1,2303,39,5,2010,52154,0,0,2,1,04,2026
1,2303,39,6,2010,53437921,0,0,1,0,04,2026
1,2303,39,6,2010,9735896,0,0,1,1,04,2026
1,2303,39,6,2010,651700,0,0,2,1,04,2026
1,2303,40,5,2010,6750889,0,0,1,0,04,2026
1,2303,40,5,2010,884955,0,0,2,0,04,2026
1,2303,40,6,2010,1386064,0,0,1,0,04,2026
1,2303,40,6,2010,1162886,0,0,1,1,04,2026
1,2303,41,5,2010,226162,0,0,1,0,04,2026
1,2303,42,5,2010,25478,0,0,1,0,04,2026
1,2303,42,5,2010,8000,0,0,2,0,04,2026
1,2303,44,5,2010,2159046,0,0,1,0,04,2026
1,2303,44,5,2010,59405,0,0,2,0,04,2026
1,2303,44,6,2010,2654821,0,0,1,0,04,2026
1,2303,44,6,2010,52783,0,0,1,1,04,2026
1,2303,44,6,2010,93298,0,0,2,0,04,2026
1,2303,44,8,2010,3500,0,0,1,X,04,2026
1,2303,47,5,2010,462869,0,0,1,0,04,2026
1,2303,47,5,2010,462987,0,0,2,0,04,2026
1,2303,47,6,2010,7130686,0,0,1,0,04,2026
1,2303,47,6,2010,2701287,0,0,2,0,04,2026
1,2303,48,5,2010,3556977,0,0,1,0,04,2026
1,2303,48,5,2010,11098,0,0,1,1,04,2026
1,2303,48,5,2010,23015,0,0,2,0,04,2026
1,2303,48,6,2010,9915476,0,0,1,0,04,2026
1,2303,49,5,2010,570277,0,0,1,0,04,2026
1,2303,49,5,2010,40617,0,0,2,0,04,2026
1,2303,49,6,2010,28938,0,0,1,0,04,2026
1,2303,49,6,2010,42400,0,0,1,1,04,2026
1,2303,52,5,2010,5270951,0,0,1,0,04,2026
1,2303,52,5,2010,167320,0,0,2,0,04,2026
1,2303,54,5,2010,465575,0,0,1,0,04,2026
1,2303,54,5,2010,622359,0,0,2,0,04,2026
1,2303,55,5,2010,4428578,0,0,1,0,04,2026
1,2303,55,5,2010,472505,0,0,2,0,04,2026
1,2303,56,5,2010,1173800,0,0,1,0,04,2026
1,2303,56,5,2010,14940,0,0,1,1,04,2026
1,2303,56,5,2010,666603,0,0,2,0,04,2026
1,2303,58,5,2010,678038,0,0,1,0,04,2026
1,2303,58,5,2010,135859,0,0,2,0,04,2026
1,2303,59,5,2010,2289855,0,0,1,0,04,2026
1,2303,59,5,2010,31610,0,0,1,1,04,2026
1,2303,59,5,2010,176505,0,0,2,0,04,2026
1,2303,60,5,2010,2899968,0,0,1,0,04,2026
1,2303,60,5,2010,16781,0,0,2,0,04,2026
1,2303,61,5,2010,220223,0,0,1,0,04,2026
1,2303,62,5,2010,1071798,0,0,1,0,04,2026
1,2303,62,5,2010,2674,0,0,2,0,04,2026
1,2303,63,5,2010,2507541,0,0,1,0,04,2026
1,2303,63,5,2010,5777,0,0,1,1,04,2026
1,2303,63,5,2010,303351,0,0,2,0,04,2026
1,2303,64,5,2010,450501,0,0,1,0,04,2026
1,2303,68,5,2010,101224,0,0,1,0,04,2026
1,2303,68,5,2010,7011,0,0,2,0,04,2026
1,2303,68,6,2010,53882,0,0,1,0,04,2026
1,2303,69,5,2010,218807,0,0,1,0,04,2026
1,2303,69,5,2010,3384,0,0,1,1,04,2026
1,2303,69,5,2010,153228,0,0,2,0,04,2026
1,2303,70,5,2010,1070824,0,0,1,0,04,2026
1,2303,70,5,2010,12048,0,0,2,0,04,2026
1,2303,70,6,2010,4638341,0,0,1,0,04,2026
1,2303,70,6,2010,1491088,0,0,1,1,04,2026
1,2303,71,5,2010,1775010,0,0,1,0,04,2026
1,2303,71,5,2010,2726,0,0,1,1,04,2026
1,2303,71,5,2010,72778,0,0,2,0,04,2026
1,2303,72,5,2010,23279251,0,0,1,0,04,2026
1,2303,72,5,2010,303172,0,0,2,0,04,2026
1,2303,72,6,2010,11767512,0,0,1,0,04,2026
1,2303,72,6,2010,2392239,0,0,1,1,04,2026
1,2303,73,5,2010,79525008,0,0,1,0,04,2026
1,2303,73,5,2010,166847,0,0,1,1,04,2026
1,2303,73,5,2010,1062938,0,0,2,0,04,2026
1,2303,73,6,2010,9557104,0,0,1,0,04,2026
1,2303,73,6,2010,2494827,0,0,1,1,04,2026
1,2303,73,6,2010,486835,0,0,2,0,04,2026
1,2303,74,5,2010,1125157,0,0,1,0,04,2026
1,2303,74,5,2010,38118,0,0,1,1,04,2026
1,2303,74,5,2010,253912,0,0,2,0,04,2026
1,2303,74,6,2010,33234,0,0,1,0,04,2026
1,2303,74,6,2010,21787,0,0,1,1,04,2026
1,2303,75,5,2010,9200,0,0,1,0,04,2026
1,2303,76,5,2010,6731903,0,0,1,0,04,2026
1,2303,76,5,2010,3114,0,0,1,1,04,2026
1,2303,76,5,2010,29873,0,0,2,0,04,2026
1,2303,76,6,2010,233497,0,0,1,0,04,2026
1,2303,79,5,2010,1883812,0,0,1,0,04,2026
1,2303,79,5,2010,245000,0,0,2,0,04,2026
1,2303,82,5,2010,519996,0,0,1,0,04,2026
1,2303,82,5,2010,15444,0,0,1,1,04,2026
1,2303,82,5,2010,30192,0,0,2,0,04,2026
1,2303,83,5,2010,2479461,0,0,1,0,04,2026
1,2303,83,5,2010,654992,0,0,2,0,04,2026
1,2303,83,6,2010,811674,0,0,1,0,04,2026
1,2303,83,6,2010,1345251,0,0,1,1,04,2026
1,2303,83,6,2010,19920,0,0,2,0,04,2026
1,2303,84,5,2010,22492720,0,0,1,0,04,2026
1,2303,84,5,2010,412598,0,0,1,1,04,2026
1,2303,84,5,2010,4147069,0,0,2,0,04,2026
1,2303,84,6,2010,12807704,0,0,1,0,04,2026
1,2303,84,6,2010,86179875,0,0,1,1,04,2026
1,2303,84,6,2010,3023639,0,0,2,0,04,2026
1,2303,85,5,2010,19039297,0,0,1,0,04,2026
1,2303,85,5,2010,249384,0,0,1,1,04,2026
1,2303,85,5,2010,4473680,0,0,2,0,04,2026
1,2303,85,6,2010,21576644,0,0,1,0,04,2026
1,2303,85,6,2010,978527,0,0,1,1,04,2026
1,2303,85,6,2010,4742568,0,0,2,0,04,2026
1,2303,86,5,2010,9043273,0,0,1,0,04,2026
1,2303,86,5,2010,326318,0,0,2,0,04,2026
1,2303,86,6,2010,6126376,0,0,1,0,04,2026
1,2303,86,6,2010,1858957,0,0,1,1,04,2026
1,2303,87,5,2010,20102169,0,0,1,0,04,2026
1,2303,87,5,2010,3469525,0,0,2,0,04,2026
1,2303,87,6,2010,50353120,0,0,1,0,04,2026
1,2303,87,6,2010,53990755,0,0,1,1,04,2026
1,2303,87,6,2010,1464643,0,0,2,0,04,2026
1,2303,87,8,2010,1195052,0,0,1,X,04,2026
1,2303,88,5,2010,5478,0,0,2,0,04,2026
1,2303,88,6,2010,19560,0,0,2,0,04,2026
1,2303,89,5,2010,6432,0,0,1,0,04,2026
1,2303,90,5,2010,684682,0,0,1,0,04,2026
1,2303,90,5,2010,9142,0,0,1,1,04,2026
1,2303,90,5,2010,374718,0,0,2,0,04,2026
1,2303,90,6,2010,2431331,0,0,1,0,04,2026
1,2303,90,6,2010,198556,0,0,1,1,04,2026
1,2303,90,6,2010,317654,0,0,2,0,04,2026
1,2303,93,5,2010,522723,0,0,1,0,04,2026
1,2303,93,5,2010,33321,0,0,2,0,04,2026
1,2303,94,5,2010,1234606,0,0,1,0,04,2026
1,2303,94,5,2010,21976,0,0,1,1,04,2026
1,2303,94,5,2010,4037726,0,0,2,0,04,2026
1,2303,94,6,2010,15444,0,0,1,0,04,2026
1,2303,94,6,2010,66696,0,0,1,1,04,2026
1,2303,95,5,2010,47246,0,0,1,0,04,2026
1,2303,96,5,2010,992397,0,0,1,0,04,2026
1,2303,96,5,2010,3574,0,0,1,1,04,2026
1,2303,96,5,2010,32611,0,0,2,0,04,2026
1,2303,98,5,2010,7506,0,0,1,0,04,2026
1,2303,98,5,2010,3601,0,0,2,0,04,2026
1,2304,01,5,2010,1331718,0,0,1,0,04,2026
1,2304,01,5,2010,40826,0,0,2,0,04,2026
1,2304,01,8,2010,563702,0,0,1,X,04,2026
1,2304,02,5,2010,207427308,0,0,1,0,04,2026
1,2304,02,5,2010,3734813,0,0,1,1,04,2026
1,2304,02,5,2010,782881,0,0,2,0,04,2026
1,2304,02,6,2010,48262,0,0,1,0,04,2026
1,2304,02,6,2010,406659,0,0,1,1,04,2026
1,2304,02,8,2010,21773498,0,0,1,X,04,2026
1,2304,02,8,2010,88731,0,0,2,X,04,2026
1,2304,03,5,2010,406471,0,0,1,0,04,2026
1,2304,03,5,2010,175982,0,0,2,0,04,2026
1,2304,03,6,2010,45114,0,0,1,0,04,2026
1,2304,04,5,2010,88507953,0,0,1,0,04,2026
1,2304,04,5,2010,2569752,0,0,1,1,04,2026
1,2304,05,5,2010,13457031,0,0,1,0,04,2026
1,2304,05,5,2010,1424263,0,0,1,1,04,2026
1,2304,05,5,2010,73032,0,0,2,0,04,2026
1,2304,05,8,2010,210900,0,0,1,X,04,2026
1,2304,06,5,2010,724247,0,0,1,0,04,2026
1,2304,07,5,2010,4505583,0,0,1,0,04,2026
1,2304,07,5,2010,521265,0,0,2,0,04,2026
1,2304,07,6,2010,6518095,0,0,1,0,04,2026
1,2304,07,6,2010,510868,0,0,1,1,04,2026
1,2304,07,8,2010,52404,0,0,1,X,04,2026
1,2304,07,8,2010,20786,0,0,2,X,04,2026
1,2304,08,5,2010,9286586,0,0,1,0,04,2026
1,2304,08,5,2010,270097,0,0,2,0,04,2026
1,2304,08,6,2010,126800,0,0,1,0,04,2026
1,2304,09,5,2010,4516161,0,0,1,0,04,2026
1,2304,09,5,2010,2556,0,0,1,1,04,2026
1,2304,09,5,2010,680071,0,0,2,0,04,2026
1,2304,10,5,2010,4062468,0,0,1,0,04,2026
1,2304,10,5,2010,70692,0,0,1,1,04,2026
1,2304,10,5,2010,44936,0,0,2,0,04,2026
1,2304,10,6,2010,143721548,0,0,1,0,04,2026
1,2304,10,6,2010,49989,0,0,2,0,04,2026
1,2304,11,5,2010,3474010,0,0,1,0,04,2026
1,2304,11,5,2010,447838,0,0,2,0,04,2026
1,2304,11,6,2010,5650692,0,0,1,0,04,2026
1,2304,12,5,2010,13523357,0,0,1,0,04,2026
1,2304,12,5,2010,515302,0,0,1,1,04,2026
1,2304,12,5,2010,1518866,0,0,2,0,04,2026
1,2304,12,6,2010,56458356,0,0,1,0,04,2026
1,2304,12,8,2010,2612244,0,0,1,X,04,2026
1,2304,13,5,2010,3321860,0,0,1,0,04,2026
1,2304,13,5,2010,16775,0,0,1,1,04,2026
1,2304,13,5,2010,309882,0,0,2,0,04,2026
1,2304,14,5,2010,26567,0,0,1,0,04,2026
1,2304,15,5,2010,4542081,0,0,1,0,04,2026
1,2304,15,5,2010,24604,0,0,1,1,04,2026
1,2304,15,5,2010,1461044,0,0,2,0,04,2026
1,2304,15,6,2010,15127708,0,0,1,0,04,2026
1,2304,15,6,2010,2686637,0,0,1,1,04,2026
1,2304,16,5,2010,35554025,0,0,1,0,04,2026
1,2304,16,5,2010,508919,0,0,2,0,04,2026
1,2304,16,8,2010,284352,0,0,1,X,04,2026
1,2304,17,5,2010,17847818,0,0,1,0,04,2026
1,2304,17,5,2010,172918,0,0,1,1,04,2026
1,2304,17,5,2010,1172062,0,0,2,0,04,2026
1,2304,17,6,2010,8587284,0,0,1,0,04,2026
1,2304,17,6,2010,215747,0,0,1,1,04,2026
1,2304,17,6,2010,774430,0,0,2,0,04,2026
1,2304,18,5,2010,27748529,0,0,1,0,04,2026
1,2304,18,5,2010,148052,0,0,1,1,04,2026
1,2304,18,5,2010,4046722,0,0,2,0,04,2026
1,2304,19,5,2010,38107159,0,0,1,0,04,2026
1,2304,19,5,2010,4874653,0,0,2,0,04,2026
1,2304,20,5,2010,37653995,0,0,1,0,04,2026
1,2304,20,5,2010,13321,0,0,1,1,04,2026
1,2304,20,5,2010,4770530,0,0,2,0,04,2026
1,2304,20,6,2010,100559,0,0,1,0,04,2026
1,2304,20,6,2010,769968,0,0,1,1,04,2026
1,2304,20,8,2010,895935,0,0,1,X,04,2026
1,2304,21,5,2010,103971745,0,0,1,0,04,2026
1,2304,21,5,2010,133606,0,0,1,1,04,2026
1,2304,21,5,2010,1345165,0,0,2,0,04,2026
1,2304,21,6,2010,903174,0,0,1,0,04,2026
1,2304,21,8,2010,5143,0,0,1,X,04,2026
1,2304,22,5,2010,23528924,0,0,1,0,04,2026
1,2304,22,5,2010,91273,0,0,1,1,04,2026
1,2304,22,5,2010,3866556,0,0,2,0,04,2026
1,2304,22,5,2010,16766,0,0,2,1,04,2026
1,2304,22,6,2010,1615293,0,0,1,0,04,2026
1,2304,22,8,2010,14031,0,0,2,X,04,2026
1,2304,23,5,2010,38304657,0,0,1,0,04,2026
1,2304,23,5,2010,421864,0,0,1,1,04,2026
1,2304,23,5,2010,1362349,0,0,2,0,04,2026
1,2304,23,6,2010,19103620,0,0,1,0,04,2026
1,2304,23,8,2010,27020,0,0,1,X,04,2026
1,2304,24,5,2010,826446,0,0,1,0,04,2026
1,2304,24,6,2010,1408056,0,0,1,1,04,2026
1,2304,24,8,2010,48274,0,0,1,X,04,2026
1,2304,25,5,2010,11124532,0,0,1,0,04,2026
1,2304,25,5,2010,183286,0,0,1,1,04,2026
1,2304,25,5,2010,239004,0,0,2,0,04,2026
1,2304,25,6,2010,2263734,0,0,1,0,04,2026
1,2304,25,6,2010,488557,0,0,1,1,04,2026
1,2304,26,5,2010,560078,0,0,1,0,04,2026
1,2304,26,5,2010,63435,0,0,2,0,04,2026
1,2304,27,5,2010,57373429,0,0,1,0,04,2026
1,2304,27,5,2010,11580855,0,0,1,1,04,2026
1,2304,27,5,2010,678852,0,0,2,0,04,2026
1,2304,27,5,2010,51855,0,0,2,1,04,2026
1,2304,27,6,2010,112720205,0,0,1,0,04,2026
1,2304,27,6,2010,195853743,0,0,1,1,04,2026
1,2304,27,6,2010,333222,0,0,2,0,04,2026
1,2304,27,7,2010,480634950,0,0,1,X,04,2026
1,2304,27,8,2010,3245351,0,0,1,X,04,2026
1,2304,28,3,2010,3710,3,0,1,0,04,2026
1,2304,28,5,2010,93515626,0,0,1,0,04,2026
1,2304,28,5,2010,1467506,0,0,1,1,04,2026
1,2304,28,5,2010,2317552,0,0,2,0,04,2026
1,2304,28,5,2010,6133,0,0,2,1,04,2026
1,2304,28,6,2010,41849749,0,0,1,0,04,2026
1,2304,28,6,2010,978663,0,0,1,1,04,2026
1,2304,28,6,2010,24727,0,0,2,0,04,2026
1,2304,28,8,2010,130481,0,0,1,X,04,2026
1,2304,29,5,2010,59098167,0,0,1,0,04,2026
1,2304,29,5,2010,3054561,0,0,1,1,04,2026
1,2304,29,5,2010,9311151,0,0,2,0,04,2026
1,2304,29,5,2010,129328,0,0,2,1,04,2026
1,2304,29,6,2010,42040401,0,0,1,0,04,2026
1,2304,29,6,2010,15327601,0,0,1,1,04,2026
1,2304,29,6,2010,684316,0,0,2,1,04,2026
1,2304,29,8,2010,60711,0,0,1,X,04,2026
1,2304,30,5,2010,54861151,0,0,1,0,04,2026
1,2304,30,5,2010,2671787,0,0,1,1,04,2026
1,2304,30,5,2010,11876531,0,0,2,0,04,2026
1,2304,30,5,2010,8656,0,0,2,1,04,2026
1,2304,30,8,2010,8400,0,0,2,X,04,2026
1,2304,31,5,2010,430730,0,0,1,0,04,2026
1,2304,31,5,2010,105324,0,0,1,1,04,2026
1,2304,31,5,2010,63109,0,0,2,0,04,2026
1,2304,31,6,2010,79511,0,0,1,0,04,2026
1,2304,32,3,2010,20678,2685,0,1,0,04,2026
1,2304,32,3,2010,28511,127,0,2,0,04,2026
1,2304,32,5,2010,81298194,0,0,1,0,04,2026
1,2304,32,5,2010,2311733,0,0,1,1,04,2026
1,2304,32,5,2010,6762327,0,0,2,0,04,2026
1,2304,32,6,2010,284721,0,0,1,0,04,2026
1,2304,32,6,2010,712954,0,0,1,1,04,2026
1,2304,32,6,2010,34533,0,0,2,1,04,2026
1,2304,32,8,2010,39248,0,0,1,X,04,2026
1,2304,32,8,2010,105137,0,0,2,X,04,2026
1,2304,33,5,2010,82088736,0,0,1,0,04,2026
1,2304,33,5,2010,2207154,0,0,1,1,04,2026
1,2304,33,5,2010,11105683,0,0,2,0,04,2026
1,2304,33,5,2010,142714,0,0,2,1,04,2026
1,2304,33,6,2010,8181,0,0,1,1,04,2026
1,2304,33,8,2010,5222,0,0,1,X,04,2026
1,2304,34,5,2010,53131144,0,0,1,0,04,2026
1,2304,34,5,2010,2990699,0,0,1,1,04,2026
1,2304,34,5,2010,1905721,0,0,2,0,04,2026
1,2304,34,5,2010,89025,0,0,2,1,04,2026
1,2304,34,6,2010,1674783,0,0,1,0,04,2026
1,2304,34,6,2010,4024808,0,0,1,1,04,2026
1,2304,34,6,2010,592210,0,0,2,1,04,2026
1,2304,34,8,2010,7972,0,0,1,X,04,2026
1,2304,35,5,2010,26730152,0,0,1,0,04,2026
1,2304,35,5,2010,2165483,0,0,1,1,04,2026
1,2304,35,5,2010,1915322,0,0,2,0,04,2026
1,2304,35,5,2010,5217,0,0,2,1,04,2026
1,2304,35,6,2010,398206,0,0,1,1,04,2026
1,2304,35,8,2010,14730,0,0,1,X,04,2026
1,2304,36,5,2010,4206219,0,0,1,0,04,2026
1,2304,36,5,2010,375577,0,0,1,1,04,2026
1,2304,36,5,2010,1458811,0,0,2,0,04,2026
1,2304,36,8,2010,72823,0,0,1,X,04,2026
1,2304,37,5,2010,2569146,0,0,1,0,04,2026
1,2304,37,5,2010,3460868,0,0,1,1,04,2026
1,2304,37,5,2010,590309,0,0,2,0,04,2026
1,2304,37,5,2010,40662,0,0,2,1,04,2026
1,2304,38,5,2010,200372100,0,0,1,0,04,2026
1,2304,38,5,2010,28296781,0,0,1,1,04,2026
1,2304,38,5,2010,10833518,0,0,2,0,04,2026
1,2304,38,5,2010,202291,0,0,2,1,04,2026
1,2304,38,6,2010,17521065,0,0,1,0,04,2026
1,2304,38,6,2010,18592433,0,0,1,1,04,2026
1,2304,38,6,2010,296864,0,0,2,0,04,2026
1,2304,38,6,2010,7882136,0,0,2,1,04,2026
1,2304,38,8,2010,503410,0,0,1,X,04,2026
1,2304,38,8,2010,6888,0,0,2,X,04,2026
1,2304,39,3,2010,95351,26468,0,1,0,04,2026
1,2304,39,5,2010,623463953,0,0,1,0,04,2026
1,2304,39,5,2010,40667750,0,0,1,1,04,2026
1,2304,39,5,2010,59935040,0,0,2,0,04,2026
1,2304,39,5,2010,1261283,0,0,2,1,04,2026
1,2304,39,6,2010,227057591,0,0,1,0,04,2026
1,2304,39,6,2010,20159425,0,0,1,1,04,2026
1,2304,39,6,2010,1612523,0,0,2,0,04,2026
1,2304,39,6,2010,239536,0,0,2,1,04,2026
1,2304,39,8,2010,922267,0,0,1,X,04,2026
1,2304,39,8,2010,16906,0,0,2,X,04,2026
1,2304,40,5,2010,154504039,0,0,1,0,04,2026
1,2304,40,5,2010,8456184,0,0,1,1,04,2026
1,2304,40,5,2010,31521799,0,0,2,0,04,2026
1,2304,40,5,2010,125995,0,0,2,1,04,2026
1,2304,40,6,2010,1865512,0,0,1,0,04,2026
1,2304,40,6,2010,4928596,0,0,1,1,04,2026
1,2304,40,6,2010,2669,0,0,2,0,04,2026
1,2304,40,6,2010,531843,0,0,2,1,04,2026
1,2304,40,8,2010,334090,0,0,1,X,04,2026
1,2304,41,5,2010,6968206,0,0,1,0,04,2026
1,2304,41,5,2010,2140868,0,0,1,1,04,2026
1,2304,41,5,2010,177196,0,0,2,0,04,2026
1,2304,42,5,2010,1621873,0,0,1,0,04,2026
1,2304,42,5,2010,23355,0,0,1,1,04,2026
1,2304,42,5,2010,2979072,0,0,2,0,04,2026
1,2304,42,5,2010,14850,0,0,2,1,04,2026
1,2304,44,5,2010,18813128,0,0,1,0,04,2026
1,2304,44,5,2010,18550,0,0,1,1,04,2026
1,2304,44,5,2010,1313113,0,0,2,0,04,2026
1,2304,44,5,2010,3014,0,0,2,1,04,2026
1,2304,44,6,2010,4241070,0,0,1,0,04,2026
1,2304,44,6,2010,1105965,0,0,1,1,04,2026
1,2304,44,8,2010,28045,0,0,1,X,04,2026
1,2304,45,5,2010,219832,0,0,1,0,04,2026
1,2304,45,5,2010,39960,0,0,2,0,04,2026
1,2304,46,5,2010,41675,0,0,2,0,04,2026
1,2304,47,5,2010,16443379,0,0,1,0,04,2026
1,2304,47,5,2010,1612117,0,0,2,0,04,2026
1,2304,47,6,2010,11875443,0,0,1,0,04,2026
1,2304,47,6,2010,970563,0,0,1,1,04,2026
1,2304,47,6,2010,13072413,0,0,2,0,04,2026
1,2304,47,6,2010,1720841,0,0,2,1,04,2026
1,2304,48,5,2010,116656802,0,0,1,0,04,2026
1,2304,48,5,2010,2702736,0,0,1,1,04,2026
1,2304,48,5,2010,5368402,0,0,2,0,04,2026
1,2304,48,5,2010,4583,0,0,2,1,04,2026
1,2304,48,6,2010,27593314,0,0,1,0,04,2026
1,2304,48,6,2010,5995312,0,0,1,1,04,2026
1,2304,48,6,2010,129500,0,0,2,0,04,2026
1,2304,48,6,2010,36015,0,0,2,1,04,2026
1,2304,48,8,2010,20651,0,0,1,X,04,2026
1,2304,49,5,2010,12279053,0,0,1,0,04,2026
1,2304,49,5,2010,176604,0,0,1,1,04,2026
1,2304,49,5,2010,835577,0,0,2,0,04,2026
1,2304,49,5,2010,3000,0,0,2,1,04,2026
1,2304,49,6,2010,149789,0,0,1,1,04,2026
1,2304,49,8,2010,38323,0,0,1,X,04,2026
1,2304,50,5,2010,33388,0,0,1,0,04,2026
1,2304,50,5,2010,10128,0,0,2,0,04,2026
1,2304,51,5,2010,13388,0,0,1,0,04,2026
1,2304,52,5,2010,11714813,0,0,1,0,04,2026
1,2304,52,5,2010,628513,0,0,1,1,04,2026
1,2304,52,5,2010,376835,0,0,2,0,04,2026
1,2304,52,6,2010,53347,0,0,1,1,04,2026
1,2304,53,5,2010,132338,0,0,1,0,04,2026
1,2304,53,5,2010,23381,0,0,1,1,04,2026
1,2304,53,5,2010,28124,0,0,2,0,04,2026
1,2304,54,5,2010,13177258,0,0,1,0,04,2026
1,2304,54,5,2010,2021700,0,0,1,1,04,2026
1,2304,54,5,2010,1456055,0,0,2,0,04,2026
1,2304,55,5,2010,12129552,0,0,1,0,04,2026
1,2304,55,5,2010,436246,0,0,2,0,04,2026
1,2304,56,5,2010,21797662,0,0,1,0,04,2026
1,2304,56,5,2010,1221453,0,0,1,1,04,2026
1,2304,56,5,2010,1586021,0,0,2,0,04,2026
1,2304,56,5,2010,2731,0,0,2,1,04,2026
1,2304,56,6,2010,19213,0,0,1,1,04,2026
1,2304,56,8,2010,15517,0,0,1,X,04,2026
1,2304,57,5,2010,6405849,0,0,1,0,04,2026
1,2304,57,5,2010,5290,0,0,1,1,04,2026
1,2304,57,5,2010,238417,0,0,2,0,04,2026
1,2304,58,5,2010,2617414,0,0,1,0,04,2026
1,2304,58,5,2010,217925,0,0,1,1,04,2026
1,2304,58,5,2010,506977,0,0,2,0,04,2026
1,2304,59,5,2010,21733083,0,0,1,0,04,2026
1,2304,59,5,2010,5257396,0,0,1,1,04,2026
1,2304,59,5,2010,3556116,0,0,2,0,04,2026
1,2304,59,5,2010,70941,0,0,2,1,04,2026
1,2304,59,8,2010,52122,0,0,1,X,04,2026
1,2304,60,5,2010,7939407,0,0,1,0,04,2026
1,2304,60,5,2010,375542,0,0,1,1,04,2026
1,2304,60,5,2010,1022157,0,0,2,0,04,2026
1,2304,61,5,2010,2992576,0,0,1,0,04,2026
1,2304,61,5,2010,44174,0,0,1,1,04,2026
1,2304,61,5,2010,6655727,0,0,2,0,04,2026
1,2304,61,5,2010,225692,0,0,2,1,04,2026
1,2304,62,5,2010,607552,0,0,1,0,04,2026
1,2304,62,5,2010,61855,0,0,1,1,04,2026
1,2304,62,5,2010,8335116,0,0,2,0,04,2026
1,2304,62,5,2010,10944,0,0,2,1,04,2026
1,2304,63,5,2010,5445651,0,0,1,0,04,2026
1,2304,63,5,2010,199370,0,0,1,1,04,2026
1,2304,63,5,2010,6994650,0,0,2,0,04,2026
1,2304,63,5,2010,10085,0,0,2,1,04,2026
1,2304,63,6,2010,3228,0,0,1,1,04,2026
1,2304,63,6,2010,2767,0,0,2,0,04,2026
1,2304,64,5,2010,1229814,0,0,1,0,04,2026
1,2304,64,5,2010,20264,0,0,1,1,04,2026
1,2304,64,5,2010,1294376,0,0,2,0,04,2026
1,2304,64,8,2010,17935,0,0,2,X,04,2026
1,2304,65,5,2010,916124,0,0,1,0,04,2026
1,2304,65,5,2010,6739,0,0,1,1,04,2026
1,2304,65,5,2010,4648028,0,0,2,0,04,2026
1,2304,65,5,2010,34615,0,0,2,1,04,2026
1,2304,66,5,2010,334684,0,0,1,0,04,2026
1,2304,66,5,2010,17946,0,0,2,0,04,2026
1,2304,67,5,2010,3529,0,0,1,0,04,2026
1,2304,67,5,2010,57337,0,0,1,1,04,2026
1,2304,67,5,2010,136810,0,0,2,0,04,2026
1,2304,68,3,2010,5783,5,0,1,0,04,2026
1,2304,68,5,2010,16317825,0,0,1,0,04,2026
1,2304,68,5,2010,843785,0,0,1,1,04,2026
1,2304,68,5,2010,3390740,0,0,2,0,04,2026
1,2304,68,5,2010,2621,0,0,2,1,04,2026
1,2304,68,6,2010,139597,0,0,1,0,04,2026
1,2304,68,6,2010,211479,0,0,1,1,04,2026
1,2304,68,6,2010,5532,0,0,2,0,04,2026
1,2304,69,5,2010,7755728,0,0,1,0,04,2026
1,2304,69,5,2010,475316,0,0,1,1,04,2026
1,2304,69,5,2010,3958181,0,0,2,0,04,2026
1,2304,69,8,2010,3000,0,0,1,X,04,2026
1,2304,70,3,2010,21632,1021,0,1,0,04,2026
1,2304,70,5,2010,30358222,0,0,1,0,04,2026
1,2304,70,5,2010,1971797,0,0,1,1,04,2026
1,2304,70,5,2010,2519104,0,0,2,0,04,2026
1,2304,70,5,2010,18623,0,0,2,1,04,2026
1,2304,70,6,2010,166231,0,0,1,0,04,2026
1,2304,70,6,2010,1511243,0,0,1,1,04,2026
1,2304,70,6,2010,8404,0,0,2,0,04,2026
1,2304,71,5,2010,13511002,0,0,1,0,04,2026
1,2304,71,5,2010,175765,0,0,1,1,04,2026
1,2304,71,5,2010,1317160,0,0,2,0,04,2026
1,2304,71,5,2010,3000,0,0,2,1,04,2026
1,2304,71,8,2010,9570,0,0,2,X,04,2026
1,2304,72,5,2010,176071065,0,0,1,0,04,2026
1,2304,72,5,2010,2978367,0,0,1,1,04,2026
1,2304,72,5,2010,4052143,0,0,2,0,04,2026
1,2304,72,5,2010,20848,0,0,2,1,04,2026
1,2304,72,6,2010,78280608,0,0,1,0,04,2026
1,2304,72,6,2010,7044652,0,0,1,1,04,2026
1,2304,72,8,2010,534207,0,0,1,X,04,2026
1,2304,73,3,2010,33035,3373,0,1,0,04,2026
1,2304,73,5,2010,235692155,0,0,1,0,04,2026
1,2304,73,5,2010,18539426,0,0,1,1,04,2026
1,2304,73,5,2010,57648122,0,0,2,0,04,2026
1,2304,73,5,2010,6255178,0,0,2,1,04,2026
1,2304,73,6,2010,818654,0,0,1,0,04,2026
1,2304,73,6,2010,5100075,0,0,1,1,04,2026
1,2304,73,6,2010,17461,0,0,2,0,04,2026
1,2304,73,6,2010,264689,0,0,2,1,04,2026
1,2304,73,8,2010,190712,0,0,1,X,04,2026
1,2304,73,8,2010,49264,0,0,2,X,04,2026
1,2304,74,5,2010,150719163,0,0,1,0,04,2026
1,2304,74,5,2010,2387986,0,0,1,1,04,2026
1,2304,74,5,2010,71529709,0,0,2,0,04,2026
1,2304,74,5,2010,16966,0,0,2,1,04,2026
1,2304,74,6,2010,403430,0,0,2,1,04,2026
1,2304,74,8,2010,2209655,0,0,1,X,04,2026
1,2304,75,3,2010,75793,104,0,1,0,04,2026
1,2304,75,3,2010,60416,19,0,1,1,04,2026
1,2304,75,3,2010,18580,4,0,2,1,04,2026
1,2304,75,5,2010,34350923,0,0,1,0,04,2026
1,2304,75,5,2010,84984,0,0,1,1,04,2026
1,2304,75,5,2010,1750095,0,0,2,0,04,2026
1,2304,75,5,2010,5626,0,0,2,1,04,2026
1,2304,75,6,2010,93420,0,0,1,1,04,2026
1,2304,76,5,2010,216812778,0,0,1,0,04,2026
1,2304,76,5,2010,3515731,0,0,1,1,04,2026
1,2304,76,5,2010,25225316,0,0,2,0,04,2026
1,2304,76,6,2010,28919,0,0,1,1,04,2026
1,2304,76,8,2010,198022,0,0,1,X,04,2026
1,2304,78,5,2010,347363,0,0,1,0,04,2026
1,2304,78,5,2010,8143,0,0,2,0,04,2026
1,2304,79,5,2010,1304216,0,0,1,0,04,2026
1,2304,79,5,2010,11284,0,0,1,1,04,2026
1,2304,79,5,2010,345504,0,0,2,0,04,2026
1,2304,79,5,2010,1544716,0,0,2,1,04,2026
1,2304,80,5,2010,2217594,0,0,1,0,04,2026
1,2304,80,5,2010,6688182,0,0,2,0,04,2026
1,2304,81,5,2010,6627067,0,0,1,0,04,2026
1,2304,81,5,2010,6598,0,0,1,1,04,2026
1,2304,81,5,2010,48562,0,0,2,0,04,2026
1,2304,81,5,2010,758695,0,0,2,1,04,2026
1,2304,82,3,2010,5411,9,0,1,0,04,2026
1,2304,82,5,2010,31771189,0,0,1,0,04,2026
1,2304,82,5,2010,911391,0,0,1,1,04,2026
1,2304,82,5,2010,6113384,0,0,2,0,04,2026
1,2304,82,5,2010,152563,0,0,2,1,04,2026
1,2304,82,6,2010,6700,0,0,1,0,04,2026
1,2304,82,6,2010,20750,0,0,2,1,04,2026
1,2304,82,8,2010,4556,0,0,1,X,04,2026
1,2304,82,8,2010,77805,0,0,2,X,04,2026
1,2304,83,3,2010,162893,8983,0,1,0,04,2026
1,2304,83,5,2010,46260778,0,0,1,0,04,2026
1,2304,83,5,2010,5699281,0,0,1,1,04,2026
1,2304,83,5,2010,13054422,0,0,2,0,04,2026
1,2304,83,5,2010,25569,0,0,2,1,04,2026
1,2304,83,6,2010,13972,0,0,1,0,04,2026
1,2304,83,6,2010,3067504,0,0,1,1,04,2026
1,2304,83,6,2010,676263,0,0,2,1,04,2026
1,2304,83,8,2010,53050,0,0,1,X,04,2026
1,2304,83,8,2010,19110,0,0,2,X,04,2026
1,2304,84,3,2010,668056,23189,0,1,0,04,2026
1,2304,84,3,2010,6216,24,0,2,0,04,2026
1,2304,84,5,2010,1171978762,0,0,1,0,04,2026
1,2304,84,5,2010,28408484,0,0,1,1,04,2026
1,2304,84,5,2010,1574646250,0,0,2,0,04,2026
1,2304,84,5,2010,1827062,0,0,2,1,04,2026
1,2304,84,6,2010,11300242,0,0,1,0,04,2026
1,2304,84,6,2010,139169702,0,0,1,1,04,2026
1,2304,84,6,2010,276199,0,0,2,0,04,2026
1,2304,84,6,2010,3002956,0,0,2,1,04,2026
1,2304,84,8,2010,3229415,0,0,1,X,04,2026
1,2304,84,8,2010,206167,0,0,2,X,04,2026
1,2304,85,3,2010,774077,15618,0,1,0,04,2026
1,2304,85,3,2010,386654,18649,0,2,0,04,2026
1,2304,85,5,2010,790723260,0,0,1,0,04,2026
1,2304,85,5,2010,22290008,0,0,1,1,04,2026
1,2304,85,5,2010,835299433,0,0,2,0,04,2026
1,2304,85,5,2010,31980858,0,0,2,1,04,2026
1,2304,85,6,2010,2808448,0,0,1,0,04,2026
1,2304,85,6,2010,5874820,0,0,1,1,04,2026
1,2304,85,6,2010,89504,0,0,2,0,04,2026
1,2304,85,6,2010,8811053,0,0,2,1,04,2026
1,2304,85,8,2010,724670,0,0,1,X,04,2026
1,2304,85,8,2010,554569,0,0,2,X,04,2026
1,2304,86,5,2010,20366855,0,0,1,0,04,2026
1,2304,86,5,2010,1386392,0,0,2,0,04,2026
1,2304,86,6,2010,1088245,0,0,1,0,04,2026
1,2304,86,6,2010,5275534,0,0,1,1,04,2026
1,2304,86,8,2010,22195,0,0,1,X,04,2026
1,2304,87,3,2010,770080,61904,0,1,0,04,2026
1,2304,87,5,2010,816911391,0,0,1,0,04,2026
1,2304,87,5,2010,54306532,0,0,1,1,04,2026
1,2304,87,5,2010,147418479,0,0,2,0,04,2026
1,2304,87,5,2010,4321250,0,0,2,1,04,2026
1,2304,87,6,2010,241632792,0,0,1,0,04,2026
1,2304,87,6,2010,77203440,0,0,1,1,04,2026
1,2304,87,6,2010,498236,0,0,2,0,04,2026
1,2304,87,6,2010,5695035,0,0,2,1,04,2026
1,2304,87,8,2010,34027487,0,0,1,X,04,2026
1,2304,87,8,2010,499504,0,0,2,X,04,2026
1,2304,88,3,2010,46403160,31426,0,1,0,04,2026
1,2304,88,5,2010,234355924,0,0,1,0,04,2026
1,2304,88,5,2010,2898485,0,0,1,1,04,2026
1,2304,88,5,2010,6827693,0,0,2,0,04,2026
1,2304,88,5,2010,17359,0,0,2,1,04,2026
1,2304,88,6,2010,447908,0,0,1,1,04,2026
1,2304,88,8,2010,3024844,0,0,1,X,04,2026
1,2304,88,8,2010,111321,0,0,2,X,04,2026
1,2304,89,5,2010,1360997,0,0,1,0,04,2026
1,2304,89,5,2010,180406,0,0,2,0,04,2026
1,2304,89,8,2010,205896,0,0,1,X,04,2026
1,2304,90,3,2010,34735,110,0,1,0,04,2026
1,2304,90,3,2010,6434,73,0,2,0,04,2026
1,2304,90,5,2010,153708018,0,0,1,0,04,2026
1,2304,90,5,2010,6210290,0,0,1,1,04,2026
1,2304,90,5,2010,119808611,0,0,2,0,04,2026
1,2304,90,5,2010,353119,0,0,2,1,04,2026
1,2304,90,6,2010,27123,0,0,1,0,04,2026
1,2304,90,6,2010,2052544,0,0,1,1,04,2026
1,2304,90,6,2010,8977,0,0,2,0,04,2026
1,2304,90,6,2010,108147,0,0,2,1,04,2026
1,2304,90,8,2010,74614,0,0,1,X,04,2026
1,2304,90,8,2010,159314,0,0,2,X,04,2026
1,2304,91,5,2010,483330,0,0,1,0,04,2026
1,2304,91,5,2010,59437,0,0,1,1,04,2026
1,2304,91,5,2010,1170888,0,0,2,0,04,2026
1,2304,92,5,2010,784904,0,0,1,0,04,2026
1,2304,92,5,2010,1597419,0,0,2,0,04,2026
1,2304,93,5,2010,102572,0,0,1,0,04,2026
1,2304,93,5,2010,46840,0,0,2,0,04,2026
1,2304,94,3,2010,26352,636,0,1,0,04,2026
1,2304,94,5,2010,43568387,0,0,1,0,04,2026
1,2304,94,5,2010,10939774,0,0,1,1,04,2026
1,2304,94,5,2010,21082622,0,0,2,0,04,2026
1,2304,94,5,2010,215740,0,0,2,1,04,2026
1,2304,94,6,2010,29266,0,0,1,0,04,2026
1,2304,94,6,2010,1616709,0,0,1,1,04,2026
1,2304,94,6,2010,45833,0,0,2,1,04,2026
1,2304,94,8,2010,2800,0,0,1,X,04,2026
1,2304,95,5,2010,14519691,0,0,1,0,04,2026
1,2304,95,5,2010,37088,0,0,1,1,04,2026
1,2304,95,5,2010,22511693,0,0,2,0,04,2026
1,2304,95,5,2010,1885231,0,0,2,1,04,2026
1,2304,96,5,2010,13833374,0,0,1,0,04,2026
1,2304,96,5,2010,656597,0,0,1,1,04,2026
1,2304,96,5,2010,8474482,0,0,2,0,04,2026
1,2304,96,5,2010,138737,0,0,2,1,04,2026
1,2304,96,6,2010,3452,0,0,1,0,04,2026
1,2304,96,8,2010,10961,0,0,1,X,04,2026
1,2304,97,5,2010,51470,0,0,1,0,04,2026
1,2304,98,5,2010,5041154,0,0,1,0,04,2026
1,2304,98,5,2010,17841,0,0,1,1,04,2026
1,2304,98,5,2010,685707,0,0,2,0,04,2026
1,2304,98,8,2010,14870,0,0,2,X,04,2026
1,2305,01,5,2010,5405,0,0,1,0,04,2026
1,2305,02,5,2010,69901403,0,0,1,0,04,2026
1,2305,02,5,2010,7199502,0,0,1,1,04,2026
1,2305,02,5,2010,98120,0,0,2,0,04,2026
1,2305,04,5,2010,693288,0,0,1,0,04,2026
1,2305,05,5,2010,789783,0,0,1,0,04,2026
1,2305,07,5,2010,2541880,0,0,1,0,04,2026
1,2305,07,5,2010,24461,0,0,1,1,04,2026
1,2305,07,5,2010,195844,0,0,2,0,04,2026
1,2305,08,5,2010,1121088,0,0,1,0,04,2026
1,2305,09,5,2010,26480,0,0,1,0,04,2026
1,2305,10,5,2010,81985,0,0,1,0,04,2026
1,2305,12,5,2010,113325,0,0,1,0,04,2026
1,2305,13,5,2010,29964,0,0,2,0,04,2026
1,2305,15,5,2010,167012,0,0,1,0,04,2026
1,2305,15,5,2010,4243,0,0,2,0,04,2026
1,2305,16,5,2010,458189,0,0,1,0,04,2026
1,2305,17,5,2010,1879851,0,0,1,0,04,2026
1,2305,17,5,2010,219443,0,0,2,0,04,2026
1,2305,19,5,2010,934341,0,0,1,0,04,2026
1,2305,19,5,2010,3250,0,0,1,1,04,2026
1,2305,20,5,2010,2324206,0,0,1,0,04,2026
1,2305,20,5,2010,122666,0,0,2,0,04,2026
1,2305,21,5,2010,1332281,0,0,1,0,04,2026
1,2305,21,5,2010,54348,0,0,1,1,04,2026
1,2305,21,5,2010,4210,0,0,2,0,04,2026
1,2305,22,5,2010,693768,0,0,1,0,04,2026
1,2305,22,5,2010,25108,0,0,1,1,04,2026
1,2305,24,5,2010,136002,0,0,1,0,04,2026
1,2305,24,5,2010,1668497,0,0,1,1,04,2026
1,2305,25,5,2010,305747,0,0,1,0,04,2026
1,2305,25,5,2010,18240,0,0,2,0,04,2026
1,2305,25,7,2010,25586,0,0,1,X,04,2026
1,2305,26,5,2010,29872,0,0,1,0,04,2026
1,2305,27,5,2010,47279550,0,0,1,0,04,2026
1,2305,27,5,2010,3982049,0,0,1,1,04,2026
1,2305,27,5,2010,18713,0,0,2,0,04,2026
1,2305,27,7,2010,125486972,0,0,1,X,04,2026
1,2305,27,8,2010,12071198,0,0,1,X,04,2026
1,2305,28,5,2010,2492328,0,0,1,0,04,2026
1,2305,28,5,2010,189577,0,0,2,0,04,2026
1,2305,29,5,2010,721672,0,0,1,0,04,2026
1,2305,29,5,2010,146888,0,0,2,0,04,2026
1,2305,30,5,2010,2021706,0,0,1,0,04,2026
1,2305,30,5,2010,343511,0,0,2,0,04,2026
1,2305,31,5,2010,99480,0,0,1,0,04,2026
1,2305,32,5,2010,4658932,0,0,1,0,04,2026
1,2305,32,5,2010,98373,0,0,1,1,04,2026
1,2305,32,5,2010,246114,0,0,2,0,04,2026
1,2305,32,8,2010,6483,0,0,1,X,04,2026
1,2305,33,5,2010,693619,0,0,1,0,04,2026
1,2305,33,5,2010,84579,0,0,2,0,04,2026
1,2305,34,5,2010,2123396,0,0,1,0,04,2026
1,2305,34,5,2010,124903,0,0,1,1,04,2026
1,2305,34,5,2010,83152,0,0,2,0,04,2026
1,2305,34,8,2010,525600,0,0,1,X,04,2026
1,2305,35,5,2010,2155311,0,0,1,0,04,2026
1,2305,35,5,2010,46428,0,0,1,1,04,2026
1,2305,35,5,2010,202815,0,0,2,0,04,2026
1,2305,36,5,2010,107918,0,0,1,0,04,2026
1,2305,37,5,2010,87799,0,0,1,0,04,2026
1,2305,37,5,2010,10877,0,0,2,0,04,2026
1,2305,38,5,2010,9915974,0,0,1,0,04,2026
1,2305,38,5,2010,57582,0,0,1,1,04,2026
1,2305,38,5,2010,2858899,0,0,2,0,04,2026
1,2305,39,5,2010,77357808,0,0,1,0,04,2026
1,2305,39,5,2010,5252435,0,0,1,1,04,2026
1,2305,39,5,2010,28546647,0,0,2,0,04,2026
1,2305,39,5,2010,32307,0,0,2,1,04,2026
1,2305,39,8,2010,3758,0,0,1,X,04,2026
1,2305,40,5,2010,8939932,0,0,1,0,04,2026
1,2305,40,5,2010,127180,0,0,1,1,04,2026
1,2305,40,5,2010,5499199,0,0,2,0,04,2026
1,2305,40,5,2010,104587,0,0,2,1,04,2026
1,2305,40,8,2010,6000,0,0,1,X,04,2026
1,2305,41,5,2010,109975,0,0,1,0,04,2026
1,2305,41,5,2010,91286,0,0,2,0,04,2026
1,2305,42,5,2010,140025,0,0,1,0,04,2026
1,2305,42,5,2010,276809,0,0,2,0,04,2026
1,2305,44,5,2010,2895941,0,0,1,0,04,2026
1,2305,44,5,2010,1424433,0,0,2,0,04,2026
1,2305,44,8,2010,18973,0,0,1,X,04,2026
1,2305,45,5,2010,4690,0,0,1,0,04,2026
1,2305,47,5,2010,141479,0,0,1,0,04,2026
1,2305,48,5,2010,17078230,0,0,1,0,04,2026
1,2305,48,5,2010,938388,0,0,1,1,04,2026
1,2305,48,5,2010,1917378,0,0,2,0,04,2026
1,2305,48,8,2010,26575,0,0,1,X,04,2026
1,2305,49,5,2010,6076514,0,0,1,0,04,2026
1,2305,49,5,2010,332850,0,0,2,0,04,2026
1,2305,49,8,2010,192900,0,0,1,X,04,2026
1,2305,51,5,2010,7319,0,0,1,0,04,2026
1,2305,51,5,2010,75450,0,0,2,0,04,2026
1,2305,52,5,2010,9026535,0,0,1,0,04,2026
1,2305,52,5,2010,56146,0,0,1,1,04,2026
1,2305,52,5,2010,475553,0,0,2,0,04,2026
1,2305,53,5,2010,64129,0,0,1,0,04,2026
1,2305,53,5,2010,5578,0,0,2,0,04,2026
1,2305,54,5,2010,3143757,0,0,1,0,04,2026
1,2305,54,5,2010,1083774,0,0,2,0,04,2026
1,2305,54,5,2010,27760,0,0,2,1,04,2026
1,2305,55,5,2010,1697308,0,0,1,0,04,2026
1,2305,55,5,2010,269274,0,0,2,0,04,2026
1,2305,56,5,2010,2822575,0,0,1,0,04,2026
1,2305,56,5,2010,511561,0,0,2,0,04,2026
1,2305,57,5,2010,26717,0,0,1,0,04,2026
1,2305,57,5,2010,19050,0,0,2,0,04,2026
1,2305,58,5,2010,1538727,0,0,1,0,04,2026
1,2305,58,5,2010,1237806,0,0,2,0,04,2026
1,2305,59,5,2010,2411419,0,0,1,0,04,2026
1,2305,59,5,2010,16151,0,0,1,1,04,2026
1,2305,59,5,2010,2000098,0,0,2,0,04,2026
1,2305,60,5,2010,655731,0,0,1,0,04,2026
1,2305,60,5,2010,1039113,0,0,2,0,04,2026
1,2305,61,5,2010,550935,0,0,1,0,04,2026
1,2305,61,5,2010,11225000,0,0,2,0,04,2026
1,2305,62,5,2010,283905,0,0,1,0,04,2026
1,2305,62,5,2010,808033,0,0,2,0,04,2026
1,2305,63,5,2010,1401069,0,0,1,0,04,2026
1,2305,63,5,2010,2745428,0,0,2,0,04,2026
1,2305,63,5,2010,24706,0,0,2,1,04,2026
1,2305,64,5,2010,24130,0,0,2,0,04,2026
1,2305,65,5,2010,277871,0,0,1,0,04,2026
1,2305,65,5,2010,34709,0,0,2,0,04,2026
1,2305,68,5,2010,2617723,0,0,1,0,04,2026
1,2305,68,5,2010,3434,0,0,1,1,04,2026
1,2305,68,5,2010,242884,0,0,2,0,04,2026
1,2305,69,5,2010,809281,0,0,1,0,04,2026
1,2305,69,5,2010,3840,0,0,1,1,04,2026
1,2305,69,5,2010,465043,0,0,2,0,04,2026
1,2305,70,5,2010,1812745,0,0,1,0,04,2026
1,2305,70,5,2010,823730,0,0,2,0,04,2026
1,2305,71,5,2010,880360,0,0,1,0,04,2026
1,2305,71,5,2010,174884,0,0,2,0,04,2026
1,2305,72,5,2010,6894715,0,0,1,0,04,2026
1,2305,72,5,2010,20473,0,0,1,1,04,2026
1,2305,72,5,2010,966775,0,0,2,0,04,2026
1,2305,73,5,2010,26771815,0,0,1,0,04,2026
1,2305,73,5,2010,70117,0,0,1,1,04,2026
1,2305,73,5,2010,5696540,0,0,2,0,04,2026
1,2305,73,5,2010,43070,0,0,2,1,04,2026
1,2305,73,8,2010,12315,0,0,1,X,04,2026
1,2305,74,5,2010,5149472,0,0,1,0,04,2026
1,2305,74,5,2010,7549,0,0,1,1,04,2026
1,2305,74,5,2010,945668,0,0,2,0,04,2026
1,2305,75,5,2010,2847060,0,0,1,0,04,2026
1,2305,75,5,2010,1750083,0,0,2,0,04,2026
1,2305,76,5,2010,14336362,0,0,1,0,04,2026
1,2305,76,5,2010,12880,0,0,1,1,04,2026
1,2305,76,5,2010,735606,0,0,2,0,04,2026
1,2305,78,5,2010,576431,0,0,1,0,04,2026
1,2305,79,5,2010,243524,0,0,1,0,04,2026
1,2305,79,5,2010,35200,0,0,2,0,04,2026
1,2305,80,5,2010,121154,0,0,1,0,04,2026
1,2305,81,5,2010,1343608,0,0,1,0,04,2026
1,2305,81,5,2010,11714,0,0,2,0,04,2026
1,2305,82,5,2010,2726399,0,0,1,0,04,2026
1,2305,82,5,2010,630287,0,0,1,1,04,2026
1,2305,82,5,2010,601945,0,0,2,0,04,2026
1,2305,82,5,2010,21414,0,0,2,1,04,2026
1,2305,83,5,2010,3927486,0,0,1,0,04,2026
1,2305,83,5,2010,1579614,0,0,2,0,04,2026
1,2305,84,3,2010,42400,24,0,1,1,04,2026
1,2305,84,5,2010,88319181,0,0,1,0,04,2026
1,2305,84,5,2010,16421175,0,0,1,1,04,2026
1,2305,84,5,2010,21664880,0,0,2,0,04,2026
1,2305,84,5,2010,1842918,0,0,2,1,04,2026
1,2305,84,8,2010,6606442,0,0,1,X,04,2026
1,2305,84,8,2010,483345,0,0,2,X,04,2026
1,2305,85,3,2010,26453,29,0,2,0,04,2026
1,2305,85,5,2010,140235686,0,0,1,0,04,2026
1,2305,85,5,2010,320717,0,0,1,1,04,2026
1,2305,85,5,2010,133081885,0,0,2,0,04,2026
1,2305,85,5,2010,676397,0,0,2,1,04,2026
1,2305,85,8,2010,13000,0,0,1,X,04,2026
1,2305,86,5,2010,231958,0,0,1,0,04,2026
1,2305,86,5,2010,79586,0,0,1,1,04,2026
1,2305,86,5,2010,14669,0,0,2,0,04,2026
1,2305,86,5,2010,70701,0,0,2,1,04,2026
1,2305,86,8,2010,3050,0,0,1,X,04,2026
1,2305,87,5,2010,33825744,0,0,1,0,04,2026
1,2305,87,5,2010,5029609,0,0,2,0,04,2026
1,2305,87,8,2010,29217608,0,0,1,X,04,2026
1,2305,87,8,2010,549763,0,0,2,X,04,2026
1,2305,88,3,2010,5930535,8401,0,1,0,04,2026
1,2305,88,5,2010,2302008,0,0,1,0,04,2026
1,2305,88,5,2010,453357,0,0,2,0,04,2026
1,2305,89,5,2010,14000,0,0,1,0,04,2026
1,2305,89,5,2010,939940,0,0,2,0,04,2026
1,2305,90,5,2010,36371291,0,0,1,0,04,2026
1,2305,90,5,2010,156532,0,0,1,1,04,2026
1,2305,90,5,2010,18589720,0,0,2,0,04,2026
1,2305,90,5,2010,14955,0,0,2,1,04,2026
1,2305,91,5,2010,5738,0,0,1,0,04,2026
1,2305,91,5,2010,15543,0,0,2,0,04,2026
1,2305,91,8,2010,319281,0,0,2,X,04,2026
1,2305,94,5,2010,6898804,0,0,1,0,04,2026
1,2305,94,5,2010,2086836,0,0,2,0,04,2026
1,2305,95,5,2010,549367,0,0,1,0,04,2026
1,2305,95,5,2010,297919,0,0,2,0,04,2026
1,2305,96,5,2010,740824,0,0,1,0,04,2026
1,2305,96,5,2010,24995,0,0,1,1,04,2026
1,2305,96,5,2010,327630,0,0,2,0,04,2026
1,2305,96,5,2010,66389,0,0,2,1,04,2026
1,2305,98,5,2010,1040207,0,0,1,0,04,2026
1,2307,03,5,2010,226800,0,0,2,0,04,2026
1,2307,12,5,2010,30002,0,0,2,0,04,2026
1,2307,16,5,2010,293232,0,0,2,0,04,2026
1,2307,17,5,2010,1120054,0,0,2,0,04,2026
1,2307,19,5,2010,64996,0,0,2,0,04,2026
1,2307,21,5,2010,119859,0,0,2,0,04,2026
1,2307,22,5,2010,15724,0,0,1,0,04,2026
1,2307,25,5,2010,76344,0,0,1,0,04,2026
1,2307,27,5,2010,252040,0,0,1,0,04,2026
1,2307,30,5,2010,3300,0,0,1,0,04,2026
1,2307,38,5,2010,199615,0,0,1,0,04,2026
1,2307,38,5,2010,43545,0,0,2,0,04,2026
1,2307,39,5,2010,57719,0,0,2,0,04,2026
1,2307,40,5,2010,72909,0,0,2,0,04,2026
1,2307,44,5,2010,112515,0,0,1,0,04,2026
1,2307,47,5,2010,2399078,0,0,1,0,04,2026
1,2307,47,5,2010,348182,0,0,1,1,04,2026
1,2307,48,5,2010,212023,0,0,1,0,04,2026
1,2307,52,5,2010,37716,0,0,2,0,04,2026
1,2307,54,5,2010,121781,0,0,2,0,04,2026
1,2307,60,5,2010,415699,0,0,2,0,04,2026
1,2307,61,5,2010,361102,0,0,2,0,04,2026
1,2307,62,5,2010,820042,0,0,2,0,04,2026
1,2307,63,5,2010,122483,0,0,2,0,04,2026
1,2307,68,5,2010,31988,0,0,1,0,04,2026
1,2307,69,5,2010,3250,0,0,2,0,04,2026
1,2307,73,5,2010,25061,0,0,2,0,04,2026
1,2307,76,5,2010,28492,0,0,2,0,04,2026
1,2307,82,5,2010,23600,0,0,2,0,04,2026
1,2307,84,5,2010,84000,0,0,1,0,04,2026
1,2307,84,5,2010,183247,0,0,2,0,04,2026
1,2307,85,5,2010,106230,0,0,2,0,04,2026
1,2307,85,8,2010,11537,0,0,1,X,04,2026
1,2307,85,8,2010,3850,0,0,2,X,04,2026
1,2307,87,5,2010,47240,0,0,1,0,04,2026
1,2307,87,8,2010,9006,0,0,1,X,04,2026
1,2307,90,5,2010,5555,0,0,2,0,04,2026
1,2307,94,5,2010,161469,0,0,1,0,04,2026
1,2307,94,5,2010,40505,0,0,2,0,04,2026
1,2307,94,8,2010,14836,0,0,2,X,04,2026
1,2307,95,5,2010,119617,0,0,1,0,04,2026
1,2307,95,5,2010,42884,0,0,2,0,04,2026
1,2309,10,5,2010,16621755,0,0,1,0,04,2026
1,2309,12,5,2010,739608,0,0,1,0,04,2026
1,2309,14,5,2010,32994,0,0,1,0,04,2026
1,2309,23,5,2010,119801,0,0,1,0,04,2026
1,2309,27,5,2010,619357,0,0,1,1,04,2026
1,2310,09,5,2010,22473,0,0,1,0,04,2026
1,2310,18,8,2010,22934,0,0,2,X,04,2026
1,2310,23,5,2010,511574,0,0,1,0,04,2026
1,2310,33,8,2010,7500,0,0,2,X,04,2026
1,2310,34,8,2010,15803,0,0,1,X,04,2026
1,2310,38,5,2010,21304,0,0,1,0,04,2026
1,2310,39,5,2010,168941,0,0,1,0,04,2026
1,2310,40,5,2010,64975,0,0,1,0,04,2026
1,2310,40,5,2010,23201,0,0,1,1,04,2026
1,2310,44,5,2010,3179,0,0,1,1,04,2026
1,2310,47,5,2010,5417,0,0,1,0,04,2026
1,2310,47,5,2010,5850,0,0,1,1,04,2026
1,2310,48,5,2010,89108,0,0,1,1,04,2026
1,2310,54,5,2010,34681,0,0,1,0,04,2026
1,2310,55,5,2010,4400,0,0,1,0,04,2026
1,2310,57,5,2010,4600,0,0,2,0,04,2026
1,2310,68,5,2010,2518,0,0,1,0,04,2026
1,2310,70,5,2010,32203,0,0,1,0,04,2026
1,2310,72,5,2010,88827,0,0,1,0,04,2026
1,2310,73,5,2010,265587,0,0,1,0,04,2026
1,2310,73,5,2010,17447,0,0,2,0,04,2026
1,2310,76,5,2010,85999,0,0,1,0,04,2026
1,2310,79,5,2010,8081,0,0,1,0,04,2026
1,2310,82,5,2010,31828,0,0,1,0,04,2026
1,2310,83,5,2010,12540,0,0,1,0,04,2026
1,2310,84,5,2010,2694157,0,0,1,0,04,2026
1,2310,84,5,2010,61183,0,0,1,1,04,2026
1,2310,84,5,2010,3051,0,0,2,0,04,2026
1,2310,84,8,2010,6825,0,0,1,X,04,2026
1,2310,84,8,2010,6620,0,0,2,X,04,2026
1,2310,85,5,2010,8645274,0,0,1,0,04,2026
1,2310,85,5,2010,5806,0,0,2,0,04,2026
1,2310,85,8,2010,11349,0,0,1,X,04,2026
1,2310,85,8,2010,33150,0,0,2,X,04,2026
1,2310,87,5,2010,987082,0,0,1,0,04,2026
1,2310,87,5,2010,16678,0,0,1,1,04,2026
1,2310,87,5,2010,41319,0,0,2,0,04,2026
1,2310,87,8,2010,9000,0,0,2,X,04,2026
1,2310,89,5,2010,489116,0,0,1,0,04,2026
1,2310,90,5,2010,106896,0,0,1,0,04,2026
1,2310,90,5,2010,67284,0,0,2,0,04,2026
1,2310,90,8,2010,4670,0,0,1,X,04,2026
1,2310,91,8,2010,17130,0,0,2,X,04,2026
1,2310,93,5,2010,3658,0,0,1,0,04,2026
1,2310,94,5,2010,25810,0,0,1,0,04,2026
1,2310,94,5,2010,4800,0,0,2,0,04,2026
1,2310,94,8,2010,12280,0,0,2,X,04,2026
1,2310,95,5,2010,84646,0,0,1,0,04,2026
1,2310,95,8,2010,3750,0,0,1,X,04,2026
1,2310,97,8,2010,4000,0,0,2,X,04,2026
1,2401,02,5,2010,12709366,0,0,1,0,04,2026
1,2401,04,5,2010,48770697,0,0,1,0,04,2026
1,2401,04,5,2010,3200,0,0,1,1,04,2026
1,2401,05,5,2010,1532533,0,0,1,0,04,2026
1,2401,05,5,2010,12969,0,0,1,1,04,2026
1,2401,05,5,2010,31820,0,0,2,0,04,2026
1,2401,06,5,2010,23520,0,0,1,0,04,2026
1,2401,07,5,2010,1761923,0,0,1,0,04,2026
1,2401,07,5,2010,91101,0,0,2,0,04,2026
1,2401,08,5,2010,4679134,0,0,1,0,04,2026
1,2401,08,5,2010,10542,0,0,2,0,04,2026
1,2401,09,5,2010,256089,0,0,1,0,04,2026
1,2401,09,5,2010,48384,0,0,2,0,04,2026
1,2401,10,5,2010,869142,0,0,1,0,04,2026
1,2401,10,5,2010,824610,0,0,1,1,04,2026
1,2401,11,5,2010,1773369,0,0,1,0,04,2026
1,2401,11,5,2010,4019,0,0,1,1,04,2026
1,2401,12,5,2010,155152,0,0,1,0,04,2026
1,2401,12,5,2010,45138,0,0,1,1,04,2026
1,2401,13,5,2010,73423,0,0,1,0,04,2026
1,2401,15,5,2010,739482,0,0,1,0,04,2026
1,2401,15,5,2010,93923,0,0,2,0,04,2026
1,2401,16,5,2010,289141,0,0,1,0,04,2026
1,2401,17,5,2010,904943,0,0,1,0,04,2026
1,2401,17,5,2010,715965,0,0,2,0,04,2026
1,2401,18,5,2010,87180,0,0,1,0,04,2026
1,2401,18,5,2010,5326,0,0,2,0,04,2026
1,2401,19,5,2010,510226,0,0,1,0,04,2026
1,2401,20,5,2010,1449187,0,0,1,0,04,2026
1,2401,20,5,2010,8100,0,0,1,1,04,2026
1,2401,20,5,2010,3264,0,0,2,0,04,2026
1,2401,21,5,2010,4123186,0,0,1,0,04,2026
1,2401,21,5,2010,267317,0,0,1,1,04,2026
1,2401,21,5,2010,48400,0,0,2,1,04,2026
1,2401,22,5,2010,277701,0,0,1,0,04,2026
1,2401,22,5,2010,12600,0,0,1,1,04,2026
1,2401,22,5,2010,4378,0,0,2,0,04,2026
1,2401,23,5,2010,728657,0,0,1,0,04,2026
1,2401,23,5,2010,24000,0,0,1,1,04,2026
1,2401,25,5,2010,359413,0,0,1,0,04,2026
1,2401,25,5,2010,6933,0,0,1,1,04,2026
1,2401,25,5,2010,8820,0,0,2,0,04,2026
1,2401,27,5,2010,33167027,0,0,1,0,04,2026
1,2401,27,5,2010,155353,0,0,1,1,04,2026
1,2401,28,5,2010,1004023,0,0,1,0,04,2026
1,2401,28,5,2010,65729,0,0,1,1,04,2026
1,2401,28,5,2010,109828,0,0,2,0,04,2026
1,2401,29,5,2010,1111797,0,0,1,0,04,2026
1,2401,29,5,2010,1189734,0,0,2,0,04,2026
1,2401,30,5,2010,14027246,0,0,1,0,04,2026
1,2401,30,5,2010,93635,0,0,1,1,04,2026
1,2401,30,5,2010,3162956,0,0,2,0,04,2026
1,2401,30,5,2010,5989,0,0,2,1,04,2026
1,2401,31,5,2010,242908,0,0,1,0,04,2026
1,2401,31,5,2010,5482,0,0,2,0,04,2026
1,2401,32,5,2010,9968618,0,0,1,0,04,2026
1,2401,32,5,2010,78874,0,0,1,1,04,2026
1,2401,32,5,2010,755769,0,0,2,0,04,2026
1,2401,33,5,2010,1912707,0,0,1,0,04,2026
1,2401,33,5,2010,6397943,0,0,1,1,04,2026
1,2401,33,5,2010,63304,0,0,2,0,04,2026
1,2401,34,5,2010,2221642,0,0,1,0,04,2026
1,2401,34,5,2010,11600,0,0,1,1,04,2026
1,2401,34,5,2010,206927,0,0,2,0,04,2026
1,2401,35,5,2010,5716169,0,0,1,0,04,2026
1,2401,35,5,2010,17940,0,0,1,1,04,2026
1,2401,35,5,2010,717616,0,0,2,0,04,2026
1,2401,37,5,2010,3282310,0,0,1,0,04,2026
1,2401,37,5,2010,17653,0,0,2,0,04,2026
1,2401,38,5,2010,15009433,0,0,1,0,04,2026
1,2401,38,5,2010,113307,0,0,1,1,04,2026
1,2401,38,5,2010,2162772,0,0,2,0,04,2026
1,2401,39,5,2010,229701984,0,0,1,0,04,2026
1,2401,39,5,2010,2294547,0,0,1,1,04,2026
1,2401,39,5,2010,88781520,0,0,2,0,04,2026
1,2401,39,5,2010,98810,0,0,2,1,04,2026
1,2401,40,5,2010,12560240,0,0,1,0,04,2026
1,2401,40,5,2010,356557,0,0,1,1,04,2026
1,2401,40,5,2010,6176468,0,0,2,0,04,2026
1,2401,40,5,2010,393046,0,0,2,1,04,2026
1,2401,41,5,2010,536202,0,0,1,0,04,2026
1,2401,41,5,2010,1913708,0,0,2,0,04,2026
1,2401,42,5,2010,201424,0,0,1,0,04,2026
1,2401,42,5,2010,44223,0,0,1,1,04,2026
1,2401,42,5,2010,286759,0,0,2,0,04,2026
1,2401,44,5,2010,6297956,0,0,1,0,04,2026
1,2401,44,5,2010,1538214,0,0,2,0,04,2026
1,2401,45,5,2010,3954,0,0,1,1,04,2026
1,2401,46,5,2010,3302,0,0,1,0,04,2026
1,2401,47,5,2010,1208968,0,0,1,0,04,2026
1,2401,48,5,2010,34572402,0,0,1,0,04,2026
1,2401,48,5,2010,86039,0,0,1,1,04,2026
1,2401,48,5,2010,2125137,0,0,2,0,04,2026
1,2401,48,5,2010,3970,0,0,2,1,04,2026
1,2401,49,5,2010,2936339,0,0,1,0,04,2026
1,2401,49,5,2010,13761,0,0,1,1,04,2026
1,2401,49,5,2010,517427,0,0,2,0,04,2026
1,2401,51,5,2010,28822,0,0,1,0,04,2026
1,2401,52,5,2010,109177,0,0,1,0,04,2026
1,2401,52,5,2010,14964,0,0,2,0,04,2026
1,2401,54,5,2010,14733034,0,0,1,0,04,2026
1,2401,54,5,2010,1493752,0,0,2,0,04,2026
1,2401,55,5,2010,209967,0,0,1,0,04,2026
1,2401,55,5,2010,218862,0,0,2,0,04,2026
1,2401,56,5,2010,15443047,0,0,1,0,04,2026
1,2401,56,5,2010,24566,0,0,1,1,04,2026
1,2401,56,5,2010,2467467,0,0,2,0,04,2026
1,2401,58,5,2010,3011088,0,0,1,0,04,2026
1,2401,58,5,2010,21477,0,0,1,1,04,2026
1,2401,58,5,2010,2137926,0,0,2,0,04,2026
1,2401,59,5,2010,13424583,0,0,1,0,04,2026
1,2401,59,5,2010,56177,0,0,1,1,04,2026
1,2401,59,5,2010,6541498,0,0,2,0,04,2026
1,2401,60,5,2010,1850205,0,0,1,0,04,2026
1,2401,60,5,2010,663463,0,0,1,1,04,2026
1,2401,60,5,2010,226256,0,0,2,0,04,2026
1,2401,61,5,2010,317306,0,0,1,0,04,2026
1,2401,61,5,2010,124759,0,0,1,1,04,2026
1,2401,61,5,2010,3562598,0,0,2,0,04,2026
1,2401,61,5,2010,3500,0,0,2,1,04,2026
1,2401,62,5,2010,335752,0,0,1,0,04,2026
1,2401,62,5,2010,4847490,0,0,1,1,04,2026
1,2401,62,5,2010,3705137,0,0,2,0,04,2026
1,2401,63,5,2010,5819362,0,0,1,0,04,2026
1,2401,63,5,2010,321296,0,0,1,1,04,2026
1,2401,63,5,2010,7872206,0,0,2,0,04,2026
1,2401,63,5,2010,438456,0,0,2,1,04,2026
1,2401,64,5,2010,119646,0,0,1,0,04,2026
1,2401,64,5,2010,1390167,0,0,1,1,04,2026
1,2401,65,5,2010,9643,0,0,1,0,04,2026
1,2401,65,5,2010,17588,0,0,1,1,04,2026
1,2401,65,5,2010,262159,0,0,2,0,04,2026
1,2401,66,5,2010,37422,0,0,1,0,04,2026
1,2401,66,5,2010,21402,0,0,2,0,04,2026
1,2401,67,5,2010,16637,0,0,2,0,04,2026
1,2401,68,5,2010,2397391,0,0,1,0,04,2026
1,2401,68,5,2010,34731,0,0,1,1,04,2026
1,2401,68,5,2010,452119,0,0,2,0,04,2026
1,2401,69,5,2010,2659558,0,0,1,0,04,2026
1,2401,69,5,2010,212275,0,0,2,0,04,2026
1,2401,70,5,2010,6483343,0,0,1,0,04,2026
1,2401,70,5,2010,84947,0,0,1,1,04,2026
1,2401,70,5,2010,9109600,0,0,2,0,04,2026
1,2401,71,5,2010,3740985,0,0,1,0,04,2026
1,2401,71,5,2010,124118,0,0,1,1,04,2026
1,2401,71,5,2010,138439,0,0,2,0,04,2026
1,2401,71,5,2010,4120,0,0,2,1,04,2026
1,2401,72,5,2010,13869417,0,0,1,0,04,2026
1,2401,72,5,2010,616469,0,0,1,1,04,2026
1,2401,72,5,2010,1251387,0,0,2,0,04,2026
1,2401,72,5,2010,24706,0,0,2,1,04,2026
1,2401,73,5,2010,49909079,0,0,1,0,04,2026
1,2401,73,5,2010,1804874,0,0,1,1,04,2026
1,2401,73,5,2010,20902280,0,0,2,0,04,2026
1,2401,73,5,2010,532907,0,0,2,1,04,2026
1,2401,74,5,2010,37210699,0,0,1,0,04,2026
1,2401,74,5,2010,166792,0,0,1,1,04,2026
1,2401,74,5,2010,2747507,0,0,2,0,04,2026
1,2401,74,5,2010,275262,0,0,2,1,04,2026
1,2401,75,5,2010,2495684,0,0,1,0,04,2026
1,2401,75,5,2010,114183,0,0,1,1,04,2026
1,2401,75,5,2010,173745,0,0,2,0,04,2026
1,2401,76,5,2010,40829292,0,0,1,0,04,2026
1,2401,76,5,2010,569459,0,0,1,1,04,2026
1,2401,76,5,2010,3970904,0,0,2,0,04,2026
1,2401,76,5,2010,37155,0,0,2,1,04,2026
1,2401,78,5,2010,10237,0,0,1,0,04,2026
1,2401,79,5,2010,1809669,0,0,1,0,04,2026
1,2401,79,5,2010,125747,0,0,2,0,04,2026
1,2401,80,5,2010,1577632,0,0,1,0,04,2026
1,2401,80,5,2010,24602,0,0,2,0,04,2026
1,2401,80,5,2010,60434,0,0,2,1,04,2026
1,2401,81,5,2010,2606061,0,0,1,0,04,2026
1,2401,81,5,2010,43314,0,0,1,1,04,2026
1,2401,81,5,2010,415704,0,0,2,0,04,2026
1,2401,82,5,2010,4671167,0,0,1,0,04,2026
1,2401,82,5,2010,585995,0,0,1,1,04,2026
1,2401,82,5,2010,972786,0,0,2,0,04,2026
1,2401,82,8,2010,4928,0,0,2,X,04,2026
1,2401,83,5,2010,10973379,0,0,1,0,04,2026
1,2401,83,5,2010,20409,0,0,1,1,04,2026
1,2401,83,5,2010,1971366,0,0,2,0,04,2026
1,2401,83,5,2010,51019,0,0,2,1,04,2026
1,2401,84,5,2010,279910244,0,0,1,0,04,2026
1,2401,84,5,2010,3472366,0,0,1,1,04,2026
1,2401,84,5,2010,1456047190,0,0,2,0,04,2026
1,2401,84,5,2010,198549,0,0,2,1,04,2026
1,2401,84,8,2010,38983,0,0,1,X,04,2026
1,2401,85,5,2010,627023500,0,0,1,0,04,2026
1,2401,85,5,2010,14178067,0,0,1,1,04,2026
1,2401,85,5,2010,1284619798,0,0,2,0,04,2026
1,2401,85,5,2010,2620929,0,0,2,1,04,2026
1,2401,85,8,2010,3920,0,0,1,X,04,2026
1,2401,86,5,2010,63548,0,0,1,0,04,2026
1,2401,86,5,2010,2947,0,0,1,1,04,2026
1,2401,87,5,2010,43230230,0,0,1,0,04,2026
1,2401,87,5,2010,182970,0,0,1,1,04,2026
1,2401,87,5,2010,9842602,0,0,2,0,04,2026
1,2401,87,5,2010,18293,0,0,2,1,04,2026
1,2401,87,8,2010,18033,0,0,1,X,04,2026
1,2401,87,8,2010,8408,0,0,2,X,04,2026
1,2401,88,5,2010,25290156,0,0,1,0,04,2026
1,2401,88,5,2010,2654767,0,0,2,0,04,2026
1,2401,89,5,2010,29438,0,0,1,0,04,2026
1,2401,89,5,2010,69679,0,0,2,0,04,2026
1,2401,90,5,2010,82867052,0,0,1,0,04,2026
1,2401,90,5,2010,3560619,0,0,1,1,04,2026
1,2401,90,5,2010,94626622,0,0,2,0,04,2026
1,2401,90,5,2010,835039,0,0,2,1,04,2026
1,2401,90,8,2010,10333,0,0,1,X,04,2026
1,2401,90,8,2010,7749,0,0,2,X,04,2026
1,2401,91,5,2010,495615,0,0,1,1,04,2026
1,2401,91,5,2010,42042,0,0,2,0,04,2026
1,2401,92,5,2010,7500,0,0,1,1,04,2026
1,2401,94,5,2010,8275431,0,0,1,0,04,2026
1,2401,94,5,2010,66833,0,0,1,1,04,2026
1,2401,94,5,2010,3048770,0,0,2,0,04,2026
1,2401,94,5,2010,19534,0,0,2,1,04,2026
1,2401,94,8,2010,29441,0,0,1,X,04,2026
1,2401,95,5,2010,1436960,0,0,1,0,04,2026
1,2401,95,5,2010,1542989,0,0,1,1,04,2026
1,2401,95,5,2010,87274,0,0,2,0,04,2026
1,2401,96,5,2010,1865225,0,0,1,0,04,2026
1,2401,96,5,2010,274829,0,0,1,1,04,2026
1,2401,96,5,2010,451278,0,0,2,0,04,2026
1,2401,98,5,2010,11315,0,0,1,0,04,2026
1,2401,98,5,2010,133253,0,0,1,1,04,2026
1,2402,01,5,2010,4461,0,0,1,0,04,2026
1,2402,02,5,2010,13778982,0,0,1,0,04,2026
1,2402,02,5,2010,777685,0,0,1,1,04,2026
1,2402,02,8,2010,91800,0,0,1,X,04,2026
1,2402,03,8,2010,3626,0,0,1,X,04,2026
1,2402,03,8,2010,5963,0,0,2,X,04,2026
1,2402,04,5,2010,38909050,0,0,1,0,04,2026
1,2402,04,5,2010,438352,0,0,1,1,04,2026
1,2402,04,6,2010,3499891,0,0,1,0,04,2026
1,2402,04,8,2010,23237,0,0,1,X,04,2026
1,2402,05,5,2010,2338165,0,0,1,0,04,2026
1,2402,05,5,2010,132869,0,0,1,1,04,2026
1,2402,07,5,2010,1192068,0,0,1,0,04,2026
1,2402,07,5,2010,13756,0,0,1,1,04,2026
1,2402,07,6,2010,124703,0,0,1,0,04,2026
1,2402,07,6,2010,6048,0,0,1,1,04,2026
1,2402,07,8,2010,3267,0,0,1,X,04,2026
1,2402,07,8,2010,4609,0,0,2,X,04,2026
1,2402,08,5,2010,3345877,0,0,1,0,04,2026
1,2402,08,6,2010,132000,0,0,1,1,04,2026
1,2402,09,5,2010,52563,0,0,1,0,04,2026
1,2402,09,8,2010,11779,0,0,2,X,04,2026
1,2402,10,5,2010,9750,0,0,1,0,04,2026
1,2402,10,5,2010,27260,0,0,1,1,04,2026
1,2402,10,6,2010,79002377,0,0,1,0,04,2026
1,2402,10,6,2010,150516,0,0,1,1,04,2026
1,2402,10,6,2010,57487,0,0,2,0,04,2026
1,2402,11,5,2010,117168,0,0,1,0,04,2026
1,2402,11,6,2010,3343882,0,0,1,0,04,2026
1,2402,12,5,2010,23072,0,0,1,0,04,2026
1,2402,12,6,2010,21855764,0,0,1,0,04,2026
1,2402,12,8,2010,24456,0,0,1,X,04,2026
1,2402,15,5,2010,471932,0,0,1,0,04,2026
1,2402,15,5,2010,342001,0,0,1,1,04,2026
1,2402,15,5,2010,4147,0,0,2,0,04,2026
1,2402,15,6,2010,2855696,0,0,1,0,04,2026
1,2402,15,6,2010,529863,0,0,1,1,04,2026
1,2402,15,8,2010,33485,0,0,1,X,04,2026
1,2402,16,5,2010,538287,0,0,1,0,04,2026
1,2402,16,8,2010,62647,0,0,1,X,04,2026
1,2402,17,5,2010,974031,0,0,1,0,04,2026
1,2402,17,5,2010,52818,0,0,2,0,04,2026
1,2402,17,8,2010,52734,0,0,1,X,04,2026
1,2402,18,5,2010,277551,0,0,1,0,04,2026
1,2402,19,5,2010,4345314,0,0,1,0,04,2026
1,2402,19,5,2010,3722,0,0,1,1,04,2026
1,2402,19,5,2010,3134,0,0,2,0,04,2026
1,2402,19,8,2010,47242,0,0,1,X,04,2026
1,2402,20,5,2010,2553813,0,0,1,0,04,2026
1,2402,20,5,2010,589353,0,0,2,0,04,2026
1,2402,20,6,2010,1578577,0,0,1,0,04,2026
1,2402,20,6,2010,192606,0,0,1,1,04,2026
1,2402,20,8,2010,31159,0,0,1,X,04,2026
1,2402,21,5,2010,1725614,0,0,1,0,04,2026
1,2402,21,5,2010,284012,0,0,1,1,04,2026
1,2402,21,6,2010,103778,0,0,1,0,04,2026
1,2402,21,8,2010,50394,0,0,1,X,04,2026
1,2402,22,5,2010,971095,0,0,1,0,04,2026
1,2402,22,8,2010,19152,0,0,1,X,04,2026
1,2402,23,5,2010,304850,0,0,1,0,04,2026
1,2402,23,5,2010,197324,0,0,1,1,04,2026
1,2402,23,6,2010,34894099,0,0,1,0,04,2026
1,2402,24,8,2010,210592,0,0,1,X,04,2026
1,2402,25,5,2010,182919,0,0,1,0,04,2026
1,2402,25,6,2010,222662,0,0,1,0,04,2026
1,2402,25,6,2010,44517,0,0,1,1,04,2026
1,2402,25,8,2010,15288,0,0,1,X,04,2026
1,2402,27,5,2010,24404523,0,0,1,0,04,2026
1,2402,27,5,2010,10470299,0,0,1,1,04,2026
1,2402,27,6,2010,4549954,0,0,1,0,04,2026
1,2402,27,6,2010,543521,0,0,1,1,04,2026
1,2402,27,7,2010,180221511,0,0,1,X,04,2026
1,2402,28,5,2010,520644,0,0,1,0,04,2026
1,2402,28,5,2010,44921,0,0,2,0,04,2026
1,2402,28,6,2010,7576863,0,0,1,0,04,2026
1,2402,28,6,2010,561486,0,0,1,1,04,2026
1,2402,28,8,2010,13914,0,0,1,X,04,2026
1,2402,29,5,2010,314240,0,0,1,0,04,2026
1,2402,29,5,2010,92588,0,0,1,1,04,2026
1,2402,29,6,2010,326252,0,0,1,0,04,2026
1,2402,30,5,2010,253249,0,0,1,0,04,2026
1,2402,30,5,2010,2994,0,0,2,0,04,2026
1,2402,31,5,2010,38640,0,0,1,0,04,2026
1,2402,31,6,2010,4891348,0,0,1,0,04,2026
1,2402,32,5,2010,1757049,0,0,1,0,04,2026
1,2402,32,5,2010,168737,0,0,1,1,04,2026
1,2402,32,5,2010,181738,0,0,2,0,04,2026
1,2402,32,6,2010,22733,0,0,2,0,04,2026
1,2402,32,8,2010,28003,0,0,1,X,04,2026
1,2402,33,5,2010,208028,0,0,1,0,04,2026
1,2402,34,5,2010,1028006,0,0,1,0,04,2026
1,2402,34,5,2010,6998,0,0,1,1,04,2026
1,2402,34,5,2010,39077,0,0,2,0,04,2026
1,2402,35,5,2010,1127535,0,0,1,0,04,2026
1,2402,35,5,2010,71370,0,0,1,1,04,2026
1,2402,35,5,2010,30554,0,0,2,0,04,2026
1,2402,37,5,2010,31200,0,0,1,0,04,2026
1,2402,37,5,2010,23534,0,0,2,1,04,2026
1,2402,38,5,2010,925394,0,0,1,0,04,2026
1,2402,38,5,2010,10336,0,0,1,1,04,2026
1,2402,38,5,2010,195125,0,0,2,0,04,2026
1,2402,38,5,2010,9228,0,0,2,1,04,2026
1,2402,38,6,2010,180044,0,0,1,0,04,2026
1,2402,39,3,2010,6772,5,0,1,0,04,2026
1,2402,39,3,2010,15200,36,0,2,0,04,2026
1,2402,39,5,2010,38477464,0,0,1,0,04,2026
1,2402,39,5,2010,2414129,0,0,1,1,04,2026
1,2402,39,5,2010,7949799,0,0,2,0,04,2026
1,2402,39,5,2010,6292,0,0,2,1,04,2026
1,2402,39,6,2010,742165,0,0,1,0,04,2026
1,2402,39,6,2010,39439,0,0,1,1,04,2026
1,2402,39,6,2010,27081,0,0,2,0,04,2026
1,2402,39,8,2010,17208,0,0,1,X,04,2026
1,2402,39,8,2010,29732,0,0,2,X,04,2026
1,2402,40,5,2010,3345185,0,0,1,0,04,2026
1,2402,40,5,2010,15201,0,0,1,1,04,2026
1,2402,40,5,2010,521771,0,0,2,0,04,2026
1,2402,40,6,2010,156736,0,0,1,0,04,2026
1,2402,40,6,2010,27820,0,0,2,0,04,2026
1,2402,40,8,2010,4599,0,0,1,X,04,2026
1,2402,41,5,2010,18951,0,0,1,0,04,2026
1,2402,42,5,2010,139439,0,0,1,0,04,2026
1,2402,42,5,2010,5528,0,0,1,1,04,2026
1,2402,42,5,2010,69178,0,0,2,0,04,2026
1,2402,44,5,2010,592100,0,0,1,0,04,2026
1,2402,44,5,2010,48847,0,0,2,0,04,2026
1,2402,44,6,2010,703925,0,0,1,0,04,2026
1,2402,44,6,2010,54559,0,0,1,1,04,2026
1,2402,44,6,2010,134664,0,0,2,0,04,2026
1,2402,44,6,2010,102858,0,0,2,1,04,2026
1,2402,47,5,2010,2062739,0,0,1,0,04,2026
1,2402,47,6,2010,1593366,0,0,1,0,04,2026
1,2402,47,6,2010,117418,0,0,2,0,04,2026
1,2402,47,8,2010,2823,0,0,2,X,04,2026
1,2402,48,5,2010,12361596,0,0,1,0,04,2026
1,2402,48,5,2010,197883,0,0,1,1,04,2026
1,2402,48,5,2010,194122,0,0,2,0,04,2026
1,2402,48,6,2010,341905,0,0,1,0,04,2026
1,2402,49,5,2010,264881,0,0,1,0,04,2026
1,2402,49,5,2010,184224,0,0,2,0,04,2026
1,2402,51,5,2010,39148,0,0,1,0,04,2026
1,2402,52,5,2010,111615,0,0,1,0,04,2026
1,2402,52,5,2010,12748,0,0,2,0,04,2026
1,2402,54,5,2010,101681,0,0,1,0,04,2026
1,2402,54,5,2010,141481,0,0,2,0,04,2026
1,2402,55,5,2010,143609,0,0,1,0,04,2026
1,2402,55,5,2010,29807,0,0,2,0,04,2026
1,2402,55,6,2010,22620,0,0,1,1,04,2026
1,2402,56,5,2010,1331137,0,0,1,0,04,2026
1,2402,56,5,2010,96409,0,0,2,0,04,2026
1,2402,57,5,2010,3959,0,0,1,0,04,2026
1,2402,58,5,2010,221430,0,0,1,0,04,2026
1,2402,58,5,2010,138393,0,0,2,0,04,2026
1,2402,58,6,2010,3782,0,0,1,1,04,2026
1,2402,59,5,2010,798776,0,0,1,0,04,2026
1,2402,59,5,2010,116262,0,0,1,1,04,2026
1,2402,59,5,2010,152230,0,0,2,0,04,2026
1,2402,59,8,2010,2974,0,0,1,X,04,2026
1,2402,60,5,2010,65301,0,0,1,0,04,2026
1,2402,61,5,2010,134139,0,0,1,0,04,2026
1,2402,61,5,2010,135623,0,0,2,0,04,2026
1,2402,61,8,2010,4141,0,0,2,X,04,2026
1,2402,62,5,2010,154739,0,0,1,0,04,2026
1,2402,62,5,2010,88517,0,0,2,0,04,2026
1,2402,63,5,2010,243356,0,0,1,0,04,2026
1,2402,63,5,2010,23430,0,0,1,1,04,2026
1,2402,63,5,2010,154854,0,0,2,0,04,2026
1,2402,64,5,2010,28418,0,0,2,0,04,2026
1,2402,65,5,2010,12458,0,0,1,0,04,2026
1,2402,65,5,2010,24521,0,0,2,0,04,2026
1,2402,66,5,2010,21100,0,0,2,0,04,2026
1,2402,67,5,2010,3469,0,0,1,0,04,2026
1,2402,68,5,2010,817026,0,0,1,0,04,2026
1,2402,68,5,2010,54979,0,0,1,1,04,2026
1,2402,68,5,2010,163468,0,0,2,0,04,2026
1,2402,69,5,2010,8697,0,0,1,0,04,2026
1,2402,69,5,2010,13854,0,0,2,0,04,2026
1,2402,70,5,2010,444319,0,0,1,0,04,2026
1,2402,70,5,2010,21165,0,0,1,1,04,2026
1,2402,70,5,2010,118388,0,0,2,0,04,2026
1,2402,71,5,2010,806638,0,0,1,0,04,2026
1,2402,71,5,2010,112257,0,0,2,0,04,2026
1,2402,72,5,2010,6964332,0,0,1,0,04,2026
1,2402,72,5,2010,1348521,0,0,1,1,04,2026
1,2402,72,5,2010,942116,0,0,2,0,04,2026
1,2402,72,6,2010,4718751,0,0,1,0,04,2026
1,2402,72,6,2010,1371993,0,0,1,1,04,2026
1,2402,73,5,2010,8458913,0,0,1,0,04,2026
1,2402,73,5,2010,531931,0,0,1,1,04,2026
1,2402,73,5,2010,2628765,0,0,2,0,04,2026
1,2402,73,5,2010,3605,0,0,2,1,04,2026
1,2402,73,6,2010,5703107,0,0,1,0,04,2026
1,2402,73,6,2010,4320,0,0,1,1,04,2026
1,2402,73,6,2010,493435,0,0,2,0,04,2026
1,2402,73,6,2010,4320,0,0,2,1,04,2026
1,2402,73,8,2010,6685,0,0,1,X,04,2026
1,2402,74,5,2010,7605025,0,0,1,0,04,2026
1,2402,74,5,2010,1202932,0,0,1,1,04,2026
1,2402,74,5,2010,600496,0,0,2,0,04,2026
1,2402,75,5,2010,21473,0,0,1,0,04,2026
1,2402,75,5,2010,3351,0,0,2,0,04,2026
1,2402,76,5,2010,5326107,0,0,1,0,04,2026
1,2402,76,5,2010,24668,0,0,1,1,04,2026
1,2402,76,5,2010,789968,0,0,2,0,04,2026
1,2402,76,8,2010,28786,0,0,1,X,04,2026
1,2402,79,5,2010,11813,0,0,1,0,04,2026
1,2402,79,5,2010,17377,0,0,2,0,04,2026
1,2402,80,5,2010,242499,0,0,1,0,04,2026
1,2402,81,5,2010,907378,0,0,1,0,04,2026
1,2402,81,5,2010,13057,0,0,2,0,04,2026
1,2402,82,5,2010,998454,0,0,1,0,04,2026
1,2402,82,5,2010,66272,0,0,1,1,04,2026
1,2402,82,5,2010,1111703,0,0,2,0,04,2026
1,2402,82,8,2010,6138,0,0,1,X,04,2026
1,2402,83,3,2010,11035,151,0,1,0,04,2026
1,2402,83,5,2010,4227190,0,0,1,0,04,2026
1,2402,83,5,2010,36307,0,0,1,1,04,2026
1,2402,83,5,2010,576309,0,0,2,0,04,2026
1,2402,83,6,2010,59453,0,0,1,0,04,2026
1,2402,83,6,2010,13608,0,0,2,0,04,2026
1,2402,83,8,2010,40628,0,0,2,X,04,2026
1,2402,84,3,2010,432726,1159,0,1,0,04,2026
1,2402,84,5,2010,18275166,0,0,1,0,04,2026
1,2402,84,5,2010,552091,0,0,1,1,04,2026
1,2402,84,5,2010,313411179,0,0,2,0,04,2026
1,2402,84,5,2010,1005459,0,0,2,1,04,2026
1,2402,84,6,2010,3906439,0,0,1,0,04,2026
1,2402,84,6,2010,8167290,0,0,2,0,04,2026
1,2402,84,8,2010,252993,0,0,1,X,04,2026
1,2402,84,8,2010,48691,0,0,2,X,04,2026
1,2402,85,3,2010,340347,4354,0,2,0,04,2026
1,2402,85,5,2010,76258623,0,0,1,0,04,2026
1,2402,85,5,2010,272047,0,0,1,1,04,2026
1,2402,85,5,2010,138939538,0,0,2,0,04,2026
1,2402,85,5,2010,276918,0,0,2,1,04,2026
1,2402,85,6,2010,215550,0,0,1,0,04,2026
1,2402,85,6,2010,615702,0,0,2,0,04,2026
1,2402,85,8,2010,28237,0,0,1,X,04,2026
1,2402,85,8,2010,6443,0,0,2,X,04,2026
1,2402,86,5,2010,31702,0,0,1,0,04,2026
1,2402,86,6,2010,69867,0,0,1,0,04,2026
1,2402,87,5,2010,11763707,0,0,1,0,04,2026
1,2402,87,5,2010,14630,0,0,1,1,04,2026
1,2402,87,5,2010,7196958,0,0,2,0,04,2026
1,2402,87,5,2010,994322,0,0,2,1,04,2026
1,2402,87,6,2010,5028806,0,0,1,0,04,2026
1,2402,87,6,2010,29881,0,0,1,1,04,2026
1,2402,87,6,2010,2742309,0,0,2,0,04,2026
1,2402,87,8,2010,724763,0,0,1,X,04,2026
1,2402,87,8,2010,6155,0,0,2,X,04,2026
1,2402,88,3,2010,111366,141,0,1,0,04,2026
1,2402,88,3,2010,52225,160,0,2,0,04,2026
1,2402,88,5,2010,2472224,0,0,1,0,04,2026
1,2402,88,5,2010,31253,0,0,1,1,04,2026
1,2402,88,5,2010,338440,0,0,2,0,04,2026
1,2402,88,6,2010,100914,0,0,2,0,04,2026
1,2402,89,5,2010,135000,0,0,1,0,04,2026
1,2402,89,5,2010,33304,0,0,2,0,04,2026
1,2402,90,3,2010,6879,115,0,1,0,04,2026
1,2402,90,3,2010,49504,156,0,2,0,04,2026
1,2402,90,5,2010,3708364,0,0,1,0,04,2026
1,2402,90,5,2010,19616,0,0,1,1,04,2026
1,2402,90,5,2010,5788244,0,0,2,0,04,2026
1,2402,90,5,2010,35002,0,0,2,1,04,2026
1,2402,90,6,2010,226891,0,0,1,0,04,2026
1,2402,90,6,2010,94333,0,0,2,0,04,2026
1,2402,90,8,2010,8190,0,0,2,X,04,2026
1,2402,91,5,2010,8245,0,0,1,0,04,2026
1,2402,94,5,2010,4894552,0,0,1,0,04,2026
1,2402,94,5,2010,886571,0,0,2,0,04,2026
1,2402,94,5,2010,21758,0,0,2,1,04,2026
1,2402,94,8,2010,53579,0,0,1,X,04,2026
1,2402,95,5,2010,36724,0,0,1,0,04,2026
1,2402,95,5,2010,204193,0,0,2,0,04,2026
1,2402,95,8,2010,8560,0,0,1,X,04,2026
1,2402,95,8,2010,8200,0,0,2,X,04,2026
1,2402,96,5,2010,118421,0,0,1,0,04,2026
1,2402,96,5,2010,12647,0,0,1,1,04,2026
1,2402,96,5,2010,46976,0,0,2,0,04,2026
1,2402,98,5,2010,3646,0,0,2,0,04,2026
1,2403,01,5,2010,901836,0,0,1,0,04,2026
1,2403,10,5,2010,117515,0,0,1,0,04,2026
1,2403,12,5,2010,745905,0,0,1,0,04,2026
1,2403,13,5,2010,10167,0,0,1,0,04,2026
1,2403,27,5,2010,28809,0,0,1,0,04,2026
1,2403,31,5,2010,141447,0,0,1,0,04,2026
1,2403,32,5,2010,38405,0,0,1,0,04,2026
1,2403,34,5,2010,23498,0,0,1,0,04,2026
1,2403,34,8,2010,4247,0,0,1,X,04,2026
1,2403,35,5,2010,27893,0,0,1,0,04,2026
1,2403,35,5,2010,12059,0,0,2,0,04,2026
1,2403,38,5,2010,185704,0,0,1,0,04,2026
1,2403,39,5,2010,599641,0,0,1,0,04,2026
1,2403,39,5,2010,22994,0,0,2,0,04,2026
1,2403,40,5,2010,146388,0,0,1,0,04,2026
1,2403,40,5,2010,7380,0,0,2,0,04,2026
1,2403,44,5,2010,325933,0,0,1,0,04,2026
1,2403,44,5,2010,348455,0,0,2,0,04,2026
1,2403,48,5,2010,138167,0,0,1,0,04,2026
1,2403,59,5,2010,7788,0,0,2,0,04,2026
1,2403,63,5,2010,204610,0,0,1,0,04,2026
1,2403,68,5,2010,268154,0,0,1,0,04,2026
1,2403,69,5,2010,5337,0,0,2,0,04,2026
1,2403,70,5,2010,107102,0,0,1,0,04,2026
1,2403,72,5,2010,953769,0,0,1,0,04,2026
1,2403,73,5,2010,321806,0,0,1,0,04,2026
1,2403,73,5,2010,31169,0,0,2,0,04,2026
1,2403,74,5,2010,25300,0,0,1,0,04,2026
1,2403,74,5,2010,48750,0,0,2,0,04,2026
1,2403,76,5,2010,394588,0,0,1,0,04,2026
1,2403,76,5,2010,4200,0,0,2,0,04,2026
1,2403,80,5,2010,9673,0,0,1,0,04,2026
1,2403,81,5,2010,33264,0,0,1,0,04,2026
1,2403,82,5,2010,2520,0,0,1,0,04,2026
1,2403,84,5,2010,2944960,0,0,1,0,04,2026
1,2403,84,5,2010,128822,0,0,2,0,04,2026
1,2403,85,5,2010,63184,0,0,1,0,04,2026
1,2403,85,5,2010,85943,0,0,2,0,04,2026
1,2403,87,5,2010,1592678,0,0,1,0,04,2026
1,2403,87,5,2010,78615,0,0,2,0,04,2026
1,2403,87,8,2010,17600,0,0,1,X,04,2026
1,2403,89,5,2010,4000,0,0,1,0,04,2026
1,2403,90,5,2010,32570,0,0,1,0,04,2026
1,2403,90,5,2010,5946,0,0,2,0,04,2026
1,2404,32,5,2010,6094,0,0,1,0,04,2026
1,2404,39,5,2010,15575,0,0,1,0,04,2026
1,2404,39,5,2010,4881,0,0,2,0,04,2026
1,2404,40,5,2010,9059,0,0,1,0,04,2026
1,2404,40,5,2010,8661,0,0,2,0,04,2026
1,2404,71,5,2010,3094,0,0,1,0,04,2026
1,2404,73,5,2010,315882,0,0,1,0,04,2026
1,2404,74,5,2010,11638,0,0,1,0,04,2026
1,2404,74,5,2010,3624,0,0,2,0,04,2026
1,2404,76,5,2010,4905,0,0,1,0,04,2026
1,2404,84,5,2010,1191152,0,0,1,0,04,2026
1,2404,84,5,2010,1140020,0,0,2,0,04,2026
1,2404,85,5,2010,396469,0,0,1,0,04,2026
1,2404,85,5,2010,221879,0,0,2,0,04,2026
1,2404,87,5,2010,1310890,0,0,1,0,04,2026
1,2404,87,8,2010,34122803,0,0,1,X,04,2026
1,2404,87,8,2010,2823834,0,0,2,X,04,2026
1,2404,89,8,2010,3000,0,0,2,X,04,2026
1,2404,90,5,2010,17111,0,0,1,0,04,2026
1,2404,94,5,2010,16313,0,0,1,0,04,2026
1,2406,10,5,2010,8550,0,0,1,0,04,2026
1,2406,24,8,2010,9900,0,0,1,X,04,2026
1,2406,31,5,2010,125423,0,0,1,0,04,2026
1,2406,38,5,2010,2898,0,0,1,0,04,2026
1,2406,39,5,2010,34938,0,0,1,0,04,2026
1,2406,48,5,2010,5250,0,0,1,0,04,2026
1,2406,73,5,2010,3520,0,0,1,0,04,2026
1,2406,84,5,2010,39358,0,0,1,0,04,2026
1,2406,87,5,2010,8112475,0,0,1,0,04,2026
1,2406,87,8,2010,287413,0,0,1,X,04,2026
1,2406,95,5,2010,60000,0,0,1,0,04,2026
1,2408,01,5,2010,2454240,0,0,1,0,04,2026
1,2408,02,5,2010,1072921,0,0,1,0,04,2026
1,2408,04,5,2010,46718,0,0,1,0,04,2026
1,2408,05,5,2010,80784,0,0,1,0,04,2026
1,2408,08,5,2010,649285,0,0,1,0,04,2026
1,2408,11,5,2010,140926,0,0,1,0,04,2026
1,2408,13,5,2010,134999,0,0,1,0,04,2026
1,2408,16,5,2010,10279,0,0,1,0,04,2026
1,2408,17,5,2010,5277827,0,0,1,0,04,2026
1,2408,17,5,2010,34303,0,0,2,0,04,2026
1,2408,19,5,2010,149881,0,0,1,0,04,2026
1,2408,19,5,2010,58334,0,0,2,0,04,2026
1,2408,20,5,2010,170526,0,0,1,0,04,2026
1,2408,21,5,2010,22585,0,0,1,0,04,2026
1,2408,24,8,2010,45721,0,0,1,X,04,2026
1,2408,25,5,2010,8392,0,0,1,0,04,2026
1,2408,27,5,2010,3735299,0,0,1,0,04,2026
1,2408,29,5,2010,28324,0,0,1,0,04,2026
1,2408,30,5,2010,219367,0,0,1,0,04,2026
1,2408,31,5,2010,507566,0,0,1,0,04,2026
1,2408,32,5,2010,62799,0,0,1,0,04,2026
1,2408,32,5,2010,50795,0,0,2,0,04,2026
1,2408,33,5,2010,261079,0,0,1,0,04,2026
1,2408,33,5,2010,791409,0,0,2,0,04,2026
1,2408,34,5,2010,14060,0,0,1,0,04,2026
1,2408,34,5,2010,36975,0,0,2,0,04,2026
1,2408,35,5,2010,123646,0,0,1,0,04,2026
1,2408,38,5,2010,69700,0,0,1,0,04,2026
1,2408,38,5,2010,5490,0,0,2,0,04,2026
1,2408,39,5,2010,8882108,0,0,1,0,04,2026
1,2408,39,5,2010,235823,0,0,1,1,04,2026
1,2408,39,5,2010,2123756,0,0,2,0,04,2026
1,2408,40,5,2010,297240,0,0,1,0,04,2026
1,2408,40,5,2010,72864,0,0,2,0,04,2026
1,2408,42,5,2010,2772,0,0,1,0,04,2026
1,2408,44,5,2010,45396,0,0,1,0,04,2026
1,2408,47,5,2010,139858,0,0,1,0,04,2026
1,2408,48,5,2010,2082466,0,0,1,0,04,2026
1,2408,48,5,2010,29618,0,0,2,0,04,2026
1,2408,49,5,2010,128227,0,0,1,0,04,2026
1,2408,49,5,2010,2880,0,0,2,0,04,2026
1,2408,54,5,2010,4787,0,0,1,0,04,2026
1,2408,54,5,2010,34292,0,0,2,0,04,2026
1,2408,55,5,2010,6683,0,0,1,0,04,2026
1,2408,56,5,2010,35805,0,0,1,0,04,2026
1,2408,56,5,2010,86640,0,0,2,0,04,2026
1,2408,57,5,2010,9000,0,0,1,0,04,2026
1,2408,58,5,2010,13322,0,0,1,0,04,2026
1,2408,59,5,2010,15247,0,0,1,0,04,2026
1,2408,59,5,2010,419181,0,0,2,0,04,2026
1,2408,61,5,2010,27300,0,0,1,0,04,2026
1,2408,62,5,2010,58100,0,0,1,0,04,2026
1,2408,63,5,2010,188540,0,0,1,0,04,2026
1,2408,64,5,2010,12200,0,0,1,0,04,2026
1,2408,67,5,2010,25635,0,0,1,0,04,2026
1,2408,68,5,2010,8330,0,0,1,0,04,2026
1,2408,68,5,2010,5739,0,0,2,0,04,2026
1,2408,70,5,2010,10737,0,0,1,0,04,2026
1,2408,71,5,2010,78925,0,0,1,0,04,2026
1,2408,71,5,2010,11000,0,0,2,0,04,2026
1,2408,72,5,2010,5447920,0,0,1,0,04,2026
1,2408,72,5,2010,34999,0,0,2,0,04,2026
1,2408,73,5,2010,992532,0,0,1,0,04,2026
1,2408,73,5,2010,2405353,0,0,2,0,04,2026
1,2408,74,5,2010,467375,0,0,1,0,04,2026
1,2408,74,5,2010,37327,0,0,2,0,04,2026
1,2408,76,5,2010,3198796,0,0,1,0,04,2026
1,2408,76,5,2010,62193,0,0,2,0,04,2026
1,2408,79,5,2010,2622,0,0,2,0,04,2026
1,2408,80,5,2010,49302,0,0,1,0,04,2026
1,2408,81,5,2010,11449,0,0,2,0,04,2026
1,2408,82,5,2010,81218,0,0,1,0,04,2026
1,2408,82,5,2010,81631,0,0,2,0,04,2026
1,2408,83,5,2010,116800,0,0,1,0,04,2026
1,2408,83,5,2010,174935,0,0,2,0,04,2026
1,2408,84,5,2010,13581532,0,0,1,0,04,2026
1,2408,84,5,2010,28000,0,0,1,1,04,2026
1,2408,84,5,2010,1245729202,0,0,2,0,04,2026
1,2408,84,5,2010,27099,0,0,2,1,04,2026
1,2408,85,5,2010,40604566,0,0,1,0,04,2026
1,2408,85,5,2010,776537403,0,0,2,0,04,2026
1,2408,87,5,2010,3626306,0,0,1,0,04,2026
1,2408,87,5,2010,11691,0,0,1,1,04,2026
1,2408,87,5,2010,161375,0,0,2,0,04,2026
1,2408,90,5,2010,1518746,0,0,1,0,04,2026
1,2408,90,5,2010,843427,0,0,2,0,04,2026
1,2408,94,5,2010,179454,0,0,1,0,04,2026
1,2408,94,5,2010,795016,0,0,2,0,04,2026
1,2408,95,5,2010,30200,0,0,1,0,04,2026
1,2408,96,5,2010,70638,0,0,1,0,04,2026
1,24XX,29,3,1220,173682,860,7,2,X,04,2026
1,2501,49,3,2010,2800,1,0,1,0,04,2026
1,2501,82,3,2010,6352,18,0,1,0,04,2026
1,2501,83,3,2010,6447,11,0,1,0,04,2026
1,2501,84,3,2010,22667,36,0,1,0,04,2026
1,2501,84,3,2010,1857547,389,0,2,0,04,2026
1,2501,85,3,2010,1569014,782,0,1,0,04,2026
1,2501,85,3,2010,257194,188,0,2,0,04,2026
1,2501,88,3,2010,18524,19,0,1,0,04,2026
1,2501,90,3,2010,133720,250,0,1,0,04,2026
1,2501,90,3,2010,9503,7,0,2,0,04,2026
1,2501,97,3,2010,2700,83,0,2,0,04,2026
1,2502,68,5,2010,4000,0,0,1,0,04,2026
1,2503,02,5,2010,3183692,0,0,1,0,04,2026
1,2503,04,5,2010,2381681,0,0,1,1,04,2026
1,2503,05,5,2010,32514,0,0,1,0,04,2026
1,2503,07,5,2010,67606,0,0,1,0,04,2026
1,2503,08,5,2010,856079,0,0,1,0,04,2026
1,2503,09,5,2010,58216,0,0,1,0,04,2026
1,2503,10,6,2010,13715837,0,0,1,0,04,2026
1,2503,10,6,2010,427302,0,0,1,1,04,2026
1,2503,12,5,2010,348000,0,0,1,0,04,2026
1,2503,12,5,2010,16400,0,0,2,0,04,2026
1,2503,15,5,2010,29040,0,0,1,0,04,2026
1,2503,17,5,2010,540070,0,0,1,0,04,2026
1,2503,18,5,2010,34996,0,0,2,0,04,2026
1,2503,19,5,2010,486800,0,0,1,0,04,2026
1,2503,19,5,2010,14738,0,0,2,0,04,2026
1,2503,20,5,2010,70782,0,0,1,0,04,2026
1,2503,21,5,2010,28274,0,0,1,0,04,2026
1,2503,22,5,2010,103903,0,0,1,0,04,2026
1,2503,23,5,2010,118555,0,0,1,0,04,2026
1,2503,23,6,2010,1844072,0,0,1,0,04,2026
1,2503,25,5,2010,15492,0,0,1,0,04,2026
1,2503,27,5,2010,583604,0,0,1,1,04,2026
1,2503,27,6,2010,21675868,0,0,1,0,04,2026
1,2503,28,5,2010,11305,0,0,1,1,04,2026
1,2503,28,6,2010,56837,0,0,1,0,04,2026
1,2503,29,5,2010,15744,0,0,1,0,04,2026
1,2503,30,5,2010,5418,0,0,2,0,04,2026
1,2503,31,5,2010,52446,0,0,1,0,04,2026
1,2503,31,5,2010,8696,0,0,2,0,04,2026
1,2503,32,5,2010,10951,0,0,1,0,04,2026
1,2503,34,5,2010,10761,0,0,1,0,04,2026
1,2503,34,5,2010,5995,0,0,2,0,04,2026
1,2503,35,5,2010,258839,0,0,1,0,04,2026
1,2503,38,5,2010,531500,0,0,1,0,04,2026
1,2503,38,5,2010,14780,0,0,2,0,04,2026
1,2503,39,5,2010,1559092,0,0,1,0,04,2026
1,2503,39,5,2010,243560,0,0,2,0,04,2026
1,2503,39,5,2010,59900,0,0,2,1,04,2026
1,2503,39,6,2010,1355241,0,0,1,0,04,2026
1,2503,39,6,2010,239008,0,0,1,1,04,2026
1,2503,39,8,2010,6970,0,0,2,X,04,2026
1,2503,40,5,2010,11073,0,0,1,0,04,2026
1,2503,40,5,2010,15540,0,0,2,0,04,2026
1,2503,42,5,2010,16073,0,0,2,0,04,2026
1,2503,44,5,2010,164197,0,0,1,0,04,2026
1,2503,44,6,2010,57331,0,0,1,0,04,2026
1,2503,47,5,2010,318467,0,0,1,0,04,2026
1,2503,48,5,2010,4223158,0,0,1,0,04,2026
1,2503,48,5,2010,21287,0,0,2,0,04,2026
1,2503,48,6,2010,1469955,0,0,1,0,04,2026
1,2503,49,5,2010,147060,0,0,1,0,04,2026
1,2503,56,5,2010,13352,0,0,1,0,04,2026
1,2503,59,5,2010,331628,0,0,1,0,04,2026
1,2503,60,5,2010,9752,0,0,2,0,04,2026
1,2503,61,5,2010,15896,0,0,2,0,04,2026
1,2503,62,5,2010,6984,0,0,2,0,04,2026
1,2503,63,5,2010,14061,0,0,1,0,04,2026
1,2503,63,5,2010,17938,0,0,2,0,04,2026
1,2503,68,5,2010,155516,0,0,1,0,04,2026
1,2503,68,5,2010,2511,0,0,2,0,04,2026
1,2503,70,5,2010,1945154,0,0,1,0,04,2026
1,2503,72,5,2010,55393,0,0,1,0,04,2026
1,2503,72,5,2010,2801,0,0,2,0,04,2026
1,2503,72,6,2010,2396840,0,0,1,0,04,2026
1,2503,73,5,2010,44836,0,0,1,0,04,2026
1,2503,73,5,2010,27317,0,0,2,0,04,2026
1,2503,74,3,2010,4869,16,0,1,0,04,2026
1,2503,76,5,2010,48314,0,0,1,0,04,2026
1,2503,82,5,2010,10393,0,0,1,0,04,2026
1,2503,82,5,2010,18000,0,0,2,0,04,2026
1,2503,83,5,2010,2925,0,0,1,0,04,2026
1,2503,83,5,2010,19653,0,0,2,0,04,2026
1,2503,84,5,2010,761504,0,0,1,0,04,2026
1,2503,84,5,2010,97617,0,0,2,0,04,2026
1,2503,85,3,2010,13260,6,0,2,0,04,2026
1,2503,85,5,2010,147370,0,0,1,0,04,2026
1,2503,85,5,2010,138049,0,0,2,0,04,2026
1,2503,87,5,2010,23963,0,0,1,0,04,2026
1,2503,88,5,2010,55049,0,0,1,0,04,2026
1,2503,90,5,2010,441423,0,0,1,0,04,2026
1,2503,90,5,2010,11363,0,0,2,0,04,2026
1,2503,94,5,2010,151576,0,0,1,0,04,2026
1,2503,94,5,2010,119280,0,0,2,0,04,2026
1,2503,96,5,2010,12512,0,0,1,0,04,2026
1,2504,10,6,2010,2125452,0,0,1,0,04,2026
1,2504,15,6,2010,131129,0,0,1,0,04,2026
1,2504,15,6,2010,135198,0,0,1,1,04,2026
1,2504,23,6,2010,544660,0,0,1,0,04,2026
1,2504,25,6,2010,36494,0,0,1,0,04,2026
1,2504,27,6,2010,124615,0,0,1,0,04,2026
1,2504,27,6,2010,41661,0,0,1,1,04,2026
1,2504,27,6,2010,506234,0,0,2,0,04,2026
1,2504,39,6,2010,2988797,0,0,1,0,04,2026
1,2504,39,6,2010,842958,0,0,1,1,04,2026
1,2504,44,6,2010,69673,0,0,1,0,04,2026
1,2504,48,6,2010,9611,0,0,1,1,04,2026
1,2504,76,6,2010,68476,0,0,1,1,04,2026
1,2504,76,6,2010,744620,0,0,2,0,04,2026
1,2504,76,6,2010,20920827,0,0,2,1,04,2026
1,2504,85,3,2010,3963,1,0,2,0,04,2026
1,2505,19,5,2010,29853,0,0,1,0,04,2026
1,2505,20,5,2010,124847,0,0,1,0,04,2026
1,2505,21,5,2010,150563,0,0,1,0,04,2026
1,2505,25,5,2010,72704,0,0,1,0,04,2026
1,2505,25,5,2010,7590,0,0,2,0,04,2026
1,2505,28,5,2010,2656,0,0,1,0,04,2026
1,2505,29,5,2010,135804,0,0,1,1,04,2026
1,2505,29,5,2010,2743,0,0,2,0,04,2026
1,2505,32,5,2010,91824,0,0,1,0,04,2026
1,2505,32,5,2010,58514,0,0,2,0,04,2026
1,2505,33,5,2010,109690,0,0,1,0,04,2026
1,2505,34,5,2010,92827,0,0,1,0,04,2026
1,2505,35,5,2010,76932,0,0,1,0,04,2026
1,2505,35,5,2010,6041,0,0,2,0,04,2026
1,2505,38,5,2010,190669,0,0,1,0,04,2026
1,2505,38,5,2010,19649,0,0,2,0,04,2026
1,2505,39,5,2010,2845732,0,0,1,0,04,2026
1,2505,39,5,2010,382467,0,0,1,1,04,2026
1,2505,39,5,2010,341160,0,0,2,0,04,2026
1,2505,40,5,2010,1018927,0,0,1,0,04,2026
1,2505,40,5,2010,60391,0,0,2,0,04,2026
1,2505,42,5,2010,47867,0,0,1,0,04,2026
1,2505,44,5,2010,1862076,0,0,1,0,04,2026
1,2505,44,5,2010,283897,0,0,2,0,04,2026
1,2505,48,5,2010,227376,0,0,1,0,04,2026
1,2505,48,5,2010,6504,0,0,2,0,04,2026
1,2505,49,5,2010,47234,0,0,1,0,04,2026
1,2505,54,5,2010,14401,0,0,1,0,04,2026
1,2505,55,5,2010,13871,0,0,1,0,04,2026
1,2505,56,5,2010,2669,0,0,1,0,04,2026
1,2505,56,5,2010,3600,0,0,2,0,04,2026
1,2505,58,5,2010,25869,0,0,1,0,04,2026
1,2505,58,5,2010,3136,0,0,2,0,04,2026
1,2505,59,5,2010,25624,0,0,1,0,04,2026
1,2505,59,5,2010,13632,0,0,2,0,04,2026
1,2505,60,5,2010,26822,0,0,1,0,04,2026
1,2505,61,5,2010,95434,0,0,1,0,04,2026
1,2505,62,5,2010,2682,0,0,1,0,04,2026
1,2505,63,5,2010,4463,0,0,2,0,04,2026
1,2505,65,5,2010,281796,0,0,2,0,04,2026
1,2505,67,5,2010,176586,0,0,1,0,04,2026
1,2505,68,5,2010,11135,0,0,2,0,04,2026
1,2505,69,5,2010,23791,0,0,1,0,04,2026
1,2505,70,5,2010,42471,0,0,1,0,04,2026
1,2505,71,5,2010,4146655,0,0,1,0,04,2026
1,2505,71,5,2010,35446,0,0,2,0,04,2026
1,2505,72,5,2010,824457,0,0,1,0,04,2026
1,2505,72,5,2010,50653,0,0,2,0,04,2026
1,2505,73,5,2010,814076,0,0,1,0,04,2026
1,2505,73,5,2010,145027,0,0,2,0,04,2026
1,2505,74,5,2010,2714352,0,0,1,0,04,2026
1,2505,74,5,2010,31256,0,0,2,0,04,2026
1,2505,75,5,2010,186774,0,0,1,0,04,2026
1,2505,75,5,2010,54455,0,0,2,0,04,2026
1,2505,76,5,2010,2748971,0,0,1,0,04,2026
1,2505,76,5,2010,32246,0,0,2,0,04,2026
1,2505,76,8,2010,89014,0,0,1,X,04,2026
1,2505,78,5,2010,37330,0,0,1,0,04,2026
1,2505,78,5,2010,68692,0,0,2,0,04,2026
1,2505,79,5,2010,1118913,0,0,1,0,04,2026
1,2505,79,5,2010,480173,0,0,2,0,04,2026
1,2505,82,5,2010,194584,0,0,1,0,04,2026
1,2505,82,5,2010,34016,0,0,2,0,04,2026
1,2505,83,5,2010,155599,0,0,1,0,04,2026
1,2505,83,5,2010,105924,0,0,2,0,04,2026
1,2505,84,5,2010,1881804,0,0,1,0,04,2026
1,2505,84,5,2010,581544,0,0,2,0,04,2026
1,2505,84,8,2010,136000,0,0,1,X,04,2026
1,2505,85,5,2010,2508840,0,0,1,0,04,2026
1,2505,85,5,2010,2085742,0,0,2,0,04,2026
1,2505,87,5,2010,55058,0,0,1,0,04,2026
1,2505,87,5,2010,122266,0,0,2,0,04,2026
1,2505,87,5,2010,5474,0,0,2,1,04,2026
1,2505,87,8,2010,357440,0,0,1,X,04,2026
1,2505,87,8,2010,31025,0,0,2,X,04,2026
1,2505,88,5,2010,19193,0,0,1,0,04,2026
1,2505,88,5,2010,17972,0,0,2,0,04,2026
1,2505,88,8,2010,19000,0,0,1,X,04,2026
1,2505,89,5,2010,5000,0,0,1,0,04,2026
1,2505,90,5,2010,744537,0,0,1,0,04,2026
1,2505,90,5,2010,89845,0,0,2,0,04,2026
1,2505,92,5,2010,258335,0,0,1,0,04,2026
1,2505,92,5,2010,21250,0,0,2,0,04,2026
1,2505,94,5,2010,72483,0,0,1,0,04,2026
1,2505,94,5,2010,46909,0,0,2,0,04,2026
1,2505,94,8,2010,6748,0,0,1,X,04,2026
1,2505,95,5,2010,68653,0,0,1,0,04,2026
1,2505,95,5,2010,111186,0,0,2,0,04,2026
1,2505,96,5,2010,13047,0,0,1,0,04,2026
1,2506,01,5,2010,220190,0,0,1,0,04,2026
1,2506,02,5,2010,18621585,0,0,1,0,04,2026
1,2506,02,5,2010,2924086,0,0,2,0,04,2026
1,2506,03,5,2010,2181795,0,0,1,0,04,2026
1,2506,03,5,2010,200598,0,0,2,0,04,2026
1,2506,04,5,2010,32318555,0,0,1,0,04,2026
1,2506,04,5,2010,398843,0,0,1,1,04,2026
1,2506,05,5,2010,1775423,0,0,1,0,04,2026
1,2506,05,5,2010,240250,0,0,2,0,04,2026
1,2506,06,5,2010,746629,0,0,1,0,04,2026
1,2506,07,5,2010,5895368,0,0,1,0,04,2026
1,2506,07,5,2010,34937,0,0,2,0,04,2026
1,2506,08,5,2010,28842012,0,0,1,0,04,2026
1,2506,08,5,2010,525063,0,0,2,0,04,2026
1,2506,09,5,2010,938577,0,0,1,0,04,2026
1,2506,09,5,2010,340487,0,0,2,0,04,2026
1,2506,10,5,2010,3205265,0,0,1,0,04,2026
1,2506,10,5,2010,18019,0,0,2,0,04,2026
1,2506,11,5,2010,1323083,0,0,1,0,04,2026
1,2506,11,5,2010,1149365,0,0,1,1,04,2026
1,2506,11,5,2010,23018,0,0,2,0,04,2026
1,2506,12,5,2010,423430,0,0,1,0,04,2026
1,2506,12,5,2010,793482,0,0,2,0,04,2026
1,2506,13,5,2010,18849,0,0,1,0,04,2026
1,2506,13,5,2010,71409,0,0,2,0,04,2026
1,2506,15,5,2010,1349084,0,0,1,0,04,2026
1,2506,15,5,2010,35831,0,0,1,1,04,2026
1,2506,15,5,2010,451271,0,0,2,0,04,2026
1,2506,15,8,2010,133155,0,0,1,X,04,2026
1,2506,16,5,2010,5629367,0,0,1,0,04,2026
1,2506,16,5,2010,198238,0,0,2,0,04,2026
1,2506,17,5,2010,1855567,0,0,1,0,04,2026
1,2506,17,5,2010,113345,0,0,2,0,04,2026
1,2506,18,5,2010,815568,0,0,1,0,04,2026
1,2506,18,5,2010,32355,0,0,2,0,04,2026
1,2506,19,5,2010,6723768,0,0,1,0,04,2026
1,2506,19,5,2010,406745,0,0,2,0,04,2026
1,2506,20,5,2010,9023546,0,0,1,0,04,2026
1,2506,20,5,2010,692689,0,0,2,0,04,2026
1,2506,21,5,2010,58843673,0,0,1,0,04,2026
1,2506,21,5,2010,206024,0,0,1,1,04,2026
1,2506,21,5,2010,438698,0,0,2,0,04,2026
1,2506,22,5,2010,4407455,0,0,1,0,04,2026
1,2506,22,5,2010,5148,0,0,1,1,04,2026
1,2506,22,5,2010,68301,0,0,2,0,04,2026
1,2506,23,5,2010,1789343,0,0,1,0,04,2026
1,2506,23,5,2010,62587,0,0,2,0,04,2026
1,2506,24,5,2010,719640,0,0,1,0,04,2026
1,2506,24,8,2010,132361,0,0,1,X,04,2026
1,2506,25,5,2010,2564881,0,0,1,0,04,2026
1,2506,25,5,2010,14872,0,0,1,1,04,2026
1,2506,25,5,2010,68668,0,0,2,0,04,2026
1,2506,27,5,2010,5923344,0,0,1,0,04,2026
1,2506,27,5,2010,186493,0,0,2,0,04,2026
1,2506,27,7,2010,9065032,0,0,1,X,04,2026
1,2506,28,5,2010,3407222,0,0,1,0,04,2026
1,2506,28,5,2010,123605,0,0,1,1,04,2026
1,2506,28,5,2010,460311,0,0,2,0,04,2026
1,2506,29,5,2010,1619940,0,0,1,0,04,2026
1,2506,29,5,2010,773366,0,0,2,0,04,2026
1,2506,29,8,2010,2903,0,0,1,X,04,2026
1,2506,30,5,2010,4751262,0,0,1,0,04,2026
1,2506,30,5,2010,1753041,0,0,2,0,04,2026
1,2506,31,5,2010,1013256,0,0,1,0,04,2026
1,2506,31,5,2010,266500,0,0,2,0,04,2026
1,2506,32,5,2010,10359824,0,0,1,0,04,2026
1,2506,32,5,2010,5813,0,0,1,1,04,2026
1,2506,32,5,2010,1002880,0,0,2,0,04,2026
1,2506,33,5,2010,5450303,0,0,1,0,04,2026
1,2506,33,5,2010,19260,0,0,1,1,04,2026
1,2506,33,5,2010,1552888,0,0,2,0,04,2026
1,2506,34,5,2010,4608425,0,0,1,0,04,2026
1,2506,34,5,2010,7242,0,0,1,1,04,2026
1,2506,34,5,2010,332926,0,0,2,0,04,2026
1,2506,34,8,2010,51154,0,0,1,X,04,2026
1,2506,35,5,2010,4150440,0,0,1,0,04,2026
1,2506,35,5,2010,16218,0,0,1,1,04,2026
1,2506,35,5,2010,1323765,0,0,2,0,04,2026
1,2506,36,5,2010,1499235,0,0,1,0,04,2026
1,2506,37,5,2010,352134,0,0,1,0,04,2026
1,2506,37,5,2010,103973,0,0,2,0,04,2026
1,2506,38,5,2010,10809212,0,0,1,0,04,2026
1,2506,38,5,2010,16897,0,0,1,1,04,2026
1,2506,38,5,2010,892272,0,0,2,0,04,2026
1,2506,38,8,2010,4094,0,0,1,X,04,2026
1,2506,39,5,2010,159079416,0,0,1,0,04,2026
1,2506,39,5,2010,351285,0,0,1,1,04,2026
1,2506,39,5,2010,25288766,0,0,2,0,04,2026
1,2506,39,8,2010,49318,0,0,1,X,04,2026
1,2506,39,8,2010,26158,0,0,2,X,04,2026
1,2506,40,5,2010,12349539,0,0,1,0,04,2026
1,2506,40,5,2010,3477860,0,0,1,1,04,2026
1,2506,40,5,2010,2988942,0,0,2,0,04,2026
1,2506,40,5,2010,1465317,0,0,2,1,04,2026
1,2506,41,5,2010,86944,0,0,1,0,04,2026
1,2506,41,5,2010,423105,0,0,2,0,04,2026
1,2506,42,5,2010,439907,0,0,1,0,04,2026
1,2506,42,5,2010,695836,0,0,2,0,04,2026
1,2506,44,5,2010,23082078,0,0,1,0,04,2026
1,2506,44,5,2010,3271653,0,0,2,0,04,2026
1,2506,45,5,2010,337415,0,0,1,0,04,2026
1,2506,45,5,2010,24032,0,0,2,0,04,2026
1,2506,46,5,2010,62667,0,0,1,0,04,2026
1,2506,46,5,2010,2596,0,0,2,0,04,2026
1,2506,47,5,2010,652207,0,0,1,0,04,2026
1,2506,48,5,2010,39524690,0,0,1,0,04,2026
1,2506,48,5,2010,696794,0,0,1,1,04,2026
1,2506,48,5,2010,2703894,0,0,2,0,04,2026
1,2506,48,5,2010,32601,0,0,2,1,04,2026
1,2506,48,8,2010,26368,0,0,1,X,04,2026
1,2506,48,8,2010,16588,0,0,2,X,04,2026
1,2506,49,5,2010,3831706,0,0,1,0,04,2026
1,2506,49,5,2010,12207521,0,0,2,0,04,2026
1,2506,49,8,2010,2000000,0,0,2,X,04,2026
1,2506,51,5,2010,8532,0,0,1,0,04,2026
1,2506,52,5,2010,101379,0,0,1,0,04,2026
1,2506,52,5,2010,118962,0,0,2,0,04,2026
1,2506,53,5,2010,9576,0,0,1,0,04,2026
1,2506,54,5,2010,1206569,0,0,1,0,04,2026
1,2506,54,5,2010,665284,0,0,2,0,04,2026
1,2506,55,5,2010,572001,0,0,1,0,04,2026
1,2506,55,5,2010,263833,0,0,2,0,04,2026
1,2506,56,5,2010,9110625,0,0,1,0,04,2026
1,2506,56,5,2010,598168,0,0,2,0,04,2026
1,2506,57,5,2010,183759,0,0,1,0,04,2026
1,2506,57,5,2010,19639,0,0,2,0,04,2026
1,2506,58,5,2010,1062030,0,0,1,0,04,2026
1,2506,58,5,2010,816664,0,0,2,0,04,2026
1,2506,59,5,2010,2623643,0,0,1,0,04,2026
1,2506,59,5,2010,1287783,0,0,2,0,04,2026
1,2506,59,8,2010,9805,0,0,1,X,04,2026
1,2506,60,5,2010,3727881,0,0,1,0,04,2026
1,2506,60,5,2010,558208,0,0,2,0,04,2026
1,2506,61,5,2010,8353215,0,0,1,0,04,2026
1,2506,61,5,2010,8401,0,0,1,1,04,2026
1,2506,61,5,2010,32727425,0,0,2,0,04,2026
1,2506,62,5,2010,250086,0,0,1,0,04,2026
1,2506,62,5,2010,5227361,0,0,2,0,04,2026
1,2506,63,5,2010,4974446,0,0,1,0,04,2026
1,2506,63,5,2010,2773,0,0,1,1,04,2026
1,2506,63,5,2010,2381474,0,0,2,0,04,2026
1,2506,64,5,2010,124490,0,0,1,0,04,2026
1,2506,64,5,2010,217684,0,0,2,0,04,2026
1,2506,65,5,2010,996807,0,0,1,0,04,2026
1,2506,65,5,2010,995019,0,0,2,0,04,2026
1,2506,66,5,2010,72803,0,0,1,0,04,2026
1,2506,66,5,2010,6623,0,0,2,0,04,2026
1,2506,67,5,2010,38502,0,0,1,0,04,2026
1,2506,67,5,2010,45163,0,0,2,0,04,2026
1,2506,68,5,2010,4190941,0,0,1,0,04,2026
1,2506,68,5,2010,53817,0,0,1,1,04,2026
1,2506,68,5,2010,1194780,0,0,2,0,04,2026
1,2506,69,5,2010,1139262,0,0,1,0,04,2026
1,2506,69,5,2010,694051,0,0,2,0,04,2026
1,2506,70,5,2010,4817982,0,0,1,0,04,2026
1,2506,70,5,2010,1275820,0,0,2,0,04,2026
1,2506,70,8,2010,5495,0,0,1,X,04,2026
1,2506,71,5,2010,5738584,0,0,1,0,04,2026
1,2506,71,5,2010,172987,0,0,2,0,04,2026
1,2506,72,5,2010,25468701,0,0,1,0,04,2026
1,2506,72,5,2010,2279048,0,0,2,0,04,2026
1,2506,73,5,2010,39353174,0,0,1,0,04,2026
1,2506,73,5,2010,310532,0,0,1,1,04,2026
1,2506,73,5,2010,12402655,0,0,2,0,04,2026
1,2506,74,5,2010,10885245,0,0,1,0,04,2026
1,2506,74,5,2010,29665,0,0,1,1,04,2026
1,2506,74,5,2010,1462814,0,0,2,0,04,2026
1,2506,75,5,2010,3509601,0,0,1,0,04,2026
1,2506,75,5,2010,262631,0,0,2,0,04,2026
1,2506,76,5,2010,58140955,0,0,1,0,04,2026
1,2506,76,5,2010,11297,0,0,1,1,04,2026
1,2506,76,5,2010,4701169,0,0,2,0,04,2026
1,2506,76,8,2010,13522,0,0,1,X,04,2026
1,2506,78,5,2010,3233394,0,0,1,0,04,2026
1,2506,78,5,2010,8941,0,0,2,0,04,2026
1,2506,79,5,2010,3250695,0,0,1,0,04,2026
1,2506,79,5,2010,99176,0,0,2,0,04,2026
1,2506,80,5,2010,355783,0,0,1,0,04,2026
1,2506,80,5,2010,24730,0,0,2,0,04,2026
1,2506,81,5,2010,6024094,0,0,1,0,04,2026
1,2506,81,5,2010,235360,0,0,2,0,04,2026
1,2506,82,5,2010,2903617,0,0,1,0,04,2026
1,2506,82,5,2010,48662,0,0,1,1,04,2026
1,2506,82,5,2010,1979187,0,0,2,0,04,2026
1,2506,82,8,2010,3470,0,0,2,X,04,2026
1,2506,83,5,2010,9855522,0,0,1,0,04,2026
1,2506,83,5,2010,58940,0,0,1,1,04,2026
1,2506,83,5,2010,6643806,0,0,2,0,04,2026
1,2506,83,8,2010,5760,0,0,1,X,04,2026
1,2506,84,5,2010,126599564,0,0,1,0,04,2026
1,2506,84,5,2010,270742,0,0,1,1,04,2026
1,2506,84,5,2010,92674575,0,0,2,0,04,2026
1,2506,84,5,2010,403500,0,0,2,1,04,2026
1,2506,84,8,2010,393897,0,0,1,X,04,2026
1,2506,84,8,2010,16610,0,0,2,X,04,2026
1,2506,85,3,2010,10975,6,0,2,0,04,2026
1,2506,85,5,2010,123255843,0,0,1,0,04,2026
1,2506,85,5,2010,60746,0,0,1,1,04,2026
1,2506,85,5,2010,113720982,0,0,2,0,04,2026
1,2506,85,5,2010,184654,0,0,2,1,04,2026
1,2506,85,8,2010,6000,0,0,1,X,04,2026
1,2506,85,8,2010,29493,0,0,2,X,04,2026
1,2506,86,5,2010,1523012,0,0,1,0,04,2026
1,2506,87,5,2010,37505455,0,0,1,0,04,2026
1,2506,87,5,2010,99745100,0,0,2,0,04,2026
1,2506,87,5,2010,219281,0,0,2,1,04,2026
1,2506,87,8,2010,21130398,0,0,1,X,04,2026
1,2506,87,8,2010,5155878,0,0,2,X,04,2026
1,2506,88,5,2010,24118045,0,0,1,0,04,2026
1,2506,88,5,2010,1508631,0,0,2,0,04,2026
1,2506,89,5,2010,418810,0,0,1,0,04,2026
1,2506,89,5,2010,129155,0,0,2,0,04,2026
1,2506,90,5,2010,87141132,0,0,1,0,04,2026
1,2506,90,5,2010,101797682,0,0,2,0,04,2026
1,2506,90,8,2010,23727,0,0,2,X,04,2026
1,2506,91,5,2010,40528,0,0,1,0,04,2026
1,2506,91,5,2010,251516,0,0,2,0,04,2026
1,2506,92,5,2010,122022,0,0,1,0,04,2026
1,2506,92,5,2010,126822,0,0,2,0,04,2026
1,2506,94,5,2010,5555647,0,0,1,0,04,2026
1,2506,94,5,2010,6929,0,0,1,1,04,2026
1,2506,94,5,2010,20330491,0,0,2,0,04,2026
1,2506,95,5,2010,1956751,0,0,1,0,04,2026
1,2506,95,5,2010,14994,0,0,1,1,04,2026
1,2506,95,5,2010,1980287,0,0,2,0,04,2026
1,2506,96,5,2010,1853642,0,0,1,0,04,2026
1,2506,96,5,2010,35806,0,0,1,1,04,2026
1,2506,96,5,2010,1637941,0,0,2,0,04,2026
1,2506,96,8,2010,9009,0,0,1,X,04,2026
1,2506,96,8,2010,9292,0,0,2,X,04,2026
1,2506,97,5,2010,13410,0,0,1,0,04,2026
1,2506,98,5,2010,518066,0,0,1,0,04,2026
1,2506,98,5,2010,10106,0,0,2,0,04,2026
1,2507,02,5,2010,6901394,0,0,1,0,04,2026
1,2507,02,5,2010,556498,0,0,2,0,04,2026
1,2507,04,5,2010,37449970,0,0,1,0,04,2026
1,2507,05,5,2010,676061,0,0,1,0,04,2026
1,2507,07,5,2010,4398313,0,0,1,0,04,2026
1,2507,07,5,2010,46844,0,0,2,0,04,2026
1,2507,08,5,2010,18610048,0,0,1,0,04,2026
1,2507,08,5,2010,137267,0,0,2,0,04,2026
1,2507,09,5,2010,38285,0,0,1,0,04,2026
1,2507,09,5,2010,3520,0,0,2,0,04,2026
1,2507,10,5,2010,185676,0,0,1,0,04,2026
1,2507,10,6,2010,88924,0,0,1,0,04,2026
1,2507,11,5,2010,997306,0,0,1,0,04,2026
1,2507,11,6,2010,1137447,0,0,1,0,04,2026
1,2507,12,5,2010,3567160,0,0,1,0,04,2026
1,2507,12,5,2010,3256299,0,0,2,0,04,2026
1,2507,13,5,2010,56636,0,0,1,0,04,2026
1,2507,15,5,2010,904723,0,0,1,0,04,2026
1,2507,15,5,2010,107794,0,0,2,0,04,2026
1,2507,15,6,2010,762032,0,0,1,0,04,2026
1,2507,16,5,2010,1125256,0,0,1,0,04,2026
1,2507,16,5,2010,216224,0,0,2,0,04,2026
1,2507,17,5,2010,1220306,0,0,1,0,04,2026
1,2507,19,5,2010,369635,0,0,1,0,04,2026
1,2507,19,5,2010,38526,0,0,2,0,04,2026
1,2507,20,5,2010,466538,0,0,1,0,04,2026
1,2507,21,5,2010,2250440,0,0,1,0,04,2026
1,2507,22,5,2010,463043,0,0,1,0,04,2026
1,2507,22,5,2010,501350,0,0,1,1,04,2026
1,2507,22,5,2010,106438,0,0,2,0,04,2026
1,2507,25,5,2010,510150,0,0,1,0,04,2026
1,2507,25,5,2010,16801,0,0,2,0,04,2026
1,2507,25,6,2010,153674,0,0,1,0,04,2026
1,2507,26,5,2010,110188,0,0,1,0,04,2026
1,2507,27,5,2010,1829394,0,0,1,0,04,2026
1,2507,27,6,2010,2475867,0,0,1,0,04,2026
1,2507,27,6,2010,1900238,0,0,2,0,04,2026
1,2507,27,8,2010,395278,0,0,1,X,04,2026
1,2507,28,5,2010,3586102,0,0,1,0,04,2026
1,2507,28,5,2010,10562,0,0,2,0,04,2026
1,2507,28,5,2010,9041,0,0,2,1,04,2026
1,2507,28,6,2010,2680028,0,0,1,0,04,2026
1,2507,29,5,2010,1278727,0,0,1,0,04,2026
1,2507,29,5,2010,11281,0,0,2,0,04,2026
1,2507,30,5,2010,6987621,0,0,1,0,04,2026
1,2507,30,5,2010,4472371,0,0,2,0,04,2026
1,2507,31,5,2010,981812,0,0,1,0,04,2026
1,2507,31,5,2010,21333,0,0,2,0,04,2026
1,2507,32,5,2010,4626193,0,0,1,0,04,2026
1,2507,32,5,2010,235828,0,0,2,0,04,2026
1,2507,33,5,2010,190992,0,0,1,0,04,2026
1,2507,33,5,2010,34325,0,0,2,0,04,2026
1,2507,34,5,2010,1356019,0,0,1,0,04,2026
1,2507,34,5,2010,6440,0,0,1,1,04,2026
1,2507,34,5,2010,263985,0,0,2,0,04,2026
1,2507,35,5,2010,1182446,0,0,1,0,04,2026
1,2507,35,5,2010,8760,0,0,1,1,04,2026
1,2507,35,5,2010,114601,0,0,2,0,04,2026
1,2507,37,5,2010,356865,0,0,1,0,04,2026
1,2507,38,5,2010,3909436,0,0,1,0,04,2026
1,2507,38,5,2010,6495,0,0,1,1,04,2026
1,2507,38,5,2010,736512,0,0,2,0,04,2026
1,2507,39,5,2010,52561974,0,0,1,0,04,2026
1,2507,39,5,2010,134332,0,0,1,1,04,2026
1,2507,39,5,2010,6343255,0,0,2,0,04,2026
1,2507,39,5,2010,12280,0,0,2,1,04,2026
1,2507,39,6,2010,934291,0,0,1,0,04,2026
1,2507,39,6,2010,188118,0,0,1,1,04,2026
1,2507,40,5,2010,8604647,0,0,1,0,04,2026
1,2507,40,5,2010,6914,0,0,1,1,04,2026
1,2507,40,5,2010,1124992,0,0,2,0,04,2026
1,2507,41,5,2010,6311,0,0,1,0,04,2026
1,2507,42,5,2010,1510321,0,0,1,0,04,2026
1,2507,42,5,2010,450391,0,0,2,0,04,2026
1,2507,44,5,2010,2550209,0,0,1,0,04,2026
1,2507,44,5,2010,391044,0,0,2,0,04,2026
1,2507,44,6,2010,262426,0,0,1,0,04,2026
1,2507,47,5,2010,4964646,0,0,1,0,04,2026
1,2507,47,5,2010,279508,0,0,2,0,04,2026
1,2507,47,6,2010,66352,0,0,1,0,04,2026
1,2507,47,6,2010,64628,0,0,1,1,04,2026
1,2507,48,5,2010,19255135,0,0,1,0,04,2026
1,2507,48,5,2010,26140,0,0,1,1,04,2026
1,2507,48,5,2010,944695,0,0,2,0,04,2026
1,2507,48,6,2010,18371,0,0,1,0,04,2026
1,2507,49,5,2010,3684687,0,0,1,0,04,2026
1,2507,49,5,2010,83610,0,0,2,0,04,2026
1,2507,54,5,2010,129908,0,0,1,0,04,2026
1,2507,54,5,2010,24979,0,0,2,0,04,2026
1,2507,55,5,2010,288510,0,0,1,0,04,2026
1,2507,55,5,2010,26110,0,0,2,0,04,2026
1,2507,56,5,2010,2118478,0,0,1,0,04,2026
1,2507,56,5,2010,160098,0,0,2,0,04,2026
1,2507,58,5,2010,678909,0,0,1,0,04,2026
1,2507,58,5,2010,83440,0,0,2,0,04,2026
1,2507,59,5,2010,1193688,0,0,1,0,04,2026
1,2507,59,5,2010,193282,0,0,2,0,04,2026
1,2507,60,5,2010,52745,0,0,1,0,04,2026
1,2507,60,5,2010,13869,0,0,2,0,04,2026
1,2507,61,5,2010,81042,0,0,1,0,04,2026
1,2507,61,5,2010,461000,0,0,2,0,04,2026
1,2507,62,5,2010,54187,0,0,1,0,04,2026
1,2507,62,5,2010,2636476,0,0,2,0,04,2026
1,2507,63,5,2010,1385673,0,0,1,0,04,2026
1,2507,63,5,2010,13863,0,0,1,1,04,2026
1,2507,63,5,2010,2456487,0,0,2,0,04,2026
1,2507,64,5,2010,51394,0,0,1,0,04,2026
1,2507,64,5,2010,242066,0,0,2,0,04,2026
1,2507,65,5,2010,17337,0,0,1,0,04,2026
1,2507,65,5,2010,2110384,0,0,2,0,04,2026
1,2507,66,5,2010,2718,0,0,2,0,04,2026
1,2507,68,5,2010,2842704,0,0,1,0,04,2026
1,2507,68,5,2010,7855,0,0,1,1,04,2026
1,2507,68,5,2010,105416,0,0,2,0,04,2026
1,2507,69,5,2010,51486,0,0,1,0,04,2026
1,2507,69,5,2010,23037,0,0,2,0,04,2026
1,2507,70,5,2010,2982537,0,0,1,0,04,2026
1,2507,70,5,2010,171434,0,0,2,0,04,2026
1,2507,71,5,2010,627089,0,0,1,0,04,2026
1,2507,71,5,2010,209593,0,0,2,0,04,2026
1,2507,72,5,2010,13882047,0,0,1,0,04,2026
1,2507,72,5,2010,1194323,0,0,2,0,04,2026
1,2507,72,6,2010,2557114,0,0,1,1,04,2026
1,2507,73,5,2010,12972284,0,0,1,0,04,2026
1,2507,73,5,2010,217170,0,0,1,1,04,2026
1,2507,73,5,2010,7087100,0,0,2,0,04,2026
1,2507,74,5,2010,3304138,0,0,1,0,04,2026
1,2507,74,5,2010,1336229,0,0,2,0,04,2026
1,2507,75,5,2010,1001184,0,0,1,0,04,2026
1,2507,75,5,2010,1224659,0,0,2,0,04,2026
1,2507,76,5,2010,10611799,0,0,1,0,04,2026
1,2507,76,5,2010,3230344,0,0,2,0,04,2026
1,2507,78,5,2010,3138,0,0,1,0,04,2026
1,2507,79,5,2010,362896,0,0,1,0,04,2026
1,2507,79,5,2010,3892,0,0,2,0,04,2026
1,2507,80,5,2010,347767,0,0,1,0,04,2026
1,2507,81,5,2010,5673343,0,0,1,0,04,2026
1,2507,81,5,2010,1039201,0,0,2,0,04,2026
1,2507,82,5,2010,1660634,0,0,1,0,04,2026
1,2507,82,5,2010,16369,0,0,1,1,04,2026
1,2507,82,5,2010,314202,0,0,2,0,04,2026
1,2507,83,5,2010,15044018,0,0,1,0,04,2026
1,2507,83,5,2010,61350,0,0,1,1,04,2026
1,2507,83,5,2010,271807,0,0,2,0,04,2026
1,2507,84,5,2010,62010720,0,0,1,0,04,2026
1,2507,84,5,2010,8583,0,0,1,1,04,2026
1,2507,84,5,2010,26856461,0,0,2,0,04,2026
1,2507,84,8,2010,676303,0,0,1,X,04,2026
1,2507,85,5,2010,79771116,0,0,1,0,04,2026
1,2507,85,5,2010,49126,0,0,1,1,04,2026
1,2507,85,5,2010,49520205,0,0,2,0,04,2026
1,2507,86,5,2010,7592,0,0,1,0,04,2026
1,2507,87,5,2010,39626140,0,0,1,0,04,2026
1,2507,87,5,2010,840231,0,0,2,0,04,2026
1,2507,87,8,2010,13565152,0,0,1,X,04,2026
1,2507,88,5,2010,22899505,0,0,1,0,04,2026
1,2507,88,5,2010,4109302,0,0,2,0,04,2026
1,2507,90,5,2010,57508164,0,0,1,0,04,2026
1,2507,90,5,2010,35442830,0,0,2,0,04,2026
1,2507,91,5,2010,145947,0,0,1,0,04,2026
1,2507,91,5,2010,107554,0,0,2,0,04,2026
1,2507,94,5,2010,2666655,0,0,1,0,04,2026
1,2507,94,5,2010,2637,0,0,1,1,04,2026
1,2507,94,5,2010,622214,0,0,2,0,04,2026
1,2507,94,8,2010,14984,0,0,1,X,04,2026
1,2507,95,5,2010,18563,0,0,1,0,04,2026
1,2507,95,5,2010,390531,0,0,2,0,04,2026
1,2507,96,5,2010,12447500,0,0,1,0,04,2026
1,2507,96,5,2010,9207,0,0,1,1,04,2026
1,2507,96,5,2010,854136,0,0,2,0,04,2026
1,2507,98,5,2010,1098152,0,0,1,0,04,2026
1,25XX,70,3,1220,2783,20,130,1,X,04,2026
1,25XX,84,3,1220,9203,202,180,1,X,04,2026
1,25XX,84,3,1220,33127,207,442,2,X,04,2026
1,25XX,90,3,1220,28460,22,558,1,X,04,2026
1,25XX,90,3,1220,220668,1031,2058,2,X,04,2026
1,25XX,94,3,1220,23433,591,335,2,X,04,2026
1,25XX,98,8,1220,25646,0,1444,1,X,04,2026
1,2601,04,5,2010,12833,0,0,1,0,04,2026
1,2601,11,5,2010,22771,0,0,1,0,04,2026
1,2601,15,5,2010,12790,0,0,1,0,04,2026
1,2601,17,5,2010,74470,0,0,1,0,04,2026
1,2601,21,5,2010,20091,0,0,1,0,04,2026
1,2601,22,8,2010,10711,0,0,2,X,04,2026
1,2601,23,5,2010,145764,0,0,1,0,04,2026
1,2601,24,5,2010,399512,0,0,1,0,04,2026
1,2601,24,8,2010,81814,0,0,1,X,04,2026
1,2601,25,5,2010,69338,0,0,1,0,04,2026
1,2601,26,5,2010,8759883,0,0,1,0,04,2026
1,2601,27,7,2010,8454292,0,0,1,X,04,2026
1,2601,28,5,2010,90673,0,0,1,0,04,2026
1,2601,29,5,2010,2550,0,0,2,0,04,2026
1,2601,30,5,2010,142629,0,0,1,0,04,2026
1,2601,32,5,2010,79151,0,0,1,0,04,2026
1,2601,32,5,2010,26455,0,0,2,0,04,2026
1,2601,33,5,2010,6262,0,0,1,0,04,2026
1,2601,34,5,2010,102834,0,0,1,0,04,2026
1,2601,35,5,2010,363050,0,0,1,0,04,2026
1,2601,35,5,2010,11180,0,0,2,0,04,2026
1,2601,38,5,2010,1452424,0,0,1,0,04,2026
1,2601,38,5,2010,15317,0,0,2,0,04,2026
1,2601,39,5,2010,3736287,0,0,1,0,04,2026
1,2601,39,5,2010,832201,0,0,2,0,04,2026
1,2601,40,5,2010,4727049,0,0,1,0,04,2026
1,2601,40,5,2010,68313,0,0,2,0,04,2026
1,2601,42,5,2010,21072,0,0,1,0,04,2026
1,2601,44,5,2010,116354,0,0,1,0,04,2026
1,2601,44,5,2010,9458,0,0,2,0,04,2026
1,2601,47,5,2010,219420,0,0,1,0,04,2026
1,2601,48,5,2010,1137330,0,0,1,0,04,2026
1,2601,48,5,2010,136177,0,0,2,0,04,2026
1,2601,49,5,2010,53619,0,0,1,0,04,2026
1,2601,52,5,2010,2985,0,0,1,0,04,2026
1,2601,54,5,2010,229835,0,0,1,0,04,2026
1,2601,54,5,2010,13308,0,0,2,0,04,2026
1,2601,56,5,2010,1961864,0,0,1,0,04,2026
1,2601,56,5,2010,21419,0,0,2,0,04,2026
1,2601,58,5,2010,175144,0,0,1,0,04,2026
1,2601,58,5,2010,11420,0,0,2,0,04,2026
1,2601,59,5,2010,326819,0,0,1,0,04,2026
1,2601,60,5,2010,415535,0,0,1,0,04,2026
1,2601,61,5,2010,43358,0,0,1,0,04,2026
1,2601,61,5,2010,28901,0,0,2,0,04,2026
1,2601,62,5,2010,132240,0,0,1,0,04,2026
1,2601,63,5,2010,174914,0,0,1,0,04,2026
1,2601,63,5,2010,36166,0,0,2,0,04,2026
1,2601,64,5,2010,57297,0,0,1,0,04,2026
1,2601,65,5,2010,77666,0,0,1,0,04,2026
1,2601,65,5,2010,12092,0,0,2,0,04,2026
1,2601,67,5,2010,57970,0,0,1,0,04,2026
1,2601,68,5,2010,13854,0,0,1,0,04,2026
1,2601,69,5,2010,53910,0,0,1,0,04,2026
1,2601,69,5,2010,2700,0,0,2,0,04,2026
1,2601,70,5,2010,22525,0,0,1,0,04,2026
1,2601,71,5,2010,12994,0,0,1,0,04,2026
1,2601,71,5,2010,5415,0,0,2,0,04,2026
1,2601,72,5,2010,105674,0,0,1,0,04,2026
1,2601,73,5,2010,815658,0,0,1,0,04,2026
1,2601,73,5,2010,60443,0,0,2,0,04,2026
1,2601,74,5,2010,2722128,0,0,1,0,04,2026
1,2601,74,5,2010,38611,0,0,2,0,04,2026
1,2601,76,5,2010,589020,0,0,1,0,04,2026
1,2601,76,5,2010,104601,0,0,2,0,04,2026
1,2601,82,5,2010,90797,0,0,1,0,04,2026
1,2601,82,5,2010,30143,0,0,2,0,04,2026
1,2601,83,5,2010,193972,0,0,1,0,04,2026
1,2601,83,5,2010,25306,0,0,2,0,04,2026
1,2601,84,5,2010,3340712,0,0,1,0,04,2026
1,2601,84,5,2010,936621,0,0,2,0,04,2026
1,2601,85,5,2010,7875287,0,0,1,0,04,2026
1,2601,85,5,2010,5294652,0,0,2,0,04,2026
1,2601,87,5,2010,104342,0,0,1,0,04,2026
1,2601,87,5,2010,3473,0,0,2,0,04,2026
1,2601,87,8,2010,16391,0,0,1,X,04,2026
1,2601,88,5,2010,11380,0,0,2,0,04,2026
1,2601,90,5,2010,507303,0,0,1,0,04,2026
1,2601,90,5,2010,386560,0,0,2,0,04,2026
1,2601,93,5,2010,16196,0,0,1,0,04,2026
1,2601,94,5,2010,106116,0,0,1,0,04,2026
1,2601,94,5,2010,94197,0,0,2,0,04,2026
1,2601,95,5,2010,249047,0,0,1,0,04,2026
1,2601,95,5,2010,5700,0,0,2,0,04,2026
1,2601,96,5,2010,129519,0,0,1,0,04,2026
1,2602,84,8,2010,11000,0,0,1,X,04,2026
1,2602,87,5,2010,16500,0,0,1,0,04,2026
1,2602,87,8,2010,67000,0,0,1,X,04,2026
1,2603,32,5,2010,34376,0,0,1,0,04,2026
1,2603,38,5,2010,9821,0,0,1,0,04,2026
1,2603,39,5,2010,346037,0,0,1,0,04,2026
1,2603,40,5,2010,18549,0,0,1,0,04,2026
1,2603,40,5,2010,13686,0,0,2,0,04,2026
1,2603,68,5,2010,79713,0,0,1,0,04,2026
1,2603,69,5,2010,14333,0,0,1,0,04,2026
1,2603,69,5,2010,34650,0,0,2,0,04,2026
1,2603,72,5,2010,201121,0,0,1,0,04,2026
1,2603,73,5,2010,164068,0,0,1,0,04,2026
1,2603,73,5,2010,196800,0,0,2,0,04,2026
1,2603,74,5,2010,5947,0,0,2,0,04,2026
1,2603,84,5,2010,1370581,0,0,1,0,04,2026
1,2603,84,5,2010,319111,0,0,2,0,04,2026
1,2603,85,5,2010,189678,0,0,1,0,04,2026
1,2603,85,5,2010,118421,0,0,2,0,04,2026
1,2603,87,5,2010,171403,0,0,1,0,04,2026
1,2603,87,5,2010,14502,0,0,2,0,04,2026
1,2603,88,5,2010,3294,0,0,2,0,04,2026
1,2603,90,5,2010,11832,0,0,2,0,04,2026
1,2604,01,5,2010,77256,0,0,1,0,04,2026
1,2604,02,5,2010,5081283,0,0,1,0,04,2026
1,2604,02,5,2010,202746,0,0,2,0,04,2026
1,2604,04,5,2010,1742450,0,0,1,0,04,2026
1,2604,05,5,2010,290911,0,0,1,0,04,2026
1,2604,06,5,2010,193650,0,0,1,0,04,2026
1,2604,06,5,2010,207495,0,0,1,1,04,2026
1,2604,07,5,2010,646181,0,0,1,0,04,2026
1,2604,07,5,2010,169307,0,0,2,0,04,2026
1,2604,07,5,2010,19919,0,0,2,1,04,2026
1,2604,07,6,2010,438858,0,0,1,0,04,2026
1,2604,08,5,2010,26552313,0,0,1,0,04,2026
1,2604,08,5,2010,26340,0,0,2,0,04,2026
1,2604,09,5,2010,27473,0,0,1,0,04,2026
1,2604,09,5,2010,37584,0,0,2,0,04,2026
1,2604,10,5,2010,72800,0,0,1,0,04,2026
1,2604,10,5,2010,22525,0,0,2,0,04,2026
1,2604,10,6,2010,28849764,0,0,1,0,04,2026
1,2604,11,5,2010,88776,0,0,1,0,04,2026
1,2604,11,6,2010,6648263,0,0,1,1,04,2026
1,2604,12,5,2010,1435142,0,0,1,0,04,2026
1,2604,12,5,2010,126795,0,0,1,1,04,2026
1,2604,12,5,2010,1709484,0,0,2,0,04,2026
1,2604,12,5,2010,6579802,0,0,2,1,04,2026
1,2604,12,6,2010,5153881,0,0,1,0,04,2026
1,2604,12,8,2010,459344,0,0,1,X,04,2026
1,2604,14,5,2010,47700,0,0,1,0,04,2026
1,2604,15,5,2010,286813,0,0,1,0,04,2026
1,2604,16,5,2010,893490,0,0,1,0,04,2026
1,2604,17,5,2010,45894,0,0,1,0,04,2026
1,2604,17,6,2010,3175409,0,0,1,0,04,2026
1,2604,18,5,2010,20742,0,0,1,0,04,2026
1,2604,19,5,2010,544191,0,0,1,0,04,2026
1,2604,19,5,2010,3246,0,0,2,0,04,2026
1,2604,20,5,2010,2729109,0,0,1,0,04,2026
1,2604,20,5,2010,6300,0,0,2,0,04,2026
1,2604,20,6,2010,3057437,0,0,1,0,04,2026
1,2604,21,5,2010,1084051,0,0,1,0,04,2026
1,2604,21,5,2010,170168,0,0,1,1,04,2026
1,2604,22,5,2010,1152829,0,0,1,0,04,2026
1,2604,22,5,2010,11172,0,0,2,0,04,2026
1,2604,23,5,2010,1894881,0,0,1,0,04,2026
1,2604,23,6,2010,25985439,0,0,1,0,04,2026
1,2604,23,8,2010,19944,0,0,1,X,04,2026
1,2604,25,5,2010,440664,0,0,1,0,04,2026
1,2604,25,6,2010,21875,0,0,1,0,04,2026
1,2604,26,5,2010,124232710,0,0,1,0,04,2026
1,2604,26,6,2010,62394989,0,0,1,0,04,2026
1,2604,27,5,2010,27394018,0,0,1,0,04,2026
1,2604,27,5,2010,11266,0,0,1,1,04,2026
1,2604,27,5,2010,129131,0,0,2,0,04,2026
1,2604,27,6,2010,9118463,0,0,1,0,04,2026
1,2604,27,6,2010,3611261,0,0,1,1,04,2026
1,2604,28,5,2010,10324659,0,0,1,0,04,2026
1,2604,28,5,2010,52440,0,0,2,0,04,2026
1,2604,28,6,2010,1342882,0,0,1,0,04,2026
1,2604,28,8,2010,111914,0,0,1,X,04,2026
1,2604,28,8,2010,14074,0,0,2,X,04,2026
1,2604,29,5,2010,1597100,0,0,1,0,04,2026
1,2604,29,5,2010,14187,0,0,1,1,04,2026
1,2604,29,5,2010,59668,0,0,2,0,04,2026
1,2604,29,6,2010,452043,0,0,1,0,04,2026
1,2604,29,8,2010,3395,0,0,2,X,04,2026
1,2604,30,5,2010,100252,0,0,1,0,04,2026
1,2604,30,5,2010,4675,0,0,2,0,04,2026
1,2604,31,5,2010,3230761,0,0,1,0,04,2026
1,2604,31,6,2010,74614,0,0,1,0,04,2026
1,2604,32,5,2010,2852854,0,0,1,0,04,2026
1,2604,32,5,2010,112965,0,0,1,1,04,2026
1,2604,32,5,2010,171565,0,0,2,0,04,2026
1,2604,32,8,2010,33551,0,0,1,X,04,2026
1,2604,33,5,2010,4764537,0,0,1,0,04,2026
1,2604,33,5,2010,3588,0,0,2,0,04,2026
1,2604,33,5,2010,3912,0,0,2,1,04,2026
1,2604,34,5,2010,842793,0,0,1,0,04,2026
1,2604,34,5,2010,37398,0,0,1,1,04,2026
1,2604,34,5,2010,39462,0,0,2,0,04,2026
1,2604,34,8,2010,4755,0,0,1,X,04,2026
1,2604,35,5,2010,3440089,0,0,1,0,04,2026
1,2604,35,5,2010,22546,0,0,1,1,04,2026
1,2604,35,5,2010,169045,0,0,2,0,04,2026
1,2604,35,8,2010,52726,0,0,1,X,04,2026
1,2604,35,8,2010,7596,0,0,2,X,04,2026
1,2604,37,5,2010,30216,0,0,1,0,04,2026
1,2604,37,5,2010,64764,0,0,2,0,04,2026
1,2604,38,5,2010,2782222,0,0,1,0,04,2026
1,2604,38,5,2010,173661,0,0,1,1,04,2026
1,2604,38,5,2010,103767,0,0,2,0,04,2026
1,2604,38,6,2010,662134,0,0,1,0,04,2026
1,2604,38,8,2010,25006,0,0,1,X,04,2026
1,2604,39,3,2010,14550,14,0,1,0,04,2026
1,2604,39,5,2010,54765112,0,0,1,0,04,2026
1,2604,39,5,2010,4626572,0,0,1,1,04,2026
1,2604,39,5,2010,9636371,0,0,2,0,04,2026
1,2604,39,5,2010,908430,0,0,2,1,04,2026
1,2604,39,6,2010,5001158,0,0,1,0,04,2026
1,2604,39,6,2010,482818,0,0,1,1,04,2026
1,2604,39,8,2010,594235,0,0,1,X,04,2026
1,2604,39,8,2010,51686,0,0,2,X,04,2026
1,2604,40,3,2010,8765,35,0,1,0,04,2026
1,2604,40,5,2010,10444315,0,0,1,0,04,2026
1,2604,40,5,2010,2520,0,0,1,1,04,2026
1,2604,40,5,2010,2868725,0,0,2,0,04,2026
1,2604,40,5,2010,7729,0,0,2,1,04,2026
1,2604,40,8,2010,189613,0,0,1,X,04,2026
1,2604,40,8,2010,8748,0,0,2,X,04,2026
1,2604,41,5,2010,95912,0,0,1,0,04,2026
1,2604,41,5,2010,79717,0,0,2,0,04,2026
1,2604,42,5,2010,82647,0,0,1,0,04,2026
1,2604,42,5,2010,632805,0,0,2,0,04,2026
1,2604,44,5,2010,746148,0,0,1,0,04,2026
1,2604,44,5,2010,2780,0,0,1,1,04,2026
1,2604,44,5,2010,287180,0,0,2,0,04,2026
1,2604,44,8,2010,36573,0,0,1,X,04,2026
1,2604,47,5,2010,75811,0,0,1,0,04,2026
1,2604,48,5,2010,13692119,0,0,1,0,04,2026
1,2604,48,5,2010,1619463,0,0,1,1,04,2026
1,2604,48,5,2010,370342,0,0,2,0,04,2026
1,2604,48,6,2010,10900558,0,0,1,0,04,2026
1,2604,48,8,2010,2564,0,0,1,X,04,2026
1,2604,49,5,2010,3123521,0,0,1,0,04,2026
1,2604,49,5,2010,23000,0,0,2,0,04,2026
1,2604,49,8,2010,4464,0,0,1,X,04,2026
1,2604,52,5,2010,30436,0,0,1,0,04,2026
1,2604,54,5,2010,149588,0,0,1,0,04,2026
1,2604,54,5,2010,4741,0,0,1,1,04,2026
1,2604,54,5,2010,129278,0,0,2,0,04,2026
1,2604,54,5,2010,28748,0,0,2,1,04,2026
1,2604,55,5,2010,98221,0,0,1,0,04,2026
1,2604,56,5,2010,3656355,0,0,1,0,04,2026
1,2604,56,5,2010,34983,0,0,1,1,04,2026
1,2604,56,5,2010,30683,0,0,2,0,04,2026
1,2604,56,5,2010,31387,0,0,2,1,04,2026
1,2604,56,8,2010,8551,0,0,1,X,04,2026
1,2604,57,5,2010,497287,0,0,1,0,04,2026
1,2604,57,5,2010,144408,0,0,2,0,04,2026
1,2604,58,5,2010,506896,0,0,1,0,04,2026
1,2604,58,5,2010,119703,0,0,2,0,04,2026
1,2604,59,5,2010,1273219,0,0,1,0,04,2026
1,2604,59,5,2010,2655,0,0,1,1,04,2026
1,2604,59,5,2010,130030,0,0,2,0,04,2026
1,2604,59,8,2010,4536,0,0,1,X,04,2026
1,2604,60,5,2010,17322,0,0,1,0,04,2026
1,2604,60,5,2010,56113,0,0,2,0,04,2026
1,2604,61,5,2010,126145,0,0,1,0,04,2026
1,2604,61,5,2010,9834,0,0,1,1,04,2026
1,2604,61,5,2010,21942,0,0,2,0,04,2026
1,2604,62,5,2010,3587824,0,0,1,0,04,2026
1,2604,62,5,2010,49808,0,0,2,0,04,2026
1,2604,63,5,2010,742080,0,0,1,0,04,2026
1,2604,63,5,2010,24586,0,0,2,0,04,2026
1,2604,64,5,2010,267901,0,0,1,0,04,2026
1,2604,64,5,2010,4569,0,0,2,0,04,2026
1,2604,65,5,2010,122097,0,0,1,0,04,2026
1,2604,65,5,2010,15253,0,0,2,0,04,2026
1,2604,66,5,2010,33360,0,0,1,0,04,2026
1,2604,66,5,2010,6912,0,0,2,0,04,2026
1,2604,67,5,2010,49684,0,0,1,0,04,2026
1,2604,68,5,2010,534762,0,0,1,0,04,2026
1,2604,68,5,2010,7990,0,0,1,1,04,2026
1,2604,68,5,2010,482006,0,0,2,0,04,2026
1,2604,68,8,2010,32492,0,0,1,X,04,2026
1,2604,69,5,2010,122846,0,0,1,0,04,2026
1,2604,69,5,2010,407778,0,0,2,0,04,2026
1,2604,69,8,2010,15157,0,0,1,X,04,2026
1,2604,70,5,2010,676257,0,0,1,0,04,2026
1,2604,70,5,2010,34398,0,0,1,1,04,2026
1,2604,70,5,2010,54901,0,0,2,0,04,2026
1,2604,70,8,2010,151025,0,0,1,X,04,2026
1,2604,71,5,2010,1977504,0,0,1,0,04,2026
1,2604,71,5,2010,105029,0,0,2,0,04,2026
1,2604,72,5,2010,7395798,0,0,1,0,04,2026
1,2604,72,5,2010,641191,0,0,2,0,04,2026
1,2604,72,6,2010,5127298,0,0,1,0,04,2026
1,2604,72,8,2010,3715,0,0,1,X,04,2026
1,2604,73,3,2010,10068,20,0,1,0,04,2026
1,2604,73,5,2010,9919528,0,0,1,0,04,2026
1,2604,73,5,2010,270741,0,0,1,1,04,2026
1,2604,73,5,2010,1642334,0,0,2,0,04,2026
1,2604,73,5,2010,6772,0,0,2,1,04,2026
1,2604,73,8,2010,571258,0,0,1,X,04,2026
1,2604,73,8,2010,100958,0,0,2,X,04,2026
1,2604,74,5,2010,11951009,0,0,1,0,04,2026
1,2604,74,5,2010,8754615,0,0,1,1,04,2026
1,2604,74,5,2010,1513639,0,0,2,0,04,2026
1,2604,74,5,2010,26396,0,0,2,1,04,2026
1,2604,74,8,2010,340810,0,0,1,X,04,2026
1,2604,74,8,2010,34256,0,0,2,X,04,2026
1,2604,75,5,2010,2884548,0,0,1,0,04,2026
1,2604,75,5,2010,223576,0,0,2,0,04,2026
1,2604,75,8,2010,2595,0,0,1,X,04,2026
1,2604,76,3,2010,12150,4,0,1,0,04,2026
1,2604,76,5,2010,9089722,0,0,1,0,04,2026
1,2604,76,5,2010,360782,0,0,1,1,04,2026
1,2604,76,5,2010,593601,0,0,2,0,04,2026
1,2604,76,5,2010,15354,0,0,2,1,04,2026
1,2604,76,8,2010,302432,0,0,1,X,04,2026
1,2604,76,8,2010,48168,0,0,2,X,04,2026
1,2604,78,5,2010,14979,0,0,1,0,04,2026
1,2604,79,5,2010,254956,0,0,1,0,04,2026
1,2604,79,5,2010,181382,0,0,2,0,04,2026
1,2604,80,5,2010,128537,0,0,1,0,04,2026
1,2604,80,5,2010,7051,0,0,2,0,04,2026
1,2604,80,8,2010,3553,0,0,1,X,04,2026
1,2604,81,5,2010,1217118,0,0,1,0,04,2026
1,2604,81,5,2010,157393,0,0,2,0,04,2026
1,2604,82,5,2010,1818790,0,0,1,0,04,2026
1,2604,82,5,2010,129017,0,0,1,1,04,2026
1,2604,82,5,2010,429594,0,0,2,0,04,2026
1,2604,82,8,2010,16257,0,0,1,X,04,2026
1,2604,82,8,2010,6685,0,0,2,X,04,2026
1,2604,83,5,2010,5304135,0,0,1,0,04,2026
1,2604,83,5,2010,5712,0,0,1,1,04,2026
1,2604,83,5,2010,1909320,0,0,2,0,04,2026
1,2604,83,5,2010,7811,0,0,2,1,04,2026
1,2604,83,8,2010,70703,0,0,1,X,04,2026
1,2604,84,3,2010,140025,1705,0,1,0,04,2026
1,2604,84,5,2010,52045076,0,0,1,0,04,2026
1,2604,84,5,2010,1952605,0,0,1,1,04,2026
1,2604,84,5,2010,34467597,0,0,2,0,04,2026
1,2604,84,5,2010,25244,0,0,2,1,04,2026
1,2604,84,8,2010,808220,0,0,1,X,04,2026
1,2604,84,8,2010,236362,0,0,2,X,04,2026
1,2604,85,3,2010,214068,266,0,2,0,04,2026
1,2604,85,5,2010,107911022,0,0,1,0,04,2026
1,2604,85,5,2010,87514,0,0,1,1,04,2026
1,2604,85,5,2010,66702170,0,0,2,0,04,2026
1,2604,85,5,2010,25959,0,0,2,1,04,2026
1,2604,85,8,2010,3145542,0,0,1,X,04,2026
1,2604,85,8,2010,1175473,0,0,2,X,04,2026
1,2604,86,5,2010,242505,0,0,1,0,04,2026
1,2604,87,5,2010,8016581,0,0,1,0,04,2026
1,2604,87,5,2010,18723273,0,0,2,0,04,2026
1,2604,87,8,2010,7341515,0,0,1,X,04,2026
1,2604,87,8,2010,1990098,0,0,2,X,04,2026
1,2604,88,5,2010,12104307,0,0,1,0,04,2026
1,2604,88,5,2010,562629,0,0,2,0,04,2026
1,2604,88,8,2010,115698,0,0,1,X,04,2026
1,2604,88,8,2010,46591,0,0,2,X,04,2026
1,2604,89,8,2010,30805,0,0,1,X,04,2026
1,2604,90,5,2010,21072238,0,0,1,0,04,2026
1,2604,90,5,2010,123446,0,0,1,1,04,2026
1,2604,90,5,2010,13721348,0,0,2,0,04,2026
1,2604,90,5,2010,47472,0,0,2,1,04,2026
1,2604,90,6,2010,38970,0,0,2,1,04,2026
1,2604,90,8,2010,51125,0,0,1,X,04,2026
1,2604,90,8,2010,4121,0,0,2,X,04,2026
1,2604,91,5,2010,485775,0,0,1,0,04,2026
1,2604,91,5,2010,4125,0,0,2,0,04,2026
1,2604,92,5,2010,10509,0,0,1,0,04,2026
1,2604,92,5,2010,48574,0,0,2,0,04,2026
1,2604,94,5,2010,1063316,0,0,1,0,04,2026
1,2604,94,5,2010,25913,0,0,1,1,04,2026
1,2604,94,5,2010,515469,0,0,2,0,04,2026
1,2604,94,5,2010,7334,0,0,2,1,04,2026
1,2604,94,8,2010,11426,0,0,1,X,04,2026
1,2604,95,5,2010,1337034,0,0,1,0,04,2026
1,2604,95,5,2010,3745223,0,0,2,0,04,2026
1,2604,96,5,2010,574753,0,0,1,0,04,2026
1,2604,96,5,2010,3063,0,0,1,1,04,2026
1,2604,96,5,2010,66716,0,0,2,0,04,2026
1,2604,96,8,2010,3038,0,0,1,X,04,2026
1,2604,96,8,2010,3224,0,0,2,X,04,2026
1,2604,97,5,2010,2954,0,0,1,0,04,2026
1,2604,97,5,2010,52001,0,0,2,0,04,2026
1,2604,98,5,2010,78439,0,0,1,0,04,2026
1,2605,63,3,2010,6821,4,0,1,0,04,2026
1,2605,82,3,2010,6209,3,0,1,0,04,2026
1,2605,84,3,2010,5950617,4689,0,1,0,04,2026
1,2605,84,3,2010,19206,21,0,2,0,04,2026
1,2605,85,3,2010,91491,433,0,1,0,04,2026
1,2605,85,3,2010,12395,56,0,2,0,04,2026
1,2605,87,3,2010,6500,213,0,1,0,04,2026
1,2605,88,3,2010,180292,220,0,1,0,04,2026
1,2605,90,3,2010,6774,5,0,1,0,04,2026
1,2605,90,3,2010,11382,3,0,2,0,04,2026
1,2605,95,3,2010,3903,10,0,1,0,04,2026
1,2606,12,5,2010,7930,0,0,2,0,04,2026
1,2606,23,5,2010,3201,0,0,2,0,04,2026
1,2606,31,5,2010,7488,0,0,1,0,04,2026
1,2606,32,5,2010,13068,0,0,1,0,04,2026
1,2606,38,5,2010,4250,0,0,1,0,04,2026
1,2606,38,5,2010,40976,0,0,2,0,04,2026
1,2606,39,5,2010,4753,0,0,2,0,04,2026
1,2606,69,5,2010,4841,0,0,2,0,04,2026
1,2606,94,5,2010,41815,0,0,2,0,04,2026
1,2608,02,5,2010,1142566,0,0,1,0,04,2026
1,2608,04,5,2010,52397,0,0,1,0,04,2026
1,2608,06,5,2010,1166107,0,0,1,0,04,2026
1,2608,07,5,2010,8384801,0,0,1,0,04,2026
1,2608,08,5,2010,9379829,0,0,1,0,04,2026
1,2608,09,5,2010,39460,0,0,1,0,04,2026
1,2608,09,5,2010,17954,0,0,2,0,04,2026
1,2608,11,5,2010,63287,0,0,1,0,04,2026
1,2608,12,5,2010,210623,0,0,1,0,04,2026
1,2608,15,5,2010,186162,0,0,1,0,04,2026
1,2608,16,5,2010,102173,0,0,1,0,04,2026
1,2608,19,5,2010,117262,0,0,1,0,04,2026
1,2608,20,5,2010,95242,0,0,1,0,04,2026
1,2608,21,5,2010,5807397,0,0,1,0,04,2026
1,2608,25,5,2010,2940,0,0,1,0,04,2026
1,2608,28,5,2010,24000,0,0,1,0,04,2026
1,2608,29,5,2010,15031,0,0,1,0,04,2026
1,2608,29,5,2010,21500,0,0,2,0,04,2026
1,2608,31,5,2010,91746,0,0,1,0,04,2026
1,2608,32,5,2010,58856,0,0,1,0,04,2026
1,2608,32,5,2010,33938,0,0,2,0,04,2026
1,2608,33,5,2010,135598,0,0,1,0,04,2026
1,2608,33,5,2010,8400,0,0,2,0,04,2026
1,2608,34,5,2010,29827,0,0,1,0,04,2026
1,2608,35,5,2010,26082,0,0,1,0,04,2026
1,2608,38,5,2010,395162,0,0,1,0,04,2026
1,2608,39,5,2010,2536493,0,0,1,0,04,2026
1,2608,39,5,2010,414846,0,0,2,0,04,2026
1,2608,40,5,2010,814647,0,0,1,0,04,2026
1,2608,40,5,2010,45331,0,0,2,0,04,2026
1,2608,41,5,2010,93818,0,0,2,0,04,2026
1,2608,44,5,2010,384565,0,0,1,0,04,2026
1,2608,44,5,2010,38319,0,0,2,0,04,2026
1,2608,47,5,2010,3400,0,0,1,0,04,2026
1,2608,48,5,2010,1769268,0,0,1,0,04,2026
1,2608,48,5,2010,3000,0,0,2,0,04,2026
1,2608,49,5,2010,6080,0,0,1,0,04,2026
1,2608,52,5,2010,118158,0,0,1,0,04,2026
1,2608,53,5,2010,3593,0,0,2,0,04,2026
1,2608,54,5,2010,34241,0,0,1,0,04,2026
1,2608,55,5,2010,2570,0,0,1,0,04,2026
1,2608,56,5,2010,10274,0,0,1,0,04,2026
1,2608,57,5,2010,13981,0,0,2,0,04,2026
1,2608,58,5,2010,14989,0,0,1,0,04,2026
1,2608,59,5,2010,26640,0,0,1,0,04,2026
1,2608,59,5,2010,23700,0,0,2,0,04,2026
1,2608,60,5,2010,199717,0,0,1,0,04,2026
1,2608,61,5,2010,962230,0,0,1,0,04,2026
1,2608,61,5,2010,298848,0,0,2,0,04,2026
1,2608,62,5,2010,122382,0,0,2,0,04,2026
1,2608,63,5,2010,3981,0,0,1,0,04,2026
1,2608,63,5,2010,35043,0,0,2,0,04,2026
1,2608,64,5,2010,149810,0,0,2,0,04,2026
1,2608,65,5,2010,4790,0,0,2,0,04,2026
1,2608,68,5,2010,56863,0,0,1,0,04,2026
1,2608,68,5,2010,21168,0,0,2,0,04,2026
1,2608,69,5,2010,12660,0,0,2,0,04,2026
1,2608,70,5,2010,432661,0,0,1,0,04,2026
1,2608,70,5,2010,65814,0,0,2,0,04,2026
1,2608,72,5,2010,693034,0,0,1,0,04,2026
1,2608,73,5,2010,513010,0,0,1,0,04,2026
1,2608,73,5,2010,269551,0,0,2,0,04,2026
1,2608,74,5,2010,11000,0,0,1,0,04,2026
1,2608,75,5,2010,70172,0,0,2,0,04,2026
1,2608,76,5,2010,25411,0,0,1,0,04,2026
1,2608,82,5,2010,18090,0,0,1,0,04,2026
1,2608,82,5,2010,52100,0,0,2,0,04,2026
1,2608,83,5,2010,362822,0,0,1,0,04,2026
1,2608,84,5,2010,1800553,0,0,1,0,04,2026
1,2608,84,5,2010,569648,0,0,2,0,04,2026
1,2608,84,8,2010,25000,0,0,1,X,04,2026
1,2608,85,5,2010,730956,0,0,1,0,04,2026
1,2608,85,5,2010,1091304,0,0,2,0,04,2026
1,2608,87,5,2010,11653127,0,0,1,0,04,2026
1,2608,87,5,2010,2222413,0,0,2,0,04,2026
1,2608,89,5,2010,6000,0,0,1,0,04,2026
1,2608,90,5,2010,34246,0,0,1,0,04,2026
1,2608,90,5,2010,5673,0,0,2,0,04,2026
1,2608,94,5,2010,572673,0,0,1,0,04,2026
1,2608,94,5,2010,206451,0,0,2,0,04,2026
1,2608,95,5,2010,12912,0,0,1,0,04,2026
1,2608,95,5,2010,101675,0,0,2,0,04,2026
1,2608,96,5,2010,24140,0,0,1,0,04,2026
1,2608,96,5,2010,3456,0,0,2,0,04,2026
1,2608,98,5,2010,4378,0,0,1,0,04,2026
1,2609,85,3,2010,4900,9,0,1,0,04,2026
1,2609,85,3,2010,29958,73,0,2,0,04,2026
1,2609,88,3,2010,2644,26,0,1,0,04,2026
1,2609,90,3,2010,61067,115,0,1,0,04,2026
1,26XX,30,3,1220,17736,354,348,1,X,04,2026
1,26XX,84,3,1220,14772,49,260,1,X,04,2026
1,26XX,84,3,1220,47745,423,820,2,X,04,2026
1,26XX,85,3,1220,122336,14,1189,1,X,04,2026
1,26XX,85,3,1220,10145,100,199,2,X,04,2026
1,26XX,88,3,1220,802484,3464,5783,1,X,04,2026
1,26XX,88,3,1220,19953758,12096,957,2,X,04,2026
1,26XX,90,3,1220,39243,19,778,1,X,04,2026
1,26XX,90,3,1220,3887,152,99,2,X,04,2026
1,26XX,98,8,1220,748327,0,727,1,X,04,2026
1,2704,08,1,2010,2472300,293827,0,1,1,04,2026
1,2704,28,1,2010,139248,75312,0,1,1,04,2026
1,2704,29,1,2010,29000,22615,0,1,1,04,2026
1,2704,47,1,2010,157047,683100,0,1,1,04,2026
1,2704,59,1,2010,36754,13222,0,1,1,04,2026
1,2704,72,1,2010,11168583,30005000,0,1,0,04,2026
1,2704,84,1,2010,8500,2268,0,1,1,04,2026
1,2704,84,1,2010,105762,9053,0,2,1,04,2026
1,2704,85,1,1220,10245,253,108,2,X,04,2026
1,2704,85,1,2010,141650,7494,0,2,1,04,2026
1,2720,03,3,2010,6496,353,0,2,0,04,2026
1,2720,12,3,2010,2616,2,0,2,0,04,2026
1,2720,20,3,2010,5364,1633,0,1,0,04,2026
1,2720,27,3,2010,4331,3093,0,1,0,04,2026
1,2720,28,3,2010,7954029,1257,0,1,0,04,2026
1,2720,30,3,2010,10228630,11366,0,1,0,04,2026
1,2720,30,3,2010,26727,165,0,2,0,04,2026
1,2720,32,3,2010,127716,439,0,1,0,04,2026
1,2720,32,3,2010,258341,810,0,2,0,04,2026
1,2720,33,3,2010,2904,131,0,1,0,04,2026
1,2720,34,3,2010,42998,278,0,1,0,04,2026
1,2720,34,3,2010,11025,140,0,2,0,04,2026
1,2720,35,3,2010,39373,378,0,1,0,04,2026
1,2720,37,3,2010,23140,78,0,1,0,04,2026
1,2720,38,3,2010,2961000,11502,0,1,0,04,2026
1,2720,38,3,2010,134047,607,0,2,0,04,2026
1,2720,39,3,2010,371178,3067,0,1,0,04,2026
1,2720,39,3,2010,1081951,4263,0,2,0,04,2026
1,2720,40,3,2010,8621,5,0,1,0,04,2026
1,2720,42,3,2010,25924,290,0,2,0,04,2026
1,2720,48,3,2010,2750,3654,0,1,0,04,2026
1,2720,48,3,2010,3192,145,0,2,0,04,2026
1,2720,49,3,2010,44220,265,0,1,0,04,2026
1,2720,49,3,2010,13438,37,0,2,0,04,2026
1,2720,55,3,2010,2565,15,0,1,0,04,2026
1,2720,55,3,2010,15222,1318,0,2,0,04,2026
1,2720,59,3,2010,8270,787,0,2,0,04,2026
1,2720,61,3,2010,15783,355,0,1,0,04,2026
1,2720,61,3,2010,114143,4078,0,2,0,04,2026
1,2720,62,3,2010,178018,4306,0,1,0,04,2026
1,2720,62,3,2010,353972,10233,0,2,0,04,2026
1,2720,63,3,2010,27298,218,0,1,0,04,2026
1,2720,63,3,2010,38706,9601,0,2,0,04,2026
1,2720,68,3,2010,6986,12,0,1,1,04,2026
1,2720,70,3,2010,3080,10,0,2,0,04,2026
1,2720,71,3,2010,178410,3,0,1,0,04,2026
1,2720,71,3,2010,14133,2,0,2,0,04,2026
1,2720,72,3,2010,252913,6737,0,1,0,04,2026
1,2720,73,3,2010,315729,3594,0,1,0,04,2026
1,2720,73,3,2010,90242,101,0,2,0,04,2026
1,2720,74,3,2010,2924,8,0,1,0,04,2026
1,2720,75,3,2010,199237,55,0,1,0,04,2026
1,2720,75,3,2010,164541,12,0,2,0,04,2026
1,2720,76,3,2010,199713,905,0,1,0,04,2026
1,2720,81,3,2010,32482,19,0,1,0,04,2026
1,2720,82,3,2010,20272,294,0,1,0,04,2026
1,2720,82,3,2010,5236,120,0,2,0,04,2026
1,2720,83,3,2010,467122,2185,0,1,0,04,2026
1,2720,84,3,2010,3931711,8860,0,1,0,04,2026
1,2720,84,3,2010,1858319863,315900,0,2,0,04,2026
1,2720,84,3,2010,81609,207,0,2,1,04,2026
1,2720,85,3,2010,3712289,20169,0,1,0,04,2026
1,2720,85,3,2010,7141,4,0,1,1,04,2026
1,2720,85,3,2010,222070671,217100,0,2,0,04,2026
1,2720,85,3,2010,533199,750,0,2,1,04,2026
1,2720,87,3,2010,28879,1746,0,1,0,04,2026
1,2720,87,3,2010,60674,96,0,2,0,04,2026
1,2720,88,3,2010,2311985,9798,0,1,0,04,2026
1,2720,88,3,2010,386614,448,0,2,0,04,2026
1,2720,88,8,2010,5830,0,0,2,X,04,2026
1,2720,90,3,2010,7586557,17893,0,1,0,04,2026
1,2720,90,3,2010,3286471,6886,0,2,0,04,2026
1,2720,90,8,2010,16740,0,0,1,X,04,2026
1,2720,92,3,2010,138465,840,0,1,0,04,2026
1,2720,92,3,2010,540694,4099,0,2,0,04,2026
1,2720,94,3,2010,249928,9088,0,1,0,04,2026
1,2720,94,3,2010,67442,520,0,2,0,04,2026
1,2720,95,3,2010,172400,4839,0,1,0,04,2026
1,2720,95,3,2010,4783,34,0,2,0,04,2026
1,2720,96,3,2010,56080,80,0,2,0,04,2026
1,2720,97,3,2010,750000,519,0,2,0,04,2026
1,2720,98,8,2010,3423101,0,0,1,X,04,2026
1,27XX,03,3,1220,49577,8401,1483,1,X,04,2026
1,27XX,03,3,1220,297025,24096,25572,2,X,04,2026
1,27XX,05,3,1220,15476,214,302,1,X,04,2026
1,27XX,06,3,1220,2909,147,14,1,X,04,2026
1,27XX,08,1,2010,534600,61100,0,1,0,04,2026
1,27XX,08,1,2010,263560,41678,0,1,1,04,2026
1,27XX,12,3,1220,28447,7073,1070,2,X,04,2026
1,27XX,21,3,1220,15449,600,303,1,X,04,2026
1,27XX,27,1,1220,6740735,21999800,3271,1,X,04,2026
1,27XX,28,3,1220,3575,12,50,1,X,04,2026
1,27XX,29,1,2010,9547,1745,0,1,1,04,2026
1,27XX,29,3,1220,24934,13,124,2,X,04,2026
1,27XX,30,3,1220,4687424,7228,11907,1,X,04,2026
1,27XX,30,3,1220,277446,872,1308,2,X,04,2026
1,27XX,32,3,1220,15865,4656,133,1,X,04,2026
1,27XX,35,3,1220,121252,977,603,1,X,04,2026
1,27XX,37,3,1220,7039,17,79,1,X,04,2026
1,27XX,38,1,2010,44179,5040,0,1,1,04,2026
1,27XX,38,3,1220,612710,1927,3468,1,X,04,2026
1,27XX,39,3,1220,14684,90,287,2,X,04,2026
1,27XX,47,1,2010,48297,243592,0,1,1,04,2026
1,27XX,61,3,1220,109865,3249,1369,2,X,04,2026
1,27XX,71,3,1220,9748,1,191,2,X,04,2026
1,27XX,72,3,1220,7874,150,154,2,X,04,2026
1,27XX,73,3,1220,19746,1665,396,1,X,04,2026
1,27XX,73,3,1220,3037,171,0,2,X,04,2026
1,27XX,84,3,1220,94478,725,723,1,X,04,2026
1,27XX,84,3,1220,180703,1165,6380,2,X,04,2026
1,27XX,85,3,1220,243263,1162,2737,1,X,04,2026
1,27XX,85,3,1220,369318,1152,5411,2,X,04,2026
1,27XX,85,3,2010,22700,57,0,1,0,04,2026
1,27XX,85,3,2010,3143,1,0,2,0,04,2026
1,27XX,87,3,2010,192325,1680,0,2,0,04,2026
1,27XX,88,3,1220,917629,2886,3023,1,X,04,2026
1,27XX,88,3,2010,9550,3,0,1,0,04,2026
1,27XX,90,3,1220,618350,1566,1559,1,X,04,2026
1,27XX,90,3,1220,524766,2655,1473,2,X,04,2026
1,27XX,90,3,2010,6128,2,0,1,0,04,2026
1,27XX,90,3,2010,13662,28,0,2,0,04,2026
1,27XX,92,3,1220,5146,96,100,2,X,04,2026
1,27XX,93,3,1220,10840,25,212,1,X,04,2026
1,27XX,95,3,1220,52562,1980,519,2,X,04,2026
1,27XX,97,3,1220,5262,8,1,1,X,04,2026
1,2801,12,3,2010,718944,3811,0,1,0,04,2026
1,2801,12,3,2010,256567,2779,0,2,0,04,2026
1,2801,30,3,2010,11577,104,0,1,0,04,2026
1,2801,30,3,2010,60506,44,0,2,0,04,2026
1,2801,38,3,2010,64924,194,0,1,0,04,2026
1,2801,39,3,2010,289424,780,0,1,0,04,2026
1,2801,62,3,2010,2508,449,0,1,0,04,2026
1,2801,71,3,2010,28066,1,0,1,0,04,2026
1,2801,76,3,2010,5145,61,0,1,0,04,2026
1,2801,83,3,2010,50426,345,0,2,0,04,2026
1,2801,84,3,2010,1090124,721,0,1,0,04,2026
1,2801,84,3,2010,318416979,52607,0,2,0,04,2026
1,2801,85,3,2010,3239212,10570,0,1,0,04,2026
1,2801,85,3,2010,14953054,6742,0,2,0,04,2026
1,2801,87,3,2010,11940,274,0,2,0,04,2026
1,2801,88,3,2010,7592,7,0,1,0,04,2026
1,2801,88,3,2010,5709155,2154,0,2,0,04,2026
1,2801,90,3,2010,564353,187,0,1,0,04,2026
1,2801,90,3,2010,184845,156,0,2,0,04,2026
1,28XX,04,1,2010,71444,19631,0,1,1,04,2026
1,28XX,08,1,2010,178200,20500,0,1,0,04,2026
1,28XX,08,1,2010,103500,20448,0,1,1,04,2026
1,28XX,10,1,2010,19348,19489,0,1,0,04,2026
1,28XX,10,1,2010,19349,19780,0,1,1,04,2026
1,28XX,11,1,2010,132000,21428,0,1,1,04,2026
1,28XX,20,1,2010,149053,191657,0,1,1,04,2026
1,28XX,22,1,1220,530959,284637,216,1,X,04,2026
1,28XX,22,1,2010,330062,31644,0,1,1,04,2026
1,28XX,27,1,2010,7502012,6403459,0,1,0,04,2026
1,28XX,29,3,1220,5196,1,127,1,X,04,2026
1,28XX,39,3,2010,12222,25,0,1,0,04,2026
1,28XX,42,3,1220,45354,299,225,2,X,04,2026
1,28XX,47,1,2010,159204,584177,0,1,1,04,2026
1,28XX,71,3,1220,3545,1,12,1,X,04,2026
1,28XX,73,3,1220,11323,416,273,2,X,04,2026
1,28XX,76,3,1220,7221,87,655,1,X,04,2026
1,28XX,84,3,1220,644728,1018,5703,1,X,04,2026
1,28XX,84,3,1220,1233396,1384,2680,2,X,04,2026
1,28XX,84,3,2010,134763,815,0,1,0,04,2026
1,28XX,84,3,2010,7050,2,0,2,0,04,2026
1,28XX,85,3,1220,127299,512,2039,1,X,04,2026
1,28XX,85,3,1220,2218873,7915,66738,2,X,04,2026
1,28XX,88,3,1220,32201,324,630,1,X,04,2026
1,28XX,90,3,1220,377474,1023,4137,1,X,04,2026
1,28XX,90,3,1220,5961,9,106,2,X,04,2026
1,28XX,98,8,1220,57961,0,1444,1,X,04,2026
1,29XX,12,3,1220,3715,678,522,1,X,04,2026
1,29XX,27,1,1220,5221617,10000000,480,1,X,04,2026
1,29XX,31,1,2010,2642200,8800000,0,2,0,04,2026
1,29XX,39,3,2010,3075,32,0,1,0,04,2026
1,29XX,74,3,2010,82632,255,0,1,0,04,2026
1,29XX,84,3,1220,13247,264,296,1,X,04,2026
1,29XX,85,3,1220,93742,134,293,1,X,04,2026
1,29XX,85,3,1220,4052,8,83,2,X,04,2026
1,29XX,90,3,1220,1086427,626,10895,1,X,04,2026
1,29XX,90,3,1220,15914,14,156,2,X,04,2026
1,29XX,90,3,2010,43187,31,0,1,0,04,2026
1,3001,07,5,1220,24821,0,2414,1,X,04,2026
1,3001,08,5,1220,36897,0,723,2,X,04,2026
1,3001,08,6,1220,98084,0,3271,1,X,04,2026
1,3001,09,5,1220,331455,0,7611,2,X,04,2026
1,3001,09,6,1220,1054747,0,22897,2,X,04,2026
1,3001,12,5,1220,175419,0,884,1,X,04,2026
1,3001,12,5,1220,11448,0,183,2,X,04,2026
1,3001,12,6,1220,20383,0,363,1,X,04,2026
1,3001,13,5,1220,34669,0,1370,1,X,04,2026
1,3001,13,5,1220,42465,0,1240,2,X,04,2026
1,3001,15,5,1220,270920,0,6542,2,X,04,2026
1,3001,18,5,1220,1103175,0,28041,1,X,04,2026
1,3001,19,5,1220,229249,0,6042,1,X,04,2026
1,3001,20,5,1220,885624,0,15062,1,X,04,2026
1,3001,21,5,1220,783214,0,37274,1,X,04,2026
1,3001,21,5,1220,5124,0,383,2,X,04,2026
1,3001,22,5,1220,11470,0,889,1,X,04,2026
1,3001,23,5,1220,17121,0,130,2,X,04,2026
1,3001,23,6,1220,86730,0,857,1,X,04,2026
1,3001,25,5,1220,47180,0,4453,1,X,04,2026
1,3001,25,6,1220,31748,0,180,1,X,04,2026
1,3001,27,5,1220,572209,0,7373,1,X,04,2026
1,3001,27,6,1220,60488,0,3271,1,X,04,2026
1,3001,28,5,1220,41588,0,4022,1,X,04,2026
1,3001,28,6,1220,393459,0,3894,1,X,04,2026
1,3001,29,5,1220,288000,0,23566,1,X,04,2026
1,3001,29,5,1220,76208,0,4600,2,X,04,2026
1,3001,30,5,1220,637046,0,16074,1,X,04,2026
1,3001,30,5,1220,312042,0,3792,2,X,04,2026
1,3001,32,5,1220,438013,0,25358,1,X,04,2026
1,3001,32,5,1220,6588,0,263,2,X,04,2026
1,3001,33,5,1220,140113,0,3639,1,X,04,2026
1,3001,33,5,1220,159348,0,4454,2,X,04,2026
1,3001,34,5,1220,74438,0,5771,1,X,04,2026
1,3001,34,5,1220,16190,0,618,2,X,04,2026
1,3001,35,5,1220,706560,0,9627,1,X,04,2026
1,3001,35,5,1220,415056,0,13283,2,X,04,2026
1,3001,37,5,1220,3310,0,130,1,X,04,2026
1,3001,38,5,1220,455252,0,16417,1,X,04,2026
1,3001,38,5,1220,32122,0,1293,2,X,04,2026
1,3001,39,5,1220,2231722,0,122887,1,X,04,2026
1,3001,39,5,1220,275085,0,11629,2,X,04,2026
1,3001,39,6,1220,168815,0,13032,1,X,04,2026
1,3001,40,5,1220,469617,0,21936,1,X,04,2026
1,3001,40,5,1220,118094,0,6651,2,X,04,2026
1,3001,40,6,1220,767447,0,26168,1,X,04,2026
1,3001,41,5,1220,4157,0,356,1,X,04,2026
1,3001,41,5,1220,7524,0,420,2,X,04,2026
1,3001,42,5,1220,26371,0,1828,1,X,04,2026
1,3001,42,5,1220,46190,0,2689,2,X,04,2026
1,3001,44,5,1220,156932,0,6884,1,X,04,2026
1,3001,44,5,1220,22872,0,2033,2,X,04,2026
1,3001,44,6,1220,26026,0,363,1,X,04,2026
1,3001,45,5,1220,2553,0,42,1,X,04,2026
1,3001,46,5,1220,9324,0,212,1,X,04,2026
1,3001,47,5,1220,24625,0,2295,1,X,04,2026
1,3001,48,5,1220,860697,0,63224,1,X,04,2026
1,3001,48,5,1220,50751,0,2637,2,X,04,2026
1,3001,49,5,1220,356018,0,8630,1,X,04,2026
1,3001,49,5,1220,3297,0,415,2,X,04,2026
1,3001,51,5,1220,3429,0,77,2,X,04,2026
1,3001,52,5,1220,5879,0,499,2,X,04,2026
1,3001,53,5,1220,4790,0,218,2,X,04,2026
1,3001,54,5,1220,10659,0,735,2,X,04,2026
1,3001,55,5,1220,3016,0,217,2,X,04,2026
1,3001,56,5,1220,135585,0,3814,1,X,04,2026
1,3001,56,5,1220,20824,0,2470,2,X,04,2026
1,3001,57,5,1220,106863,0,3947,1,X,04,2026
1,3001,57,5,1220,33462,0,1232,2,X,04,2026
1,3001,58,5,1220,2903,0,21,1,X,04,2026
1,3001,58,5,1220,2860,0,124,2,X,04,2026
1,3001,59,5,1220,74658,0,2220,1,X,04,2026
1,3001,59,5,1220,3399,0,39,2,X,04,2026
1,3001,61,5,1220,9115,0,533,1,X,04,2026
1,3001,61,5,1220,64631,0,3149,2,X,04,2026
1,3001,62,5,1220,92287,0,4299,1,X,04,2026
1,3001,62,5,1220,74139,0,3242,2,X,04,2026
1,3001,63,5,1220,54194,0,2401,1,X,04,2026
1,3001,63,5,1220,49022,0,4152,2,X,04,2026
1,3001,64,5,1220,45380,0,1822,1,X,04,2026
1,3001,65,5,1220,22900,0,617,1,X,04,2026
1,3001,65,5,1220,34173,0,1622,2,X,04,2026
1,3001,67,5,1220,4177,0,250,2,X,04,2026
1,3001,68,5,1220,78224,0,6742,1,X,04,2026
1,3001,68,5,1220,15964,0,444,2,X,04,2026
1,3001,69,5,1220,29924,0,487,1,X,04,2026
1,3001,69,5,1220,7123,0,322,2,X,04,2026
1,3001,70,5,1220,224845,0,12264,1,X,04,2026
1,3001,70,5,1220,39540,0,1752,2,X,04,2026
1,3001,71,5,1220,91833,0,3067,1,X,04,2026
1,3001,71,5,1220,10018,0,124,2,X,04,2026
1,3001,72,5,1220,1092350,0,56650,1,X,04,2026
1,3001,73,5,1220,785033,0,49154,1,X,04,2026
1,3001,73,5,1220,119161,0,4387,2,X,04,2026
1,3001,73,6,1220,28578,0,1068,1,X,04,2026
1,3001,73,6,1220,15044,0,562,2,X,04,2026
1,3001,74,5,1220,30837,0,1038,1,X,04,2026
1,3001,74,5,1220,24262,0,783,2,X,04,2026
1,3001,75,5,1220,81917,0,468,1,X,04,2026
1,3001,76,5,1220,324478,0,16859,1,X,04,2026
1,3001,76,5,1220,46174,0,5457,2,X,04,2026
1,3001,79,5,1220,21457,0,224,1,X,04,2026
1,3001,81,5,1220,100553,0,922,1,X,04,2026
1,3001,82,5,1220,1298250,0,13169,1,X,04,2026
1,3001,82,5,1220,158019,0,8346,2,X,04,2026
1,3001,83,5,1220,249763,0,6589,1,X,04,2026
1,3001,83,5,1220,128691,0,5581,2,X,04,2026
1,3001,84,5,1220,6915512,0,169080,1,X,04,2026
1,3001,84,5,1220,4057758,0,101266,2,X,04,2026
1,3001,85,5,1220,4219061,0,91395,1,X,04,2026
1,3001,85,5,1220,5149752,0,143838,2,X,04,2026
1,3001,85,6,1220,13905,0,279,1,X,04,2026
1,3001,85,6,1220,31028,0,622,2,X,04,2026
1,3001,86,5,1220,164729,0,4227,1,X,04,2026
1,3001,86,5,1220,2980,0,141,2,X,04,2026
1,3001,87,5,1220,526700,0,16458,1,X,04,2026
1,3001,87,5,1220,115148,0,3329,2,X,04,2026
1,3001,88,5,1220,363479,0,7145,1,X,04,2026
1,3001,88,5,1220,3533,0,69,2,X,04,2026
1,3001,89,5,1220,9084,0,489,1,X,04,2026
1,3001,89,8,1220,143794,0,2125,2,X,04,2026
1,3001,90,5,1220,3257701,0,64112,1,X,04,2026
1,3001,90,5,1220,3075095,0,33027,2,X,04,2026
1,3001,91,5,1220,4676,0,320,2,X,04,2026
1,3001,92,5,1220,46132,0,1906,1,X,04,2026
1,3001,94,5,1220,300453,0,9959,1,X,04,2026
1,3001,94,5,1220,220990,0,8109,2,X,04,2026
1,3001,95,5,1220,1167082,0,19696,1,X,04,2026
1,3001,95,5,1220,215140,0,9516,2,X,04,2026
1,3001,96,5,1220,67003,0,2100,1,X,04,2026
1,3001,97,5,1220,27518,0,767,1,X,04,2026
1,3002,07,5,1220,20574,0,793,1,X,04,2026
1,3002,22,5,1220,17784,0,72,1,X,04,2026
1,3002,25,5,1220,16471,0,1555,1,X,04,2026
1,3002,27,5,1220,32986,0,0,1,X,04,2026
1,3002,33,5,1220,4490,0,199,1,X,04,2026
1,3002,39,5,1220,45360,0,3780,1,X,04,2026
1,3002,72,5,1220,211586,0,13805,1,X,04,2026
1,3002,76,5,1220,97732,0,4630,1,X,04,2026
1,3002,84,5,1220,13715,0,723,2,X,04,2026
1,3002,90,5,1220,9736,0,15,2,X,04,2026
1,3003,07,5,1220,58617,0,2257,1,X,04,2026
1,3003,17,6,1220,8050,0,79,1,X,04,2026
1,3003,23,5,1220,2951089,0,28981,1,X,04,2026
1,3003,23,6,1220,60324,0,592,1,X,04,2026
1,3003,25,5,1220,10308,0,461,1,X,04,2026
1,3003,27,6,1220,112526,0,1112,1,X,04,2026
1,3003,28,6,1220,99295,0,982,1,X,04,2026
1,3003,32,5,1220,55256,0,546,2,X,04,2026
1,3003,34,5,1220,28256,0,554,1,X,04,2026
1,3003,35,6,1220,22227,0,218,1,X,04,2026
1,3003,39,5,1220,16511,0,198,1,X,04,2026
1,3003,39,5,1220,4384,0,43,2,X,04,2026
1,3003,40,6,1220,413295,0,5248,1,X,04,2026
1,3003,44,5,1220,86976,0,865,1,X,04,2026
1,3003,44,6,1220,35623,0,698,1,X,04,2026
1,3003,49,5,1220,14889,0,308,1,X,04,2026
1,3003,56,5,1220,35769,0,3271,1,X,04,2026
1,3003,70,5,1220,86518,0,812,1,X,04,2026
1,3003,71,5,1220,659267,0,6527,1,X,04,2026
1,3003,76,5,1220,22575,0,196,1,X,04,2026
1,3003,81,5,1220,7770,0,152,1,X,04,2026
1,3003,84,5,1220,25760,0,504,1,X,04,2026
1,3003,84,5,1220,7178,0,141,2,X,04,2026
1,3003,85,5,1220,368228,0,3269,1,X,04,2026
1,3003,85,5,1220,60438,0,514,2,X,04,2026
1,3003,87,5,1220,22034,0,430,2,X,04,2026
1,3003,89,8,1220,87625,0,867,1,X,04,2026
1,3003,89,8,1220,19861,0,197,2,X,04,2026
1,3003,90,5,1220,39162,0,767,1,X,04,2026
1,3003,94,5,1220,16125,0,315,1,X,04,2026
1,3003,95,5,1220,137982,0,3098,1,X,04,2026
1,3004,01,5,1220,198696,0,4484,1,X,04,2026
1,3004,01,5,1220,757360,0,1861,2,X,04,2026
1,3004,02,5,1220,4351002,0,61311,1,X,04,2026
1,3004,03,5,1220,21578150,0,319955,1,X,04,2026
1,3004,03,5,1220,922757,0,18477,2,X,04,2026
1,3004,04,5,1220,9276961,0,57816,1,X,04,2026
1,3004,04,5,1220,91614,0,1067,2,X,04,2026
1,3004,05,5,1220,2016431,0,23568,1,X,04,2026
1,3004,05,5,1220,130700,0,1494,2,X,04,2026
1,3004,06,5,1220,4122191,0,68591,1,X,04,2026
1,3004,06,5,1220,34486,0,722,2,X,04,2026
1,3004,07,5,1220,21195844,0,914431,1,X,04,2026
1,3004,07,5,1220,15339306,0,651724,2,X,04,2026
1,3004,07,6,1220,238554,0,17464,1,X,04,2026
1,3004,08,5,1220,50677989,0,858652,1,X,04,2026
1,3004,08,5,1220,27958102,0,508528,2,X,04,2026
1,3004,09,5,1220,2434883,0,44140,1,X,04,2026
1,3004,09,5,1220,6676308,0,110008,2,X,04,2026
1,3004,10,5,1220,2252464,0,45273,1,X,04,2026
1,3004,10,5,1220,49294,0,938,2,X,04,2026
1,3004,10,6,1220,286009,0,5808,1,X,04,2026
1,3004,11,5,1220,2274901,0,49734,1,X,04,2026
1,3004,11,5,1220,224358,0,7057,2,X,04,2026
1,3004,11,6,1220,131521,0,1943,1,X,04,2026
1,3004,12,5,1220,4144545,0,64483,1,X,04,2026
1,3004,12,5,1220,506964,0,7314,2,X,04,2026
1,3004,12,6,1220,998278,0,36437,1,X,04,2026
1,3004,13,5,1220,86989,0,1555,1,X,04,2026
1,3004,13,5,1220,915858,0,14376,2,X,04,2026
1,3004,14,5,1220,60808,0,3269,1,X,04,2026
1,3004,15,5,1220,2163180,0,44526,1,X,04,2026
1,3004,15,5,1220,2495851,0,31182,2,X,04,2026
1,3004,15,6,1220,706554,0,1305,1,X,04,2026
1,3004,16,5,1220,10495249,0,149613,1,X,04,2026
1,3004,16,5,1220,225245,0,2895,2,X,04,2026
1,3004,17,5,1220,1431027,0,41166,1,X,04,2026
1,3004,17,5,1220,230076,0,6682,2,X,04,2026
1,3004,17,6,1220,320193,0,3243,1,X,04,2026
1,3004,18,5,1220,3117580,0,37754,1,X,04,2026
1,3004,18,5,1220,716831,0,4823,2,X,04,2026
1,3004,19,5,1220,19292994,0,442495,1,X,04,2026
1,3004,19,5,1220,227763,0,11723,2,X,04,2026
1,3004,20,5,1220,10524195,0,338937,1,X,04,2026
1,3004,20,5,1220,1119357,0,20229,2,X,04,2026
1,3004,20,6,1220,736025,0,13385,1,X,04,2026
1,3004,21,5,1220,16697160,0,440056,1,X,04,2026
1,3004,21,5,1220,402158,0,12485,2,X,04,2026
1,3004,21,6,1220,273112,0,4055,1,X,04,2026
1,3004,22,5,1220,6286763,0,210239,1,X,04,2026
1,3004,22,5,1220,637010,0,1564,2,X,04,2026
1,3004,22,6,1220,4923294,0,293410,1,X,04,2026
1,3004,22,6,1220,25213,0,72,2,X,04,2026
1,3004,23,5,1220,2114925,0,41257,1,X,04,2026
1,3004,23,5,1220,78590,0,1060,2,X,04,2026
1,3004,23,6,1220,309452,0,5803,1,X,04,2026
1,3004,25,5,1220,2822023,0,117174,1,X,04,2026
1,3004,25,5,1220,633479,0,37686,2,X,04,2026
1,3004,25,6,1220,1407072,0,78708,1,X,04,2026
1,3004,25,6,1220,951064,0,46365,2,X,04,2026
1,3004,26,5,1220,292267,0,20096,1,X,04,2026
1,3004,26,6,1220,649022,0,65459,1,X,04,2026
1,3004,27,5,1220,7000558,0,163096,1,X,04,2026
1,3004,27,5,1220,90026,0,1281,2,X,04,2026
1,3004,27,6,1220,2793614,0,177755,1,X,04,2026
1,3004,27,6,1220,145924,0,3271,2,X,04,2026
1,3004,28,5,1220,2926587,0,127740,1,X,04,2026
1,3004,28,5,1220,380901,0,6191,2,X,04,2026
1,3004,28,6,1220,861609,0,60250,1,X,04,2026
1,3004,29,5,1220,2375239,0,58754,1,X,04,2026
1,3004,29,5,1220,1017487,0,21348,2,X,04,2026
1,3004,29,6,1220,465173,0,8005,1,X,04,2026
1,3004,29,6,1220,178850,0,3271,2,X,04,2026
1,3004,29,8,1220,7228,0,343,1,X,04,2026
1,3004,30,5,1220,2997565,0,39120,1,X,04,2026
1,3004,30,5,1220,907492,0,15179,2,X,04,2026
1,3004,31,5,1220,1572314,0,49383,1,X,04,2026
1,3004,31,5,1220,347831,0,11375,2,X,04,2026
1,3004,31,6,1220,447977,0,13545,1,X,04,2026
1,3004,31,6,1220,3214382,0,135967,2,X,04,2026
1,3004,32,5,1220,9263093,0,256153,1,X,04,2026
1,3004,32,5,1220,355674,0,6121,2,X,04,2026
1,3004,33,5,1220,3317644,0,55013,1,X,04,2026
1,3004,33,5,1220,600854,0,8279,2,X,04,2026
1,3004,33,6,1220,9166,0,178,1,X,04,2026
1,3004,34,5,1220,5293061,0,119763,1,X,04,2026
1,3004,34,5,1220,193471,0,4123,2,X,04,2026
1,3004,34,6,1220,137950,0,1817,1,X,04,2026
1,3004,35,5,1220,5656894,0,111229,1,X,04,2026
1,3004,35,5,1220,555450,0,8746,2,X,04,2026
1,3004,36,5,1220,560249,0,16198,1,X,04,2026
1,3004,36,5,1220,129086,0,9081,2,X,04,2026
1,3004,37,5,1220,10957,0,290,1,X,04,2026
1,3004,37,5,1220,12985,0,457,2,X,04,2026
1,3004,38,5,1220,10773627,0,253513,1,X,04,2026
1,3004,38,5,1220,315455,0,8515,2,X,04,2026
1,3004,38,6,1220,7924588,0,202236,1,X,04,2026
1,3004,39,5,1220,36273471,0,1007685,1,X,04,2026
1,3004,39,5,1220,4195179,0,105479,2,X,04,2026
1,3004,39,6,1220,1928991,0,29370,1,X,04,2026
1,3004,39,6,1220,3679856,0,70606,2,X,04,2026
1,3004,39,8,1220,7862,0,236,1,X,04,2026
1,3004,40,5,1220,3231935,0,72859,1,X,04,2026
1,3004,40,5,1220,1638071,0,33824,2,X,04,2026
1,3004,41,5,1220,46799,0,1613,1,X,04,2026
1,3004,41,5,1220,6243,0,121,2,X,04,2026
1,3004,42,5,1220,108834,0,2163,1,X,04,2026
1,3004,42,5,1220,505166,0,7855,2,X,04,2026
1,3004,44,5,1220,12572671,0,248738,1,X,04,2026
1,3004,44,5,1220,2312343,0,39166,2,X,04,2026
1,3004,44,6,1220,81738,0,1132,1,X,04,2026
1,3004,45,5,1220,50078,0,883,2,X,04,2026
1,3004,46,5,1220,5090,0,72,1,X,04,2026
1,3004,46,5,1220,9319,0,402,2,X,04,2026
1,3004,47,5,1220,92539,0,3660,1,X,04,2026
1,3004,47,6,1220,12456,0,363,1,X,04,2026
1,3004,47,8,1220,11278,0,400,1,X,04,2026
1,3004,48,5,1220,29855184,0,1169161,1,X,04,2026
1,3004,48,5,1220,511367,0,10120,2,X,04,2026
1,3004,48,6,1220,228025,0,7208,1,X,04,2026
1,3004,49,5,1220,3932492,0,56484,1,X,04,2026
1,3004,49,5,1220,1085447,0,12425,2,X,04,2026
1,3004,49,8,1220,5822,0,197,1,X,04,2026
1,3004,51,5,1220,7779,0,110,2,X,04,2026
1,3004,52,5,1220,24720,0,427,1,X,04,2026
1,3004,52,5,1220,124346,0,1808,2,X,04,2026
1,3004,53,5,1220,35164,0,694,1,X,04,2026
1,3004,53,5,1220,11284,0,483,2,X,04,2026
1,3004,54,5,1220,350138,0,7274,1,X,04,2026
1,3004,54,5,1220,140350,0,2000,2,X,04,2026
1,3004,55,5,1220,164226,0,2519,1,X,04,2026
1,3004,55,5,1220,29335,0,546,2,X,04,2026
1,3004,56,5,1220,1088125,0,19253,1,X,04,2026
1,3004,56,5,1220,263619,0,6983,2,X,04,2026
1,3004,57,5,1220,631838,0,12526,1,X,04,2026
1,3004,57,5,1220,192056,0,2890,2,X,04,2026
1,3004,58,5,1220,111113,0,4997,1,X,04,2026
1,3004,59,5,1220,776567,0,21005,1,X,04,2026
1,3004,59,5,1220,182135,0,3820,2,X,04,2026
1,3004,59,6,1220,130781,0,1292,1,X,04,2026
1,3004,60,5,1220,296972,0,3451,1,X,04,2026
1,3004,60,5,1220,32600,0,696,2,X,04,2026
1,3004,61,5,1220,110360,0,877,1,X,04,2026
1,3004,61,5,1220,2718926,0,28516,2,X,04,2026
1,3004,62,5,1220,5973,0,151,1,X,04,2026
1,3004,62,5,1220,1893641,0,20292,2,X,04,2026
1,3004,63,5,1220,385747,0,10925,1,X,04,2026
1,3004,63,5,1220,952283,0,21252,2,X,04,2026
1,3004,64,5,1220,15170,0,248,1,X,04,2026
1,3004,64,5,1220,644520,0,11552,2,X,04,2026
1,3004,65,5,1220,124815,0,2737,1,X,04,2026
1,3004,65,5,1220,277612,0,3982,2,X,04,2026
1,3004,66,5,1220,10020,0,515,1,X,04,2026
1,3004,66,5,1220,25621,0,1359,2,X,04,2026
1,3004,67,5,1220,28569,0,771,2,X,04,2026
1,3004,68,5,1220,12905125,0,638571,1,X,04,2026
1,3004,68,5,1220,262681,0,4604,2,X,04,2026
1,3004,68,6,1220,605773,0,27686,1,X,04,2026
1,3004,69,5,1220,676247,0,11158,1,X,04,2026
1,3004,69,5,1220,759677,0,14216,2,X,04,2026
1,3004,70,5,1220,5500073,0,135074,1,X,04,2026
1,3004,70,5,1220,423292,0,11057,2,X,04,2026
1,3004,71,5,1220,530078,0,7625,1,X,04,2026
1,3004,71,5,1220,1230100,0,13511,2,X,04,2026
1,3004,72,5,1220,3627598,0,86527,1,X,04,2026
1,3004,72,5,1220,1109413,0,17426,2,X,04,2026
1,3004,72,6,1220,327873,0,2567,1,X,04,2026
1,3004,73,5,1220,10723460,0,216667,1,X,04,2026
1,3004,73,5,1220,3521125,0,73254,2,X,04,2026
1,3004,73,6,1220,113690,0,3369,1,X,04,2026
1,3004,74,5,1220,5893169,0,61924,1,X,04,2026
1,3004,74,5,1220,179359,0,2031,2,X,04,2026
1,3004,75,5,1220,61573,0,1135,1,X,04,2026
1,3004,75,5,1220,67197,0,1293,2,X,04,2026
1,3004,76,5,1220,9614938,0,193429,1,X,04,2026
1,3004,76,5,1220,1297891,0,18936,2,X,04,2026
1,3004,78,5,1220,4749,0,363,1,X,04,2026
1,3004,79,5,1220,42735,0,1615,1,X,04,2026
1,3004,79,5,1220,45412,0,761,2,X,04,2026
1,3004,80,5,1220,25668,0,503,1,X,04,2026
1,3004,81,5,1220,1166658,0,14041,1,X,04,2026
1,3004,81,5,1220,7670,0,150,2,X,04,2026
1,3004,82,5,1220,1673360,0,27272,1,X,04,2026
1,3004,82,5,1220,496723,0,7725,2,X,04,2026
1,3004,82,6,1220,3531,0,71,2,X,04,2026
1,3004,83,5,1220,2219361,0,43778,1,X,04,2026
1,3004,83,5,1220,1059946,0,21428,2,X,04,2026
1,3004,84,5,1220,72944798,0,1145593,1,X,04,2026
1,3004,84,5,1220,67704594,0,858597,2,X,04,2026
1,3004,84,6,1220,122263,0,2671,1,X,04,2026
1,3004,84,6,1220,2879,0,56,2,X,04,2026
1,3004,84,8,1220,4344,0,129,1,X,04,2026
1,3004,84,8,1220,6009,0,26,2,X,04,2026
1,3004,85,5,1220,39895721,0,434706,1,X,04,2026
1,3004,85,5,1220,53387046,0,767157,2,X,04,2026
1,3004,85,8,1220,3777,0,137,1,X,04,2026
1,3004,86,5,1220,5057578,0,90824,1,X,04,2026
1,3004,86,5,1220,95910,0,1246,2,X,04,2026
1,3004,87,5,1220,45938807,0,552336,1,X,04,2026
1,3004,87,5,1220,18222428,0,247687,2,X,04,2026
1,3004,87,6,1220,52260622,0,419275,1,X,04,2026
1,3004,87,8,1220,154559,0,1828,1,X,04,2026
1,3004,87,8,1220,266946,0,3492,2,X,04,2026
1,3004,88,5,1220,10447838,0,114778,1,X,04,2026
1,3004,88,5,1220,2253231,0,20051,2,X,04,2026
1,3004,89,5,1220,3308961,0,29226,1,X,04,2026
1,3004,89,5,1220,432427,0,12193,2,X,04,2026
1,3004,89,8,1220,137648,0,1653,1,X,04,2026
1,3004,90,5,1220,19127101,0,261701,1,X,04,2026
1,3004,90,5,1220,8205129,0,127709,2,X,04,2026
1,3004,91,5,1220,6377,0,109,1,X,04,2026
1,3004,91,5,1220,178776,0,8170,2,X,04,2026
1,3004,92,5,1220,80285,0,880,1,X,04,2026
1,3004,92,5,1220,17793,0,539,2,X,04,2026
1,3004,93,5,1220,430180,0,11407,1,X,04,2026
1,3004,93,5,1220,47996,0,552,2,X,04,2026
1,3004,94,5,1220,8797013,0,187695,1,X,04,2026
1,3004,94,5,1220,6917540,0,183700,2,X,04,2026
1,3004,94,8,1220,3372,0,337,1,X,04,2026
1,3004,95,5,1220,7318295,0,82289,1,X,04,2026
1,3004,95,5,1220,11729817,0,136428,2,X,04,2026
1,3004,96,5,1220,2324801,0,60875,1,X,04,2026
1,3004,96,5,1220,742783,0,17412,2,X,04,2026
1,3004,97,5,1220,159833,0,590,1,X,04,2026
1,3004,97,5,1220,1847921,0,1147,2,X,04,2026
1,3004,98,5,1220,269476,0,2034,1,X,04,2026
1,3004,98,5,1220,20578,0,433,2,X,04,2026
1,3005,25,5,1220,3519,0,332,1,X,04,2026
1,3005,39,5,1220,32343,0,633,1,X,04,2026
1,3005,84,5,1220,6626,0,136,2,X,04,2026
1,3007,07,5,1220,66563,0,6595,1,X,04,2026
1,3007,07,5,1220,6406,0,753,2,X,04,2026
1,3007,08,5,1220,12872,0,634,1,X,04,2026
1,3007,08,5,1220,23756,0,1089,2,X,04,2026
1,3007,20,5,1220,3383,0,348,1,X,04,2026
1,3007,39,5,1220,23606,0,1597,1,X,04,2026
1,3007,44,5,1220,3851,0,487,1,X,04,2026
1,3007,87,5,1220,20006,0,388,1,X,04,2026
1,3007,87,8,1220,6873,0,305,1,X,04,2026
1,3007,87,8,1220,5455,0,43,2,X,04,2026
1,3007,88,5,1220,34856,0,132,2,X,04,2026
1,3007,95,5,1220,144718,0,1703,1,X,04,2026
1,3008,27,5,1220,11167,0,1091,1,X,04,2026
1,3008,32,5,1220,41898,0,414,1,X,04,2026
1,3008,34,5,1220,3228,0,130,2,X,04,2026
1,3008,38,5,1220,147382,0,3818,1,X,04,2026
1,3008,38,5,1220,6851,0,305,2,X,04,2026
1,3008,39,5,1220,120723,0,4650,1,X,04,2026
1,3008,39,5,1220,3258,0,62,2,X,04,2026
1,3008,40,5,1220,91828,0,4381,1,X,04,2026
1,3008,40,5,1220,6237,0,399,2,X,04,2026
1,3008,65,5,1220,8434,0,183,2,X,04,2026
1,3008,68,5,1220,16503,0,310,1,X,04,2026
1,3008,69,5,1220,7186,0,130,2,X,04,2026
1,3008,70,5,1220,2717,0,39,1,X,04,2026
1,3008,71,5,1220,24381,0,130,1,X,04,2026
1,3008,73,5,1220,32979,0,1025,1,X,04,2026
1,3008,73,5,1220,18262,0,377,2,X,04,2026
1,3008,84,5,1220,1107465,0,25512,1,X,04,2026
1,3008,84,5,1220,567121,0,13210,2,X,04,2026
1,3008,84,8,1220,105460,0,170,2,X,04,2026
1,3008,85,5,1220,127561,0,1722,1,X,04,2026
1,3008,85,5,1220,58415,0,1127,2,X,04,2026
1,3008,87,5,1220,165865,0,5109,1,X,04,2026
1,3008,88,5,1220,889793,0,3753,1,X,04,2026
1,3008,89,8,1220,402609,0,319,1,X,04,2026
1,3008,89,8,1220,6867,0,5,2,X,04,2026
1,3008,90,5,1220,77293,0,1570,1,X,04,2026
1,3008,90,5,1220,110276,0,662,2,X,04,2026
1,3008,94,5,1220,3430,0,130,2,X,04,2026
1,3009,01,5,1220,910453,0,12355,1,X,04,2026
1,3009,03,5,1220,389035,0,5333,1,X,04,2026
1,3009,04,5,1220,51969,0,21,1,X,04,2026
1,3009,05,5,1220,86713,0,1468,1,X,04,2026
1,3009,06,5,1220,188266,0,5426,1,X,04,2026
1,3009,07,5,1220,438701,0,37836,1,X,04,2026
1,3009,07,5,1220,2727,0,105,2,X,04,2026
1,3009,08,5,1220,1140770,0,16046,1,X,04,2026
1,3009,08,5,1220,954061,0,11551,2,X,04,2026
1,3009,10,5,1220,944086,0,19235,1,X,04,2026
1,3009,10,6,1220,2749990,0,52749,1,X,04,2026
1,3009,11,5,1220,380228,0,9446,1,X,04,2026
1,3009,12,5,1220,264945,0,8002,1,X,04,2026
1,3009,12,6,1220,310366,0,11674,1,X,04,2026
1,3009,14,5,1220,5948,0,320,1,X,04,2026
1,3009,14,5,1220,3507,0,189,2,X,04,2026
1,3009,15,5,1220,413888,0,3506,1,X,04,2026
1,3009,17,5,1220,32523,0,759,1,X,04,2026
1,3009,17,6,1220,133758,0,1976,1,X,04,2026
1,3009,19,5,1220,43377,0,3269,1,X,04,2026
1,3009,20,5,1220,341618,0,4267,1,X,04,2026
1,3009,20,5,1220,179439,0,1006,2,X,04,2026
1,3009,21,5,1220,68734,0,1673,1,X,04,2026
1,3009,21,5,1220,5288,0,411,2,X,04,2026
1,3009,22,5,1220,38988,0,589,1,X,04,2026
1,3009,23,5,1220,1334074,0,21318,1,X,04,2026
1,3009,23,6,1220,1047470,0,25528,1,X,04,2026
1,3009,23,6,1220,743184,0,6940,2,X,04,2026
1,3009,25,5,1220,325937,0,13849,1,X,04,2026
1,3009,25,5,1220,13489,0,1080,2,X,04,2026
1,3009,26,5,1220,12619,0,735,1,X,04,2026
1,3009,27,5,1220,1176240,0,35973,1,X,04,2026
1,3009,27,7,1220,273011,0,0,1,X,04,2026
1,3009,28,5,1220,173584,0,8249,1,X,04,2026
1,3009,29,5,1220,139128,0,2350,1,X,04,2026
1,3009,31,5,1220,620873,0,24216,1,X,04,2026
1,3009,31,5,1220,23181,0,454,2,X,04,2026
1,3009,31,6,1220,112674,0,1114,1,X,04,2026
1,3009,32,5,1220,230464,0,9388,1,X,04,2026
1,3009,33,5,1220,2699,0,80,2,X,04,2026
1,3009,34,5,1220,206619,0,8372,1,X,04,2026
1,3009,35,5,1220,38804,0,38,1,X,04,2026
1,3009,38,5,1220,414356,0,21554,1,X,04,2026
1,3009,39,5,1220,3396683,0,80024,1,X,04,2026
1,3009,39,5,1220,169665,0,5622,2,X,04,2026
1,3009,40,5,1220,221873,0,4302,1,X,04,2026
1,3009,40,5,1220,12353,0,242,2,X,04,2026
1,3009,42,5,1220,18470,0,544,1,X,04,2026
1,3009,44,5,1220,4343951,0,67907,1,X,04,2026
1,3009,44,5,1220,838790,0,29802,2,X,04,2026
1,3009,48,5,1220,1411459,0,30406,1,X,04,2026
1,3009,49,5,1220,16951,0,571,1,X,04,2026
1,3009,53,5,1220,10396,0,201,2,X,04,2026
1,3009,54,8,1220,2705,0,58,1,X,04,2026
1,3009,56,5,1220,52926,0,2035,1,X,04,2026
1,3009,56,5,1220,3786,0,74,2,X,04,2026
1,3009,59,5,1220,15486,0,480,1,X,04,2026
1,3009,60,5,1220,10752,0,321,1,X,04,2026
1,3009,61,5,1220,4120,0,127,1,X,04,2026
1,3009,62,5,1220,3622,0,117,2,X,04,2026
1,3009,62,8,1220,2619,0,85,2,X,04,2026
1,3009,63,5,1220,6700,0,253,1,X,04,2026
1,3009,63,5,1220,5518,0,69,2,X,04,2026
1,3009,68,5,1220,1281670,0,45881,1,X,04,2026
1,3009,68,5,1220,11461,0,224,2,X,04,2026
1,3009,69,5,1220,94845,0,1877,1,X,04,2026
1,3009,70,5,1220,1310256,0,13484,1,X,04,2026
1,3009,70,5,1220,14719,0,638,2,X,04,2026
1,3009,71,5,1220,5195,0,64,1,X,04,2026
1,3009,72,5,1220,261652,0,5487,1,X,04,2026
1,3009,72,5,1220,2745,0,61,2,X,04,2026
1,3009,73,5,1220,1091573,0,30445,1,X,04,2026
1,3009,73,5,1220,133376,0,1782,2,X,04,2026
1,3009,74,5,1220,380220,0,3914,1,X,04,2026
1,3009,74,5,1220,33627,0,665,2,X,04,2026
1,3009,75,5,1220,3287,0,90,1,X,04,2026
1,3009,76,5,1220,94468,0,2886,1,X,04,2026
1,3009,76,5,1220,7226,0,111,2,X,04,2026
1,3009,81,5,1220,372331,0,3683,1,X,04,2026
1,3009,82,5,1220,250338,0,473,1,X,04,2026
1,3009,83,5,1220,7089,0,188,1,X,04,2026
1,3009,83,5,1220,2888,0,4,2,X,04,2026
1,3009,84,5,1220,20424898,0,86284,1,X,04,2026
1,3009,84,5,1220,11554904,0,72973,2,X,04,2026
1,3009,85,5,1220,1220892,0,20388,1,X,04,2026
1,3009,85,5,1220,237350,0,4348,2,X,04,2026
1,3009,86,5,1220,178412,0,3644,1,X,04,2026
1,3009,87,5,1220,13217568,0,132593,1,X,04,2026
1,3009,87,5,1220,4337098,0,48355,2,X,04,2026
1,3009,87,8,1220,25089,0,525,1,X,04,2026
1,3009,88,5,1220,7756,0,167,1,X,04,2026
1,3009,89,5,1220,504697,0,3274,1,X,04,2026
1,3009,89,5,1220,16204,0,78,2,X,04,2026
1,3009,90,5,1220,251705,0,6677,1,X,04,2026
1,3009,90,5,1220,385653,0,4065,2,X,04,2026
1,3009,94,5,1220,70832,0,1696,1,X,04,2026
1,3009,94,5,1220,22802,0,631,2,X,04,2026
1,3009,95,5,1220,270120,0,6491,1,X,04,2026
1,3009,96,5,1220,22750,0,694,1,X,04,2026
1,3010,19,5,1220,58707,0,1662,1,X,04,2026
1,3010,21,5,1220,303192,0,14810,1,X,04,2026
1,3010,32,5,1220,12638,0,689,1,X,04,2026
1,3010,34,5,1220,17068,0,230,1,X,04,2026
1,3010,38,5,1220,11111,0,1073,1,X,04,2026
1,3010,39,5,1220,102504,0,9250,1,X,04,2026
1,3010,39,6,1220,99839,0,3271,1,X,04,2026
1,3010,48,5,1220,29510,0,3271,1,X,04,2026
1,3010,63,5,1220,22989,0,1565,2,X,04,2026
1,3010,70,5,1220,13676,0,870,1,X,04,2026
1,3010,73,5,1220,89186,0,2757,1,X,04,2026
1,3010,83,5,1220,3662,0,463,2,X,04,2026
1,3010,84,5,1220,36634,0,662,1,X,04,2026
1,3010,84,5,1220,97967,0,1721,2,X,04,2026
1,3010,85,5,1220,20867,0,1558,1,X,04,2026
1,3010,85,5,1220,127278,0,3074,2,X,04,2026
1,3010,89,8,1220,174358,0,496,1,X,04,2026
1,3010,90,5,1220,16053,0,327,1,X,04,2026
1,3010,90,5,1220,22001,0,586,2,X,04,2026
1,3011,03,5,1220,247792,0,3396,2,X,04,2026
1,3011,07,5,1220,35801,0,5914,1,X,04,2026
1,3011,08,5,1220,307850,0,15313,1,X,04,2026
1,3011,09,5,1220,4929,0,258,2,X,04,2026
1,3011,12,5,1220,22644,0,3185,1,X,04,2026
1,3011,16,5,1220,9129,0,1240,1,X,04,2026
1,3011,16,5,1220,20797,0,294,2,X,04,2026
1,3011,17,5,1220,60226,0,2003,1,X,04,2026
1,3011,17,5,1220,38031,0,1264,2,X,04,2026
1,3011,18,5,1220,4425,0,482,1,X,04,2026
1,3011,19,5,1220,152206,0,12008,1,X,04,2026
1,3011,20,5,1220,19036,0,2348,1,X,04,2026
1,3011,21,5,1220,34784,0,3271,1,X,04,2026
1,3011,27,5,1220,170290,0,14069,1,X,04,2026
1,3011,30,5,1220,217360,0,3046,1,X,04,2026
1,3011,30,5,1220,12844,0,180,2,X,04,2026
1,3011,32,5,1220,42215,0,1543,1,X,04,2026
1,3011,33,5,1220,3034,0,213,1,X,04,2026
1,3011,34,5,1220,51619,0,3729,1,X,04,2026
1,3011,35,5,1220,6400,0,748,1,X,04,2026
1,3011,38,5,1220,141754,0,6779,1,X,04,2026
1,3011,39,5,1220,288227,0,20368,1,X,04,2026
1,3011,39,5,1220,9921,0,586,2,X,04,2026
1,3011,40,5,1220,480736,0,22755,1,X,04,2026
1,3011,45,5,1220,5336,0,130,2,X,04,2026
1,3011,47,5,1220,117165,0,9104,1,X,04,2026
1,3011,47,6,1220,200924,0,13084,1,X,04,2026
1,3011,48,5,1220,428858,0,19710,1,X,04,2026
1,3011,68,5,1220,22335,0,2996,1,X,04,2026
1,3011,72,5,1220,23826,0,2876,1,X,04,2026
1,3011,73,5,1220,378194,0,19992,1,X,04,2026
1,3011,73,5,1220,150683,0,11181,2,X,04,2026
1,3011,74,5,1220,2843,0,183,2,X,04,2026
1,3011,76,5,1220,261471,0,8850,1,X,04,2026
1,3011,81,5,1220,1040301,0,3271,1,X,04,2026
1,3011,82,5,1220,28279,0,1103,1,X,04,2026
1,3011,82,5,1220,37003,0,210,2,X,04,2026
1,3011,83,5,1220,8887,0,561,2,X,04,2026
1,3011,84,5,1220,344147,0,8019,1,X,04,2026
1,3011,84,5,1220,71900,0,2489,2,X,04,2026
1,3011,85,5,1220,462227,0,7605,1,X,04,2026
1,3011,85,5,1220,688248,0,4143,2,X,04,2026
1,3011,86,5,1220,6600,0,130,1,X,04,2026
1,3011,88,5,1220,737190,0,7140,1,X,04,2026
1,3011,88,5,1220,7616,0,73,2,X,04,2026
1,3011,90,5,1220,203466,0,3401,2,X,04,2026
1,3011,94,5,1220,14903,0,1475,2,X,04,2026
1,3012,06,5,1220,12356,0,241,1,X,04,2026
1,3013,22,5,1220,12514,0,820,1,X,04,2026
1,3013,85,5,1220,11751,0,256,2,X,04,2026
1,3013,95,5,1220,67047,0,2449,2,X,04,2026
1,3013,98,5,1220,10125,0,219,2,X,04,2026
1,3014,25,5,1220,3554,0,335,1,X,04,2026
1,3014,27,5,1220,35327,0,3271,1,X,04,2026
1,3014,28,5,1220,112911,0,7545,1,X,04,2026
1,3014,28,6,1220,24043,0,3271,1,X,04,2026
1,3014,29,5,1220,58202,0,4386,1,X,04,2026
1,3014,32,5,1220,185354,0,4507,1,X,04,2026
1,3014,33,5,1220,11229,0,289,1,X,04,2026
1,3014,34,5,1220,56951,0,4426,1,X,04,2026
1,3014,35,5,1220,7182,0,510,1,X,04,2026
1,3014,38,5,1220,136938,0,3271,1,X,04,2026
1,3014,39,5,1220,422622,0,24303,1,X,04,2026
1,3014,39,5,1220,22619,0,390,2,X,04,2026
1,3014,40,5,1220,302945,0,16296,1,X,04,2026
1,3014,54,5,1220,34060,0,2485,1,X,04,2026
1,3014,56,5,1220,25246,0,917,1,X,04,2026
1,3014,59,5,1220,7094,0,234,1,X,04,2026
1,3014,59,5,1220,5233,0,524,2,X,04,2026
1,3014,63,5,1220,25088,0,251,1,X,04,2026
1,3014,68,5,1220,21641,0,2971,1,X,04,2026
1,3014,69,5,1220,4199,0,297,1,X,04,2026
1,3014,70,5,1220,17705,0,895,1,X,04,2026
1,3014,72,5,1220,3316,0,119,1,X,04,2026
1,3014,73,5,1220,176741,0,10256,1,X,04,2026
1,3014,73,5,1220,80651,0,1009,2,X,04,2026
1,3014,76,5,1220,77814,0,2889,1,X,04,2026
1,3014,76,5,1220,5850,0,312,2,X,04,2026
1,3014,82,5,1220,13019,0,130,1,X,04,2026
1,3014,83,5,1220,3104,0,69,2,X,04,2026
1,3014,84,5,1220,504024,0,7468,1,X,04,2026
1,3014,84,5,1220,19211,0,639,2,X,04,2026
1,3014,85,5,1220,279387,0,4966,1,X,04,2026
1,3014,85,5,1220,91590,0,6467,2,X,04,2026
1,3014,86,5,1220,31004,0,660,2,X,04,2026
1,3014,87,5,1220,190639,0,1670,1,X,04,2026
1,3014,88,5,1220,9881,0,118,1,X,04,2026
1,3014,90,5,1220,50727,0,1225,1,X,04,2026
1,3014,90,5,1220,75331,0,658,2,X,04,2026
1,3014,94,5,1220,83604,0,3369,1,X,04,2026
1,3014,94,5,1220,17038,0,290,2,X,04,2026
1,3014,96,5,1220,3366,0,149,1,X,04,2026
1,3015,09,5,1220,2675,0,42,1,X,04,2026
1,3015,26,6,1220,1376252,0,1740,1,X,04,2026
1,3015,32,5,1220,3289,0,115,1,X,04,2026
1,3015,44,5,1220,3634,0,71,1,X,04,2026
1,3015,44,5,1220,2785,0,69,2,X,04,2026
1,3015,49,5,1220,3103,0,105,1,X,04,2026
1,3015,49,5,1220,3590,0,121,2,X,04,2026
1,3015,69,5,1220,3056,0,107,2,X,04,2026
1,3015,84,8,1220,3657,0,109,1,X,04,2026
1,3015,87,5,1220,3857,0,75,2,X,04,2026
1,3015,95,5,1220,16536,0,603,1,X,04,2026
1,3015,95,5,1220,53665,0,1960,2,X,04,2026
1,3016,12,5,1220,3097,0,116,1,X,04,2026
1,3016,25,5,1220,19702,0,932,1,X,04,2026
1,3016,28,5,1220,4248,0,149,1,X,04,2026
1,3016,31,5,1220,51379,0,508,1,X,04,2026
1,3016,39,5,1220,121896,0,3902,1,X,04,2026
1,3016,44,5,1220,57063,0,1117,1,X,04,2026
1,3016,48,5,1220,43223,0,1758,1,X,04,2026
1,3016,68,5,1220,19060,0,48,1,X,04,2026
1,3016,84,5,1220,28332,0,554,1,X,04,2026
1,3016,85,5,1220,70143,0,1537,1,X,04,2026
1,3017,23,5,1220,2645,0,101,1,X,04,2026
1,3017,32,5,1220,39553,0,1388,1,X,04,2026
1,3017,48,5,1220,21082,0,856,1,X,04,2026
1,3017,61,5,1220,3065,0,134,2,X,04,2026
1,3017,64,5,1220,5340,0,165,1,X,04,2026
1,3017,84,5,1220,33559,0,708,1,X,04,2026
1,3017,85,5,1220,10119,0,221,1,X,04,2026
1,3017,85,5,1220,11438,0,250,2,X,04,2026
1,3017,87,5,1220,15523,0,259,1,X,04,2026
1,3017,87,5,1220,13336,0,222,2,X,04,2026
1,3017,90,5,1220,2950,0,75,1,X,04,2026
1,3017,90,5,1220,35570,0,905,2,X,04,2026
1,3017,92,5,1220,35463,0,555,1,X,04,2026
1,3017,94,5,1220,5225,0,130,1,X,04,2026
1,3017,95,5,1220,90440,0,3303,2,X,04,2026
1,3017,96,5,1220,3668,0,112,2,X,04,2026
1,3019,01,5,1220,142961,0,1595,1,X,04,2026
1,3019,04,5,1220,282462,0,2354,1,X,04,2026
1,3019,05,5,1220,4072,0,79,1,X,04,2026
1,3019,06,5,1220,4754229,0,19108,1,X,04,2026
1,3019,07,5,1220,173409,0,6754,1,X,04,2026
1,3019,08,5,1220,389777,0,9751,1,X,04,2026
1,3019,08,5,1220,9028,0,726,2,X,04,2026
1,3019,10,5,1220,242684,0,4853,1,X,04,2026
1,3019,11,5,1220,32182,0,1069,1,X,04,2026
1,3019,12,5,1220,52164,0,1229,1,X,04,2026
1,3019,15,5,1220,7322,0,118,1,X,04,2026
1,3019,17,5,1220,16032,0,314,1,X,04,2026
1,3019,20,5,1220,284730,0,11357,1,X,04,2026
1,3019,21,5,1220,12537,0,245,1,X,04,2026
1,3019,22,5,1220,801089,0,13760,1,X,04,2026
1,3019,25,5,1220,643678,0,21171,1,X,04,2026
1,3019,27,5,1220,128330,0,1068,1,X,04,2026
1,3019,28,5,1220,130342,0,3497,1,X,04,2026
1,3019,29,5,1220,17404,0,429,1,X,04,2026
1,3019,30,5,1220,20838,0,408,1,X,04,2026
1,3019,31,5,1220,460015,0,12198,1,X,04,2026
1,3019,31,5,1220,20182,0,1835,2,X,04,2026
1,3019,32,5,1220,75600,0,4785,1,X,04,2026
1,3019,33,5,1220,16068,0,313,1,X,04,2026
1,3019,34,5,1220,354441,0,4310,1,X,04,2026
1,3019,34,5,1220,2853,0,107,2,X,04,2026
1,3019,35,5,1220,2860,0,76,1,X,04,2026
1,3019,36,5,1220,80709,0,6190,2,X,04,2026
1,3019,38,5,1220,250859,0,8249,1,X,04,2026
1,3019,38,5,1220,38761,0,384,2,X,04,2026
1,3019,39,5,1220,2050212,0,40030,1,X,04,2026
1,3019,39,5,1220,100792,0,1484,2,X,04,2026
1,3019,40,5,1220,163934,0,5036,1,X,04,2026
1,3019,40,5,1220,56192,0,2253,2,X,04,2026
1,3019,42,5,1220,3088,0,60,1,X,04,2026
1,3019,42,5,1220,8658,0,43,2,X,04,2026
1,3019,44,5,1220,329450,0,7949,1,X,04,2026
1,3019,45,5,1220,4257,0,83,2,X,04,2026
1,3019,47,5,1220,17009,0,350,1,X,04,2026
1,3019,48,5,1220,627151,0,12608,1,X,04,2026
1,3019,49,5,1220,11683,0,228,1,X,04,2026
1,3019,56,5,1220,17063,0,289,1,X,04,2026
1,3019,59,5,1220,5207,0,363,1,X,04,2026
1,3019,61,5,1220,7851,0,41,2,X,04,2026
1,3019,62,5,1220,20870,0,114,2,X,04,2026
1,3019,63,5,1220,47079,0,924,1,X,04,2026
1,3019,63,5,1220,25136,0,186,2,X,04,2026
1,3019,65,5,1220,5707,0,111,1,X,04,2026
1,3019,68,5,1220,346517,0,18903,1,X,04,2026
1,3019,69,5,1220,26688,0,532,1,X,04,2026
1,3019,70,5,1220,473103,0,4980,1,X,04,2026
1,3019,70,5,1220,40370,0,680,2,X,04,2026
1,3019,72,5,1220,8994,0,175,1,X,04,2026
1,3019,73,5,1220,333599,0,6931,1,X,04,2026
1,3019,73,5,1220,73044,0,411,2,X,04,2026
1,3019,74,5,1220,13975,0,12,2,X,04,2026
1,3019,76,5,1220,170131,0,3405,1,X,04,2026
1,3019,82,5,1220,8481,0,166,1,X,04,2026
1,3019,83,5,1220,27941,0,488,1,X,04,2026
1,3019,83,5,1220,18124,0,132,2,X,04,2026
1,3019,84,5,1220,9732443,0,43467,1,X,04,2026
1,3019,84,5,1220,2700882,0,15742,2,X,04,2026
1,3019,85,5,1220,1045554,0,10254,1,X,04,2026
1,3019,85,5,1220,146126,0,10142,2,X,04,2026
1,3019,87,5,1220,6706281,0,122819,1,X,04,2026
1,3019,87,5,1220,711431,0,6307,2,X,04,2026
1,3019,88,5,1220,10931,0,211,1,X,04,2026
1,3019,88,5,1220,4416,0,3,2,X,04,2026
1,3019,89,5,1220,2309601,0,10230,1,X,04,2026
1,3019,89,5,1220,216314,0,2787,2,X,04,2026
1,3019,90,5,1220,527521,0,4634,1,X,04,2026
1,3019,90,5,1220,88256,0,850,2,X,04,2026
1,3019,93,5,1220,43672,0,2113,1,X,04,2026
1,3019,94,5,1220,58870,0,687,1,X,04,2026
1,3019,94,5,1220,69392,0,688,2,X,04,2026
1,3019,95,5,1220,301469,0,6302,1,X,04,2026
1,3019,95,5,1220,27460,0,536,2,X,04,2026
1,3019,96,5,1220,156481,0,3943,1,X,04,2026
1,3019,96,5,1220,45910,0,1402,2,X,04,2026
1,3019,98,8,1220,55702,0,1807,1,X,04,2026
1,3020,25,5,1220,6229,0,140,1,X,04,2026
1,3020,27,5,1220,14527,0,301,1,X,04,2026
1,3020,27,6,1220,168511,0,363,1,X,04,2026
1,3020,28,5,1220,403808,0,23952,1,X,04,2026
1,3020,28,5,1220,7561,0,148,2,X,04,2026
1,3020,34,5,1220,33705,0,181,1,X,04,2026
1,3020,44,5,1220,8620,0,72,1,X,04,2026
1,3020,48,5,1220,9611,0,188,1,X,04,2026
1,3020,61,5,1220,37248,0,1156,2,X,04,2026
1,3020,62,5,1220,98503,0,3209,2,X,04,2026
1,3020,68,5,1220,23629,0,773,1,X,04,2026
1,3020,73,5,1220,74677,0,313,2,X,04,2026
1,3020,76,5,1220,238678,0,217,1,X,04,2026
1,3020,78,5,1220,228286,0,326,1,X,04,2026
1,3020,84,5,1220,82241,0,378,1,X,04,2026
1,3020,84,5,1220,13415,0,543,2,X,04,2026
1,3020,85,5,1220,945353,0,16275,1,X,04,2026
1,3020,85,5,1220,129233,0,1273,2,X,04,2026
1,3020,87,5,1220,261608,0,5119,1,X,04,2026
1,3022,73,5,1220,3153,0,127,1,X,04,2026
1,3023,01,5,1220,55907,0,1111,1,X,04,2026
1,3023,06,5,1220,1083443,0,17111,1,X,04,2026
1,3023,06,5,1220,8524,0,242,2,X,04,2026
1,3023,07,5,1220,654915,0,25688,1,X,04,2026
1,3023,07,5,1220,226806,0,8944,2,X,04,2026
1,3023,08,5,1220,1077924,0,47804,1,X,04,2026
1,3023,08,5,1220,2111870,0,176433,2,X,04,2026
1,3023,09,5,1220,66150,0,1129,1,X,04,2026
1,3023,09,5,1220,43437,0,943,2,X,04,2026
1,3023,10,5,1220,64113,0,1269,1,X,04,2026
1,3023,11,5,1220,35593,0,726,1,X,04,2026
1,3023,12,5,1220,414113,0,10715,1,X,04,2026
1,3023,13,5,1220,4554,0,157,1,X,04,2026
1,3023,13,5,1220,66292,0,3271,2,X,04,2026
1,3023,15,5,1220,361337,0,5200,1,X,04,2026
1,3023,17,5,1220,25382,0,497,1,X,04,2026
1,3023,18,5,1220,77378,0,108,1,X,04,2026
1,3023,19,5,1220,35689,0,540,1,X,04,2026
1,3023,19,5,1220,3350,0,128,2,X,04,2026
1,3023,20,5,1220,389159,0,6094,1,X,04,2026
1,3023,21,5,1220,128625,0,2403,1,X,04,2026
1,3023,22,5,1220,28416,0,556,1,X,04,2026
1,3023,23,5,1220,133551,0,2171,1,X,04,2026
1,3023,25,5,1220,834408,0,35942,1,X,04,2026
1,3023,25,5,1220,3848,0,363,2,X,04,2026
1,3023,27,5,1220,1252484,0,21940,1,X,04,2026
1,3023,27,5,1220,15806,0,1544,2,X,04,2026
1,3023,28,5,1220,113326,0,5664,1,X,04,2026
1,3023,29,5,1220,69101,0,1110,1,X,04,2026
1,3023,30,5,1220,4435,0,144,1,X,04,2026
1,3023,31,5,1220,77177,0,1169,1,X,04,2026
1,3023,32,5,1220,229898,0,12971,1,X,04,2026
1,3023,33,5,1220,64180,0,1910,1,X,04,2026
1,3023,34,5,1220,131381,0,2145,1,X,04,2026
1,3023,34,5,1220,2921,0,50,2,X,04,2026
1,3023,35,5,1220,67684,0,4151,1,X,04,2026
1,3023,38,5,1220,111910,0,2001,1,X,04,2026
1,3023,39,5,1220,2734616,0,60414,1,X,04,2026
1,3023,39,5,1220,138419,0,2595,2,X,04,2026
1,3023,40,5,1220,129223,0,4797,1,X,04,2026
1,3023,40,5,1220,48129,0,1119,2,X,04,2026
1,3023,41,5,1220,16351,0,320,1,X,04,2026
1,3023,44,5,1220,7658194,0,117750,1,X,04,2026
1,3023,44,5,1220,88568,0,6164,2,X,04,2026
1,3023,48,5,1220,1827492,0,42124,1,X,04,2026
1,3023,49,5,1220,143406,0,3198,1,X,04,2026
1,3023,49,5,1220,3629,0,71,2,X,04,2026
1,3023,52,5,1220,21735,0,272,1,X,04,2026
1,3023,52,5,1220,39331,0,770,2,X,04,2026
1,3023,54,5,1220,10724,0,209,2,X,04,2026
1,3023,56,5,1220,814860,0,2818,1,X,04,2026
1,3023,56,5,1220,41372,0,1065,2,X,04,2026
1,3023,57,5,1220,2662,0,66,2,X,04,2026
1,3023,59,5,1220,31870,0,758,1,X,04,2026
1,3023,59,5,1220,3317,0,46,2,X,04,2026
1,3023,61,5,1220,16668,0,350,2,X,04,2026
1,3023,62,5,1220,50737,0,999,1,X,04,2026
1,3023,62,5,1220,136051,0,2670,2,X,04,2026
1,3023,63,5,1220,11177,0,218,1,X,04,2026
1,3023,63,5,1220,86792,0,3104,2,X,04,2026
1,3023,64,5,1220,12796,0,295,2,X,04,2026
1,3023,65,5,1220,8478,0,146,2,X,04,2026
1,3023,68,5,1220,2702342,0,98000,1,X,04,2026
1,3023,68,5,1220,313486,0,5474,2,X,04,2026
1,3023,69,5,1220,22417,0,417,1,X,04,2026
1,3023,70,5,1220,620076,0,11584,1,X,04,2026
1,3023,70,5,1220,33381,0,1114,2,X,04,2026
1,3023,71,5,1220,3332,0,41,1,X,04,2026
1,3023,72,5,1220,919786,0,19853,1,X,04,2026
1,3023,72,5,1220,38259,0,2280,2,X,04,2026
1,3023,73,5,1220,1482500,0,33288,1,X,04,2026
1,3023,73,5,1220,116811,0,4302,2,X,04,2026
1,3023,74,5,1220,40947,0,603,1,X,04,2026
1,3023,75,5,1220,3159,0,69,1,X,04,2026
1,3023,76,5,1220,361881,0,7156,1,X,04,2026
1,3023,76,5,1220,3157259,0,11161,2,X,04,2026
1,3023,79,5,1220,5490,0,282,1,X,04,2026
1,3023,81,5,1220,544639,0,2985,1,X,04,2026
1,3023,82,5,1220,4056,0,77,1,X,04,2026
1,3023,82,5,1220,28792,0,178,2,X,04,2026
1,3023,83,5,1220,102713,0,1898,1,X,04,2026
1,3023,83,5,1220,7767,0,163,2,X,04,2026
1,3023,84,5,1220,13356915,0,152065,1,X,04,2026
1,3023,84,5,1220,4110632,0,68915,2,X,04,2026
1,3023,85,5,1220,1769061,0,7619,1,X,04,2026
1,3023,85,5,1220,379434,0,4533,2,X,04,2026
1,3023,86,5,1220,199874,0,3909,1,X,04,2026
1,3023,87,5,1220,6473675,0,75985,1,X,04,2026
1,3023,87,5,1220,1207895,0,23884,2,X,04,2026
1,3023,87,8,1220,22642,0,380,1,X,04,2026
1,3023,88,5,1220,115370,0,2402,1,X,04,2026
1,3023,88,5,1220,9682,0,188,2,X,04,2026
1,3023,90,5,1220,98920,0,1720,1,X,04,2026
1,3023,90,5,1220,173400,0,5485,2,X,04,2026
1,3023,93,5,1220,19879,0,821,1,X,04,2026
1,3023,94,5,1220,104048,0,2836,1,X,04,2026
1,3023,94,5,1220,16689,0,431,2,X,04,2026
1,3023,95,5,1220,778466,0,8098,1,X,04,2026
1,3023,95,5,1220,87778,0,2796,2,X,04,2026
1,3023,96,5,1220,5860,0,178,1,X,04,2026
1,3023,96,5,1220,5831,0,114,2,X,04,2026
1,3025,26,5,1220,50099657,0,37564,1,X,04,2026
1,3025,39,5,1220,10357,0,232,1,X,04,2026
1,3025,40,8,1220,2646,0,58,2,X,04,2026
1,3025,63,8,1220,7395,0,280,2,X,04,2026
1,3025,84,5,1220,2978,0,58,2,X,04,2026
1,3025,89,5,1220,67879,0,627,1,X,04,2026
1,3025,89,8,1220,5432,0,79,2,X,04,2026
1,3029,88,8,1220,129426709,0,2534,1,X,04,2026
1,3029,88,8,1220,4572239,0,45722,2,X,04,2026
1,30XX,01,3,1220,152790,3376,1880,1,X,04,2026
1,30XX,03,3,1220,40991,20338,1230,1,X,04,2026
1,30XX,03,3,1220,6616,953,90,2,X,04,2026
1,30XX,05,3,1220,4836,2159,95,1,X,04,2026
1,30XX,06,3,1220,23921,847,393,1,X,04,2026
1,30XX,06,3,1220,4698,646,92,2,X,04,2026
1,30XX,06,5,2010,57071,0,0,1,0,04,2026
1,30XX,07,1,2010,175000,105000,0,1,1,04,2026
1,30XX,08,1,2010,4377600,284010,0,1,1,04,2026
1,30XX,08,3,1220,24784,17418,363,2,X,04,2026
1,30XX,11,3,1220,4722,60,181,2,X,04,2026
1,30XX,12,1,1220,347526,227600,7939,2,X,04,2026
1,30XX,12,3,1220,10944,5,183,1,X,04,2026
1,30XX,12,3,1220,11769,62,270,2,X,04,2026
1,30XX,13,3,1220,5222,37,392,1,X,04,2026
1,30XX,13,3,1220,4655,54,91,2,X,04,2026
1,30XX,16,3,1220,5974,111,67,2,X,04,2026
1,30XX,18,3,1220,5337,1162,93,2,X,04,2026
1,30XX,19,3,1220,5163,268,8,1,X,04,2026
1,30XX,20,3,1220,8864,561,27,1,X,04,2026
1,30XX,21,3,1220,56016,2180,1348,1,X,04,2026
1,30XX,22,3,2010,4448,854,0,1,0,04,2026
1,30XX,25,3,1220,4922,1025,103,1,X,04,2026
1,30XX,25,3,1220,9427,103647,403,2,X,04,2026
1,30XX,26,1,1220,930148,5991000,6,1,X,04,2026
1,30XX,27,1,1220,95572732,67511278,560077,1,X,04,2026
1,30XX,27,1,2010,86463834,73874481,0,1,0,04,2026
1,30XX,27,3,1220,49091,1302,0,1,X,04,2026
1,30XX,27,3,1220,5843,966,170,2,X,04,2026
1,30XX,27,5,2010,28812,0,0,1,0,04,2026
1,30XX,28,3,1220,314986,14,3188,1,X,04,2026
1,30XX,28,3,1220,5975,5,72,2,X,04,2026
1,30XX,29,1,1220,39832,16920,780,2,X,04,2026
1,30XX,29,3,1220,679267,319,1739,1,X,04,2026
1,30XX,29,3,1220,21081,50,631,2,X,04,2026
1,30XX,29,3,2010,24792,166,0,1,0,04,2026
1,30XX,29,5,2010,3223,0,0,1,0,04,2026
1,30XX,30,3,1220,443419,1933,8160,1,X,04,2026
1,30XX,30,3,1220,267398,376,3591,2,X,04,2026
1,30XX,32,3,1220,75195,23146,2139,1,X,04,2026
1,30XX,32,3,1220,3230,36,391,2,X,04,2026
1,30XX,33,3,1220,316504,6601,3776,1,X,04,2026
1,30XX,33,3,1220,11487,101,224,2,X,04,2026
1,30XX,34,3,1220,16351,1282,586,1,X,04,2026
1,30XX,34,3,1220,15433,435,532,2,X,04,2026
1,30XX,35,3,1220,33475,1774,1777,1,X,04,2026
1,30XX,35,3,2010,3688,50,0,1,0,04,2026
1,30XX,37,3,1220,10895,53,579,2,X,04,2026
1,30XX,38,3,1220,736572,2112,11907,1,X,04,2026
1,30XX,38,3,1220,142698,634,6268,2,X,04,2026
1,30XX,38,5,2010,7356,0,0,1,0,04,2026
1,30XX,39,1,1220,99917,12246,2442,2,X,04,2026
1,30XX,39,3,1220,581189,12625,14505,1,X,04,2026
1,30XX,39,3,1220,150303,1103,4999,2,X,04,2026
1,30XX,39,3,2010,280760,1831,0,1,0,04,2026
1,30XX,39,3,2010,79424,14,0,2,0,04,2026
1,30XX,39,5,2010,39640,0,0,1,0,04,2026
1,30XX,40,1,1220,207706,69282,2899,2,X,04,2026
1,30XX,40,3,1220,162145,2288,3085,1,X,04,2026
1,30XX,40,3,1220,32596,110,574,2,X,04,2026
1,30XX,40,3,2010,10010,2,0,1,0,04,2026
1,30XX,42,3,1220,20016,221,826,1,X,04,2026
1,30XX,42,3,1220,90903,1723,2578,2,X,04,2026
1,30XX,44,1,1220,1127105,10094948,11156,1,X,04,2026
1,30XX,44,3,1220,10559,1532,351,1,X,04,2026
1,30XX,48,1,1220,15931,10405,1983,2,X,04,2026
1,30XX,48,3,1220,78022,33075,2054,1,X,04,2026
1,30XX,48,3,1220,14584,4765,1252,2,X,04,2026
1,30XX,49,3,1220,212253,4465,4083,1,X,04,2026
1,30XX,49,3,1220,10566,189,97,2,X,04,2026
1,30XX,51,3,1220,7966,176,156,2,X,04,2026
1,30XX,52,3,1220,3146,2091,0,1,X,04,2026
1,30XX,52,3,1220,9131,81,226,2,X,04,2026
1,30XX,55,3,1220,2678,225,193,1,X,04,2026
1,30XX,56,3,1220,41977,2621,670,1,X,04,2026
1,30XX,56,3,1220,4374,113,12,2,X,04,2026
1,30XX,57,3,1220,27320,422,457,2,X,04,2026
1,30XX,59,3,1220,61167,622,818,1,X,04,2026
1,30XX,59,3,1220,6575,34,156,2,X,04,2026
1,30XX,61,3,1220,13777,139,120,1,X,04,2026
1,30XX,61,3,1220,116315,3153,4505,2,X,04,2026
1,30XX,61,3,2010,6165,186,0,1,0,04,2026
1,30XX,62,3,1220,64627,1373,1291,1,X,04,2026
1,30XX,62,3,1220,129124,1291,2189,2,X,04,2026
1,30XX,63,3,1220,48811,1223,764,1,X,04,2026
1,30XX,63,3,1220,67016,2813,5705,2,X,04,2026
1,30XX,63,3,2010,29608,42,0,1,0,04,2026
1,30XX,64,3,1220,8945,22,144,1,X,04,2026
1,30XX,64,3,1220,50237,1612,967,2,X,04,2026
1,30XX,65,3,1220,66570,5991,1166,1,X,04,2026
1,30XX,65,3,1220,42572,812,1097,2,X,04,2026
1,30XX,68,3,1220,46287,111,781,1,X,04,2026
1,30XX,68,3,1220,41397,81361,1641,2,X,04,2026
1,30XX,68,3,2010,16888,5,0,1,0,04,2026
1,30XX,69,3,1220,8708,750,929,1,X,04,2026
1,30XX,69,3,1220,19006,9737,1534,2,X,04,2026
1,30XX,70,3,1220,67762,293,1189,1,X,04,2026
1,30XX,70,3,1220,55117,45,3509,2,X,04,2026
1,30XX,71,3,1220,104176384,15863,16832,1,X,04,2026
1,30XX,71,3,1220,616954,114,3928,2,X,04,2026
1,30XX,72,3,1220,3221,34,371,1,X,04,2026
1,30XX,73,1,1220,124147,27140,2855,2,X,04,2026
1,30XX,73,3,1220,861687,88168,12689,1,X,04,2026
1,30XX,73,3,1220,101989,4144,3174,2,X,04,2026
1,30XX,73,3,2010,78267,2590,0,1,0,04,2026
1,30XX,74,3,1220,68665,1454,1032,1,X,04,2026
1,30XX,74,3,1220,4128,22,143,2,X,04,2026
1,30XX,75,3,1220,186199,212,654,1,X,04,2026
1,30XX,75,3,1220,234875,147,118,2,X,04,2026
1,30XX,75,3,2010,20782,2,0,1,0,04,2026
1,30XX,76,3,1220,59589,690,918,1,X,04,2026
1,30XX,76,3,2010,39726,87,0,1,0,04,2026
1,30XX,81,3,1220,81724,134,534,1,X,04,2026
1,30XX,81,3,2010,22953,13,0,1,0,04,2026
1,30XX,82,3,1220,249081,1427,5268,1,X,04,2026
1,30XX,82,3,1220,50770,550,2021,2,X,04,2026
1,30XX,82,3,2010,47801,41,0,1,0,04,2026
1,30XX,83,3,1220,168686,2050,2650,1,X,04,2026
1,30XX,83,3,1220,372002,11411,3563,2,X,04,2026
1,30XX,83,3,2010,17977,231,0,1,0,04,2026
1,30XX,83,3,2010,82000,7,0,2,0,04,2026
1,30XX,84,1,1220,271816,17596,5367,2,X,04,2026
1,30XX,84,3,1220,7272657,54907,97681,1,X,04,2026
1,30XX,84,3,1220,4504340,19915,65149,2,X,04,2026
1,30XX,84,3,2010,98156,307,0,1,0,04,2026
1,30XX,84,3,2010,71554,36,0,2,0,04,2026
1,30XX,85,1,1220,374007,11925,6114,2,X,04,2026
1,30XX,85,3,1220,7244654,22283,100752,1,X,04,2026
1,30XX,85,3,1220,7095666,23555,106104,2,X,04,2026
1,30XX,85,3,2010,652299,636,0,1,0,04,2026
1,30XX,85,3,2010,318973,2081,0,2,0,04,2026
1,30XX,86,3,1220,19454,366,530,1,X,04,2026
1,30XX,87,3,1220,187953,1388,4204,1,X,04,2026
1,30XX,87,3,1220,113844,1053,1793,2,X,04,2026
1,30XX,88,3,1220,11084703,10711,63700,1,X,04,2026
1,30XX,88,3,1220,534586,554,2332,2,X,04,2026
1,30XX,88,3,2010,692631,273,0,1,0,04,2026
1,30XX,88,3,2010,64751,32,0,2,0,04,2026
1,30XX,88,8,2010,101591735,0,0,1,X,04,2026
1,30XX,89,3,1220,5142,222,100,1,X,04,2026
1,30XX,90,3,1220,6598955,15780,105069,1,X,04,2026
1,30XX,90,3,1220,3485192,48573,90802,2,X,04,2026
1,30XX,90,3,2010,832160,805,0,1,0,04,2026
1,30XX,90,3,2010,163927,533,0,2,0,04,2026
1,30XX,91,3,1220,85270,40,234,1,X,04,2026
1,30XX,91,3,1220,90850,8,307,2,X,04,2026
1,30XX,92,3,1220,38422,512,473,1,X,04,2026
1,30XX,92,3,1220,16481,96,119,2,X,04,2026
1,30XX,93,3,1220,287001,9,130,1,X,04,2026
1,30XX,94,3,1220,255922,4985,5366,1,X,04,2026
1,30XX,94,3,1220,198289,7866,5174,2,X,04,2026
1,30XX,94,3,2010,66709,275,0,1,0,04,2026
1,30XX,94,3,2010,7645,4,0,2,0,04,2026
1,30XX,95,3,1220,222016,2194,5899,1,X,04,2026
1,30XX,95,3,1220,293738,1745,6772,2,X,04,2026
1,30XX,96,3,1220,43424,8185,2040,2,X,04,2026
1,30XX,97,3,1220,60717,67,883,1,X,04,2026
1,30XX,97,3,1220,22535,16,144,2,X,04,2026
1,30XX,98,3,1220,29868,2689,2082,2,X,04,2026
1,3101,03,5,1220,10222,0,223,1,X,04,2026
1,3102,39,5,1220,18522,0,1916,1,X,04,2026
1,3102,84,5,1220,5676,0,618,1,X,04,2026
1,3102,84,5,1220,117777,0,6076,2,X,04,2026
1,3102,85,5,1220,60168,0,2302,2,X,04,2026
1,3102,95,5,1220,3268,0,207,2,X,04,2026
1,3103,25,5,1220,69641,0,1798,1,X,04,2026
1,3103,27,5,1220,4424087,0,43758,1,X,04,2026
1,3103,28,5,1220,5820,0,277,1,X,04,2026
1,3103,38,5,1220,10322,0,202,1,X,04,2026
1,3103,39,5,1220,78056,0,1017,1,X,04,2026
1,3103,70,5,1220,66401,0,962,1,X,04,2026
1,3103,70,5,1220,4223,0,101,2,X,04,2026
1,3104,28,5,1220,67902,0,672,2,X,04,2026
1,3104,31,5,1220,22551,0,1008,1,X,04,2026
1,3104,63,5,1220,21570,0,428,1,X,04,2026
1,3104,73,5,1220,3037,0,64,1,X,04,2026
1,3104,73,5,1220,2823,0,63,2,X,04,2026
1,3104,84,5,1220,528987,0,6527,1,X,04,2026
1,3104,84,5,1220,1419396,0,27597,2,X,04,2026
1,3104,85,5,1220,294084,0,2685,2,X,04,2026
1,3104,86,5,1220,38134,0,317,2,X,04,2026
1,3104,87,5,1220,90776,0,898,2,X,04,2026
1,3104,88,5,1220,197759,0,3868,1,X,04,2026
1,3104,88,5,1220,51910,0,3206,2,X,04,2026
1,3104,90,5,1220,39967,0,395,1,X,04,2026
1,3104,90,5,1220,619896,0,6140,2,X,04,2026
1,3106,03,5,1220,200220,0,2744,1,X,04,2026
1,3106,27,5,1220,1929892,0,22501,1,X,04,2026
1,3126,03,5,1220,1044383,0,14556,1,X,04,2026
1,3126,87,5,1220,40770,0,326,2,X,04,2026
1,31XX,27,1,1220,905313,1014000,727,1,X,04,2026
1,31XX,27,3,1220,4405,152,234,1,X,04,2026
1,31XX,30,3,1220,99043,2,980,2,X,04,2026
1,31XX,38,3,1220,10883,33,239,1,X,04,2026
1,31XX,39,3,1220,36248,402,1250,2,X,04,2026
1,31XX,42,3,1220,2712,15,197,1,X,04,2026
1,31XX,48,3,2010,55920,4213,0,2,0,04,2026
1,31XX,63,3,1220,3351,95,113,1,X,04,2026
1,31XX,68,3,1220,9165,130,320,2,X,04,2026
1,31XX,73,3,1220,5971,225,104,1,X,04,2026
1,31XX,73,3,2010,16101,130,0,1,0,04,2026
1,31XX,73,3,2010,5502,7,0,2,0,04,2026
1,31XX,75,3,2010,25903,6,0,2,0,04,2026
1,31XX,76,3,2010,11125,160,0,1,0,04,2026
1,31XX,84,1,1220,432244,12044,12874,1,X,04,2026
1,31XX,84,1,1220,154329,39105,4299,2,X,04,2026
1,31XX,84,3,1220,143711,269,1667,1,X,04,2026
1,31XX,84,3,2010,27703,196,0,1,0,04,2026
1,31XX,84,3,2010,340362,132,0,2,0,04,2026
1,31XX,85,1,1220,99540,575,1776,2,X,04,2026
1,31XX,85,3,1220,45709,203,874,1,X,04,2026
1,31XX,85,3,1220,2936,5,57,2,X,04,2026
1,31XX,85,3,2010,37849,66,0,1,0,04,2026
1,31XX,85,3,2010,143449,360,0,2,0,04,2026
1,31XX,86,1,1220,122976,37839,0,1,X,04,2026
1,31XX,88,3,1220,194082,412,3632,1,X,04,2026
1,31XX,88,3,2010,37678,11,0,1,0,04,2026
1,31XX,90,3,1220,400450,86,440,1,X,04,2026
1,31XX,90,3,1220,49135,26,1219,2,X,04,2026
1,31XX,90,3,2010,13361,1,0,1,0,04,2026
1,31XX,90,3,2010,20560,30,0,2,0,04,2026
1,32XX,03,3,1220,8074,171,581,1,X,04,2026
1,32XX,07,3,1220,31300,5098,3074,1,X,04,2026
1,32XX,12,3,1220,6068,1051,354,1,X,04,2026
1,32XX,85,3,1220,32626,1,174,2,X,04,2026
1,3301,01,5,1220,4380329,0,87566,1,X,04,2026
1,3301,05,5,1220,15079,0,91,1,X,04,2026
1,3301,07,5,1220,664069,0,45615,1,X,04,2026
1,3301,07,5,1220,61988,0,2383,2,X,04,2026
1,3301,08,5,1220,269939,0,3823,1,X,04,2026
1,3301,08,5,1220,207431,0,3681,2,X,04,2026
1,3301,10,5,1220,827389,0,17786,1,X,04,2026
1,3301,11,5,1220,8450,0,409,1,X,04,2026
1,3301,12,5,1220,236670,0,7223,1,X,04,2026
1,3301,19,6,1220,28738,0,1102,1,X,04,2026
1,3301,20,5,1220,74738,0,848,1,X,04,2026
1,3301,22,5,1220,52550,0,4077,1,X,04,2026
1,3301,23,5,1220,908699,0,16135,1,X,04,2026
1,3301,25,5,1220,187709,0,5120,1,X,04,2026
1,3301,26,5,1220,4229,0,564,1,X,04,2026
1,3301,27,5,1220,55945,0,1744,1,X,04,2026
1,3301,28,5,1220,178010,0,11616,1,X,04,2026
1,3301,29,5,1220,90144,0,1766,1,X,04,2026
1,3301,30,5,1220,72509,0,2363,1,X,04,2026
1,3301,31,5,1220,946837,0,37273,1,X,04,2026
1,3301,31,5,1220,39706,0,777,2,X,04,2026
1,3301,32,5,1220,79495,0,1183,1,X,04,2026
1,3301,34,5,1220,485981,0,9522,1,X,04,2026
1,3301,36,5,1220,11607,0,366,1,X,04,2026
1,3301,38,5,1220,1057484,0,11015,1,X,04,2026
1,3301,39,5,1220,569502,0,17253,1,X,04,2026
1,3301,39,5,1220,121428,0,2422,2,X,04,2026
1,3301,40,5,1220,23045,0,408,1,X,04,2026
1,3301,48,5,1220,7937,0,138,1,X,04,2026
1,3301,56,5,1220,37735,0,739,1,X,04,2026
1,3301,63,5,1220,19664,0,238,1,X,04,2026
1,3301,63,5,1220,2544,0,30,2,X,04,2026
1,3301,68,5,1220,58916,0,1347,1,X,04,2026
1,3301,69,5,1220,10162,0,358,1,X,04,2026
1,3301,72,5,1220,286960,0,6110,1,X,04,2026
1,3301,72,6,1220,41386,0,363,1,X,04,2026
1,3301,73,5,1220,408913,0,4182,1,X,04,2026
1,3301,73,5,1220,18299,0,346,2,X,04,2026
1,3301,74,5,1220,18698,0,366,1,X,04,2026
1,3301,76,5,1220,57370,0,727,1,X,04,2026
1,3301,82,5,1220,66414,0,1304,1,X,04,2026
1,3301,84,5,1220,8562694,0,91255,1,X,04,2026
1,3301,84,5,1220,1504559,0,24268,2,X,04,2026
1,3301,85,5,1220,11964346,0,117706,1,X,04,2026
1,3301,85,5,1220,156853,0,2844,2,X,04,2026
1,3301,86,5,1220,824258,0,18056,1,X,04,2026
1,3301,87,5,1220,12809227,0,107372,1,X,04,2026
1,3301,87,5,1220,675448,0,8160,2,X,04,2026
1,3301,89,5,1220,1138133,0,11187,1,X,04,2026
1,3301,90,5,1220,38747,0,356,1,X,04,2026
1,3301,94,5,1220,232546,0,21733,1,X,04,2026
1,3301,95,5,1220,50328,0,1840,1,X,04,2026
1,3301,95,5,1220,8423,0,164,2,X,04,2026
1,3301,96,5,1220,11942,0,364,1,X,04,2026
1,3301,96,6,1220,20706,0,205,2,X,04,2026
1,3301,98,5,1220,60836,0,2597,2,X,04,2026
1,3302,01,5,1220,1221534,0,24413,1,X,04,2026
1,3302,01,8,1220,26325,0,72,1,X,04,2026
1,3302,03,5,1220,662354,0,9774,1,X,04,2026
1,3302,03,5,1220,57389,0,786,2,X,04,2026
1,3302,04,5,1220,10371,0,203,1,X,04,2026
1,3302,05,5,1220,60477,0,419,1,X,04,2026
1,3302,06,5,1220,303362,0,9529,1,X,04,2026
1,3302,07,5,1220,4187207,0,194329,1,X,04,2026
1,3302,07,5,1220,250161,0,9958,2,X,04,2026
1,3302,08,5,1220,5510340,0,251177,1,X,04,2026
1,3302,08,5,1220,509773,0,19759,2,X,04,2026
1,3302,09,5,1220,56808,0,1009,1,X,04,2026
1,3302,09,5,1220,10565,0,168,2,X,04,2026
1,3302,10,5,1220,211324,0,5248,1,X,04,2026
1,3302,10,6,1220,210103,0,5898,1,X,04,2026
1,3302,11,5,1220,192714,0,4144,1,X,04,2026
1,3302,11,5,1220,159039,0,4851,2,X,04,2026
1,3302,12,5,1220,2528214,0,33835,1,X,04,2026
1,3302,12,5,1220,202091,0,2540,2,X,04,2026
1,3302,13,5,1220,60387,0,939,1,X,04,2026
1,3302,13,5,1220,17996,0,1353,2,X,04,2026
1,3302,14,5,1220,111952,0,6532,1,X,04,2026
1,3302,15,5,1220,332097,0,4770,1,X,04,2026
1,3302,15,5,1220,217632,0,13258,2,X,04,2026
1,3302,15,6,1220,392606,0,2635,2,X,04,2026
1,3302,16,5,1220,190135,0,1870,1,X,04,2026
1,3302,17,5,1220,66250,0,4772,1,X,04,2026
1,3302,18,5,1220,64636,0,111,1,X,04,2026
1,3302,19,5,1220,3465571,0,59215,1,X,04,2026
1,3302,19,5,1220,7679,0,67,2,X,04,2026
1,3302,20,5,1220,4406720,0,103672,1,X,04,2026
1,3302,20,5,1220,18761,0,367,2,X,04,2026
1,3302,21,5,1220,1095369,0,26557,1,X,04,2026
1,3302,21,5,1220,6750,0,157,2,X,04,2026
1,3302,22,5,1220,3074190,0,24510,1,X,04,2026
1,3302,22,5,1220,145089,0,411,2,X,04,2026
1,3302,23,5,1220,378702,0,9057,1,X,04,2026
1,3302,23,5,1220,22871,0,881,2,X,04,2026
1,3302,25,5,1220,376656,0,9423,1,X,04,2026
1,3302,25,6,1220,1595480,0,93312,1,X,04,2026
1,3302,26,6,1220,10913,0,1456,1,X,04,2026
1,3302,27,5,1220,1621094,0,31308,1,X,04,2026
1,3302,27,5,1220,3009,0,74,2,X,04,2026
1,3302,27,6,1220,8414427,0,323562,1,X,04,2026
1,3302,27,8,1220,17574379,0,0,1,X,04,2026
1,3302,28,5,1220,439967,0,21777,1,X,04,2026
1,3302,28,5,1220,76091,0,1218,2,X,04,2026
1,3302,28,6,1220,4178774,0,30133,1,X,04,2026
1,3302,29,5,1220,278245,0,7810,1,X,04,2026
1,3302,29,5,1220,23878,0,14,2,X,04,2026
1,3302,30,5,1220,180137,0,568,1,X,04,2026
1,3302,30,5,1220,29545,0,431,2,X,04,2026
1,3302,31,5,1220,823053,0,24712,1,X,04,2026
1,3302,31,5,1220,138420,0,7035,2,X,04,2026
1,3302,31,6,1220,29807860,0,167862,1,X,04,2026
1,3302,31,6,1220,11067336,0,68738,2,X,04,2026
1,3302,32,5,1220,729861,0,12459,1,X,04,2026
1,3302,33,5,1220,49997,0,1199,1,X,04,2026
1,3302,33,5,1220,55649,0,1198,2,X,04,2026
1,3302,34,5,1220,1127243,0,20743,1,X,04,2026
1,3302,34,5,1220,30608,0,1316,2,X,04,2026
1,3302,35,5,1220,90779,0,5514,1,X,04,2026
1,3302,38,5,1220,610108,0,17208,1,X,04,2026
1,3302,38,5,1220,6112,0,92,2,X,04,2026
1,3302,39,5,1220,4455111,0,94721,1,X,04,2026
1,3302,39,5,1220,300265,0,11003,2,X,04,2026
1,3302,39,6,1220,82906,0,581,2,X,04,2026
1,3302,40,5,1220,1116360,0,19854,1,X,04,2026
1,3302,40,5,1220,351680,0,6969,2,X,04,2026
1,3302,42,5,1220,439833,0,2339,1,X,04,2026
1,3302,42,5,1220,11330,0,56,2,X,04,2026
1,3302,44,5,1220,4603580,0,82492,1,X,04,2026
1,3302,44,5,1220,45325,0,1018,2,X,04,2026
1,3302,47,5,1220,21980,0,430,1,X,04,2026
1,3302,48,5,1220,2666790,0,134801,1,X,04,2026
1,3302,48,5,1220,2978,0,189,2,X,04,2026
1,3302,48,6,1220,982026,0,19249,1,X,04,2026
1,3302,49,5,1220,151992,0,3829,1,X,04,2026
1,3302,49,5,1220,23232,0,453,2,X,04,2026
1,3302,56,5,1220,65474,0,759,1,X,04,2026
1,3302,57,5,1220,11711,0,144,2,X,04,2026
1,3302,59,5,1220,101632,0,2505,1,X,04,2026
1,3302,59,5,1220,50933,0,1043,2,X,04,2026
1,3302,61,5,1220,31445,0,506,2,X,04,2026
1,3302,63,5,1220,33395,0,653,1,X,04,2026
1,3302,63,5,1220,21798,0,496,2,X,04,2026
1,3302,64,5,1220,129748,0,525,2,X,04,2026
1,3302,66,5,1220,3342,0,172,2,X,04,2026
1,3302,68,5,1220,1437115,0,33486,1,X,04,2026
1,3302,68,5,1220,15506,0,295,2,X,04,2026
1,3302,68,6,1220,81697,0,809,1,X,04,2026
1,3302,69,5,1220,66245,0,3366,1,X,04,2026
1,3302,69,5,1220,8470,0,165,2,X,04,2026
1,3302,70,5,1220,2529315,0,54596,1,X,04,2026
1,3302,70,5,1220,44455,0,2167,2,X,04,2026
1,3302,71,5,1220,17957,0,62,1,X,04,2026
1,3302,72,5,1220,283818,0,9241,1,X,04,2026
1,3302,72,5,1220,17807,0,1069,2,X,04,2026
1,3302,72,6,1220,703788,0,12345,1,X,04,2026
1,3302,73,5,1220,2217423,0,27917,1,X,04,2026
1,3302,73,5,1220,610402,0,2529,2,X,04,2026
1,3302,74,5,1220,66150,0,825,1,X,04,2026
1,3302,75,5,1220,91532,0,1793,1,X,04,2026
1,3302,75,5,1220,171844,0,3369,2,X,04,2026
1,3302,76,5,1220,499966,0,9766,1,X,04,2026
1,3302,79,5,1220,16505,0,457,1,X,04,2026
1,3302,81,5,1220,220942,0,4177,1,X,04,2026
1,3302,81,5,1220,37232,0,1870,2,X,04,2026
1,3302,82,5,1220,33870,0,426,1,X,04,2026
1,3302,82,5,1220,66487,0,508,2,X,04,2026
1,3302,83,5,1220,415337,0,9755,1,X,04,2026
1,3302,83,5,1220,185601,0,1413,2,X,04,2026
1,3302,84,5,1220,36985437,0,258745,1,X,04,2026
1,3302,84,5,1220,20761312,0,117129,2,X,04,2026
1,3302,84,8,1220,3934,0,117,1,X,04,2026
1,3302,85,5,1220,7229444,0,132413,1,X,04,2026
1,3302,85,5,1220,1812111,0,37485,2,X,04,2026
1,3302,86,5,1220,182091,0,3112,1,X,04,2026
1,3302,87,5,1220,10900938,0,115142,1,X,04,2026
1,3302,87,5,1220,13545401,0,144497,2,X,04,2026
1,3302,87,8,1220,115372,0,1540,1,X,04,2026
1,3302,88,5,1220,2277300,0,18188,1,X,04,2026
1,3302,88,5,1220,47867,0,127,2,X,04,2026
1,3302,89,5,1220,343204,0,2456,1,X,04,2026
1,3302,89,8,1220,136480,0,484,1,X,04,2026
1,3302,90,5,1220,2078153,0,13890,1,X,04,2026
1,3302,90,5,1220,328919,0,4184,2,X,04,2026
1,3302,92,5,1220,3321,0,37,1,X,04,2026
1,3302,92,5,1220,6924,0,78,2,X,04,2026
1,3302,93,5,1220,355145,0,3422,1,X,04,2026
1,3302,94,5,1220,929929,0,17838,1,X,04,2026
1,3302,94,5,1220,478144,0,3590,2,X,04,2026
1,3302,95,5,1220,104452,0,2075,1,X,04,2026
1,3302,95,5,1220,328462,0,3256,2,X,04,2026
1,3302,96,5,1220,123543,0,768,1,X,04,2026
1,3302,96,5,1220,24205,0,358,2,X,04,2026
1,3302,98,5,1220,125644,0,2360,1,X,04,2026
1,3303,90,5,1220,25956,0,727,1,X,04,2026
1,3303,98,8,1220,2560640,0,5035,1,X,04,2026
1,3304,33,5,1220,65516,0,734,1,X,04,2026
1,3304,84,5,1220,3341,0,99,2,X,04,2026
1,3304,85,5,1220,3421,0,74,2,X,04,2026
1,3304,87,5,1220,4683,0,91,2,X,04,2026
1,3304,90,5,1220,15181,0,429,2,X,04,2026
1,3306,10,5,1220,285057,0,24393,1,X,04,2026
1,3306,28,6,1220,86175,0,1090,1,X,04,2026
1,3306,84,5,1220,8225,0,245,2,X,04,2026
1,3306,87,8,1220,92698,0,1558,1,X,04,2026
1,3307,28,3,2010,14983,16,0,1,0,04,2026
1,3307,30,3,2010,62130,40,0,1,0,04,2026
1,3307,35,3,2010,32436,196,0,1,0,04,2026
1,3307,39,3,2010,11523,50,0,2,0,04,2026
1,3307,82,3,2010,19406,1,0,1,0,04,2026
1,3307,84,3,2010,50790,135,0,1,0,04,2026
1,3307,84,3,2010,19905,21,0,2,0,04,2026
1,3307,85,3,2010,10098,2,0,1,0,04,2026
1,3307,85,3,2010,66267,116,0,2,0,04,2026
1,3308,20,5,1220,35115,0,599,1,X,04,2026
1,3308,39,5,1220,2868,0,98,1,X,04,2026
1,3308,44,5,1220,2755,0,21,1,X,04,2026
1,3308,48,5,1220,42033,0,415,1,X,04,2026
1,3308,84,5,1220,39881,0,1272,1,X,04,2026
1,3308,84,5,1220,31802,0,368,2,X,04,2026
1,3309,10,5,1220,138656,0,11863,1,X,04,2026
1,3309,84,5,1220,40460,0,1205,1,X,04,2026
1,3310,01,5,1220,50367442,0,652720,1,X,04,2026
1,3310,01,5,1220,1208281,0,199,2,X,04,2026
1,3310,01,8,1220,223561,0,4470,1,X,04,2026
1,3310,02,5,1220,1492984,0,30346,1,X,04,2026
1,3310,03,5,1220,7488,0,102,2,X,04,2026
1,3310,04,5,1220,749056,0,6451,1,X,04,2026
1,3310,04,5,1220,24025,0,464,2,X,04,2026
1,3310,05,5,1220,215461,0,5166,1,X,04,2026
1,3310,06,5,1220,117547,0,3735,1,X,04,2026
1,3310,07,5,1220,18557618,0,912429,1,X,04,2026
1,3310,07,5,1220,10239333,0,466678,2,X,04,2026
1,3310,08,5,1220,18464009,0,527252,1,X,04,2026
1,3310,08,5,1220,28148862,0,1025829,2,X,04,2026
1,3310,09,5,1220,187685,0,3395,1,X,04,2026
1,3310,09,5,1220,711751,0,12109,2,X,04,2026
1,3310,10,5,1220,5382619,0,150538,1,X,04,2026
1,3310,10,6,1220,66636,0,849,1,X,04,2026
1,3310,11,5,1220,482286,0,15672,1,X,04,2026
1,3310,11,5,1220,5271,0,93,2,X,04,2026
1,3310,11,6,1220,49229,0,965,1,X,04,2026
1,3310,12,5,1220,1116835,0,72944,1,X,04,2026
1,3310,12,5,1220,723811,0,16483,2,X,04,2026
1,3310,12,8,1220,3198,0,62,1,X,04,2026
1,3310,13,5,1220,9702,0,190,1,X,04,2026
1,3310,13,5,1220,7267,0,142,2,X,04,2026
1,3310,14,5,1220,46045,0,2833,1,X,04,2026
1,3310,15,5,1220,171315,0,7039,1,X,04,2026
1,3310,15,5,1220,402243,0,8767,2,X,04,2026
1,3310,16,5,1220,3277154,0,44097,1,X,04,2026
1,3310,17,5,1220,31404,0,680,1,X,04,2026
1,3310,17,5,1220,22635,0,321,2,X,04,2026
1,3310,17,6,1220,61697,0,1208,1,X,04,2026
1,3310,18,5,1220,1305500,0,18339,1,X,04,2026
1,3310,18,5,1220,32467,0,1071,2,X,04,2026
1,3310,19,5,1220,10686294,0,251185,1,X,04,2026
1,3310,19,5,1220,222795,0,6318,2,X,04,2026
1,3310,19,6,1220,286613,0,10117,1,X,04,2026
1,3310,20,5,1220,7975215,0,159918,1,X,04,2026
1,3310,20,5,1220,777102,0,14376,2,X,04,2026
1,3310,21,5,1220,6068903,0,152436,1,X,04,2026
1,3310,21,5,1220,189539,0,4343,2,X,04,2026
1,3310,22,5,1220,2542218,0,20610,1,X,04,2026
1,3310,22,5,1220,308880,0,812,2,X,04,2026
1,3310,22,6,1220,22464942,0,1005609,1,X,04,2026
1,3310,23,5,1220,4225372,0,90998,1,X,04,2026
1,3310,23,5,1220,356385,0,6010,2,X,04,2026
1,3310,23,6,1220,1428368,0,14065,1,X,04,2026
1,3310,24,5,1220,6102,0,119,1,X,04,2026
1,3310,25,5,1220,1847190,0,58397,1,X,04,2026
1,3310,25,5,1220,211046,0,3282,2,X,04,2026
1,3310,25,6,1220,3083646,0,125469,1,X,04,2026
1,3310,27,5,1220,2581489,0,54469,1,X,04,2026
1,3310,27,5,1220,317597,0,5563,2,X,04,2026
1,3310,27,6,1220,836405,0,25148,1,X,04,2026
1,3310,28,5,1220,3453013,0,216356,1,X,04,2026
1,3310,28,5,1220,418372,0,10590,2,X,04,2026
1,3310,28,6,1220,660040,0,49603,1,X,04,2026
1,3310,29,5,1220,2294047,0,47633,1,X,04,2026
1,3310,29,5,1220,362790,0,10271,2,X,04,2026
1,3310,29,6,1220,332862,0,5451,1,X,04,2026
1,3310,30,5,1220,1915273,0,38064,1,X,04,2026
1,3310,30,5,1220,285302,0,3651,2,X,04,2026
1,3310,30,8,1220,8743,0,285,1,X,04,2026
1,3310,31,5,1220,10818464,0,291385,1,X,04,2026
1,3310,31,5,1220,172038,0,4842,2,X,04,2026
1,3310,31,6,1220,427752,0,4234,1,X,04,2026
1,3310,32,5,1220,2261753,0,51643,1,X,04,2026
1,3310,32,5,1220,274527,0,3851,2,X,04,2026
1,3310,33,5,1220,3069333,0,43946,1,X,04,2026
1,3310,33,5,1220,647507,0,8283,2,X,04,2026
1,3310,33,8,1220,2917,0,55,1,X,04,2026
1,3310,34,5,1220,4812185,0,72534,1,X,04,2026
1,3310,34,5,1220,149662,0,2124,2,X,04,2026
1,3310,34,6,1220,29710,0,582,1,X,04,2026
1,3310,35,5,1220,629159,0,15773,1,X,04,2026
1,3310,35,5,1220,6188,0,90,2,X,04,2026
1,3310,36,5,1220,1236356,0,26678,1,X,04,2026
1,3310,36,5,1220,618758,0,15558,2,X,04,2026
1,3310,37,5,1220,53912,0,543,1,X,04,2026
1,3310,37,5,1220,135190,0,3394,2,X,04,2026
1,3310,38,5,1220,8628807,0,164710,1,X,04,2026
1,3310,38,5,1220,433682,0,10523,2,X,04,2026
1,3310,38,6,1220,2084805,0,20848,1,X,04,2026
1,3310,39,5,1220,20477028,0,543805,1,X,04,2026
1,3310,39,5,1220,1853584,0,40435,2,X,04,2026
1,3310,39,6,1220,1805647,0,86915,1,X,04,2026
1,3310,39,6,1220,478445,0,15935,2,X,04,2026
1,3310,40,5,1220,3114857,0,68793,1,X,04,2026
1,3310,40,5,1220,1496685,0,49114,2,X,04,2026
1,3310,40,6,1220,25554,0,322,1,X,04,2026
1,3310,41,5,1220,80155,0,1028,1,X,04,2026
1,3310,42,5,1220,402723,0,5988,1,X,04,2026
1,3310,42,5,1220,159280,0,2959,2,X,04,2026
1,3310,42,6,1220,66414,0,1648,2,X,04,2026
1,3310,43,5,1220,4530,0,55,2,X,04,2026
1,3310,44,5,1220,536188,0,9607,1,X,04,2026
1,3310,44,5,1220,49189,0,1300,2,X,04,2026
1,3310,44,6,1220,628898,0,26116,1,X,04,2026
1,3310,46,5,1220,2711,0,50,2,X,04,2026
1,3310,47,5,1220,28663,0,1362,1,X,04,2026
1,3310,48,5,1220,2489962,0,75020,1,X,04,2026
1,3310,48,5,1220,202870,0,8008,2,X,04,2026
1,3310,48,6,1220,295696,0,10869,1,X,04,2026
1,3310,49,5,1220,494819,0,8651,1,X,04,2026
1,3310,49,5,1220,17125,0,250,2,X,04,2026
1,3310,52,5,1220,13880,0,342,1,X,04,2026
1,3310,53,5,1220,18137,0,727,2,X,04,2026
1,3310,55,5,1220,30325,0,493,1,X,04,2026
1,3310,56,5,1220,665302,0,15429,1,X,04,2026
1,3310,56,5,1220,20779,0,425,2,X,04,2026
1,3310,57,5,1220,2881,0,53,1,X,04,2026
1,3310,57,5,1220,4466,0,47,2,X,04,2026
1,3310,58,5,1220,81665,0,416,1,X,04,2026
1,3310,58,5,1220,35071,0,288,2,X,04,2026
1,3310,59,5,1220,257782,0,5563,1,X,04,2026
1,3310,59,5,1220,139665,0,5751,2,X,04,2026
1,3310,60,5,1220,21448,0,436,1,X,04,2026
1,3310,60,5,1220,7800,0,115,2,X,04,2026
1,3310,61,5,1220,9973,0,201,1,X,04,2026
1,3310,61,5,1220,279815,0,4752,2,X,04,2026
1,3310,61,6,1220,59066,0,1831,2,X,04,2026
1,3310,62,5,1220,108008,0,2624,1,X,04,2026
1,3310,62,5,1220,1299324,0,20190,2,X,04,2026
1,3310,63,5,1220,141684,0,4141,1,X,04,2026
1,3310,63,5,1220,302999,0,11445,2,X,04,2026
1,3310,63,6,1220,5351,0,201,2,X,04,2026
1,3310,64,5,1220,13456,0,716,1,X,04,2026
1,3310,64,5,1220,439752,0,8498,2,X,04,2026
1,3310,65,5,1220,135780,0,1460,1,X,04,2026
1,3310,65,5,1220,542407,0,9746,2,X,04,2026
1,3310,65,6,1220,107647,0,3211,1,X,04,2026
1,3310,66,5,1220,3227,0,166,2,X,04,2026
1,3310,67,5,1220,10559,0,295,2,X,04,2026
1,3310,68,5,1220,4085055,0,135387,1,X,04,2026
1,3310,68,5,1220,375962,0,13351,2,X,04,2026
1,3310,68,6,1220,3264406,0,187610,1,X,04,2026
1,3310,69,5,1220,443825,0,7460,1,X,04,2026
1,3310,69,5,1220,390013,0,8015,2,X,04,2026
1,3310,70,5,1220,398226,0,16059,1,X,04,2026
1,3310,70,5,1220,162333,0,6347,2,X,04,2026
1,3310,70,6,1220,39872,0,949,1,X,04,2026
1,3310,71,5,1220,16868199,0,61334,1,X,04,2026
1,3310,71,5,1220,2247409,0,8448,2,X,04,2026
1,3310,72,5,1220,1126813,0,47109,1,X,04,2026
1,3310,72,5,1220,279935,0,4497,2,X,04,2026
1,3310,72,6,1220,373554,0,3267,1,X,04,2026
1,3310,72,6,1220,88580,0,1087,2,X,04,2026
1,3310,73,5,1220,9592369,0,175072,1,X,04,2026
1,3310,73,5,1220,3685933,0,90691,2,X,04,2026
1,3310,73,6,1220,28291,0,276,1,X,04,2026
1,3310,73,6,1220,2649,0,107,2,X,04,2026
1,3310,73,8,1220,3073,0,64,2,X,04,2026
1,3310,74,5,1220,411160,0,8562,1,X,04,2026
1,3310,74,5,1220,128739,0,1950,2,X,04,2026
1,3310,75,5,1220,1235593,0,25142,1,X,04,2026
1,3310,75,5,1220,322218,0,6953,2,X,04,2026
1,3310,76,5,1220,1885947,0,35348,1,X,04,2026
1,3310,76,5,1220,302829,0,4952,2,X,04,2026
1,3310,78,5,1220,237553,0,2866,1,X,04,2026
1,3310,79,5,1220,3506,0,104,1,X,04,2026
1,3310,80,5,1220,34303,0,509,1,X,04,2026
1,3310,81,5,1220,132286,0,2316,1,X,04,2026
1,3310,81,5,1220,107969,0,1529,2,X,04,2026
1,3310,82,5,1220,1249316,0,24038,1,X,04,2026
1,3310,82,5,1220,319006,0,7964,2,X,04,2026
1,3310,82,6,1220,209008,0,6286,1,X,04,2026
1,3310,82,6,1220,509984,0,15075,2,X,04,2026
1,3310,83,5,1220,966279,0,21181,1,X,04,2026
1,3310,83,5,1220,494177,0,9548,2,X,04,2026
1,3310,83,8,1220,19008,0,367,1,X,04,2026
1,3310,84,5,1220,95965065,0,1467713,1,X,04,2026
1,3310,84,5,1220,56945055,0,666519,2,X,04,2026
1,3310,84,6,1220,851782,0,24981,1,X,04,2026
1,3310,84,6,1220,8566728,0,219350,2,X,04,2026
1,3310,84,8,1220,172057,0,2724,1,X,04,2026
1,3310,84,8,1220,31824,0,314,2,X,04,2026
1,3310,85,5,1220,22924764,0,360938,1,X,04,2026
1,3310,85,5,1220,20994978,0,316258,2,X,04,2026
1,3310,85,6,1220,75124,0,1598,1,X,04,2026
1,3310,85,6,1220,2430636,0,43790,2,X,04,2026
1,3310,86,5,1220,2197501,0,61667,1,X,04,2026
1,3310,86,5,1220,251767,0,3786,2,X,04,2026
1,3310,86,6,1220,30432,0,0,2,X,04,2026
1,3310,87,5,1220,48377752,0,681855,1,X,04,2026
1,3310,87,5,1220,4844556,0,76528,2,X,04,2026
1,3310,87,6,1220,4725,0,79,2,X,04,2026
1,3310,87,8,1220,837278,0,9263,1,X,04,2026
1,3310,88,5,1220,8944998,0,32150,1,X,04,2026
1,3310,88,5,1220,3443126,0,15129,2,X,04,2026
1,3310,88,6,1220,9770,0,191,1,X,04,2026
1,3310,89,5,1220,2469149,0,18129,1,X,04,2026
1,3310,89,5,1220,126934,0,1410,2,X,04,2026
1,3310,90,5,1220,9929661,0,171376,1,X,04,2026
1,3310,90,5,1220,4542723,0,58937,2,X,04,2026
1,3310,90,6,1220,30870,0,786,1,X,04,2026
1,3310,90,6,1220,160016,0,4071,2,X,04,2026
1,3310,91,5,1220,9090,0,105,1,X,04,2026
1,3310,91,5,1220,190278,0,2844,2,X,04,2026
1,3310,92,5,1220,3624,0,12,2,X,04,2026
1,3310,93,5,1220,2726305,0,30354,1,X,04,2026
1,3310,93,5,1220,131624,0,3031,2,X,04,2026
1,3310,94,5,1220,4307986,0,82096,1,X,04,2026
1,3310,94,5,1220,3242019,0,71782,2,X,04,2026
1,3310,94,6,1220,420911,0,16335,1,X,04,2026
1,3310,94,6,1220,32682,0,852,2,X,04,2026
1,3310,95,5,1220,2769439,0,29534,1,X,04,2026
1,3310,95,5,1220,2677393,0,32679,2,X,04,2026
1,3310,96,5,1220,492970,0,14664,1,X,04,2026
1,3310,96,5,1220,287222,0,7019,2,X,04,2026
1,3310,96,6,1220,52352,0,621,1,X,04,2026
1,3310,96,6,1220,81241,0,1921,2,X,04,2026
1,3310,97,5,1220,54614,0,1061,1,X,04,2026
1,3310,98,5,1220,562942,0,7916,1,X,04,2026
1,3310,98,5,1220,25519,0,72,2,X,04,2026
1,3310,98,8,1220,2190130,0,1875,1,X,04,2026
1,3316,19,5,1220,4340,0,570,1,X,04,2026
1,3316,21,5,1220,2999,0,190,1,X,04,2026
1,3316,30,5,1220,4180,0,82,1,X,04,2026
1,3316,32,5,1220,18242,0,357,1,X,04,2026
1,3316,39,5,1220,5698,0,194,1,X,04,2026
1,3316,42,5,1220,45611,0,1127,1,X,04,2026
1,3316,49,5,1220,7118,0,241,1,X,04,2026
1,3316,71,5,1220,5406,0,67,2,X,04,2026
1,3316,82,5,1220,3263,0,98,1,X,04,2026
1,3316,87,5,1220,93403,0,3482,1,X,04,2026
1,3316,87,8,1220,4116,0,69,1,X,04,2026
1,3316,89,5,1220,211261,0,3121,1,X,04,2026
1,3316,95,5,1220,2865,0,311,1,X,04,2026
1,3316,95,5,1220,5000,0,183,2,X,04,2026
1,3318,17,5,1220,5099,0,263,1,X,04,2026
1,3318,25,5,1220,4055,0,79,1,X,04,2026
1,3318,27,8,1220,16796,0,0,1,X,04,2026
1,3318,28,5,1220,40485,0,3371,1,X,04,2026
1,3318,39,5,1220,27989,0,954,1,X,04,2026
1,3318,44,5,1220,246720,0,4828,1,X,04,2026
1,3318,72,5,1220,13808,0,72,1,X,04,2026
1,3318,84,5,1220,54519,0,433,1,X,04,2026
1,3318,86,5,1220,128296,0,3269,1,X,04,2026
1,3318,87,5,1220,429148,0,7605,1,X,04,2026
1,3318,94,5,1220,3150,0,55,2,X,04,2026
1,3318,95,5,1220,6235,0,77,1,X,04,2026
1,3318,95,5,1220,5459,0,199,2,X,04,2026
1,3321,47,6,1220,117800,0,2310,2,X,04,2026
1,3321,87,8,1220,17198,0,289,1,X,04,2026
1,3322,04,5,1220,7768,0,466,1,X,04,2026
1,3322,10,5,1220,621277,0,13571,1,X,04,2026
1,3322,34,6,1220,58380,0,1143,1,X,04,2026
1,3322,39,6,1220,11418,0,198,1,X,04,2026
1,3322,40,6,1220,138454,0,2706,1,X,04,2026
1,3322,40,6,1220,14484,0,282,2,X,04,2026
1,3322,48,6,1220,21088,0,439,1,X,04,2026
1,3322,68,5,1220,10974,0,215,2,X,04,2026
1,3322,70,5,1220,5344,0,104,1,X,04,2026
1,3322,70,5,1220,2613,0,62,2,X,04,2026
1,3322,72,5,1220,17340,0,431,2,X,04,2026
1,3322,84,5,1220,7243,0,142,1,X,04,2026
1,3322,84,5,1220,9302,0,173,2,X,04,2026
1,3322,85,5,1220,38963,0,763,1,X,04,2026
1,3322,87,5,1220,55729,0,1343,1,X,04,2026
1,3322,94,5,1220,16186,0,317,1,X,04,2026
1,3322,96,5,1220,5894,0,180,1,X,04,2026
1,3323,34,5,1220,5827,0,220,1,X,04,2026
1,3323,47,6,1220,197256,0,3864,2,X,04,2026
1,3325,84,5,1220,19975,0,594,1,X,04,2026
1,3325,87,5,1220,298144,0,5009,1,X,04,2026
1,3325,87,8,1220,6930,0,116,1,X,04,2026
1,33XX,07,3,1220,12411,16329,478,1,X,04,2026
1,33XX,08,3,1220,4586,399,31,2,X,04,2026
1,33XX,19,3,1220,4714,544,92,2,X,04,2026
1,33XX,20,3,1220,3508,1252,227,2,X,04,2026
1,33XX,27,3,1220,40627,29422,1409,1,X,04,2026
1,33XX,28,3,1220,27307,124397,0,1,X,04,2026
1,33XX,29,3,1220,4059,5,130,1,X,04,2026
1,33XX,30,3,1220,43795,96,608,1,X,04,2026
1,33XX,31,3,1220,5851,21201,531,2,X,04,2026
1,33XX,32,3,1220,3020,41,58,2,X,04,2026
1,33XX,33,3,1220,12714,149,378,1,X,04,2026
1,33XX,33,3,1220,7463,29,146,2,X,04,2026
1,33XX,35,3,1220,14285,5,130,1,X,04,2026
1,33XX,38,3,1220,259998,204,584,1,X,04,2026
1,33XX,39,3,1220,18890,4837,604,1,X,04,2026
1,33XX,39,3,1220,18738,651,534,2,X,04,2026
1,33XX,40,3,1220,7613,184,255,1,X,04,2026
1,33XX,42,3,1220,2821,51,70,2,X,04,2026
1,33XX,48,3,1220,4037,117,57,1,X,04,2026
1,33XX,49,3,1220,11744,132,230,1,X,04,2026
1,33XX,54,3,1220,4226,48,82,2,X,04,2026
1,33XX,61,3,1220,4672,36,89,2,X,04,2026
1,33XX,63,3,1220,7657,646,150,2,X,04,2026
1,33XX,64,3,2010,7452,120,0,2,0,04,2026
1,33XX,68,3,1220,19188,75,381,1,X,04,2026
1,33XX,68,3,1220,31191,34,611,2,X,04,2026
1,33XX,70,3,1220,6315,574,70,2,X,04,2026
1,33XX,71,3,1220,87672,4,2870,1,X,04,2026
1,33XX,71,3,1220,864107,72,3088,2,X,04,2026
1,33XX,73,3,1220,15154,178,314,1,X,04,2026
1,33XX,74,3,1220,3037,23,59,1,X,04,2026
1,33XX,74,3,1220,13116,419,130,2,X,04,2026
1,33XX,76,3,1220,32632,3680,1553,1,X,04,2026
1,33XX,82,3,1220,5306,57,102,1,X,04,2026
1,33XX,84,3,1220,836792,6959,13138,1,X,04,2026
1,33XX,84,3,1220,372221,6892,7873,2,X,04,2026
1,33XX,85,3,1220,111562,1063,2288,1,X,04,2026
1,33XX,85,3,1220,436696,565,4950,2,X,04,2026
1,33XX,86,3,1220,32290,106,260,1,X,04,2026
1,33XX,88,3,1220,78735,58,913,1,X,04,2026
1,33XX,90,3,1220,249915,404,3551,1,X,04,2026
1,33XX,90,3,1220,327491,737,3244,2,X,04,2026
1,33XX,90,3,2010,5891,31,0,1,0,04,2026
1,33XX,91,3,1220,60323,58,1073,2,X,04,2026
1,33XX,94,3,1220,17460,235,678,1,X,04,2026
1,33XX,94,3,1220,17218,1997,336,2,X,04,2026
1,33XX,96,3,1220,10248,466,200,1,X,04,2026
1,3401,01,5,1220,2079981,0,34117,1,X,04,2026
1,3401,01,8,1220,21987,0,431,2,X,04,2026
1,3401,02,5,1220,8751389,0,244926,1,X,04,2026
1,3401,02,5,1220,32025,0,251,2,X,04,2026
1,3401,04,5,1220,1903292,0,84760,1,X,04,2026
1,3401,04,5,1220,733543,0,3651,2,X,04,2026
1,3401,05,5,1220,722936,0,17314,1,X,04,2026
1,3401,05,5,1220,63014,0,1116,2,X,04,2026
1,3401,06,5,1220,151252,0,5567,1,X,04,2026
1,3401,06,5,1220,3691,0,51,2,X,04,2026
1,3401,07,5,1220,5192095,0,218826,1,X,04,2026
1,3401,07,5,1220,1377197,0,58559,2,X,04,2026
1,3401,08,5,1220,542220,0,14858,1,X,04,2026
1,3401,08,5,1220,3913748,0,76302,2,X,04,2026
1,3401,09,5,1220,339304,0,5867,1,X,04,2026
1,3401,09,5,1220,83214,0,1497,2,X,04,2026
1,3401,10,5,1220,2623589,0,71446,1,X,04,2026
1,3401,10,5,1220,82074,0,1608,2,X,04,2026
1,3401,10,6,1220,4418495,0,98779,1,X,04,2026
1,3401,11,5,1220,1188042,0,81984,1,X,04,2026
1,3401,11,5,1220,12031,0,10,2,X,04,2026
1,3401,11,6,1220,70454,0,6763,1,X,04,2026
1,3401,12,5,1220,4885373,0,225295,1,X,04,2026
1,3401,12,5,1220,715615,0,26306,2,X,04,2026
1,3401,13,5,1220,259380,0,5302,1,X,04,2026
1,3401,13,5,1220,126457,0,1965,2,X,04,2026
1,3401,14,5,1220,13261,0,713,1,X,04,2026
1,3401,15,5,1220,3179593,0,77275,1,X,04,2026
1,3401,15,5,1220,433244,0,11124,2,X,04,2026
1,3401,15,6,1220,662974,0,14837,1,X,04,2026
1,3401,15,6,1220,106216,0,1817,2,X,04,2026
1,3401,16,5,1220,6949176,0,133056,1,X,04,2026
1,3401,17,5,1220,542870,0,35247,1,X,04,2026
1,3401,17,5,1220,335428,0,3553,2,X,04,2026
1,3401,17,6,1220,2883764,0,35325,1,X,04,2026
1,3401,17,6,1220,35767,0,5779,2,X,04,2026
1,3401,18,5,1220,1445310,0,25673,1,X,04,2026
1,3401,18,5,1220,66682,0,1040,2,X,04,2026
1,3401,19,5,1220,7455868,0,317957,1,X,04,2026
1,3401,19,5,1220,101618,0,611,2,X,04,2026
1,3401,20,5,1220,4633690,0,188809,1,X,04,2026
1,3401,20,5,1220,104066,0,1319,2,X,04,2026
1,3401,20,6,1220,65383,0,6542,1,X,04,2026
1,3401,21,5,1220,8627628,0,222303,1,X,04,2026
1,3401,21,5,1220,117166,0,1886,2,X,04,2026
1,3401,21,6,1220,96526,0,1891,1,X,04,2026
1,3401,22,5,1220,3465087,0,119411,1,X,04,2026
1,3401,22,5,1220,1557919,0,33472,2,X,04,2026
1,3401,22,6,1220,1416358,0,79652,1,X,04,2026
1,3401,23,5,1220,12719272,0,282932,1,X,04,2026
1,3401,23,5,1220,196065,0,1885,2,X,04,2026
1,3401,23,6,1220,1612697,0,27855,1,X,04,2026
1,3401,23,8,1220,68627,0,1345,1,X,04,2026
1,3401,24,5,1220,2973,0,159,1,X,04,2026
1,3401,25,5,1220,968855,0,35079,1,X,04,2026
1,3401,25,5,1220,34259,0,455,2,X,04,2026
1,3401,25,6,1220,372744,0,29979,1,X,04,2026
1,3401,25,8,1220,5880,0,206,1,X,04,2026
1,3401,26,5,1220,783976,0,20384,1,X,04,2026
1,3401,26,5,1220,59965,0,5695,2,X,04,2026
1,3401,26,6,1220,304479,0,28047,1,X,04,2026
1,3401,27,5,1220,8998024,0,248089,1,X,04,2026
1,3401,27,5,1220,118266,0,3139,2,X,04,2026
1,3401,27,6,1220,23014176,0,1404309,1,X,04,2026
1,3401,27,7,1220,780974864,0,0,1,X,04,2026
1,3401,28,5,1220,3575389,0,126119,1,X,04,2026
1,3401,28,5,1220,544925,0,17696,2,X,04,2026
1,3401,28,6,1220,5862034,0,133035,1,X,04,2026
1,3401,29,5,1220,8317628,0,300213,1,X,04,2026
1,3401,29,5,1220,1931182,0,46504,2,X,04,2026
1,3401,29,6,1220,3017215,0,68340,1,X,04,2026
1,3401,29,6,1220,267216,0,6542,2,X,04,2026
1,3401,29,7,1220,2332637,0,0,1,X,04,2026
1,3401,30,5,1220,3616355,0,86442,1,X,04,2026
1,3401,30,5,1220,799210,0,11481,2,X,04,2026
1,3401,31,5,1220,12517501,0,408990,1,X,04,2026
1,3401,31,5,1220,4617183,0,108866,2,X,04,2026
1,3401,31,6,1220,21319710,0,326011,1,X,04,2026
1,3401,31,6,1220,22160359,0,958836,2,X,04,2026
1,3401,32,5,1220,13143043,0,416848,1,X,04,2026
1,3401,32,5,1220,678299,0,24554,2,X,04,2026
1,3401,32,6,1220,102566,0,3036,1,X,04,2026
1,3401,33,5,1220,4970075,0,89150,1,X,04,2026
1,3401,33,5,1220,799720,0,13054,2,X,04,2026
1,3401,34,5,1220,15712964,0,541007,1,X,04,2026
1,3401,34,5,1220,241568,0,10305,2,X,04,2026
1,3401,35,5,1220,4918448,0,170681,1,X,04,2026
1,3401,35,5,1220,250489,0,6926,2,X,04,2026
1,3401,35,6,1220,141486,0,8598,1,X,04,2026
1,3401,36,5,1220,1734001,0,49229,1,X,04,2026
1,3401,36,5,1220,796567,0,10722,2,X,04,2026
1,3401,37,5,1220,71935,0,1531,1,X,04,2026
1,3401,37,5,1220,7944,0,155,2,X,04,2026
1,3401,38,5,1220,80981606,0,1084594,1,X,04,2026
1,3401,38,5,1220,8303976,0,92997,2,X,04,2026
1,3401,38,6,1220,6564207,0,129239,1,X,04,2026
1,3401,39,5,1220,56661339,0,1827650,1,X,04,2026
1,3401,39,5,1220,7540614,0,178079,2,X,04,2026
1,3401,39,6,1220,13206606,0,361302,1,X,04,2026
1,3401,39,6,1220,295958,0,7270,2,X,04,2026
1,3401,39,8,1220,12347,0,316,1,X,04,2026
1,3401,39,8,1220,2631,0,58,2,X,04,2026
1,3401,40,5,1220,13158054,0,356428,1,X,04,2026
1,3401,40,5,1220,2684829,0,55744,2,X,04,2026
1,3401,40,6,1220,806112,0,16559,1,X,04,2026
1,3401,40,8,1220,24477,0,524,1,X,04,2026
1,3401,41,5,1220,166200,0,2741,1,X,04,2026
1,3401,41,5,1220,3822,0,327,2,X,04,2026
1,3401,42,5,1220,215330,0,4237,1,X,04,2026
1,3401,42,5,1220,428066,0,9434,2,X,04,2026
1,3401,43,5,1220,2612,0,31,1,X,04,2026
1,3401,43,5,1220,2836,0,28,2,X,04,2026
1,3401,44,5,1220,5125622,0,236670,1,X,04,2026
1,3401,44,5,1220,821273,0,34946,2,X,04,2026
1,3401,44,6,1220,2200051,0,60564,1,X,04,2026
1,3401,45,5,1220,2637,0,64,1,X,04,2026
1,3401,45,5,1220,27667,0,518,2,X,04,2026
1,3401,46,5,1220,16649,0,575,1,X,04,2026
1,3401,46,5,1220,25157,0,1307,2,X,04,2026
1,3401,47,5,1220,207187,0,9565,1,X,04,2026
1,3401,48,5,1220,20645091,0,939597,1,X,04,2026
1,3401,48,5,1220,644808,0,29595,2,X,04,2026
1,3401,48,6,1220,1738162,0,38110,1,X,04,2026
1,3401,48,8,1220,12308,0,660,1,X,04,2026
1,3401,48,8,1220,3627,0,147,2,X,04,2026
1,3401,49,5,1220,6541508,0,122553,1,X,04,2026
1,3401,49,5,1220,564342,0,10598,2,X,04,2026
1,3401,49,8,1220,38998,0,1320,1,X,04,2026
1,3401,51,5,1220,2574,0,58,1,X,04,2026
1,3401,52,5,1220,38012,0,639,1,X,04,2026
1,3401,52,5,1220,40254,0,684,2,X,04,2026
1,3401,54,5,1220,792531,0,17792,1,X,04,2026
1,3401,54,5,1220,173792,0,3643,2,X,04,2026
1,3401,55,5,1220,1460018,0,21715,1,X,04,2026
1,3401,55,5,1220,12349,0,572,2,X,04,2026
1,3401,56,5,1220,2819837,0,52484,1,X,04,2026
1,3401,56,5,1220,384604,0,6157,2,X,04,2026
1,3401,57,5,1220,5330101,0,82246,1,X,04,2026
1,3401,57,5,1220,312943,0,4741,2,X,04,2026
1,3401,58,5,1220,71663,0,3555,1,X,04,2026
1,3401,58,5,1220,50749,0,2373,2,X,04,2026
1,3401,59,5,1220,767335,0,17093,1,X,04,2026
1,3401,59,5,1220,260036,0,8886,2,X,04,2026
1,3401,60,5,1220,129248,0,3431,1,X,04,2026
1,3401,60,5,1220,72524,0,1539,2,X,04,2026
1,3401,61,5,1220,223244,0,5469,1,X,04,2026
1,3401,61,5,1220,429405,0,13824,2,X,04,2026
1,3401,62,5,1220,274631,0,7165,1,X,04,2026
1,3401,62,5,1220,998934,0,37628,2,X,04,2026
1,3401,63,5,1220,580979,0,14238,1,X,04,2026
1,3401,63,5,1220,456937,0,10446,2,X,04,2026
1,3401,63,8,1220,3014,0,114,1,X,04,2026
1,3401,64,5,1220,255107,0,25455,1,X,04,2026
1,3401,64,5,1220,386710,0,16473,2,X,04,2026
1,3401,65,5,1220,222579,0,3496,1,X,04,2026
1,3401,65,5,1220,552574,0,10243,2,X,04,2026
1,3401,66,5,1220,5820,0,299,1,X,04,2026
1,3401,67,5,1220,7446,0,295,1,X,04,2026
1,3401,67,5,1220,8031,0,318,2,X,04,2026
1,3401,68,5,1220,8393602,0,343950,1,X,04,2026
1,3401,68,5,1220,214554,0,8500,2,X,04,2026
1,3401,68,6,1220,306299,0,24660,1,X,04,2026
1,3401,69,5,1220,591034,0,11959,1,X,04,2026
1,3401,69,5,1220,232146,0,6807,2,X,04,2026
1,3401,69,6,1220,2756,0,55,2,X,04,2026
1,3401,70,5,1220,5207101,0,141171,1,X,04,2026
1,3401,70,5,1220,158295,0,4672,2,X,04,2026
1,3401,70,6,1220,24061,0,1145,1,X,04,2026
1,3401,71,5,1220,379569,0,5491,1,X,04,2026
1,3401,71,5,1220,45246,0,762,2,X,04,2026
1,3401,72,5,1220,7507076,0,275472,1,X,04,2026
1,3401,72,5,1220,2265861,0,46525,2,X,04,2026
1,3401,72,6,1220,725386,0,11257,1,X,04,2026
1,3401,72,6,1220,404195,0,11434,2,X,04,2026
1,3401,73,5,1220,25213652,0,648658,1,X,04,2026
1,3401,73,5,1220,5672026,0,129745,2,X,04,2026
1,3401,73,6,1220,1486139,0,17312,1,X,04,2026
1,3401,74,5,1220,3626280,0,39956,1,X,04,2026
1,3401,74,5,1220,266217,0,4621,2,X,04,2026
1,3401,75,5,1220,166373,0,3708,1,X,04,2026
1,3401,75,5,1220,606907,0,948,2,X,04,2026
1,3401,76,5,1220,9180291,0,284501,1,X,04,2026
1,3401,76,5,1220,430167,0,7312,2,X,04,2026
1,3401,76,6,1220,21500,0,601,1,X,04,2026
1,3401,78,5,1220,17592,0,1841,1,X,04,2026
1,3401,79,5,1220,134174,0,5175,1,X,04,2026
1,3401,79,5,1220,7052,0,452,2,X,04,2026
1,3401,80,5,1220,8606,0,72,1,X,04,2026
1,3401,81,5,1220,518022,0,6592,1,X,04,2026
1,3401,81,5,1220,5585,0,116,2,X,04,2026
1,3401,82,5,1220,2404349,0,45484,1,X,04,2026
1,3401,82,5,1220,1258177,0,21091,2,X,04,2026
1,3401,83,5,1220,3765246,0,73571,1,X,04,2026
1,3401,83,5,1220,881070,0,22108,2,X,04,2026
1,3401,84,5,1220,272635051,0,3852134,1,X,04,2026
1,3401,84,5,1220,58456567,0,931312,2,X,04,2026
1,3401,84,6,1220,177629,0,3419,1,X,04,2026
1,3401,84,6,1220,15843,0,310,2,X,04,2026
1,3401,84,8,1220,188982,0,8870,1,X,04,2026
1,3401,84,8,1220,34973,0,1041,2,X,04,2026
1,3401,85,5,1220,77364118,0,1042293,1,X,04,2026
1,3401,85,5,1220,39022477,0,569622,2,X,04,2026
1,3401,85,6,1220,9974,0,195,1,X,04,2026
1,3401,85,8,1220,6792,0,149,2,X,04,2026
1,3401,86,5,1220,8122747,0,149489,1,X,04,2026
1,3401,86,5,1220,582311,0,10143,2,X,04,2026
1,3401,86,6,1220,1288358,0,11367,1,X,04,2026
1,3401,87,5,1220,126302597,0,1737406,1,X,04,2026
1,3401,87,5,1220,19305476,0,255674,2,X,04,2026
1,3401,87,6,1220,428822,0,4243,1,X,04,2026
1,3401,87,8,1220,857222,0,16378,1,X,04,2026
1,3401,87,8,1220,70769,0,1495,2,X,04,2026
1,3401,88,5,1220,9269100,0,78815,1,X,04,2026
1,3401,88,5,1220,744642,0,7890,2,X,04,2026
1,3401,88,8,1220,22896,0,486,1,X,04,2026
1,3401,89,5,1220,4176755,0,45289,1,X,04,2026
1,3401,89,5,1220,29771,0,404,2,X,04,2026
1,3401,89,8,1220,130292,0,3755,1,X,04,2026
1,3401,89,8,1220,12139,0,178,2,X,04,2026
1,3401,90,5,1220,19546390,0,292872,1,X,04,2026
1,3401,90,5,1220,11022110,0,151018,2,X,04,2026
1,3401,91,5,1220,70718,0,828,1,X,04,2026
1,3401,91,5,1220,84360,0,1770,2,X,04,2026
1,3401,92,5,1220,65857,0,1907,1,X,04,2026
1,3401,92,5,1220,8906,0,119,2,X,04,2026
1,3401,93,5,1220,1160917,0,14503,1,X,04,2026
1,3401,93,5,1220,260930,0,2084,2,X,04,2026
1,3401,94,5,1220,10494584,0,241885,1,X,04,2026
1,3401,94,5,1220,2669349,0,73824,2,X,04,2026
1,3401,95,5,1220,2207979,0,48322,1,X,04,2026
1,3401,95,5,1220,3976435,0,51147,2,X,04,2026
1,3401,96,5,1220,1786267,0,43665,1,X,04,2026
1,3401,96,5,1220,368224,0,9734,2,X,04,2026
1,3401,97,5,1220,44973,0,853,1,X,04,2026
1,3401,97,5,1220,11254,0,290,2,X,04,2026
1,3401,98,5,1220,879851,0,9902,1,X,04,2026
1,3401,98,5,1220,152660,0,3363,2,X,04,2026
1,3401,98,8,1220,139020,0,163,1,X,04,2026
1,3403,01,5,1220,8303814,0,141053,1,X,04,2026
1,3403,02,5,1220,3247663,0,51437,1,X,04,2026
1,3403,03,5,1220,47692,0,653,1,X,04,2026
1,3403,03,5,1220,258680,0,3530,2,X,04,2026
1,3403,04,5,1220,1857910,0,11693,1,X,04,2026
1,3403,04,5,1220,90925,0,1782,2,X,04,2026
1,3403,05,5,1220,292913,0,13944,1,X,04,2026
1,3403,06,5,1220,161696,0,3235,1,X,04,2026
1,3403,07,5,1220,1192734,0,56117,1,X,04,2026
1,3403,07,5,1220,348337,0,24516,2,X,04,2026
1,3403,08,5,1220,404250,0,9518,1,X,04,2026
1,3403,08,5,1220,1628203,0,49177,2,X,04,2026
1,3403,09,5,1220,320178,0,5770,1,X,04,2026
1,3403,09,5,1220,135822,0,2633,2,X,04,2026
1,3403,09,6,1220,410116,0,6577,1,X,04,2026
1,3403,09,6,1220,122603,0,2403,2,X,04,2026
1,3403,10,5,1220,1605859,0,52425,1,X,04,2026
1,3403,10,6,1220,4612215,0,100785,1,X,04,2026
1,3403,11,5,1220,447531,0,22951,1,X,04,2026
1,3403,11,5,1220,39399,0,1373,2,X,04,2026
1,3403,11,6,1220,105401,0,9579,1,X,04,2026
1,3403,12,5,1220,2015927,0,65017,1,X,04,2026
1,3403,12,5,1220,119320,0,4488,2,X,04,2026
1,3403,12,6,1220,2784602,0,80364,1,X,04,2026
1,3403,13,5,1220,10760,0,210,1,X,04,2026
1,3403,13,5,1220,21001,0,435,2,X,04,2026
1,3403,14,5,1220,24862,0,1338,1,X,04,2026
1,3403,15,5,1220,1238795,0,20467,1,X,04,2026
1,3403,15,6,1220,376907,0,8822,1,X,04,2026
1,3403,15,6,1220,788889,0,8135,2,X,04,2026
1,3403,16,5,1220,7354844,0,130536,1,X,04,2026
1,3403,17,5,1220,772912,0,10604,1,X,04,2026
1,3403,17,5,1220,3192,0,172,2,X,04,2026
1,3403,17,6,1220,299529,0,5017,1,X,04,2026
1,3403,17,6,1220,43495,0,1178,2,X,04,2026
1,3403,18,5,1220,1497831,0,20888,1,X,04,2026
1,3403,18,6,1220,26754,0,170,1,X,04,2026
1,3403,19,5,1220,5322570,0,136218,1,X,04,2026
1,3403,19,5,1220,14595,0,161,2,X,04,2026
1,3403,19,6,1220,226725,0,2416,1,X,04,2026
1,3403,19,6,1220,168329,0,1713,2,X,04,2026
1,3403,20,5,1220,2100251,0,56524,1,X,04,2026
1,3403,20,5,1220,485054,0,14872,2,X,04,2026
1,3403,20,6,1220,573180,0,13990,1,X,04,2026
1,3403,21,5,1220,4776346,0,110219,1,X,04,2026
1,3403,21,5,1220,92649,0,2407,2,X,04,2026
1,3403,21,6,1220,1090829,0,24023,1,X,04,2026
1,3403,22,5,1220,1777816,0,19978,1,X,04,2026
1,3403,22,5,1220,980838,0,2377,2,X,04,2026
1,3403,22,6,1220,18219980,0,1157522,1,X,04,2026
1,3403,22,6,1220,288809,0,159,2,X,04,2026
1,3403,23,5,1220,10194596,0,204153,1,X,04,2026
1,3403,23,5,1220,176301,0,2243,2,X,04,2026
1,3403,23,6,1220,9210402,0,261438,1,X,04,2026
1,3403,25,5,1220,626511,0,17833,1,X,04,2026
1,3403,25,5,1220,61349,0,1201,2,X,04,2026
1,3403,25,6,1220,544009,0,34309,1,X,04,2026
1,3403,25,6,1220,491983,0,9581,2,X,04,2026
1,3403,26,5,1220,26059,0,638,1,X,04,2026
1,3403,26,6,1220,16886,0,2253,1,X,04,2026
1,3403,27,5,1220,21147265,0,1093135,1,X,04,2026
1,3403,27,5,1220,9521,0,492,2,X,04,2026
1,3403,27,6,1220,17183807,0,744831,1,X,04,2026
1,3403,28,5,1220,1435614,0,50883,1,X,04,2026
1,3403,28,5,1220,269054,0,8878,2,X,04,2026
1,3403,28,6,1220,1908153,0,55511,1,X,04,2026
1,3403,28,6,1220,102638,0,3174,2,X,04,2026
1,3403,29,5,1220,5516493,0,111414,1,X,04,2026
1,3403,29,5,1220,367608,0,14346,2,X,04,2026
1,3403,29,6,1220,17523640,0,311491,1,X,04,2026
1,3403,29,6,1220,1566671,0,15205,2,X,04,2026
1,3403,30,5,1220,627480,0,19144,1,X,04,2026
1,3403,30,5,1220,2991,0,80,2,X,04,2026
1,3403,30,8,1220,8694,0,170,1,X,04,2026
1,3403,31,5,1220,2431242,0,75731,1,X,04,2026
1,3403,31,5,1220,282764,0,5645,2,X,04,2026
1,3403,31,6,1220,18744480,0,336634,1,X,04,2026
1,3403,31,6,1220,25512434,0,1230263,2,X,04,2026
1,3403,32,5,1220,2346799,0,73880,1,X,04,2026
1,3403,32,5,1220,36859,0,889,2,X,04,2026
1,3403,32,6,1220,246065,0,4977,1,X,04,2026
1,3403,33,5,1220,5534619,0,14250,1,X,04,2026
1,3403,33,5,1220,780595,0,2189,2,X,04,2026
1,3403,33,6,1220,862110,0,8187,1,X,04,2026
1,3403,34,5,1220,8883104,0,198743,1,X,04,2026
1,3403,34,5,1220,10772,0,205,2,X,04,2026
1,3403,34,6,1220,3167991,0,36512,1,X,04,2026
1,3403,34,6,1220,19631,0,284,2,X,04,2026
1,3403,35,5,1220,1100315,0,37476,1,X,04,2026
1,3403,35,5,1220,246099,0,5220,2,X,04,2026
1,3403,35,6,1220,428128,0,13235,1,X,04,2026
1,3403,36,5,1220,2122273,0,16371,1,X,04,2026
1,3403,38,5,1220,30776399,0,534719,1,X,04,2026
1,3403,38,5,1220,1266279,0,23124,2,X,04,2026
1,3403,38,6,1220,21075496,0,360639,1,X,04,2026
1,3403,38,6,1220,9053,0,431,2,X,04,2026
1,3403,39,5,1220,25239289,0,676035,1,X,04,2026
1,3403,39,5,1220,1713211,0,39251,2,X,04,2026
1,3403,39,6,1220,17172195,0,425152,1,X,04,2026
1,3403,39,6,1220,669350,0,10425,2,X,04,2026
1,3403,40,5,1220,8835662,0,178054,1,X,04,2026
1,3403,40,5,1220,952655,0,18961,2,X,04,2026
1,3403,40,6,1220,84721,0,1612,1,X,04,2026
1,3403,40,6,1220,61240,0,1011,2,X,04,2026
1,3403,42,5,1220,223722,0,6048,1,X,04,2026
1,3403,42,5,1220,290984,0,5293,2,X,04,2026
1,3403,44,5,1220,1699861,0,120484,1,X,04,2026
1,3403,44,5,1220,25463,0,613,2,X,04,2026
1,3403,44,6,1220,5588185,0,107996,1,X,04,2026
1,3403,47,6,1220,15383,0,301,1,X,04,2026
1,3403,47,6,1220,908209,0,17801,2,X,04,2026
1,3403,48,5,1220,4146324,0,177659,1,X,04,2026
1,3403,48,5,1220,508034,0,6899,2,X,04,2026
1,3403,48,6,1220,2573406,0,76588,1,X,04,2026
1,3403,48,6,1220,2679,0,61,2,X,04,2026
1,3403,49,5,1220,1744956,0,30620,1,X,04,2026
1,3403,49,5,1220,44926,0,440,2,X,04,2026
1,3403,53,5,1220,64534,0,1240,2,X,04,2026
1,3403,54,5,1220,287193,0,3337,1,X,04,2026
1,3403,54,5,1220,2937,0,70,2,X,04,2026
1,3403,54,6,1220,12029,0,281,1,X,04,2026
1,3403,55,5,1220,10477,0,363,1,X,04,2026
1,3403,56,5,1220,1211243,0,22867,1,X,04,2026
1,3403,56,5,1220,11949,0,196,2,X,04,2026
1,3403,56,6,1220,764592,0,7603,1,X,04,2026
1,3403,57,5,1220,50601,0,1317,1,X,04,2026
1,3403,57,5,1220,22247,0,308,2,X,04,2026
1,3403,59,5,1220,343050,0,6883,1,X,04,2026
1,3403,59,5,1220,172780,0,3835,2,X,04,2026
1,3403,59,6,1220,2750,0,50,1,X,04,2026
1,3403,61,5,1220,172272,0,4006,2,X,04,2026
1,3403,62,5,1220,7357,0,238,1,X,04,2026
1,3403,62,5,1220,845678,0,17215,2,X,04,2026
1,3403,63,5,1220,311257,0,12738,1,X,04,2026
1,3403,63,5,1220,95148,0,1975,2,X,04,2026
1,3403,64,5,1220,10497,0,715,1,X,04,2026
1,3403,64,5,1220,393309,0,7689,2,X,04,2026
1,3403,65,5,1220,90930,0,1780,1,X,04,2026
1,3403,65,5,1220,297425,0,6362,2,X,04,2026
1,3403,67,5,1220,42201,0,1373,2,X,04,2026
1,3403,68,5,1220,2611612,0,70041,1,X,04,2026
1,3403,68,5,1220,93613,0,1421,2,X,04,2026
1,3403,68,6,1220,1161275,0,98681,1,X,04,2026
1,3403,69,5,1220,264065,0,6682,1,X,04,2026
1,3403,69,5,1220,211319,0,6331,2,X,04,2026
1,3403,69,6,1220,3132,0,14,1,X,04,2026
1,3403,70,5,1220,1262640,0,27929,1,X,04,2026
1,3403,70,5,1220,144065,0,2601,2,X,04,2026
1,3403,70,6,1220,930964,0,30985,1,X,04,2026
1,3403,71,5,1220,21251,0,416,1,X,04,2026
1,3403,72,5,1220,3909546,0,127598,1,X,04,2026
1,3403,72,5,1220,1019934,0,21135,2,X,04,2026
1,3403,72,6,1220,1849986,0,27649,1,X,04,2026
1,3403,72,6,1220,2780721,0,102164,2,X,04,2026
1,3403,73,5,1220,13501294,0,240598,1,X,04,2026
1,3403,73,5,1220,3673338,0,63481,2,X,04,2026
1,3403,73,6,1220,833580,0,22560,1,X,04,2026
1,3403,73,6,1220,119321,0,1231,2,X,04,2026
1,3403,74,5,1220,1231383,0,15307,1,X,04,2026
1,3403,74,5,1220,25559,0,399,2,X,04,2026
1,3403,75,5,1220,340462,0,7548,1,X,04,2026
1,3403,75,5,1220,221494,0,4474,2,X,04,2026
1,3403,76,5,1220,2403355,0,76918,1,X,04,2026
1,3403,76,5,1220,203781,0,6890,2,X,04,2026
1,3403,76,6,1220,14013,0,177,1,X,04,2026
1,3403,76,6,1220,4988,0,153,2,X,04,2026
1,3403,78,5,1220,110198,0,218,1,X,04,2026
1,3403,80,5,1220,19410,0,380,1,X,04,2026
1,3403,81,5,1220,7610,0,181,1,X,04,2026
1,3403,81,5,1220,343616,0,343,2,X,04,2026
1,3403,82,5,1220,1238553,0,20572,1,X,04,2026
1,3403,82,5,1220,70843,0,645,2,X,04,2026
1,3403,83,5,1220,885171,0,25419,1,X,04,2026
1,3403,83,5,1220,249646,0,4273,2,X,04,2026
1,3403,83,6,1220,16232,0,247,1,X,04,2026
1,3403,83,6,1220,9872,0,196,2,X,04,2026
1,3403,84,5,1220,202600842,0,2206886,1,X,04,2026
1,3403,84,5,1220,35247673,0,472725,2,X,04,2026
1,3403,84,6,1220,1381631,0,19070,1,X,04,2026
1,3403,84,6,1220,603624,0,8151,2,X,04,2026
1,3403,84,8,1220,76801,0,1352,1,X,04,2026
1,3403,85,5,1220,34490784,0,385216,1,X,04,2026
1,3403,85,5,1220,7563441,0,123508,2,X,04,2026
1,3403,85,6,1220,769477,0,6928,1,X,04,2026
1,3403,85,6,1220,327440,0,4358,2,X,04,2026
1,3403,86,5,1220,847958,0,13693,1,X,04,2026
1,3403,86,5,1220,955762,0,9552,2,X,04,2026
1,3403,86,6,1220,351674,0,6542,1,X,04,2026
1,3403,87,5,1220,130317479,0,1477976,1,X,04,2026
1,3403,87,5,1220,7270008,0,80067,2,X,04,2026
1,3403,87,6,1220,255200,0,9461,1,X,04,2026
1,3403,87,6,1220,69738,0,777,2,X,04,2026
1,3403,87,8,1220,384940,0,3212,1,X,04,2026
1,3403,87,8,1220,95713,0,769,2,X,04,2026
1,3403,88,5,1220,3536085,0,47880,1,X,04,2026
1,3403,88,5,1220,353835,0,6271,2,X,04,2026
1,3403,89,5,1220,4901393,0,45385,1,X,04,2026
1,3403,89,5,1220,7402,0,132,2,X,04,2026
1,3403,89,6,1220,49714,0,852,1,X,04,2026
1,3403,90,5,1220,5578502,0,79221,1,X,04,2026
1,3403,90,5,1220,1761431,0,14713,2,X,04,2026
1,3403,90,6,1220,15632,0,457,2,X,04,2026
1,3403,91,5,1220,20248,0,212,2,X,04,2026
1,3403,92,5,1220,7688,0,150,2,X,04,2026
1,3403,93,5,1220,16643,0,405,1,X,04,2026
1,3403,93,5,1220,9330,0,281,2,X,04,2026
1,3403,94,5,1220,5100694,0,119561,1,X,04,2026
1,3403,94,5,1220,650794,0,17620,2,X,04,2026
1,3403,94,6,1220,236731,0,18485,1,X,04,2026
1,3403,94,6,1220,12177,0,275,2,X,04,2026
1,3403,95,5,1220,1837937,0,20524,1,X,04,2026
1,3403,95,5,1220,3144571,0,28613,2,X,04,2026
1,3403,95,6,1220,48101,0,469,2,X,04,2026
1,3403,96,5,1220,447656,0,10169,1,X,04,2026
1,3403,96,5,1220,42427,0,1278,2,X,04,2026
1,3403,96,6,1220,107619,0,4125,1,X,04,2026
1,3403,98,5,1220,247953,0,3543,2,X,04,2026
1,3404,07,5,1220,11369,0,438,1,X,04,2026
1,3404,12,5,1220,74197,0,2442,1,X,04,2026
1,3404,31,5,1220,4080,0,182,1,X,04,2026
1,3404,38,5,1220,3373,0,83,1,X,04,2026
1,3404,84,5,1220,180007,0,4903,1,X,04,2026
1,3404,84,5,1220,9373,0,279,2,X,04,2026
1,3404,84,8,1220,3363,0,100,1,X,04,2026
1,3404,85,5,1220,11397,0,249,1,X,04,2026
1,3404,85,5,1220,4973,0,115,2,X,04,2026
1,3404,87,8,1220,5894,0,98,2,X,04,2026
1,3404,94,5,1220,6689,0,259,1,X,04,2026
1,3405,40,5,1220,9735,0,213,1,X,04,2026
1,3405,40,5,1220,8712,0,191,2,X,04,2026
1,3405,85,5,1220,11601,0,254,1,X,04,2026
1,3406,07,5,1220,5560,0,214,1,X,04,2026
1,3406,08,5,1220,21736,0,425,2,X,04,2026
1,3406,23,6,1220,38826,0,761,1,X,04,2026
1,3406,27,6,1220,599677,0,23701,1,X,04,2026
1,3406,28,6,1220,57169,0,1119,1,X,04,2026
1,3406,29,6,1220,313493,0,6144,1,X,04,2026
1,3406,31,6,1220,8420088,0,83292,1,X,04,2026
1,3406,31,6,1220,2056214,0,19743,2,X,04,2026
1,3406,38,6,1220,551928,0,28353,1,X,04,2026
1,3406,84,5,1220,5876,0,174,1,X,04,2026
1,3406,87,5,1220,5782,0,96,2,X,04,2026
1,3407,10,5,1220,18809,0,686,1,X,04,2026
1,3407,12,5,1220,761969,0,28644,1,X,04,2026
1,3407,25,5,1220,9178,0,451,1,X,04,2026
1,3407,33,5,1220,9762,0,274,1,X,04,2026
1,3407,48,5,1220,3849,0,156,1,X,04,2026
1,3407,49,5,1220,5190,0,201,1,X,04,2026
1,3407,72,5,1220,30998,0,293,1,X,04,2026
1,3407,84,5,1220,79434,0,2110,1,X,04,2026
1,3407,84,5,1220,17872,0,889,2,X,04,2026
1,3407,84,8,1220,5613,0,167,1,X,04,2026
1,3407,87,5,1220,18574,0,311,1,X,04,2026
1,3407,95,5,1220,3242,0,243,2,X,04,2026
1,3407,96,5,1220,2802,0,85,2,X,04,2026
1,3408,84,5,1220,2695,0,53,1,X,04,2026
1,3408,85,5,1220,10681,0,185,2,X,04,2026
1,3409,29,5,1220,109099,0,3271,1,X,04,2026
1,3409,84,8,1220,16648,0,495,1,X,04,2026
1,3410,19,5,1220,75531,0,6695,1,X,04,2026
1,3410,20,5,1220,17897,0,2203,1,X,04,2026
1,3410,21,5,1220,180442,0,9176,1,X,04,2026
1,3410,22,5,1220,23447,0,1820,1,X,04,2026
1,3410,29,5,1220,15424,0,1867,1,X,04,2026
1,3410,30,5,1220,95810,0,3116,1,X,04,2026
1,3410,32,5,1220,153638,0,7536,1,X,04,2026
1,3410,33,5,1220,93025,0,3057,1,X,04,2026
1,3410,34,5,1220,60119,0,4686,1,X,04,2026
1,3410,38,5,1220,214164,0,4555,1,X,04,2026
1,3410,38,5,1220,31681,0,1266,2,X,04,2026
1,3410,39,5,1220,547602,0,33539,1,X,04,2026
1,3410,39,5,1220,17710,0,1431,2,X,04,2026
1,3410,40,5,1220,4162,0,466,1,X,04,2026
1,3410,40,5,1220,22267,0,529,2,X,04,2026
1,3410,44,5,1220,4351,0,550,1,X,04,2026
1,3410,47,5,1220,56066,0,5224,1,X,04,2026
1,3410,48,5,1220,287132,0,22333,1,X,04,2026
1,3410,57,5,1220,35245,0,1302,1,X,04,2026
1,3410,59,5,1220,50788,0,529,1,X,04,2026
1,3410,63,5,1220,3495,0,132,2,X,04,2026
1,3410,73,5,1220,24061,0,1593,1,X,04,2026
1,3410,73,5,1220,17107,0,1581,2,X,04,2026
1,3410,76,5,1220,165777,0,12210,1,X,04,2026
1,3410,84,5,1220,174023,0,4852,1,X,04,2026
1,3410,84,5,1220,193839,0,3773,2,X,04,2026
1,3410,85,5,1220,56894,0,2235,1,X,04,2026
1,3410,85,5,1220,371520,0,7847,2,X,04,2026
1,3410,86,5,1220,14362,0,1678,1,X,04,2026
1,3410,87,5,1220,688277,0,12427,1,X,04,2026
1,3410,90,5,1220,35699,0,332,1,X,04,2026
1,3410,90,5,1220,120768,0,587,2,X,04,2026
1,3410,94,5,1220,4140,0,130,1,X,04,2026
1,3410,94,5,1220,4983,0,522,2,X,04,2026
1,3410,95,5,1220,29180,0,3175,1,X,04,2026
1,3410,96,5,1220,18253,0,324,1,X,04,2026
1,3413,27,5,1220,42316,0,2519,1,X,04,2026
1,3413,84,5,1220,36662,0,1091,1,X,04,2026
1,3413,87,5,1220,281028,0,4724,1,X,04,2026
1,3414,40,8,1220,4271,0,112,1,X,04,2026
1,3414,84,5,1220,97971,0,969,1,X,04,2026
1,3414,84,5,1220,2610,0,77,2,X,04,2026
1,3414,84,8,1220,2986,0,88,1,X,04,2026
1,3414,84,8,1220,93418,0,2499,2,X,04,2026
1,3414,87,5,1220,134910,0,2268,2,X,04,2026
1,3414,90,5,1220,3798,0,274,1,X,04,2026
1,3414,90,5,1220,5471,0,394,2,X,04,2026
1,3415,49,5,1220,9704,0,586,1,X,04,2026
1,3415,84,5,1220,36582,0,1088,1,X,04,2026
1,3415,84,8,1220,17333,0,515,1,X,04,2026
1,3415,87,5,1220,7861,0,132,1,X,04,2026
1,3416,39,5,1220,9798,0,334,1,X,04,2026
1,3416,84,5,1220,54302,0,1617,1,X,04,2026
1,3417,01,5,1220,30426,0,608,1,X,04,2026
1,3417,21,5,1220,2808,0,178,1,X,04,2026
1,3417,22,5,1220,2914,0,191,1,X,04,2026
1,3417,40,5,1220,6464,0,826,1,X,04,2026
1,3417,87,5,1220,86411,0,855,1,X,04,2026
1,3419,26,5,1220,40274,0,1646,1,X,04,2026
1,3419,84,5,1220,2694,0,79,1,X,04,2026
1,3419,87,5,1220,424719,0,7140,1,X,04,2026
1,3420,07,5,1220,686324,0,67439,1,X,04,2026
1,3420,12,5,1220,75033,0,2820,1,X,04,2026
1,3420,73,5,1220,2916,0,57,1,X,04,2026
1,3420,84,5,1220,47513,0,467,1,X,04,2026
1,3420,87,5,1220,2672,0,45,1,X,04,2026
1,3421,84,5,1220,156830,0,4587,1,X,04,2026
1,3422,01,5,1220,138453,0,2347,1,X,04,2026
1,3422,04,5,1220,11096,0,217,1,X,04,2026
1,3422,06,5,1220,211244,0,1914,1,X,04,2026
1,3422,07,5,1220,1642548,0,91675,1,X,04,2026
1,3422,07,5,1220,101084,0,3887,2,X,04,2026
1,3422,08,5,1220,496908,0,5667,1,X,04,2026
1,3422,08,5,1220,48442,0,666,2,X,04,2026
1,3422,10,5,1220,320817,0,6655,1,X,04,2026
1,3422,11,5,1220,94981,0,1827,1,X,04,2026
1,3422,12,5,1220,1266953,0,53736,1,X,04,2026
1,3422,17,5,1220,9204,0,180,1,X,04,2026
1,3422,19,5,1220,571134,0,17073,1,X,04,2026
1,3422,20,5,1220,467833,0,9156,1,X,04,2026
1,3422,21,5,1220,24512,0,690,1,X,04,2026
1,3422,23,5,1220,1562969,0,35672,1,X,04,2026
1,3422,25,5,1220,29412,0,1628,1,X,04,2026
1,3422,25,5,1220,3869,0,75,2,X,04,2026
1,3422,26,5,1220,26245,0,510,1,X,04,2026
1,3422,28,5,1220,21419,0,2038,1,X,04,2026
1,3422,29,5,1220,149486,0,2221,1,X,04,2026
1,3422,31,5,1220,1375977,0,34889,1,X,04,2026
1,3422,31,5,1220,795661,0,20417,2,X,04,2026
1,3422,34,5,1220,45566,0,1817,1,X,04,2026
1,3422,38,5,1220,242094,0,5635,1,X,04,2026
1,3422,38,5,1220,327950,0,3247,2,X,04,2026
1,3422,39,5,1220,252791,0,3126,1,X,04,2026
1,3422,39,8,1220,3805,0,81,1,X,04,2026
1,3422,43,8,1220,3957,0,31,1,X,04,2026
1,3422,44,5,1220,31069,0,609,1,X,04,2026
1,3422,48,5,1220,109938,0,2115,1,X,04,2026
1,3422,56,5,1220,4054,0,77,1,X,04,2026
1,3422,62,5,1220,2668,0,87,2,X,04,2026
1,3422,68,5,1220,15867,0,311,1,X,04,2026
1,3422,70,5,1220,14360,0,279,1,X,04,2026
1,3422,72,5,1220,127116,0,720,1,X,04,2026
1,3422,73,5,1220,117017,0,2337,1,X,04,2026
1,3422,83,5,1220,5602,0,69,1,X,04,2026
1,3422,84,5,1220,1730998,0,30322,1,X,04,2026
1,3422,84,5,1220,16868,0,520,2,X,04,2026
1,3422,84,8,1220,139310,0,3159,1,X,04,2026
1,3422,84,8,1220,8922,0,727,2,X,04,2026
1,3422,85,5,1220,16198,0,270,1,X,04,2026
1,3422,85,5,1220,3395,0,66,2,X,04,2026
1,3422,85,8,1220,20866,0,334,1,X,04,2026
1,3422,87,5,1220,2810635,0,27690,1,X,04,2026
1,3422,87,8,1220,324754,0,13154,1,X,04,2026
1,3422,90,5,1220,28127,0,551,1,X,04,2026
1,3422,90,5,1220,218909,0,4274,2,X,04,2026
1,3422,94,8,1220,19075,0,439,1,X,04,2026
1,3422,95,5,1220,3209,0,117,1,X,04,2026
1,3422,97,8,1220,2668,0,34,1,X,04,2026
1,3423,87,5,1220,22105,0,368,1,X,04,2026
1,3423,89,5,1220,206595,0,3047,1,X,04,2026
1,3424,12,5,1220,24610,0,925,1,X,04,2026
1,3424,27,5,1220,30183,0,1790,1,X,04,2026
1,3424,32,5,1220,2791,0,53,2,X,04,2026
1,3424,37,5,1220,3644,0,73,2,X,04,2026
1,3424,38,5,1220,58230,0,1139,1,X,04,2026
1,3424,39,5,1220,232604,0,5827,1,X,04,2026
1,3424,40,5,1220,2592,0,56,1,X,04,2026
1,3424,76,5,1220,5135,0,111,1,X,04,2026
1,3424,84,5,1220,1268510,0,14802,1,X,04,2026
1,3424,84,5,1220,1126090,0,11224,2,X,04,2026
1,3424,85,5,1220,649844,0,6434,1,X,04,2026
1,3424,85,5,1220,6845,0,149,2,X,04,2026
1,3424,87,5,1220,242016,0,4443,1,X,04,2026
1,3424,87,5,1220,5870,0,125,2,X,04,2026
1,3424,89,5,1220,561065,0,5546,1,X,04,2026
1,3424,90,5,1220,96289,0,1002,2,X,04,2026
1,3430,27,6,1220,229893,0,0,1,X,04,2026
1,3430,84,5,1220,40017,0,1191,1,X,04,2026
1,3430,84,5,1220,85197,0,488,2,X,04,2026
1,3430,85,5,1220,24435,0,102,1,X,04,2026
1,3430,85,5,1220,108083,0,452,2,X,04,2026
1,3430,87,5,1220,5697,0,95,1,X,04,2026
1,3430,90,5,1220,154043,0,752,1,X,04,2026
1,34XX,10,3,1220,7835,23100,0,1,X,04,2026
1,34XX,16,3,1220,238871,35983,2358,1,X,04,2026
1,34XX,21,3,1220,19695,1071,348,1,X,04,2026
1,34XX,22,3,1220,10473,44945,226,1,X,04,2026
1,34XX,27,3,1220,49453,20790,966,1,X,04,2026
1,34XX,29,3,1220,8171,21,202,1,X,04,2026
1,34XX,29,3,1220,6373,2816,37,2,X,04,2026
1,34XX,30,3,1220,3498,1,71,1,X,04,2026
1,34XX,30,3,1220,10801,5,211,2,X,04,2026
1,34XX,34,3,1220,64569,15766,2399,1,X,04,2026
1,34XX,34,3,1220,6299,173,303,2,X,04,2026
1,34XX,35,3,1220,2709,54,55,1,X,04,2026
1,34XX,37,3,1220,2529,15,82,1,X,04,2026
1,34XX,38,3,1220,101075,2771,781,1,X,04,2026
1,34XX,39,3,1220,160831,1714,3052,1,X,04,2026
1,34XX,39,3,1220,24218,1009,313,2,X,04,2026
1,34XX,40,3,1220,26549,95,519,1,X,04,2026
1,34XX,40,3,1220,43261,144,769,2,X,04,2026
1,34XX,42,3,1220,219434,1905,1185,2,X,04,2026
1,34XX,48,3,1220,12806,176,454,1,X,04,2026
1,34XX,48,3,1220,4266,1485,151,2,X,04,2026
1,34XX,49,3,1220,8075,118,186,1,X,04,2026
1,34XX,53,3,1220,2829,27,54,2,X,04,2026
1,34XX,54,3,1220,3031,107,9,2,X,04,2026
1,34XX,58,3,1220,3469,50,130,1,X,04,2026
1,34XX,61,3,1220,22919,554,228,2,X,04,2026
1,34XX,62,3,1220,5233,30,3,1,X,04,2026
1,34XX,62,3,1220,77445,438,54,2,X,04,2026
1,34XX,63,3,1220,2960,54,130,1,X,04,2026
1,34XX,63,3,1220,2566,33,97,2,X,04,2026
1,34XX,64,3,1220,48062,2203,811,2,X,04,2026
1,34XX,65,3,1220,5855,22,145,1,X,04,2026
1,34XX,65,3,1220,9784,137,106,2,X,04,2026
1,34XX,68,3,1220,240540,20455,912,1,X,04,2026
1,34XX,68,3,1220,38948,1262,1271,2,X,04,2026
1,34XX,69,3,1220,13197,11,260,2,X,04,2026
1,34XX,70,3,1220,23791,744,493,1,X,04,2026
1,34XX,71,3,1220,10911,3,156,1,X,04,2026
1,34XX,73,3,1220,130763,4694,1205,1,X,04,2026
1,34XX,73,3,1220,43732,1346,1509,2,X,04,2026
1,34XX,74,3,1220,2831,16,133,1,X,04,2026
1,34XX,74,3,1220,14525,228,169,2,X,04,2026
1,34XX,75,3,1220,31248,10,612,1,X,04,2026
1,34XX,75,3,1220,53262,975,461,2,X,04,2026
1,34XX,76,3,1220,3729,23,141,1,X,04,2026
1,34XX,81,3,1220,20510,27,92,1,X,04,2026
1,34XX,82,3,1220,18686,204,540,1,X,04,2026
1,34XX,82,3,1220,156861,368,3059,2,X,04,2026
1,34XX,83,3,1220,12552,215,268,1,X,04,2026
1,34XX,83,3,1220,20085,1521,517,2,X,04,2026
1,34XX,84,3,1220,891217,24505,18439,1,X,04,2026
1,34XX,84,3,1220,2025123,3999,8728,2,X,04,2026
1,34XX,84,5,2010,30281,0,0,1,0,04,2026
1,34XX,85,3,1220,1372637,12014,15629,1,X,04,2026
1,34XX,85,3,1220,2616800,7711,21879,2,X,04,2026
1,34XX,86,3,1220,3638,47,114,1,X,04,2026
1,34XX,87,3,1220,88285,6005,3575,1,X,04,2026
1,34XX,87,3,1220,2923,76,57,2,X,04,2026
1,34XX,88,3,1220,5737539,6204,36639,1,X,04,2026
1,34XX,88,3,1220,263442,215,1217,2,X,04,2026
1,34XX,90,3,1220,809449,1303,8639,1,X,04,2026
1,34XX,90,3,1220,546257,2205,7000,2,X,04,2026
1,34XX,91,3,1220,5621,7,114,2,X,04,2026
1,34XX,92,3,1220,9732,20,68,1,X,04,2026
1,34XX,94,3,1220,83327,1743,2201,1,X,04,2026
1,34XX,94,3,1220,5079,23,119,2,X,04,2026
1,34XX,95,3,1220,213008,2124,554,1,X,04,2026
1,34XX,95,3,1220,45631,904,768,2,X,04,2026
1,34XX,96,3,1220,2840,11,13,1,X,04,2026
1,34XX,97,3,1220,5791,4,71,1,X,04,2026
1,3501,01,3,1220,348272,11067,2177,1,X,04,2026
1,3501,01,5,1220,28545,0,187,1,X,04,2026
1,3501,05,3,1220,21495,104,419,1,X,04,2026
1,3501,05,5,1220,4143,0,25,1,X,04,2026
1,3501,07,5,1220,9392,0,1158,1,X,04,2026
1,3501,09,5,1220,3445,0,167,1,X,04,2026
1,3501,12,5,1220,13469,0,40,1,X,04,2026
1,3501,12,5,1220,50352,0,241,2,X,04,2026
1,3501,15,3,1220,5689,198,238,1,X,04,2026
1,3501,19,5,1220,22545,0,3271,1,X,04,2026
1,3501,20,5,1220,3267,0,364,1,X,04,2026
1,3501,20,6,1220,85743,0,6542,1,X,04,2026
1,3501,21,5,1220,65290,0,6542,1,X,04,2026
1,3501,22,5,1220,20539,0,1595,1,X,04,2026
1,3501,28,6,1220,22589,0,3271,1,X,04,2026
1,3501,29,3,1220,91012,20,1784,1,X,04,2026
1,3501,30,3,1220,42443,336,830,1,X,04,2026
1,3501,30,3,1220,57910,129,931,2,X,04,2026
1,3501,30,5,1220,217079,0,3003,1,X,04,2026
1,3501,30,5,1220,120767,0,474,2,X,04,2026
1,3501,31,6,1220,92555,0,1814,2,X,04,2026
1,3501,32,5,1220,12820,0,1128,1,X,04,2026
1,3501,33,3,1220,100523,1913,3487,1,X,04,2026
1,3501,33,5,1220,5961,0,117,2,X,04,2026
1,3501,35,5,1220,6450,0,99,2,X,04,2026
1,3501,38,3,1220,21114,41,104,1,X,04,2026
1,3501,38,3,1220,14218,33,153,2,X,04,2026
1,3501,38,5,1220,55579,0,1408,1,X,04,2026
1,3501,38,5,1220,73967,0,3609,2,X,04,2026
1,3501,39,3,1220,77222,1202,1018,1,X,04,2026
1,3501,39,3,1220,2577,74,50,2,X,04,2026
1,3501,39,5,1220,86354,0,5648,1,X,04,2026
1,3501,39,5,1220,4160,0,26,2,X,04,2026
1,3501,40,3,1220,15917,110,274,1,X,04,2026
1,3501,40,3,1220,10821,31,146,2,X,04,2026
1,3501,40,5,1220,4331,0,396,1,X,04,2026
1,3501,40,5,1220,3267,0,41,2,X,04,2026
1,3501,42,3,1220,2724,4,53,2,X,04,2026
1,3501,42,5,1220,8945,0,419,1,X,04,2026
1,3501,48,3,1220,11698,587,226,1,X,04,2026
1,3501,48,5,1220,9620,0,734,1,X,04,2026
1,3501,49,3,1220,13650,283,191,1,X,04,2026
1,3501,49,5,1220,18335,0,1689,1,X,04,2026
1,3501,54,3,1220,14303,13,681,1,X,04,2026
1,3501,54,5,1220,3757,0,224,2,X,04,2026
1,3501,56,3,1220,2537,28,49,1,X,04,2026
1,3501,56,5,1220,8956,0,651,1,X,04,2026
1,3501,58,3,1220,3061,71,91,1,X,04,2026
1,3501,58,5,1220,3484,0,69,1,X,04,2026
1,3501,59,3,1220,70385,217,2298,1,X,04,2026
1,3501,61,5,1220,4264,0,439,2,X,04,2026
1,3501,62,3,1220,12269,38,57,2,X,04,2026
1,3501,62,5,1220,2674,0,33,1,X,04,2026
1,3501,65,5,1220,14251,0,752,1,X,04,2026
1,3501,65,5,1220,3489,0,184,2,X,04,2026
1,3501,67,3,1220,2582,6,145,2,X,04,2026
1,3501,68,3,1220,7205,4,141,2,X,04,2026
1,3501,68,5,1220,3134,0,10,1,X,04,2026
1,3501,69,3,1220,6693,381,409,1,X,04,2026
1,3501,69,3,1220,9370,1266,183,2,X,04,2026
1,3501,70,3,1220,17078,35,333,1,X,04,2026
1,3501,70,3,1220,2523,37,12,2,X,04,2026
1,3501,71,3,1220,2934431,1351,19833,1,X,04,2026
1,3501,71,3,1220,554623,24,2911,2,X,04,2026
1,3501,71,5,1220,61886,0,301,1,X,04,2026
1,3501,71,5,1220,9455,0,31,2,X,04,2026
1,3501,73,3,1220,70692,882,1241,1,X,04,2026
1,3501,73,3,1220,62615,3476,1099,2,X,04,2026
1,3501,73,5,1220,41194,0,1328,1,X,04,2026
1,3501,73,5,1220,2895,0,22,2,X,04,2026
1,3501,74,3,1220,6793,78,181,1,X,04,2026
1,3501,75,3,1220,11367,4,223,1,X,04,2026
1,3501,75,3,1220,5122,13,100,2,X,04,2026
1,3501,76,3,1220,49092,191,961,1,X,04,2026
1,3501,76,5,1220,128653,0,3271,1,X,04,2026
1,3501,79,5,1220,8104,0,570,2,X,04,2026
1,3501,82,3,1220,163915,576,3246,1,X,04,2026
1,3501,82,3,1220,20976,79,440,2,X,04,2026
1,3501,82,5,1220,22108,0,272,1,X,04,2026
1,3501,82,5,1220,5729,0,99,2,X,04,2026
1,3501,83,3,1220,10752,154,167,2,X,04,2026
1,3501,83,5,1220,35764,0,1507,1,X,04,2026
1,3501,83,5,1220,11369,0,560,2,X,04,2026
1,3501,84,3,1220,1229259,5625,21746,1,X,04,2026
1,3501,84,3,1220,436559,2303,9010,2,X,04,2026
1,3501,84,5,1220,659096,0,13281,1,X,04,2026
1,3501,84,5,1220,197133,0,7424,2,X,04,2026
1,3501,85,3,1220,730220,2527,12121,1,X,04,2026
1,3501,85,3,1220,1077058,2313,16524,2,X,04,2026
1,3501,85,5,1220,388686,0,10916,1,X,04,2026
1,3501,85,5,1220,364902,0,12035,2,X,04,2026
1,3501,86,5,1220,16002,0,548,1,X,04,2026
1,3501,87,3,1220,32999,377,478,1,X,04,2026
1,3501,87,3,1220,12642,105,219,2,X,04,2026
1,3501,87,5,1220,466691,0,9985,1,X,04,2026
1,3501,87,5,1220,10992,0,372,2,X,04,2026
1,3501,88,3,1220,2358071,2730,65113,1,X,04,2026
1,3501,88,3,1220,41611,29,1618,2,X,04,2026
1,3501,88,5,1220,286607,0,1655,1,X,04,2026
1,3501,88,5,1220,7808,0,29,2,X,04,2026
1,3501,89,3,1220,9680,109,290,1,X,04,2026
1,3501,90,3,1220,649110,1192,8917,1,X,04,2026
1,3501,90,3,1220,208721,415,2758,2,X,04,2026
1,3501,90,5,1220,645987,0,12992,1,X,04,2026
1,3501,90,5,1220,598096,0,4296,2,X,04,2026
1,3501,92,5,1220,2900,0,124,2,X,04,2026
1,3501,93,3,1220,3469,10,68,1,X,04,2026
1,3501,94,3,1220,8187,47,460,1,X,04,2026
1,3501,94,5,1220,2824,0,130,1,X,04,2026
1,3501,95,3,1220,12380,61,249,1,X,04,2026
1,3501,95,3,1220,11091,41,217,2,X,04,2026
1,3501,95,5,1220,6998,0,193,2,X,04,2026
1,3501,97,5,1220,2773,0,64,1,X,04,2026
1,35XX,01,3,1220,158945,5646,1261,1,X,04,2026
1,35XX,12,3,1220,17224,2210,575,1,X,04,2026
1,35XX,12,3,1220,98646,4295,2059,2,X,04,2026
1,35XX,25,3,1220,2693,1000,66,1,X,04,2026
1,35XX,27,3,2010,34650,77353,0,1,0,04,2026
1,35XX,28,3,1220,17611,75,525,1,X,04,2026
1,35XX,30,3,1220,54208,954,1422,1,X,04,2026
1,35XX,30,3,1220,49292,109,1152,2,X,04,2026
1,35XX,30,5,1220,46908,0,1235,1,X,04,2026
1,35XX,32,3,1220,10016,68,742,1,X,04,2026
1,35XX,32,3,2010,12524,68,0,1,0,04,2026
1,35XX,33,3,1220,170439,3992,6084,1,X,04,2026
1,35XX,34,3,1220,6202,548,412,1,X,04,2026
1,35XX,34,3,2010,4710,38,0,1,0,04,2026
1,35XX,38,3,1220,174385,3544,4980,1,X,04,2026
1,35XX,38,3,1220,268958,727,8212,2,X,04,2026
1,35XX,38,3,2010,258747,325,0,1,0,04,2026
1,35XX,38,5,1220,14503,0,108,1,X,04,2026
1,35XX,39,3,1220,201362,1273,1366,1,X,04,2026
1,35XX,39,3,1220,24006,91,707,2,X,04,2026
1,35XX,39,3,2010,36829,182,0,1,0,04,2026
1,35XX,39,3,2010,5149,79,0,2,0,04,2026
1,35XX,40,3,1220,75804,54,972,1,X,04,2026
1,35XX,40,3,1220,4635,81,592,2,X,04,2026
1,35XX,42,3,1220,5592,31,77,1,X,04,2026
1,35XX,42,3,1220,20809,1095,710,2,X,04,2026
1,35XX,48,3,1220,9597,224,111,1,X,04,2026
1,35XX,49,3,1220,136822,1655,5148,1,X,04,2026
1,35XX,54,3,1220,8956,64,700,1,X,04,2026
1,35XX,56,3,1220,5846,42,455,1,X,04,2026
1,35XX,58,3,1220,3136,42,359,1,X,04,2026
1,35XX,61,3,1220,4152,49,428,1,X,04,2026
1,35XX,61,3,1220,60884,662,5146,2,X,04,2026
1,35XX,62,3,1220,7797,150,509,1,X,04,2026
1,35XX,62,3,1220,11904,65,435,2,X,04,2026
1,35XX,63,3,1220,9084,244,874,1,X,04,2026
1,35XX,63,3,1220,3675,163,386,2,X,04,2026
1,35XX,64,3,1220,10316,184,201,2,X,04,2026
1,35XX,65,3,1220,6354,79,335,1,X,04,2026
1,35XX,65,3,1220,3020,49,159,2,X,04,2026
1,35XX,68,3,1220,13513,123,266,1,X,04,2026
1,35XX,69,3,1220,8559,56,608,1,X,04,2026
1,35XX,70,3,1220,11076,148,0,2,X,04,2026
1,35XX,71,3,1220,905972,59,3198,1,X,04,2026
1,35XX,71,3,1220,137001,32,534,2,X,04,2026
1,35XX,72,3,1220,2563,129,14,2,X,04,2026
1,35XX,73,3,1220,19172,329,1681,1,X,04,2026
1,35XX,73,3,1220,15654,214,1179,2,X,04,2026
1,35XX,74,3,1220,12839,82,895,1,X,04,2026
1,35XX,74,3,1220,5557,25,272,2,X,04,2026
1,35XX,75,3,1220,2947,45,495,1,X,04,2026
1,35XX,76,3,1220,5333,25,262,2,X,04,2026
1,35XX,79,3,1220,4243,49,474,1,X,04,2026
1,35XX,81,3,1220,13860,37,404,1,X,04,2026
1,35XX,81,3,2010,176668,664,0,1,0,04,2026
1,35XX,82,3,1220,91551,209,1334,1,X,04,2026
1,35XX,82,3,1220,15385,224,1253,2,X,04,2026
1,35XX,83,3,1220,14654,317,1212,1,X,04,2026
1,35XX,83,3,1220,9418,89,892,2,X,04,2026
1,35XX,84,3,1220,818905,5052,23566,1,X,04,2026
1,35XX,84,3,1220,437781,2452,13791,2,X,04,2026
1,35XX,84,3,2010,9530,11,0,2,0,04,2026
1,35XX,85,3,1220,1187249,4163,28247,1,X,04,2026
1,35XX,85,3,1220,1202515,3236,24555,2,X,04,2026
1,35XX,85,3,2010,13440,16,0,1,0,04,2026
1,35XX,85,3,2010,679191,985,0,2,0,04,2026
1,35XX,86,3,1220,5283,27,297,1,X,04,2026
1,35XX,87,3,1220,41220,240,826,1,X,04,2026
1,35XX,87,3,1220,9803,64,283,2,X,04,2026
1,35XX,88,3,1220,867418,1002,9189,1,X,04,2026
1,35XX,89,3,1220,3973,124,213,2,X,04,2026
1,35XX,90,3,1220,2362482,5097,37452,1,X,04,2026
1,35XX,90,3,1220,877895,1595,8386,2,X,04,2026
1,35XX,90,3,2010,121470,519,0,1,0,04,2026
1,35XX,90,3,2010,108847,21,0,2,0,04,2026
1,35XX,91,3,1220,5119,3,34,1,X,04,2026
1,35XX,91,3,1220,70321,9,144,2,X,04,2026
1,35XX,92,3,1220,10931,42,408,1,X,04,2026
1,35XX,93,3,1220,5591,72,26,1,X,04,2026
1,35XX,94,3,1220,7746,54,534,1,X,04,2026
1,35XX,94,3,1220,10054,75,681,2,X,04,2026
1,35XX,94,3,2010,2720,1,0,1,0,04,2026
1,35XX,95,3,1220,23644,383,583,1,X,04,2026
1,35XX,95,3,1220,50694,527,3108,2,X,04,2026
1,35XX,96,3,1220,4023,69,442,2,X,04,2026
1,35XX,97,3,1220,29055,26,268,1,X,04,2026
1,3604,09,6,1220,1404254,0,22836,1,X,04,2026
1,3604,09,6,1220,46290,0,742,2,X,04,2026
1,3604,10,6,1220,315261,0,19497,1,X,04,2026
1,3604,11,5,1220,4571,0,86,1,X,04,2026
1,3604,11,6,1220,29253,0,544,1,X,04,2026
1,3604,12,6,1220,604661,0,21095,1,X,04,2026
1,3604,15,5,1220,283313,0,3181,1,X,04,2026
1,3604,15,5,1220,383260,0,3772,2,X,04,2026
1,3604,15,6,1220,1795011,0,16480,1,X,04,2026
1,3604,15,6,1220,624984,0,9085,2,X,04,2026
1,3604,16,6,1220,184611,0,3619,1,X,04,2026
1,3604,17,6,1220,282071,0,4166,1,X,04,2026
1,3604,19,5,1220,6434,0,95,1,X,04,2026
1,3604,19,6,1220,573680,0,20376,1,X,04,2026
1,3604,20,6,1220,715385,0,51859,1,X,04,2026
1,3604,21,5,1220,13317,0,544,1,X,04,2026
1,3604,21,6,1220,115985,0,2273,1,X,04,2026
1,3604,22,6,1220,4304497,0,279326,1,X,04,2026
1,3604,22,6,1220,88061,0,48,2,X,04,2026
1,3604,23,5,1220,44877,0,1730,1,X,04,2026
1,3604,23,6,1220,3418594,0,60312,1,X,04,2026
1,3604,25,5,1220,112180,0,3859,1,X,04,2026
1,3604,25,6,1220,8997802,0,344297,1,X,04,2026
1,3604,25,6,1220,86180,0,1689,2,X,04,2026
1,3604,26,6,1220,59010,0,7873,1,X,04,2026
1,3604,27,5,1220,221016,0,6576,1,X,04,2026
1,3604,27,5,1220,14861,0,221,2,X,04,2026
1,3604,27,6,1220,111057361,0,2516972,1,X,04,2026
1,3604,27,6,1220,29457,0,503,2,X,04,2026
1,3604,28,5,1220,361175,0,11904,1,X,04,2026
1,3604,28,6,1220,8009346,0,386942,1,X,04,2026
1,3604,28,6,1220,144167,0,543,2,X,04,2026
1,3604,29,5,1220,293496,0,7764,1,X,04,2026
1,3604,29,6,1220,17194007,0,460005,1,X,04,2026
1,3604,29,6,1220,3143932,0,101164,2,X,04,2026
1,3604,31,5,1220,248330,0,8529,1,X,04,2026
1,3604,31,6,1220,62609919,0,720717,1,X,04,2026
1,3604,31,6,1220,13482842,0,298794,2,X,04,2026
1,3604,32,5,1220,65677,0,6280,1,X,04,2026
1,3604,32,6,1220,713908,0,6733,1,X,04,2026
1,3604,33,6,1220,103962,0,1009,1,X,04,2026
1,3604,34,5,1220,19456,0,181,1,X,04,2026
1,3604,34,6,1220,10638363,0,170261,1,X,04,2026
1,3604,34,6,1220,191302,0,2358,2,X,04,2026
1,3604,36,5,1220,124312,0,7330,1,X,04,2026
1,3604,38,5,1220,81237,0,2924,1,X,04,2026
1,3604,38,6,1220,9853366,0,146264,1,X,04,2026
1,3604,38,6,1220,99380,0,1189,2,X,04,2026
1,3604,39,5,1220,394772,0,6472,1,X,04,2026
1,3604,39,6,1220,42069253,0,1195192,1,X,04,2026
1,3604,39,6,1220,103475,0,3640,2,X,04,2026
1,3604,40,5,1220,100145,0,1816,1,X,04,2026
1,3604,40,6,1220,2034700,0,34650,1,X,04,2026
1,3604,40,6,1220,236474,0,5085,2,X,04,2026
1,3604,44,5,1220,54976,0,3984,1,X,04,2026
1,3604,44,6,1220,6896948,0,173640,1,X,04,2026
1,3604,47,6,1220,129150,0,4069,1,X,04,2026
1,3604,48,5,1220,226368,0,8662,1,X,04,2026
1,3604,48,6,1220,8640186,0,111206,1,X,04,2026
1,3604,49,6,1220,266647,0,2551,1,X,04,2026
1,3604,54,6,1220,97525,0,3429,2,X,04,2026
1,3604,56,5,1220,50072,0,1756,1,X,04,2026
1,3604,56,6,1220,586337,0,16716,1,X,04,2026
1,3604,59,6,1220,26624,0,710,1,X,04,2026
1,3604,63,5,1220,6279,0,33,1,X,04,2026
1,3604,65,5,1220,17069,0,511,2,X,04,2026
1,3604,65,6,1220,3506,0,20,1,X,04,2026
1,3604,65,6,1220,29104,0,356,2,X,04,2026
1,3604,68,5,1220,63467,0,1242,1,X,04,2026
1,3604,68,6,1220,2010202,0,72567,1,X,04,2026
1,3604,70,5,1220,25294,0,1204,1,X,04,2026
1,3604,70,6,1220,1150464,0,31268,1,X,04,2026
1,3604,70,6,1220,86843,0,901,2,X,04,2026
1,3604,72,5,1220,21118,0,524,1,X,04,2026
1,3604,72,6,1220,420301,0,8321,1,X,04,2026
1,3604,72,6,1220,658088,0,14931,2,X,04,2026
1,3604,73,5,1220,200232,0,7777,1,X,04,2026
1,3604,73,6,1220,1641864,0,63622,1,X,04,2026
1,3604,73,6,1220,295242,0,816,2,X,04,2026
1,3604,76,5,1220,4816,0,32,1,X,04,2026
1,3604,76,6,1220,24933,0,423,1,X,04,2026
1,3604,76,6,1220,12465,0,49,2,X,04,2026
1,3604,82,6,1220,14533,0,110,1,X,04,2026
1,3604,83,5,1220,31345,0,236,1,X,04,2026
1,3604,83,6,1220,9299,0,237,1,X,04,2026
1,3604,84,5,1220,768196,0,10494,1,X,04,2026
1,3604,84,5,1220,39614,0,1668,2,X,04,2026
1,3604,84,6,1220,2442883,0,32542,1,X,04,2026
1,3604,84,6,1220,151101,0,1374,2,X,04,2026
1,3604,85,5,1220,141910,0,554,1,X,04,2026
1,3604,85,5,1220,29775,0,581,2,X,04,2026
1,3604,85,6,1220,2741583,0,41012,1,X,04,2026
1,3604,85,6,1220,24739,0,72,2,X,04,2026
1,3604,86,5,1220,117535,0,1164,2,X,04,2026
1,3604,86,6,1220,15209415,0,241865,1,X,04,2026
1,3604,86,6,1220,9230,0,199,2,X,04,2026
1,3604,87,5,1220,436209,0,7086,1,X,04,2026
1,3604,87,5,1220,48009,0,761,2,X,04,2026
1,3604,87,6,1220,10203811,0,100354,1,X,04,2026
1,3604,87,6,1220,80350,0,635,2,X,04,2026
1,3604,88,5,1220,576412,0,2007,1,X,04,2026
1,3604,88,5,1220,6015,0,53,2,X,04,2026
1,3604,89,5,1220,1101925,0,11970,1,X,04,2026
1,3604,90,5,1220,16648,0,45,1,X,04,2026
1,3604,90,5,1220,25060,0,379,2,X,04,2026
1,3604,90,6,1220,41213,0,379,1,X,04,2026
1,3604,94,5,1220,83298,0,4677,1,X,04,2026
1,3604,95,5,1220,41390,0,938,1,X,04,2026
1,3604,95,5,1220,22655,0,727,2,X,04,2026
1,3604,95,6,1220,23794,0,286,1,X,04,2026
1,3604,95,6,1220,6000,0,100,2,X,04,2026
1,3604,96,6,1220,798334,0,9878,1,X,04,2026
1,3613,01,5,1220,7344,0,363,1,X,04,2026
1,3613,09,5,1220,8795,0,140,2,X,04,2026
1,3613,10,5,1220,3845,0,84,1,X,04,2026
1,3613,12,5,1220,12642,0,474,1,X,04,2026
1,3613,19,5,1220,81833,0,1853,1,X,04,2026
1,3613,23,5,1220,155891,0,17872,1,X,04,2026
1,3613,25,5,1220,54333,0,1521,1,X,04,2026
1,3613,25,5,1220,8129,0,285,2,X,04,2026
1,3613,27,5,1220,165355,0,8192,1,X,04,2026
1,3613,28,5,1220,7738,0,286,1,X,04,2026
1,3613,28,5,1220,27843,0,545,2,X,04,2026
1,3613,29,5,1220,16403,0,231,1,X,04,2026
1,3613,32,5,1220,144437,0,17627,1,X,04,2026
1,3613,33,5,1220,3136,0,199,1,X,04,2026
1,3613,34,5,1220,4819,0,94,1,X,04,2026
1,3613,35,5,1220,37240,0,1702,1,X,04,2026
1,3613,36,5,1220,72334,0,5855,1,X,04,2026
1,3613,38,5,1220,9553,0,186,1,X,04,2026
1,3613,39,5,1220,402573,0,18282,1,X,04,2026
1,3613,39,5,1220,6091,0,82,2,X,04,2026
1,3613,40,5,1220,490424,0,11871,1,X,04,2026
1,3613,40,5,1220,25236,0,608,2,X,04,2026
1,3613,48,5,1220,28579,0,3567,1,X,04,2026
1,3613,48,6,1220,682283,0,38786,1,X,04,2026
1,3613,49,5,1220,4585,0,145,1,X,04,2026
1,3613,54,5,1220,26063,0,510,1,X,04,2026
1,3613,56,5,1220,24865,0,588,1,X,04,2026
1,3613,59,5,1220,22909,0,448,1,X,04,2026
1,3613,59,5,1220,3788,0,210,2,X,04,2026
1,3613,63,5,1220,3047,0,319,1,X,04,2026
1,3613,68,5,1220,167307,0,7826,1,X,04,2026
1,3613,68,5,1220,3666,0,93,2,X,04,2026
1,3613,68,6,1220,9322,0,443,1,X,04,2026
1,3613,71,5,1220,7420,0,92,1,X,04,2026
1,3613,72,5,1220,19778,0,437,1,X,04,2026
1,3613,73,5,1220,249691,0,5866,1,X,04,2026
1,3613,73,5,1220,60147,0,1407,2,X,04,2026
1,3613,74,5,1220,6698,0,141,2,X,04,2026
1,3613,76,5,1220,14505,0,340,1,X,04,2026
1,3613,82,5,1220,3530,0,36,1,X,04,2026
1,3613,84,5,1220,5116940,0,54836,1,X,04,2026
1,3613,84,5,1220,1018099,0,18473,2,X,04,2026
1,3613,85,5,1220,236158,0,3603,1,X,04,2026
1,3613,85,5,1220,403418,0,6702,2,X,04,2026
1,3613,86,5,1220,8250,0,513,1,X,04,2026
1,3613,87,5,1220,7446563,0,103100,1,X,04,2026
1,3613,87,5,1220,461359,0,4906,2,X,04,2026
1,3613,87,8,1220,600835,0,4827,1,X,04,2026
1,3613,88,5,1220,201134,0,2742,1,X,04,2026
1,3613,88,5,1220,92799,0,3704,2,X,04,2026
1,3613,89,5,1220,327390,0,4736,1,X,04,2026
1,3613,89,5,1220,5081,0,63,2,X,04,2026
1,3613,90,5,1220,467145,0,7990,1,X,04,2026
1,3613,90,5,1220,199419,0,825,2,X,04,2026
1,3613,93,5,1220,97671,0,1451,1,X,04,2026
1,3613,94,5,1220,24865,0,1284,1,X,04,2026
1,3613,94,5,1220,35593,0,1011,2,X,04,2026
1,3613,95,5,1220,29035,0,573,1,X,04,2026
1,3613,96,5,1220,2778,0,54,1,X,04,2026
1,3613,98,5,1220,83948,0,929,1,X,04,2026
1,36XX,40,3,1220,54831,6809,3271,1,X,04,2026
1,36XX,49,3,1220,2574,87,50,1,X,04,2026
1,36XX,65,3,1220,5522,26,108,2,X,04,2026
1,36XX,82,3,1220,9311,129,181,1,X,04,2026
1,36XX,84,1,1220,3781,141,112,1,X,04,2026
1,36XX,84,3,1220,9134,49,228,1,X,04,2026
1,36XX,85,3,1220,2834,685,320,2,X,04,2026
1,36XX,86,3,1220,5136,1099,101,1,X,04,2026
1,36XX,88,3,1220,6426,3,125,1,X,04,2026
1,36XX,90,3,1220,9246,27,63,2,X,04,2026
1,3701,85,3,1220,44856,57,322,2,X,04,2026
1,3701,90,3,1220,5106,15,199,2,X,04,2026
1,37XX,98,8,1220,6822,0,647,1,X,04,2026
1,3801,01,5,1220,1186060,0,12995,1,X,04,2026
1,3801,01,8,1220,6781,0,135,1,X,04,2026
1,3801,02,5,1220,78167649,0,1238699,1,X,04,2026
1,3801,02,5,1220,566600,0,4515,2,X,04,2026
1,3801,03,5,1220,1240503,0,20992,1,X,04,2026
1,3801,03,5,1220,1936223,0,32484,2,X,04,2026
1,3801,04,5,1220,11613185,0,247788,1,X,04,2026
1,3801,04,5,1220,4161,0,81,2,X,04,2026
1,3801,05,5,1220,297081,0,12841,1,X,04,2026
1,3801,05,5,1220,5933,0,173,2,X,04,2026
1,3801,06,5,1220,6576844,0,110432,1,X,04,2026
1,3801,06,5,1220,13109,0,394,2,X,04,2026
1,3801,07,5,1220,28096717,0,1385106,1,X,04,2026
1,3801,07,5,1220,32572991,0,1525293,2,X,04,2026
1,3801,08,5,1220,23435739,0,951473,1,X,04,2026
1,3801,08,5,1220,29335491,0,985548,2,X,04,2026
1,3801,09,5,1220,722581,0,15006,1,X,04,2026
1,3801,09,5,1220,1668555,0,30097,2,X,04,2026
1,3801,09,6,1220,417558,0,13083,1,X,04,2026
1,3801,09,6,1220,1079955,0,26168,2,X,04,2026
1,3801,10,5,1220,7637349,0,138580,1,X,04,2026
1,3801,10,5,1220,2013524,0,33746,2,X,04,2026
1,3801,10,6,1220,1670784,0,61562,1,X,04,2026
1,3801,11,5,1220,3555843,0,189623,1,X,04,2026
1,3801,11,5,1220,77547,0,2115,2,X,04,2026
1,3801,11,6,1220,2280615,0,34774,1,X,04,2026
1,3801,12,5,1220,8452352,0,349740,1,X,04,2026
1,3801,12,5,1220,936316,0,33017,2,X,04,2026
1,3801,13,5,1220,383422,0,12218,1,X,04,2026
1,3801,13,5,1220,453013,0,10061,2,X,04,2026
1,3801,14,5,1220,25544,0,1374,1,X,04,2026
1,3801,14,5,1220,72727,0,3913,2,X,04,2026
1,3801,15,5,1220,5609946,0,111415,1,X,04,2026
1,3801,15,5,1220,5683816,0,105448,2,X,04,2026
1,3801,15,6,1220,1357044,0,28257,1,X,04,2026
1,3801,16,5,1220,33290139,0,531332,1,X,04,2026
1,3801,16,5,1220,60488,0,552,2,X,04,2026
1,3801,17,5,1220,8268093,0,254989,1,X,04,2026
1,3801,17,5,1220,558412,0,24578,2,X,04,2026
1,3801,17,6,1220,424849,0,12790,1,X,04,2026
1,3801,18,5,1220,16224713,0,263733,1,X,04,2026
1,3801,18,5,1220,3752070,0,67305,2,X,04,2026
1,3801,19,5,1220,47434205,0,1225971,1,X,04,2026
1,3801,19,5,1220,161440,0,5309,2,X,04,2026
1,3801,20,5,1220,17804466,0,629153,1,X,04,2026
1,3801,20,5,1220,3678357,0,73538,2,X,04,2026
1,3801,20,6,1220,100782,0,1006,1,X,04,2026
1,3801,21,5,1220,51625077,0,1582899,1,X,04,2026
1,3801,21,5,1220,1628519,0,30677,2,X,04,2026
1,3801,21,6,1220,48076,0,680,1,X,04,2026
1,3801,22,5,1220,8406678,0,240327,1,X,04,2026
1,3801,22,5,1220,1021446,0,14342,2,X,04,2026
1,3801,22,6,1220,15697151,0,815637,1,X,04,2026
1,3801,23,5,1220,16852981,0,414068,1,X,04,2026
1,3801,23,5,1220,310277,0,7019,2,X,04,2026
1,3801,23,6,1220,6151042,0,215003,1,X,04,2026
1,3801,25,5,1220,3807472,0,128490,1,X,04,2026
1,3801,25,5,1220,176254,0,5956,2,X,04,2026
1,3801,25,6,1220,1194303,0,54138,1,X,04,2026
1,3801,26,5,1220,8271674,0,91539,1,X,04,2026
1,3801,26,5,1220,42770,0,838,2,X,04,2026
1,3801,26,6,1220,43964430,0,1803923,1,X,04,2026
1,3801,27,5,1220,25364246,0,877459,1,X,04,2026
1,3801,27,5,1220,1349261,0,26297,2,X,04,2026
1,3801,27,6,1220,13307735,0,336942,1,X,04,2026
1,3801,27,6,1220,4298401,0,68010,2,X,04,2026
1,3801,27,7,1220,27065165,0,0,1,X,04,2026
1,3801,28,5,1220,6340621,0,260902,1,X,04,2026
1,3801,28,5,1220,850632,0,29755,2,X,04,2026
1,3801,28,6,1220,1689926,0,64656,1,X,04,2026
1,3801,29,5,1220,18263416,0,365402,1,X,04,2026
1,3801,29,5,1220,3687798,0,46277,2,X,04,2026
1,3801,29,6,1220,11575205,0,261005,1,X,04,2026
1,3801,29,6,1220,426550,0,13084,2,X,04,2026
1,3801,30,5,1220,74254275,0,727283,1,X,04,2026
1,3801,30,5,1220,10098357,0,95160,2,X,04,2026
1,3801,31,5,1220,2425289,0,55446,1,X,04,2026
1,3801,31,5,1220,675457,0,12124,2,X,04,2026
1,3801,31,6,1220,5235348,0,82411,1,X,04,2026
1,3801,32,5,1220,27525467,0,611482,1,X,04,2026
1,3801,32,5,1220,2887083,0,50115,2,X,04,2026
1,3801,33,5,1220,40080529,0,973299,1,X,04,2026
1,3801,33,5,1220,4882910,0,72884,2,X,04,2026
1,3801,33,6,1220,361544,0,10660,1,X,04,2026
1,3801,34,5,1220,59551155,0,2753354,1,X,04,2026
1,3801,34,5,1220,1112662,0,30593,2,X,04,2026
1,3801,34,6,1220,325753,0,7903,1,X,04,2026
1,3801,35,5,1220,15525039,0,475688,1,X,04,2026
1,3801,35,5,1220,1502374,0,21904,2,X,04,2026
1,3801,35,6,1220,612872,0,22036,1,X,04,2026
1,3801,36,5,1220,23096,0,1182,1,X,04,2026
1,3801,36,5,1220,23635,0,742,2,X,04,2026
1,3801,37,5,1220,159540,0,6044,1,X,04,2026
1,3801,37,5,1220,18426,0,234,2,X,04,2026
1,3801,38,5,1220,52665019,0,988422,1,X,04,2026
1,3801,38,5,1220,7485567,0,102441,2,X,04,2026
1,3801,38,6,1220,6153991,0,163918,1,X,04,2026
1,3801,39,5,1220,146095840,0,4693743,1,X,04,2026
1,3801,39,5,1220,14658400,0,387649,2,X,04,2026
1,3801,39,6,1220,55874886,0,1491075,1,X,04,2026
1,3801,39,6,1220,754590,0,12052,2,X,04,2026
1,3801,40,5,1220,81403678,0,1776790,1,X,04,2026
1,3801,40,5,1220,11535030,0,296769,2,X,04,2026
1,3801,40,6,1220,187346,0,6542,1,X,04,2026
1,3801,41,5,1220,79096,0,1507,1,X,04,2026
1,3801,41,5,1220,74463,0,1813,2,X,04,2026
1,3801,42,5,1220,356974,0,8908,1,X,04,2026
1,3801,42,5,1220,2241935,0,54130,2,X,04,2026
1,3801,42,6,1220,4181,0,21,2,X,04,2026
1,3801,44,5,1220,9015354,0,351387,1,X,04,2026
1,3801,44,5,1220,1301837,0,19562,2,X,04,2026
1,3801,44,6,1220,1300814,0,29897,1,X,04,2026
1,3801,45,5,1220,2635,0,43,1,X,04,2026
1,3801,45,5,1220,6083,0,149,2,X,04,2026
1,3801,46,5,1220,2734,0,63,1,X,04,2026
1,3801,47,5,1220,344336,0,12606,1,X,04,2026
1,3801,47,5,1220,11736,0,578,2,X,04,2026
1,3801,47,6,1220,339876,0,22897,1,X,04,2026
1,3801,47,6,1220,211646,0,13084,2,X,04,2026
1,3801,48,5,1220,48383497,0,1668114,1,X,04,2026
1,3801,48,5,1220,2582845,0,40330,2,X,04,2026
1,3801,48,6,1220,22684307,0,359440,1,X,04,2026
1,3801,49,5,1220,18139945,0,360486,1,X,04,2026
1,3801,49,5,1220,2664026,0,36637,2,X,04,2026
1,3801,49,8,1220,26137,0,181,1,X,04,2026
1,3801,50,5,1220,2652,0,52,2,X,04,2026
1,3801,51,5,1220,28998,0,659,1,X,04,2026
1,3801,52,5,1220,175218,0,7219,1,X,04,2026
1,3801,52,5,1220,26397,0,574,2,X,04,2026
1,3801,53,5,1220,9018,0,252,2,X,04,2026
1,3801,54,5,1220,212086,0,6115,1,X,04,2026
1,3801,54,5,1220,37427,0,1978,2,X,04,2026
1,3801,55,5,1220,529965,0,17154,1,X,04,2026
1,3801,55,5,1220,35632,0,1704,2,X,04,2026
1,3801,56,5,1220,2836564,0,75485,1,X,04,2026
1,3801,56,5,1220,441022,0,11475,2,X,04,2026
1,3801,57,5,1220,5982720,0,105266,1,X,04,2026
1,3801,57,5,1220,1005048,0,18884,2,X,04,2026
1,3801,58,5,1220,192994,0,6582,1,X,04,2026
1,3801,58,5,1220,38987,0,1720,2,X,04,2026
1,3801,59,5,1220,2939548,0,63182,1,X,04,2026
1,3801,59,5,1220,1045398,0,26470,2,X,04,2026
1,3801,60,5,1220,9991,0,193,1,X,04,2026
1,3801,60,5,1220,7582,0,154,2,X,04,2026
1,3801,61,5,1220,571048,0,17084,1,X,04,2026
1,3801,61,5,1220,5111821,0,96922,2,X,04,2026
1,3801,61,6,1220,27533,0,6,2,X,04,2026
1,3801,62,5,1220,911456,0,6602,1,X,04,2026
1,3801,62,5,1220,4190671,0,79725,2,X,04,2026
1,3801,63,5,1220,1673761,0,47929,1,X,04,2026
1,3801,63,5,1220,1557414,0,45241,2,X,04,2026
1,3801,63,6,1220,7170,0,4,2,X,04,2026
1,3801,64,5,1220,145624,0,4007,1,X,04,2026
1,3801,64,5,1220,591767,0,15164,2,X,04,2026
1,3801,65,5,1220,218267,0,3955,1,X,04,2026
1,3801,65,5,1220,1327138,0,29045,2,X,04,2026
1,3801,65,6,1220,13379,0,2,1,X,04,2026
1,3801,65,6,1220,20191,0,8,2,X,04,2026
1,3801,66,5,1220,9928,0,511,1,X,04,2026
1,3801,66,5,1220,15237,0,834,2,X,04,2026
1,3801,67,5,1220,7790,0,289,1,X,04,2026
1,3801,67,5,1220,59551,0,1561,2,X,04,2026
1,3801,68,5,1220,9464240,0,486814,1,X,04,2026
1,3801,68,5,1220,601237,0,18050,2,X,04,2026
1,3801,68,6,1220,1709448,0,82672,1,X,04,2026
1,3801,69,5,1220,1610504,0,35384,1,X,04,2026
1,3801,69,5,1220,906334,0,29465,2,X,04,2026
1,3801,70,5,1220,31708294,0,521216,1,X,04,2026
1,3801,70,5,1220,2308987,0,49592,2,X,04,2026
1,3801,71,5,1220,17027131,0,177885,1,X,04,2026
1,3801,71,5,1220,424099,0,5865,2,X,04,2026
1,3801,72,5,1220,122044946,0,3848444,1,X,04,2026
1,3801,72,5,1220,5658610,0,134260,2,X,04,2026
1,3801,72,6,1220,6667129,0,56107,1,X,04,2026
1,3801,72,6,1220,2121866,0,22817,2,X,04,2026
1,3801,73,5,1220,48411180,0,1246685,1,X,04,2026
1,3801,73,5,1220,8444205,0,212850,2,X,04,2026
1,3801,73,6,1220,270402,0,6710,1,X,04,2026
1,3801,73,6,1220,7070,0,3,2,X,04,2026
1,3801,74,5,1220,32752207,0,353324,1,X,04,2026
1,3801,74,5,1220,598563,0,10774,2,X,04,2026
1,3801,75,5,1220,1923675,0,25242,1,X,04,2026
1,3801,75,5,1220,416231,0,7324,2,X,04,2026
1,3801,76,5,1220,63244728,0,1178878,1,X,04,2026
1,3801,76,5,1220,3713840,0,27529,2,X,04,2026
1,3801,76,6,1220,18158,0,178,1,X,04,2026
1,3801,76,6,1220,3937,0,39,2,X,04,2026
1,3801,76,8,1220,17093,0,363,1,X,04,2026
1,3801,78,5,1220,19248,0,248,1,X,04,2026
1,3801,79,5,1220,829145,0,10646,1,X,04,2026
1,3801,79,5,1220,58271,0,2305,2,X,04,2026
1,3801,80,5,1220,71177,0,1373,1,X,04,2026
1,3801,80,5,1220,3720,0,40,2,X,04,2026
1,3801,81,5,1220,1479360,0,17650,1,X,04,2026
1,3801,81,5,1220,81997,0,1274,2,X,04,2026
1,3801,82,5,1220,10701183,0,120656,1,X,04,2026
1,3801,82,5,1220,4319346,0,77224,2,X,04,2026
1,3801,82,6,1220,26307,0,4,1,X,04,2026
1,3801,82,6,1220,103101,0,28,2,X,04,2026
1,3801,82,8,1220,3783,0,30,1,X,04,2026
1,3801,82,8,1220,4574,0,89,2,X,04,2026
1,3801,83,5,1220,21231128,0,382593,1,X,04,2026
1,3801,83,5,1220,2760812,0,62952,2,X,04,2026
1,3801,84,5,1220,737939077,0,9926476,1,X,04,2026
1,3801,84,5,1220,278589578,0,3280756,2,X,04,2026
1,3801,84,5,2010,12996,0,0,2,0,04,2026
1,3801,84,6,1220,6580,0,1,1,X,04,2026
1,3801,84,6,1220,1140631,0,468,2,X,04,2026
1,3801,84,8,1220,611543,0,3066,1,X,04,2026
1,3801,85,5,1220,217414040,0,3158825,1,X,04,2026
1,3801,85,5,1220,249481021,0,3207002,2,X,04,2026
1,3801,85,6,1220,1251188,0,12348,1,X,04,2026
1,3801,85,6,1220,682306,0,4627,2,X,04,2026
1,3801,85,8,1220,8291,0,58,2,X,04,2026
1,3801,86,5,1220,3294147,0,49948,1,X,04,2026
1,3801,86,5,1220,3949463,0,40167,2,X,04,2026
1,3801,86,6,1220,475287,0,10231,1,X,04,2026
1,3801,87,5,1220,1650488207,0,31048269,1,X,04,2026
1,3801,87,5,1220,58784244,0,844538,2,X,04,2026
1,3801,87,6,1220,1136112079,0,12546332,1,X,04,2026
1,3801,87,6,1220,3446571,0,27671,2,X,04,2026
1,3801,87,8,1220,236138,0,4628,1,X,04,2026
1,3801,87,8,1220,9640,0,189,2,X,04,2026
1,3801,88,5,1220,35620032,0,312004,1,X,04,2026
1,3801,88,5,1220,3369485,0,37673,2,X,04,2026
1,3801,88,6,1220,17013,0,329,2,X,04,2026
1,3801,89,5,1220,5778395,0,85081,1,X,04,2026
1,3801,89,5,1220,384536,0,6819,2,X,04,2026
1,3801,89,8,1220,12363,0,305,1,X,04,2026
1,3801,90,5,1220,80377622,0,810568,1,X,04,2026
1,3801,90,5,1220,51591149,0,475373,2,X,04,2026
1,3801,90,6,1220,8418,0,67,1,X,04,2026
1,3801,90,6,1220,49704,0,17,2,X,04,2026
1,3801,90,8,1220,12970,0,145,1,X,04,2026
1,3801,91,5,1220,145085,0,1186,1,X,04,2026
1,3801,91,5,1220,384110,0,7744,2,X,04,2026
1,3801,92,5,1220,387327,0,6140,1,X,04,2026
1,3801,92,5,1220,30627,0,953,2,X,04,2026
1,3801,93,5,1220,604484,0,12167,1,X,04,2026
1,3801,93,5,1220,305227,0,5121,2,X,04,2026
1,3801,94,5,1220,24763088,0,584257,1,X,04,2026
1,3801,94,5,1220,11034489,0,211049,2,X,04,2026
1,3801,94,6,1220,4682,0,99,1,X,04,2026
1,3801,95,5,1220,8417604,0,125202,1,X,04,2026
1,3801,95,5,1220,20102883,0,299457,2,X,04,2026
1,3801,96,5,1220,8860054,0,166519,1,X,04,2026
1,3801,96,5,1220,4360549,0,74950,2,X,04,2026
1,3801,97,5,1220,5806,0,34,1,X,04,2026
1,3801,97,5,1220,47621,0,363,2,X,04,2026
1,3801,98,5,1220,4568725,0,95846,1,X,04,2026
1,3801,98,5,1220,14635650,0,277180,2,X,04,2026
1,3801,98,6,1220,2433938,0,47724,1,X,04,2026
1,3802,01,5,1220,3451995,0,67878,1,X,04,2026
1,3802,01,5,1220,74795,0,715,2,X,04,2026
1,3802,02,5,1220,2208619,0,31095,1,X,04,2026
1,3802,02,5,1220,142003,0,1406,2,X,04,2026
1,3802,03,5,1220,669194,0,9168,1,X,04,2026
1,3802,03,5,1220,399531,0,5713,2,X,04,2026
1,3802,04,5,1220,20940484,0,496025,1,X,04,2026
1,3802,04,5,1220,732373,0,24276,2,X,04,2026
1,3802,05,5,1220,1024154,0,22713,1,X,04,2026
1,3802,05,5,1220,44873,0,788,2,X,04,2026
1,3802,05,8,1220,5256,0,72,1,X,04,2026
1,3802,06,5,1220,8129414,0,155324,1,X,04,2026
1,3802,06,5,1220,47324,0,382,2,X,04,2026
1,3802,07,5,1220,42372836,0,2253892,1,X,04,2026
1,3802,07,5,1220,26397813,0,1480224,2,X,04,2026
1,3802,07,6,1220,106074,0,10424,1,X,04,2026
1,3802,08,5,1220,53024477,0,1903613,1,X,04,2026
1,3802,08,5,1220,35888072,0,1504157,2,X,04,2026
1,3802,08,6,1220,1208272,0,17536,1,X,04,2026
1,3802,08,6,1220,148285,0,14489,2,X,04,2026
1,3802,09,5,1220,1737549,0,30376,1,X,04,2026
1,3802,09,5,1220,6828920,0,123075,2,X,04,2026
1,3802,09,6,1220,6688191,0,175996,1,X,04,2026
1,3802,09,6,1220,140657,0,3271,2,X,04,2026
1,3802,10,5,1220,5544455,0,135025,1,X,04,2026
1,3802,10,5,1220,1221354,0,24658,2,X,04,2026
1,3802,10,6,1220,9134113,0,215386,1,X,04,2026
1,3802,11,5,1220,8059300,0,366872,1,X,04,2026
1,3802,11,5,1220,624849,0,16555,2,X,04,2026
1,3802,11,6,1220,1894154,0,43655,1,X,04,2026
1,3802,12,5,1220,14798649,0,517893,1,X,04,2026
1,3802,12,5,1220,1119124,0,22496,2,X,04,2026
1,3802,12,6,1220,10035963,0,292332,1,X,04,2026
1,3802,13,5,1220,1696934,0,42059,1,X,04,2026
1,3802,13,5,1220,851966,0,15410,2,X,04,2026
1,3802,14,5,1220,96641,0,5202,1,X,04,2026
1,3802,14,6,1220,158082,0,9782,1,X,04,2026
1,3802,15,5,1220,5639676,0,161176,1,X,04,2026
1,3802,15,5,1220,2273456,0,35414,2,X,04,2026
1,3802,15,6,1220,1532120,0,47573,1,X,04,2026
1,3802,15,6,1220,1830102,0,19722,2,X,04,2026
1,3802,16,5,1220,7761002,0,165867,1,X,04,2026
1,3802,16,5,1220,10160,0,140,2,X,04,2026
1,3802,17,5,1220,12800347,0,507533,1,X,04,2026
1,3802,17,5,1220,1808373,0,53730,2,X,04,2026
1,3802,17,6,1220,2729129,0,74532,1,X,04,2026
1,3802,18,5,1220,19825692,0,368773,1,X,04,2026
1,3802,18,5,1220,1592453,0,21164,2,X,04,2026
1,3802,19,5,1220,74468096,0,1952959,1,X,04,2026
1,3802,19,5,1220,985904,0,22898,2,X,04,2026
1,3802,19,6,1220,4573783,0,112224,1,X,04,2026
1,3802,19,6,1220,7338,0,101,2,X,04,2026
1,3802,20,5,1220,37588759,0,1139677,1,X,04,2026
1,3802,20,5,1220,4912166,0,102921,2,X,04,2026
1,3802,20,6,1220,4157040,0,194104,1,X,04,2026
1,3802,21,5,1220,87579784,0,2449891,1,X,04,2026
1,3802,21,5,1220,1788592,0,30228,2,X,04,2026
1,3802,21,6,1220,1306319,0,42379,1,X,04,2026
1,3802,21,6,1220,19713,0,773,2,X,04,2026
1,3802,22,5,1220,18675238,0,619393,1,X,04,2026
1,3802,22,5,1220,2237612,0,34415,2,X,04,2026
1,3802,22,6,1220,79946877,0,4574085,1,X,04,2026
1,3802,23,5,1220,46413200,0,1051834,1,X,04,2026
1,3802,23,5,1220,546629,0,11329,2,X,04,2026
1,3802,23,6,1220,10392384,0,362226,1,X,04,2026
1,3802,23,6,1220,491017,0,6752,2,X,04,2026
1,3802,24,5,1220,957328,0,5642,1,X,04,2026
1,3802,25,5,1220,5552814,0,198755,1,X,04,2026
1,3802,25,5,1220,914392,0,16055,2,X,04,2026
1,3802,25,6,1220,3531336,0,109102,1,X,04,2026
1,3802,26,5,1220,2246370,0,30684,1,X,04,2026
1,3802,26,6,1220,16602606,0,353015,1,X,04,2026
1,3802,27,5,1220,48918171,0,1702751,1,X,04,2026
1,3802,27,5,1220,760262,0,19936,2,X,04,2026
1,3802,27,6,1220,62811349,0,2049694,1,X,04,2026
1,3802,27,6,1220,231725,0,11011,2,X,04,2026
1,3802,27,7,1220,424305756,0,0,1,X,04,2026
1,3802,27,8,1220,21604,0,1216,1,X,04,2026
1,3802,28,5,1220,22847181,0,616458,1,X,04,2026
1,3802,28,5,1220,2083213,0,53115,2,X,04,2026
1,3802,28,6,1220,18911565,0,696187,1,X,04,2026
1,3802,28,6,1220,2074238,0,28426,2,X,04,2026
1,3802,29,5,1220,35942537,0,965051,1,X,04,2026
1,3802,29,5,1220,7861774,0,150554,2,X,04,2026
1,3802,29,6,1220,62367871,0,1895507,1,X,04,2026
1,3802,29,6,1220,989667,0,23211,2,X,04,2026
1,3802,29,7,1220,23797019,0,0,1,X,04,2026
1,3802,30,5,1220,41345642,0,420296,1,X,04,2026
1,3802,30,5,1220,5546923,0,69893,2,X,04,2026
1,3802,30,6,1220,1463750,0,19548,1,X,04,2026
1,3802,31,5,1220,4028505,0,84646,1,X,04,2026
1,3802,31,5,1220,306720,0,12168,2,X,04,2026
1,3802,31,6,1220,10420709,0,566710,1,X,04,2026
1,3802,31,8,1220,42337,0,472,1,X,04,2026
1,3802,32,5,1220,54897471,0,1173988,1,X,04,2026
1,3802,32,5,1220,3850239,0,69882,2,X,04,2026
1,3802,32,6,1220,1069972,0,31717,1,X,04,2026
1,3802,32,6,1220,21845,0,501,2,X,04,2026
1,3802,33,5,1220,58732926,0,778886,1,X,04,2026
1,3802,33,5,1220,10439937,0,115690,2,X,04,2026
1,3802,33,6,1220,317399,0,2964,1,X,04,2026
1,3802,33,6,1220,47419,0,1041,2,X,04,2026
1,3802,34,5,1220,55990298,0,1622634,1,X,04,2026
1,3802,34,5,1220,2686053,0,73308,2,X,04,2026
1,3802,34,6,1220,1103137,0,23166,1,X,04,2026
1,3802,34,6,1220,327681,0,9752,2,X,04,2026
1,3802,35,5,1220,35924675,0,1100840,1,X,04,2026
1,3802,35,5,1220,3047185,0,68367,2,X,04,2026
1,3802,35,6,1220,855869,0,15523,1,X,04,2026
1,3802,36,5,1220,1544268,0,25544,1,X,04,2026
1,3802,36,5,1220,213867,0,3559,2,X,04,2026
1,3802,37,5,1220,64405,0,601,1,X,04,2026
1,3802,37,5,1220,282164,0,4126,2,X,04,2026
1,3802,38,5,1220,85091255,0,1366827,1,X,04,2026
1,3802,38,5,1220,10035091,0,176498,2,X,04,2026
1,3802,38,6,1220,24145147,0,292321,1,X,04,2026
1,3802,38,6,1220,13047,0,186,2,X,04,2026
1,3802,38,8,1220,13472,0,315,1,X,04,2026
1,3802,39,5,1220,238010333,0,6743366,1,X,04,2026
1,3802,39,5,1220,23692987,0,604757,2,X,04,2026
1,3802,39,5,2010,37890,0,0,1,0,04,2026
1,3802,39,6,1220,113152322,0,3283572,1,X,04,2026
1,3802,39,6,1220,1864766,0,34436,2,X,04,2026
1,3802,39,8,1220,10334,0,200,1,X,04,2026
1,3802,40,5,1220,32536641,0,797302,1,X,04,2026
1,3802,40,5,1220,9875166,0,244852,2,X,04,2026
1,3802,40,6,1220,4688663,0,90020,1,X,04,2026
1,3802,40,6,1220,1454873,0,28365,2,X,04,2026
1,3802,41,5,1220,164962,0,3527,1,X,04,2026
1,3802,41,5,1220,35992,0,1059,2,X,04,2026
1,3802,42,5,1220,978538,0,17145,1,X,04,2026
1,3802,42,5,1220,1828314,0,33415,2,X,04,2026
1,3802,43,5,1220,143732,0,1428,1,X,04,2026
1,3802,43,5,1220,3674,0,44,2,X,04,2026
1,3802,44,5,1220,16666813,0,560865,1,X,04,2026
1,3802,44,5,1220,915133,0,22355,2,X,04,2026
1,3802,44,6,1220,3927951,0,91428,1,X,04,2026
1,3802,45,5,1220,39117,0,756,1,X,04,2026
1,3802,45,5,1220,224078,0,4443,2,X,04,2026
1,3802,46,5,1220,24987,0,488,1,X,04,2026
1,3802,47,5,1220,1907006,0,95881,1,X,04,2026
1,3802,47,5,1220,25410,0,845,2,X,04,2026
1,3802,47,6,1220,1910195,0,107804,1,X,04,2026
1,3802,48,5,1220,80173581,0,2722734,1,X,04,2026
1,3802,48,5,1220,3574667,0,99728,2,X,04,2026
1,3802,48,6,1220,11843760,0,211111,1,X,04,2026
1,3802,48,6,1220,440697,0,7801,2,X,04,2026
1,3802,49,5,1220,13374248,0,263858,1,X,04,2026
1,3802,49,5,1220,5459986,0,50342,2,X,04,2026
1,3802,49,6,1220,95764,0,931,1,X,04,2026
1,3802,49,6,1220,113582,0,1108,2,X,04,2026
1,3802,49,8,1220,53447,0,772,1,X,04,2026
1,3802,51,5,1220,42269,0,828,1,X,04,2026
1,3802,51,5,1220,44058,0,636,2,X,04,2026
1,3802,52,5,1220,35546,0,1467,1,X,04,2026
1,3802,52,5,1220,108877,0,2069,2,X,04,2026
1,3802,53,5,1220,40813,0,796,1,X,04,2026
1,3802,53,5,1220,107199,0,2120,2,X,04,2026
1,3802,54,5,1220,651285,0,9314,1,X,04,2026
1,3802,54,5,1220,211087,0,5651,2,X,04,2026
1,3802,54,5,2010,3105,0,0,2,0,04,2026
1,3802,55,5,1220,1300961,0,23845,1,X,04,2026
1,3802,55,5,1220,35173,0,540,2,X,04,2026
1,3802,56,5,1220,7886502,0,201564,1,X,04,2026
1,3802,56,5,1220,683801,0,13956,2,X,04,2026
1,3802,56,6,1220,24176,0,474,1,X,04,2026
1,3802,57,5,1220,1331239,0,16228,1,X,04,2026
1,3802,57,5,1220,70889,0,2005,2,X,04,2026
1,3802,58,5,1220,666024,0,15050,1,X,04,2026
1,3802,58,5,1220,284078,0,5471,2,X,04,2026
1,3802,58,6,1220,2819,0,18,1,X,04,2026
1,3802,59,5,1220,3756378,0,80230,1,X,04,2026
1,3802,59,5,1220,1074524,0,23113,2,X,04,2026
1,3802,60,5,1220,373768,0,7771,1,X,04,2026
1,3802,60,5,1220,145053,0,4767,2,X,04,2026
1,3802,61,5,1220,223512,0,5070,1,X,04,2026
1,3802,61,5,1220,3248622,0,54877,2,X,04,2026
1,3802,61,6,1220,14808,0,4,2,X,04,2026
1,3802,62,5,1220,380330,0,5924,1,X,04,2026
1,3802,62,5,1220,2489691,0,53163,2,X,04,2026
1,3802,63,5,1220,2920828,0,59163,1,X,04,2026
1,3802,63,5,1220,1954931,0,48422,2,X,04,2026
1,3802,63,6,1220,15324,0,317,1,X,04,2026
1,3802,63,8,1220,21586,0,79,1,X,04,2026
1,3802,64,5,1220,152325,0,559,1,X,04,2026
1,3802,64,5,1220,1537970,0,44121,2,X,04,2026
1,3802,64,6,1220,11263,0,219,2,X,04,2026
1,3802,64,8,1220,7017,0,217,2,X,04,2026
1,3802,65,5,1220,1580655,0,5373,1,X,04,2026
1,3802,65,5,1220,1070312,0,18060,2,X,04,2026
1,3802,65,6,1220,11266,0,43,1,X,04,2026
1,3802,66,5,1220,112793,0,6722,1,X,04,2026
1,3802,66,5,1220,70260,0,4222,2,X,04,2026
1,3802,67,5,1220,10381,0,191,1,X,04,2026
1,3802,67,5,1220,1169242,0,26848,2,X,04,2026
1,3802,68,5,1220,14984580,0,539318,1,X,04,2026
1,3802,68,5,1220,4330863,0,50163,2,X,04,2026
1,3802,68,6,1220,701680,0,54951,1,X,04,2026
1,3802,69,5,1220,2634790,0,40603,1,X,04,2026
1,3802,69,5,1220,943489,0,23829,2,X,04,2026
1,3802,70,5,1220,20097115,0,535948,1,X,04,2026
1,3802,70,5,1220,3324743,0,58560,2,X,04,2026
1,3802,70,6,1220,1730846,0,65629,1,X,04,2026
1,3802,70,6,1220,60614,0,675,2,X,04,2026
1,3802,71,5,1220,7430642,0,99006,1,X,04,2026
1,3802,71,5,1220,106112,0,1202,2,X,04,2026
1,3802,72,5,1220,41906337,0,1243868,1,X,04,2026
1,3802,72,5,1220,3606283,0,76292,2,X,04,2026
1,3802,72,6,1220,10219244,0,79568,1,X,04,2026
1,3802,72,6,1220,804448,0,7694,2,X,04,2026
1,3802,73,5,1220,52204613,0,1167065,1,X,04,2026
1,3802,73,5,1220,13078262,0,321442,2,X,04,2026
1,3802,73,5,2010,3774,0,0,1,0,04,2026
1,3802,73,6,1220,3180220,0,119825,1,X,04,2026
1,3802,73,6,1220,40926,0,1428,2,X,04,2026
1,3802,74,5,1220,38652622,0,375370,1,X,04,2026
1,3802,74,5,1220,1146334,0,12393,2,X,04,2026
1,3802,74,6,1220,13961813,0,13063,1,X,04,2026
1,3802,74,6,1220,8048415,0,731370,2,X,04,2026
1,3802,75,5,1220,2371934,0,30895,1,X,04,2026
1,3802,75,5,1220,378092,0,6143,2,X,04,2026
1,3802,75,6,1220,94121,0,2181,1,X,04,2026
1,3802,76,5,1220,39968195,0,735578,1,X,04,2026
1,3802,76,5,1220,3421922,0,38861,2,X,04,2026
1,3802,78,5,1220,258848,0,7025,1,X,04,2026
1,3802,78,5,1220,2606,0,50,2,X,04,2026
1,3802,79,5,1220,914667,0,16423,1,X,04,2026
1,3802,79,5,1220,51162,0,1697,2,X,04,2026
1,3802,79,6,1220,665561,0,60504,2,X,04,2026
1,3802,80,5,1220,208465,0,3856,1,X,04,2026
1,3802,80,5,1220,6444,0,391,2,X,04,2026
1,3802,81,5,1220,5697912,0,40910,1,X,04,2026
1,3802,81,5,1220,1887009,0,21848,2,X,04,2026
1,3802,82,5,1220,10716000,0,125766,1,X,04,2026
1,3802,82,5,1220,4407848,0,92522,2,X,04,2026
1,3802,82,6,1220,128618,0,2231,1,X,04,2026
1,3802,82,6,1220,124546,0,1509,2,X,04,2026
1,3802,83,5,1220,14774766,0,261190,1,X,04,2026
1,3802,83,5,1220,5573477,0,105592,2,X,04,2026
1,3802,83,6,1220,9549,0,200,2,X,04,2026
1,3802,84,5,1220,455798582,0,6964741,1,X,04,2026
1,3802,84,5,1220,197773348,0,3198385,2,X,04,2026
1,3802,84,5,2010,106902,0,0,1,0,04,2026
1,3802,84,5,2010,196579,0,0,1,1,04,2026
1,3802,84,5,2010,640835,0,0,2,0,04,2026
1,3802,84,6,1220,1796309,0,34973,1,X,04,2026
1,3802,84,6,1220,3761853,0,53981,2,X,04,2026
1,3802,84,8,1220,21328,0,634,1,X,04,2026
1,3802,85,5,1220,185639267,0,3192299,1,X,04,2026
1,3802,85,5,1220,200574340,0,2865652,2,X,04,2026
1,3802,85,5,2010,41300,0,0,1,0,04,2026
1,3802,85,5,2010,90053,0,0,2,0,04,2026
1,3802,85,6,1220,1090089,0,13669,1,X,04,2026
1,3802,85,6,1220,1190158,0,18042,2,X,04,2026
1,3802,85,8,1220,4763,0,104,1,X,04,2026
1,3802,86,5,1220,7135773,0,102570,1,X,04,2026
1,3802,86,5,1220,4699335,0,44927,2,X,04,2026
1,3802,86,6,1220,4016681,0,55950,1,X,04,2026
1,3802,86,6,1220,3318935,0,28013,2,X,04,2026
1,3802,87,5,1220,282692511,0,4213317,1,X,04,2026
1,3802,87,5,1220,40726178,0,633589,2,X,04,2026
1,3802,87,6,1220,70867124,0,606187,1,X,04,2026
1,3802,87,6,1220,859906,0,7209,2,X,04,2026
1,3802,87,8,1220,1804479,0,29310,1,X,04,2026
1,3802,87,8,1220,40002,0,1776,2,X,04,2026
1,3802,88,5,1220,56544870,0,258346,1,X,04,2026
1,3802,88,5,1220,5250071,0,50231,2,X,04,2026
1,3802,88,8,1220,4285,0,141,1,X,04,2026
1,3802,89,5,1220,8943010,0,118612,1,X,04,2026
1,3802,89,5,1220,6158,0,24,2,X,04,2026
1,3802,90,5,1220,77107793,0,833338,1,X,04,2026
1,3802,90,5,1220,62993768,0,627597,2,X,04,2026
1,3802,90,5,2010,251201,0,0,1,0,04,2026
1,3802,90,5,2010,223602,0,0,1,1,04,2026
1,3802,90,5,2010,112738,0,0,2,0,04,2026
1,3802,90,6,1220,595729,0,8602,1,X,04,2026
1,3802,90,6,1220,594627,0,8104,2,X,04,2026
1,3802,91,5,1220,45744,0,395,1,X,04,2026
1,3802,91,5,1220,971662,0,20596,2,X,04,2026
1,3802,92,5,1220,381289,0,5796,1,X,04,2026
1,3802,92,5,1220,754519,0,7910,2,X,04,2026
1,3802,93,5,1220,12810620,0,219503,1,X,04,2026
1,3802,93,5,1220,3429287,0,28897,2,X,04,2026
1,3802,94,5,1220,39183793,0,869676,1,X,04,2026
1,3802,94,5,1220,12041015,0,329917,2,X,04,2026
1,3802,94,6,1220,34933,0,681,1,X,04,2026
1,3802,94,6,1220,13559,0,346,2,X,04,2026
1,3802,95,5,1220,15412026,0,300738,1,X,04,2026
1,3802,95,5,1220,23869452,0,331074,2,X,04,2026
1,3802,95,6,1220,325361,0,6332,1,X,04,2026
1,3802,95,6,1220,22490,0,144,2,X,04,2026
1,3802,95,8,1220,17299,0,340,1,X,04,2026
1,3802,96,5,1220,9287863,0,265391,1,X,04,2026
1,3802,96,5,1220,7010719,0,158448,2,X,04,2026
1,3802,96,6,1220,1027593,0,32458,1,X,04,2026
1,3802,96,6,1220,124882,0,1970,2,X,04,2026
1,3802,97,5,1220,63843,0,982,1,X,04,2026
1,3802,98,5,1220,7535118,0,99768,1,X,04,2026
1,3802,98,5,1220,8367027,0,141381,2,X,04,2026
1,3802,98,6,1220,36254,0,1055,1,X,04,2026
1,3803,02,5,1220,90599,0,99,1,X,04,2026
1,3803,03,5,1220,19464,0,381,1,X,04,2026
1,3803,04,5,1220,205059,0,2664,1,X,04,2026
1,3803,06,5,1220,216499,0,5369,1,X,04,2026
1,3803,07,5,1220,773510,0,48439,1,X,04,2026
1,3803,08,5,1220,64390,0,1262,1,X,04,2026
1,3803,10,5,1220,15372,0,301,1,X,04,2026
1,3803,12,5,1220,138571,0,1833,1,X,04,2026
1,3803,16,5,1220,253303,0,8991,1,X,04,2026
1,3803,19,5,1220,246119,0,2957,1,X,04,2026
1,3803,20,5,1220,145787,0,8474,1,X,04,2026
1,3803,21,5,1220,52723,0,1668,1,X,04,2026
1,3803,22,5,1220,5680,0,209,1,X,04,2026
1,3803,23,5,1220,136619,0,1997,1,X,04,2026
1,3803,23,6,1220,201935,0,3944,1,X,04,2026
1,3803,25,5,1220,831704,0,25882,1,X,04,2026
1,3803,25,6,1220,12450,0,21,1,X,04,2026
1,3803,25,8,1220,3136,0,18,2,X,04,2026
1,3803,26,5,1220,257842,0,10581,1,X,04,2026
1,3803,27,5,1220,949393,0,43200,1,X,04,2026
1,3803,28,5,1220,388367,0,17948,1,X,04,2026
1,3803,31,5,1220,187566,0,3963,1,X,04,2026
1,3803,32,5,1220,180671,0,2563,1,X,04,2026
1,3803,33,5,1220,67410,0,1032,1,X,04,2026
1,3803,34,5,1220,88377,0,2271,1,X,04,2026
1,3803,34,5,1220,26057,0,847,2,X,04,2026
1,3803,35,5,1220,727617,0,6214,1,X,04,2026
1,3803,36,5,1220,1626533,0,63834,1,X,04,2026
1,3803,36,5,1220,107496,0,8699,2,X,04,2026
1,3803,38,5,1220,963205,0,19548,1,X,04,2026
1,3803,38,5,1220,64189,0,635,2,X,04,2026
1,3803,38,6,1220,87168,0,1707,1,X,04,2026
1,3803,39,5,1220,3675358,0,74213,1,X,04,2026
1,3803,39,5,1220,157285,0,2997,2,X,04,2026
1,3803,40,5,1220,268863,0,5756,1,X,04,2026
1,3803,40,5,1220,138431,0,1883,2,X,04,2026
1,3803,40,6,1220,11212,0,218,1,X,04,2026
1,3803,44,5,1220,3369269,0,95041,1,X,04,2026
1,3803,44,5,1220,45418,0,747,2,X,04,2026
1,3803,44,6,1220,106286,0,1051,1,X,04,2026
1,3803,47,5,1220,274641,0,19318,1,X,04,2026
1,3803,48,5,1220,3062231,0,87163,1,X,04,2026
1,3803,48,5,1220,68097,0,3734,2,X,04,2026
1,3803,49,5,1220,2875656,0,26899,1,X,04,2026
1,3803,51,5,1220,4122,0,82,2,X,04,2026
1,3803,52,5,1220,3182,0,56,1,X,04,2026
1,3803,55,5,1220,20440,0,313,1,X,04,2026
1,3803,56,5,1220,130506,0,4765,1,X,04,2026
1,3803,59,5,1220,24900,0,1022,1,X,04,2026
1,3803,63,5,1220,6672,0,253,1,X,04,2026
1,3803,65,5,1220,2984,0,89,1,X,04,2026
1,3803,68,5,1220,1019919,0,76384,1,X,04,2026
1,3803,68,5,1220,31653,0,1454,2,X,04,2026
1,3803,69,5,1220,60912,0,1759,1,X,04,2026
1,3803,70,5,1220,41774,0,2345,1,X,04,2026
1,3803,70,5,1220,8003,0,66,2,X,04,2026
1,3803,70,6,1220,8127,0,158,1,X,04,2026
1,3803,70,8,1220,7416,0,176,1,X,04,2026
1,3803,72,5,1220,1331941,0,28105,1,X,04,2026
1,3803,72,5,1220,1180994,0,8633,2,X,04,2026
1,3803,72,6,1220,4220490,0,101994,1,X,04,2026
1,3803,73,5,1220,293372,0,5534,1,X,04,2026
1,3803,73,5,1220,141584,0,2075,2,X,04,2026
1,3803,73,8,1220,25771,0,1043,1,X,04,2026
1,3803,75,5,1220,214355,0,5879,2,X,04,2026
1,3803,76,5,1220,182796,0,3040,1,X,04,2026
1,3803,76,5,1220,60274,0,596,2,X,04,2026
1,3803,81,5,1220,293738,0,2908,2,X,04,2026
1,3803,82,5,1220,17528,0,255,2,X,04,2026
1,3803,83,5,1220,7677,0,207,1,X,04,2026
1,3803,83,5,1220,17431,0,151,2,X,04,2026
1,3803,84,5,1220,12782789,0,137549,1,X,04,2026
1,3803,84,5,1220,4609995,0,52790,2,X,04,2026
1,3803,84,8,1220,33907,0,935,1,X,04,2026
1,3803,84,8,1220,3789,0,67,2,X,04,2026
1,3803,85,5,1220,3028550,0,21883,1,X,04,2026
1,3803,85,5,1220,433414,0,3833,2,X,04,2026
1,3803,86,5,1220,42896,0,912,1,X,04,2026
1,3803,87,5,1220,8730443,0,98628,1,X,04,2026
1,3803,87,5,1220,1126227,0,10399,2,X,04,2026
1,3803,87,8,1220,136839,0,1940,1,X,04,2026
1,3803,88,5,1220,14813,0,516,1,X,04,2026
1,3803,88,5,1220,25541,0,213,2,X,04,2026
1,3803,89,5,1220,5173905,0,63270,1,X,04,2026
1,3803,89,8,1220,213452,0,4317,1,X,04,2026
1,3803,90,5,1220,310301,0,8409,1,X,04,2026
1,3803,90,5,1220,225475,0,1590,2,X,04,2026
1,3803,94,5,1220,190863,0,4325,1,X,04,2026
1,3803,94,5,1220,57742,0,811,2,X,04,2026
1,3803,95,5,1220,9594,0,351,2,X,04,2026
1,3803,98,5,1220,10108,0,1254,1,X,04,2026
1,3804,39,5,1220,4877,0,0,1,X,04,2026
1,3804,84,5,1220,29580,0,290,1,X,04,2026
1,3805,35,5,1220,28568,0,1419,1,X,04,2026
1,3805,48,5,1220,30884,0,2807,2,X,04,2026
1,3805,90,5,1220,5961,0,172,2,X,04,2026
1,3808,30,5,1220,420366,0,2324,2,X,04,2026
1,3808,40,5,1220,4888,0,130,1,X,04,2026
1,3808,84,5,1220,174674,0,3270,1,X,04,2026
1,3809,30,5,1220,149939,0,1537,1,X,04,2026
1,3809,30,5,1220,47850,0,490,2,X,04,2026
1,3809,38,5,1220,311857,0,3271,1,X,04,2026
1,3809,62,5,1220,39166,0,665,2,X,04,2026
1,3809,83,5,1220,2884,0,130,1,X,04,2026
1,3809,84,5,1220,34950,0,293,1,X,04,2026
1,3809,87,5,1220,148178,0,1182,1,X,04,2026
1,3809,87,5,1220,40899,0,326,2,X,04,2026
1,3814,39,5,1220,43067,0,618,1,X,04,2026
1,38XX,05,3,1220,115130,258,61,1,X,04,2026
1,38XX,06,3,1220,13726,6442,525,1,X,04,2026
1,38XX,07,3,1220,5867,918,969,1,X,04,2026
1,38XX,11,3,1220,75496,6131,0,1,X,04,2026
1,38XX,12,3,1220,21005,870,169,1,X,04,2026
1,38XX,12,3,1220,81769,2504,1787,2,X,04,2026
1,38XX,13,3,1220,36262,135,709,2,X,04,2026
1,38XX,15,3,1220,3462,120,67,2,X,04,2026
1,38XX,16,3,1220,96460,13888,951,1,X,04,2026
1,38XX,17,3,1220,40580,16380,5,1,X,04,2026
1,38XX,19,3,1220,173170,9321,1592,1,X,04,2026
1,38XX,21,1,1220,47869,32413,3208,2,X,04,2026
1,38XX,21,3,1220,158733,13177,2380,1,X,04,2026
1,38XX,22,3,1220,2669,783,175,1,X,04,2026
1,38XX,23,3,1220,133378,19475,72,1,X,04,2026
1,38XX,25,1,1220,525212,12420980,1817,1,X,04,2026
1,38XX,25,1,1220,117512,188550,4127,2,X,04,2026
1,38XX,25,3,1220,12561,38907,531,1,X,04,2026
1,38XX,26,1,1220,853766,5478000,3271,1,X,04,2026
1,38XX,27,1,1220,9048247,11405040,0,1,X,04,2026
1,38XX,27,3,1220,464965,119728,10586,1,X,04,2026
1,38XX,28,3,1220,92672,11175,1177,1,X,04,2026
1,38XX,28,3,1220,2641,9,130,2,X,04,2026
1,38XX,29,1,1220,99962,25000,988,2,X,04,2026
1,38XX,29,3,1220,123731,44293,4397,1,X,04,2026
1,38XX,29,3,1220,168024,5192,1963,2,X,04,2026
1,38XX,30,3,1220,148705,210,5192,1,X,04,2026
1,38XX,30,3,1220,1117595,5011,1487,2,X,04,2026
1,38XX,32,3,1220,214979,17930,4781,1,X,04,2026
1,38XX,32,3,1220,6889,47,411,2,X,04,2026
1,38XX,33,3,1220,79495,976,1722,1,X,04,2026
1,38XX,33,3,1220,3366,10,66,2,X,04,2026
1,38XX,34,3,1220,14372,3090,488,1,X,04,2026
1,38XX,34,3,1220,21802,905,443,2,X,04,2026
1,38XX,35,3,1220,53613,4319,4177,1,X,04,2026
1,38XX,37,3,1220,9603,31,221,1,X,04,2026
1,38XX,38,1,1220,31600,19237,3271,1,X,04,2026
1,38XX,38,3,1220,846900,46696,7033,1,X,04,2026
1,38XX,38,3,1220,8064,6,150,2,X,04,2026
1,38XX,39,1,1220,5686,451,72,2,X,04,2026
1,38XX,39,3,1220,1260759,90748,49033,1,X,04,2026
1,38XX,39,3,1220,175362,1894,7039,2,X,04,2026
1,38XX,40,1,1220,103229,17526,1312,2,X,04,2026
1,38XX,40,3,1220,515760,4190,10818,1,X,04,2026
1,38XX,40,3,1220,117873,22109,4213,2,X,04,2026
1,38XX,41,3,1220,224675,3355,2880,2,X,04,2026
1,38XX,42,3,1220,13051,312,458,1,X,04,2026
1,38XX,42,3,1220,51592,916,1088,2,X,04,2026
1,38XX,44,3,1220,69815,48162,0,1,X,04,2026
1,38XX,44,3,1220,3777,168,165,2,X,04,2026
1,38XX,48,3,1220,244246,120385,3340,1,X,04,2026
1,38XX,48,3,1220,11452,571,594,2,X,04,2026
1,38XX,49,3,1220,177678,7886,3472,1,X,04,2026
1,38XX,49,3,1220,18988,600,421,2,X,04,2026
1,38XX,54,3,1220,8256,773,329,2,X,04,2026
1,38XX,56,3,1220,9049,99,908,1,X,04,2026
1,38XX,57,3,1220,27481,2560,767,1,X,04,2026
1,38XX,58,3,1220,7425,29,145,1,X,04,2026
1,38XX,58,3,1220,49853,1172,1705,2,X,04,2026
1,38XX,59,3,1220,80915,15276,2869,1,X,04,2026
1,38XX,59,3,1220,17545,159,434,2,X,04,2026
1,38XX,61,3,1220,28622,758,886,1,X,04,2026
1,38XX,61,3,1220,38187,513,1503,2,X,04,2026
1,38XX,62,3,1220,17978,107,326,1,X,04,2026
1,38XX,62,3,1220,22750,169,669,2,X,04,2026
1,38XX,63,3,1220,27720,18558,654,1,X,04,2026
1,38XX,63,3,1220,11955,485,230,2,X,04,2026
1,38XX,65,3,1220,63041,1417,1876,1,X,04,2026
1,38XX,65,3,1220,34555,220,838,2,X,04,2026
1,38XX,68,1,1220,206149,1430180,12185,2,X,04,2026
1,38XX,68,3,1220,220778,1341,16618,1,X,04,2026
1,38XX,68,3,1220,44687,130,663,2,X,04,2026
1,38XX,69,1,1220,10139,26440,1269,2,X,04,2026
1,38XX,69,3,1220,24542,2350,239,1,X,04,2026
1,38XX,69,3,1220,6254,235,114,2,X,04,2026
1,38XX,70,3,1220,110001,45775,2245,1,X,04,2026
1,38XX,70,3,1220,16355,715,401,2,X,04,2026
1,38XX,71,3,1220,162534530,24785,8081,1,X,04,2026
1,38XX,71,3,1220,216600,25,1692,2,X,04,2026
1,38XX,72,1,1220,1855977,5530000,43621,1,X,04,2026
1,38XX,72,3,1220,113748,36772,1674,1,X,04,2026
1,38XX,73,1,1220,151968,8820,2966,2,X,04,2026
1,38XX,73,3,1220,810697,26763,18297,1,X,04,2026
1,38XX,73,3,1220,127090,5188,3452,2,X,04,2026
1,38XX,74,3,1220,44922,775,1171,1,X,04,2026
1,38XX,74,3,1220,2745,27,254,2,X,04,2026
1,38XX,75,3,1220,2674107,7033,3128,1,X,04,2026
1,38XX,75,3,1220,4328,4,71,2,X,04,2026
1,38XX,76,3,1220,283348,5770,4959,1,X,04,2026
1,38XX,76,3,1220,13399,108,355,2,X,04,2026
1,38XX,81,3,1220,237141,572,1928,1,X,04,2026
1,38XX,81,3,1220,14380,9,120,2,X,04,2026
1,38XX,82,3,1220,166111,1519,3251,1,X,04,2026
1,38XX,82,3,1220,390245,3408,6104,2,X,04,2026
1,38XX,83,3,1220,309014,4663,2722,1,X,04,2026
1,38XX,83,3,1220,106628,1582,2158,2,X,04,2026
1,38XX,84,1,1220,86787,15450,6516,1,X,04,2026
1,38XX,84,1,1220,181869,6298,6119,2,X,04,2026
1,38XX,84,3,1220,11953918,137429,129238,1,X,04,2026
1,38XX,84,3,1220,8783527,36392,91673,2,X,04,2026
1,38XX,84,3,2010,24200,140,0,1,0,04,2026
1,38XX,85,1,1220,41608,946,40,2,X,04,2026
1,38XX,85,3,1220,10702836,49135,110624,1,X,04,2026
1,38XX,85,3,1220,7557886,26757,102007,2,X,04,2026
1,38XX,85,3,2010,22864,48,0,1,0,04,2026
1,38XX,86,3,1220,38474,221,313,1,X,04,2026
1,38XX,87,1,1220,51235,14526,0,1,X,04,2026
1,38XX,87,3,1220,523975,42004,11245,1,X,04,2026
1,38XX,87,3,1220,350986,16401,8175,2,X,04,2026
1,38XX,87,3,2010,23758,3342,0,1,0,04,2026
1,38XX,88,3,1220,13418023,68653,66241,1,X,04,2026
1,38XX,88,3,1220,5808788,13626,11495,2,X,04,2026
1,38XX,88,3,2010,20345,40,0,1,0,04,2026
1,38XX,90,3,1220,5457616,23041,77525,1,X,04,2026
1,38XX,90,3,1220,3239371,20461,31552,2,X,04,2026
1,38XX,90,3,2010,848872,264,0,1,0,04,2026
1,38XX,90,8,2010,6097,0,0,1,X,04,2026
1,38XX,91,3,1220,11503,17,484,2,X,04,2026
1,38XX,93,3,1220,44818,1,130,1,X,04,2026
1,38XX,94,3,1220,213630,7598,5440,1,X,04,2026
1,38XX,94,3,1220,162786,3228,5872,2,X,04,2026
1,38XX,95,1,1220,18988,3484,695,2,X,04,2026
1,38XX,95,3,1220,91814,1184,1741,1,X,04,2026
1,38XX,95,3,1220,135366,2044,2132,2,X,04,2026
1,38XX,96,3,1220,18880,192,788,1,X,04,2026
1,38XX,96,3,1220,10972,858,764,2,X,04,2026
1,38XX,97,3,1220,38489,61,454,1,X,04,2026
1,38XX,98,3,1220,5116,1,130,2,X,04,2026
1,3901,05,3,2010,315196,15,0,1,0,04,2026
1,3901,05,3,2010,49049,6,0,2,0,04,2026
1,3901,12,3,2010,16733,2,0,1,0,04,2026
1,3901,12,3,2010,10777,2,0,2,0,04,2026
1,3901,20,3,2010,2731,714,0,2,0,04,2026
1,3901,29,3,2010,48340,5,0,1,0,04,2026
1,3901,30,3,2010,4329854,8961,0,1,0,04,2026
1,3901,30,3,2010,814658,1320,0,2,0,04,2026
1,3901,32,3,2010,2700,184,0,1,0,04,2026
1,3901,32,3,2010,6617,134,0,1,1,04,2026
1,3901,32,3,2010,4620,180,0,2,0,04,2026
1,3901,34,3,2010,65656,251,0,1,0,04,2026
1,3901,35,3,2010,7867,335,0,1,0,04,2026
1,3901,38,3,2010,586783,4113,0,1,0,04,2026
1,3901,38,3,2010,67335,257,0,2,0,04,2026
1,3901,39,3,2010,63971,1015,0,1,0,04,2026
1,3901,39,3,2010,2615,85,0,2,0,04,2026
1,3901,40,3,2010,12895,10,0,1,0,04,2026
1,3901,40,3,2010,18815,89,0,2,0,04,2026
1,3901,49,3,2010,4882,18,0,1,0,04,2026
1,3901,68,3,2010,109098,63,0,1,0,04,2026
1,3901,69,3,2010,132715,358,0,1,0,04,2026
1,3901,71,3,2010,56641,13,0,1,0,04,2026
1,3901,71,3,2010,6883,132,0,2,0,04,2026
1,3901,73,3,2010,28906,421,0,1,0,04,2026
1,3901,73,3,2010,27291,56,0,2,0,04,2026
1,3901,75,3,2010,2999,3,0,2,0,04,2026
1,3901,76,3,2010,7813,309,0,1,0,04,2026
1,3901,82,3,2010,33965,19,0,1,0,04,2026
1,3901,82,3,2010,8353,54,0,2,0,04,2026
1,3901,83,3,2010,55863,16,0,2,0,04,2026
1,3901,84,3,2010,2157534,5743,0,1,0,04,2026
1,3901,84,3,2010,4545,5,0,1,1,04,2026
1,3901,84,3,2010,601155,4972,0,2,0,04,2026
1,3901,85,3,2010,565406,9743,0,1,0,04,2026
1,3901,85,3,2010,456590,2114,0,2,0,04,2026
1,3901,87,3,2010,15106,324,0,1,0,04,2026
1,3901,88,3,2010,335665,415,0,1,0,04,2026
1,3901,88,3,2010,43180,10,0,2,0,04,2026
1,3901,90,3,2010,537008,1811,0,1,0,04,2026
1,3901,90,3,2010,550430,2691,0,2,0,04,2026
1,3901,94,3,2010,3624,166,0,2,0,04,2026
1,39XX,26,1,1220,1572915,3166900,0,1,X,04,2026
1,39XX,28,3,1220,14534,16,439,1,X,04,2026
1,39XX,29,3,1220,359018,114,2955,1,X,04,2026
1,39XX,30,3,1220,560072,8472,11158,1,X,04,2026
1,39XX,30,3,1220,3975,2,78,2,X,04,2026
1,39XX,38,3,1220,41300,9,823,1,X,04,2026
1,39XX,38,3,1220,11533,36,78,2,X,04,2026
1,39XX,39,3,1220,7838,201,152,1,X,04,2026
1,39XX,39,3,1220,31282,584,387,2,X,04,2026
1,39XX,73,3,1220,19890,186,72,1,X,04,2026
1,39XX,76,3,1220,12282,396,78,2,X,04,2026
1,39XX,84,3,1220,41620,345,1158,1,X,04,2026
1,39XX,84,3,1220,13988,364,272,2,X,04,2026
1,39XX,84,3,2010,16625,16,0,1,0,04,2026
1,39XX,84,3,2010,19460,17,0,2,0,04,2026
1,39XX,85,3,1220,12660,23,233,1,X,04,2026
1,39XX,85,3,1220,365570,2799,2435,2,X,04,2026
1,39XX,85,3,2010,13983,33,0,2,0,04,2026
1,39XX,87,3,1220,9418,125,74,2,X,04,2026
1,39XX,88,3,1220,29997,36,390,1,X,04,2026
1,39XX,90,3,1220,64515,61,936,2,X,04,2026
1,39XX,94,3,1220,56409,6728,656,2,X,04,2026
1,4101,01,3,1220,87645,2799,1675,1,X,04,2026
1,4101,05,3,1220,24381,1111,486,1,X,04,2026
1,4101,06,3,1220,36229,388,1458,1,X,04,2026
1,4101,06,3,1220,25913,145,288,2,X,04,2026
1,4101,07,3,1220,40954,1977,4334,1,X,04,2026
1,4101,07,3,1220,2754,24,106,2,X,04,2026
1,4101,12,3,1220,367927,11789,14570,1,X,04,2026
1,4101,12,3,1220,1002563,34371,11499,2,X,04,2026
1,4101,13,3,1220,16382,389,417,1,X,04,2026
1,4101,13,3,1220,9375,109,202,2,X,04,2026
1,4101,14,3,1220,2551,254,169,1,X,04,2026
1,4101,15,3,1220,8278,12008,143,1,X,04,2026
1,4101,15,3,1220,3014,25,99,2,X,04,2026
1,4101,18,3,1220,6225,165,490,1,X,04,2026
1,4101,20,3,1220,3039,1470,3,1,X,04,2026
1,4101,21,3,1220,52465,2754,1668,1,X,04,2026
1,4101,21,3,1220,23547,169,461,2,X,04,2026
1,4101,23,3,1220,5612,40,111,1,X,04,2026
1,4101,23,3,1220,60610,181,339,2,X,04,2026
1,4101,25,1,1220,2900232,63000233,28713,1,X,04,2026
1,4101,27,3,1220,8436,5349,183,1,X,04,2026
1,4101,27,3,1220,14832,2426,29,2,X,04,2026
1,4101,28,3,1220,693990,71814,8760,1,X,04,2026
1,4101,28,3,1220,22840,9024,1004,2,X,04,2026
1,4101,29,3,1220,597069,28780,6776,1,X,04,2026
1,4101,29,3,1220,365775,18943,5059,2,X,04,2026
1,4101,30,3,1220,9402954,19891,189392,1,X,04,2026
1,4101,30,3,1220,7008361,9703,52360,2,X,04,2026
1,4101,31,3,1220,2894,13,36,1,X,04,2026
1,4101,32,3,1220,274180,18683,9957,1,X,04,2026
1,4101,32,3,1220,23288,119,691,2,X,04,2026
1,4101,33,3,1220,502503,14030,18117,1,X,04,2026
1,4101,33,3,1220,50511,548,840,2,X,04,2026
1,4101,34,3,1220,119566,2489,4029,1,X,04,2026
1,4101,34,3,1220,31680,2266,928,2,X,04,2026
1,4101,35,3,1220,668734,6074,8981,1,X,04,2026
1,4101,35,3,1220,84060,353,486,2,X,04,2026
1,4101,36,3,1220,8598,4,168,1,X,04,2026
1,4101,37,3,1220,66208,1104,554,1,X,04,2026
1,4101,37,3,1220,3037,10,73,2,X,04,2026
1,4101,38,3,1220,8574728,56473,87208,1,X,04,2026
1,4101,38,3,1220,4128474,12690,77654,2,X,04,2026
1,4101,39,3,1220,4305484,69465,82235,1,X,04,2026
1,4101,39,3,1220,1014474,25517,24236,2,X,04,2026
1,4101,40,3,1220,1706482,18208,33703,1,X,04,2026
1,4101,40,3,1220,1683365,14052,32357,2,X,04,2026
1,4101,41,3,1220,30891,1097,396,1,X,04,2026
1,4101,41,3,1220,38219,540,1248,2,X,04,2026
1,4101,42,3,1220,185819,3071,3891,1,X,04,2026
1,4101,42,3,1220,324042,12720,7142,2,X,04,2026
1,4101,43,3,1220,2962,51,23,1,X,04,2026
1,4101,43,3,1220,3897,553,47,2,X,04,2026
1,4101,44,3,1220,16305,4096,318,1,X,04,2026
1,4101,44,3,1220,4819,27,438,2,X,04,2026
1,4101,45,3,1220,2534,27,42,1,X,04,2026
1,4101,48,3,1220,185500,16199,5301,1,X,04,2026
1,4101,48,3,1220,79034,13981,3027,2,X,04,2026
1,4101,49,3,1220,2685044,30324,22218,1,X,04,2026
1,4101,49,3,1220,119551,2078,1557,2,X,04,2026
1,4101,51,3,1220,3073,202,36,1,X,04,2026
1,4101,51,3,1220,9883,1401,145,2,X,04,2026
1,4101,52,3,1220,24207,2195,596,2,X,04,2026
1,4101,54,3,1220,15948,296,204,1,X,04,2026
1,4101,54,3,1220,80424,2666,3677,2,X,04,2026
1,4101,55,3,1220,49361,660,359,1,X,04,2026
1,4101,55,3,1220,7828,753,213,2,X,04,2026
1,4101,56,3,1220,9780,194,579,1,X,04,2026
1,4101,56,3,1220,10878,340,602,2,X,04,2026
1,4101,57,3,1220,22671,1158,444,1,X,04,2026
1,4101,57,3,1220,2637,276,51,2,X,04,2026
1,4101,58,3,1220,20942,379,516,1,X,04,2026
1,4101,58,3,1220,389971,7050,2460,2,X,04,2026
1,4101,59,3,1220,179632,6596,6188,1,X,04,2026
1,4101,59,3,1220,93798,2449,5112,2,X,04,2026
1,4101,61,3,1220,180841,2975,3193,1,X,04,2026
1,4101,61,3,1220,442528,6773,19316,2,X,04,2026
1,4101,62,3,1220,195644,1005,3248,1,X,04,2026
1,4101,62,3,1220,318457,5698,7143,2,X,04,2026
1,4101,62,5,1220,7646,0,52,1,X,04,2026
1,4101,63,3,1220,87955,3593,5015,1,X,04,2026
1,4101,63,3,1220,134001,5798,9538,2,X,04,2026
1,4101,64,3,1220,3001,201,58,1,X,04,2026
1,4101,64,3,1220,86977,2336,2660,2,X,04,2026
1,4101,65,3,1220,195780,6898,7205,1,X,04,2026
1,4101,65,3,1220,204392,3387,5405,2,X,04,2026
1,4101,66,3,1220,4832,176,363,2,X,04,2026
1,4101,67,3,1220,9642,23,177,2,X,04,2026
1,4101,68,3,1220,337806,2792,6436,1,X,04,2026
1,4101,68,3,1220,120021,3116,1157,2,X,04,2026
1,4101,69,3,1220,97483,2275,1758,1,X,04,2026
1,4101,69,3,1220,15229,982,329,2,X,04,2026
1,4101,70,3,1220,523588,8604,5149,1,X,04,2026
1,4101,70,3,1220,222773,3790,3198,2,X,04,2026
1,4101,71,3,1220,24165851,1847,130958,1,X,04,2026
1,4101,71,3,1220,7173337,1091,55575,2,X,04,2026
1,4101,72,3,1220,56628,534,2094,1,X,04,2026
1,4101,72,3,1220,6348,52,454,2,X,04,2026
1,4101,73,3,1220,5641503,243311,83638,1,X,04,2026
1,4101,73,3,1220,1512194,67176,24393,2,X,04,2026
1,4101,74,3,1220,396440,6881,6388,1,X,04,2026
1,4101,74,3,1220,86633,2451,1613,2,X,04,2026
1,4101,75,3,1220,950109,1005,7087,1,X,04,2026
1,4101,75,3,1220,339425,461,4844,2,X,04,2026
1,4101,76,3,1220,1132578,23864,18193,1,X,04,2026
1,4101,76,3,1220,240679,4483,4995,2,X,04,2026
1,4101,79,3,1220,4718,268,86,1,X,04,2026
1,4101,80,3,1220,2785,112,54,2,X,04,2026
1,4101,81,3,1220,849330,1879,8154,1,X,04,2026
1,4101,81,3,1220,463691,1023,4742,2,X,04,2026
1,4101,82,3,1220,3011692,12179,52000,1,X,04,2026
1,4101,82,3,1220,1874756,9622,27870,2,X,04,2026
1,4101,83,3,1220,1966128,29938,29489,1,X,04,2026
1,4101,83,3,1220,564043,10392,13614,2,X,04,2026
1,4101,84,3,1220,41107495,288475,473283,1,X,04,2026
1,4101,84,3,1220,28945294,331977,459439,2,X,04,2026
1,4101,85,3,1220,46318669,142711,438598,1,X,04,2026
1,4101,85,3,1220,42518220,146922,527175,2,X,04,2026
1,4101,86,3,1220,23354,513,544,1,X,04,2026
1,4101,86,3,1220,84566,18098,183,2,X,04,2026
1,4101,87,3,1220,620117,5953,13983,1,X,04,2026
1,4101,87,3,1220,171170,2017,3851,2,X,04,2026
1,4101,88,3,1220,44324411,93136,254278,1,X,04,2026
1,4101,88,3,1220,12873189,4249,76242,2,X,04,2026
1,4101,89,3,1220,60668,236,694,1,X,04,2026
1,4101,90,3,1220,39207039,65927,452079,1,X,04,2026
1,4101,90,3,1220,17705549,76875,257356,2,X,04,2026
1,4101,91,3,1220,53672,27,478,1,X,04,2026
1,4101,91,3,1220,1763435,566,8292,2,X,04,2026
1,4101,92,3,1220,193226,1382,3025,1,X,04,2026
1,4101,92,3,1220,28729,54,637,2,X,04,2026
1,4101,93,3,1220,112821,440,1750,1,X,04,2026
1,4101,93,3,1220,9735,258,35,2,X,04,2026
1,4101,94,3,1220,987231,28676,15740,1,X,04,2026
1,4101,94,3,1220,312309,7018,5873,2,X,04,2026
1,4101,95,3,1220,316123,3004,8648,1,X,04,2026
1,4101,95,3,1220,514409,29405,13240,2,X,04,2026
1,4101,96,3,1220,95023,798,3554,1,X,04,2026
1,4101,96,3,1220,33090,298,637,2,X,04,2026
1,4101,97,3,1220,1829294,4873,7021,1,X,04,2026
1,4101,97,3,1220,121648,188,1055,2,X,04,2026
1,4101,98,3,1220,12710,118,72,1,X,04,2026
1,4101,98,3,1220,127404,20218,827,2,X,04,2026
1,4101,98,8,1220,3742918,0,8775,1,X,04,2026
1,4102,15,3,1220,22852,459,447,2,X,04,2026
1,4102,23,3,1220,2655,50,72,1,X,04,2026
1,4102,29,3,1220,7273,21,141,1,X,04,2026
1,4102,29,3,1220,34395,31,649,2,X,04,2026
1,4102,30,3,1220,199901,3221,2643,1,X,04,2026
1,4102,30,5,1220,48837,0,483,1,X,04,2026
1,4102,32,3,1220,13698,71,268,1,X,04,2026
1,4102,32,3,1220,4836,11,94,2,X,04,2026
1,4102,33,3,1220,18414,833,421,1,X,04,2026
1,4102,38,3,1220,167918,111,3962,1,X,04,2026
1,4102,38,5,1220,12779,0,250,1,X,04,2026
1,4102,39,3,1220,47923,516,888,1,X,04,2026
1,4102,39,3,1220,66401,177,1293,2,X,04,2026
1,4102,39,5,1220,20469,0,400,1,X,04,2026
1,4102,40,3,1220,116651,3029,2175,1,X,04,2026
1,4102,40,3,1220,14111,79,345,2,X,04,2026
1,4102,40,5,1220,18414,0,359,1,X,04,2026
1,4102,49,3,1220,72661,447,1294,1,X,04,2026
1,4102,54,3,1220,2560,65,45,1,X,04,2026
1,4102,61,3,1220,2697,147,218,1,X,04,2026
1,4102,62,3,1220,15065,749,148,1,X,04,2026
1,4102,62,3,1220,5860,17,72,2,X,04,2026
1,4102,63,3,1220,13879,106,327,1,X,04,2026
1,4102,64,3,1220,3123,236,72,1,X,04,2026
1,4102,67,3,1220,236054,1744,4352,2,X,04,2026
1,4102,68,3,1220,3363,36,66,2,X,04,2026
1,4102,69,3,1220,6121,45,3,1,X,04,2026
1,4102,69,3,1220,5882,221,115,2,X,04,2026
1,4102,70,3,1220,14586,503,285,1,X,04,2026
1,4102,71,3,1220,34718,13,680,1,X,04,2026
1,4102,71,3,1220,44131,14,267,2,X,04,2026
1,4102,72,3,1220,37232,3019,0,1,X,04,2026
1,4102,72,3,1220,2569,1528,50,2,X,04,2026
1,4102,73,3,1220,245082,21670,4961,1,X,04,2026
1,4102,73,3,1220,75027,1149,1445,2,X,04,2026
1,4102,73,5,1220,9945,0,194,1,X,04,2026
1,4102,74,3,1220,3457,30,49,1,X,04,2026
1,4102,75,3,1220,181830,137,2153,1,X,04,2026
1,4102,76,3,1220,133187,1284,2285,1,X,04,2026
1,4102,76,3,1220,35076,1042,485,2,X,04,2026
1,4102,81,3,1220,63874,51,1260,1,X,04,2026
1,4102,81,3,1220,4285,5,114,2,X,04,2026
1,4102,82,3,1220,254499,569,244,1,X,04,2026
1,4102,82,3,1220,573760,3955,1116,2,X,04,2026
1,4102,82,5,1220,3478,0,68,1,X,04,2026
1,4102,83,3,1220,23026,244,363,1,X,04,2026
1,4102,83,5,1220,2763,0,54,2,X,04,2026
1,4102,84,3,1220,2095580,32134,31558,1,X,04,2026
1,4102,84,3,1220,1562793,6919,20147,2,X,04,2026
1,4102,84,5,1220,121261,0,1951,1,X,04,2026
1,4102,84,5,1220,57241,0,1060,2,X,04,2026
1,4102,85,3,1220,2510232,5799,35917,1,X,04,2026
1,4102,85,3,1220,3156330,12243,63913,2,X,04,2026
1,4102,85,5,1220,72116,0,1033,2,X,04,2026
1,4102,87,3,1220,23998,475,290,1,X,04,2026
1,4102,87,3,1220,2674,17,118,2,X,04,2026
1,4102,88,3,1220,1095908,1413,13527,1,X,04,2026
1,4102,88,3,1220,60838,103,890,2,X,04,2026
1,4102,88,5,1220,3109,0,72,1,X,04,2026
1,4102,89,3,1220,4464,25,77,1,X,04,2026
1,4102,90,3,1220,1677828,1677,30337,1,X,04,2026
1,4102,90,3,1220,342576,811,5494,2,X,04,2026
1,4102,90,5,1220,25774,0,1211,1,X,04,2026
1,4102,91,3,1220,8366,14,164,1,X,04,2026
1,4102,91,3,1220,13430,12,262,2,X,04,2026
1,4102,94,3,1220,141296,4236,2889,1,X,04,2026
1,4102,94,3,1220,46307,1948,984,2,X,04,2026
1,4102,95,3,1220,6820,231,324,1,X,04,2026
1,4102,95,3,1220,62928,2131,240,2,X,04,2026
1,4102,95,5,1220,228546,0,3377,1,X,04,2026
1,4102,96,3,1220,13853,45,1259,2,X,04,2026
1,4102,97,3,1220,345883,172,3712,1,X,04,2026
1,4102,98,8,1220,136758,0,680,1,X,04,2026
1,4103,84,3,1220,26582,825,792,1,X,04,2026
1,4103,84,3,1220,2519,3,0,2,X,04,2026
1,4103,85,3,1220,65312,96,475,1,X,04,2026
1,4103,85,3,1220,376052,460,2483,2,X,04,2026
1,4103,90,3,1220,4786,2,122,2,X,04,2026
1,4104,39,3,1220,3011,680,58,1,X,04,2026
1,4104,84,3,1220,14913,345,292,1,X,04,2026
1,4104,85,3,1220,5843,1,127,1,X,04,2026
1,4104,87,3,1220,3238,39,54,1,X,04,2026
1,4104,87,3,1220,3587,159,60,2,X,04,2026
1,4105,12,5,1220,5437171,0,0,1,X,04,2026
1,4105,27,1,1220,2996676,10430000,29669,1,X,04,2026
1,4105,28,6,1220,33667,0,72,1,X,04,2026
1,4105,29,1,1220,54328,42354,3270,1,X,04,2026
1,4105,29,1,1220,87535,62653,0,2,X,04,2026
1,4105,30,1,1220,2696297,83704,85591,1,X,04,2026
1,4105,30,1,1220,86779,140,2828,2,X,04,2026
1,4105,38,1,1220,92223,21435,1635,1,X,04,2026
1,4105,38,1,1220,937265,206965,24530,2,X,04,2026
1,4105,39,5,1220,4087,0,79,1,X,04,2026
1,4105,40,1,1220,204793,14821,2603,2,X,04,2026
1,4105,71,1,1220,18118,4,62,2,X,04,2026
1,4105,79,1,1220,2957,190,189,2,X,04,2026
1,4105,84,1,1220,93222,45,72,1,X,04,2026
1,4105,84,1,1220,172323,29663,3618,2,X,04,2026
1,4105,84,5,1220,19009,0,109,1,X,04,2026
1,4105,85,1,1220,33553,2453,1118,2,X,04,2026
1,4105,87,1,1220,243126,5000,4086,2,X,04,2026
1,4110,28,3,1220,52839,52,1033,1,X,04,2026
1,4110,39,3,1220,6628,83,187,1,X,04,2026
1,4110,73,3,1220,170614,3977,2367,1,X,04,2026
1,4110,73,3,1220,3347,828,58,2,X,04,2026
1,4110,76,3,1220,44180,215,437,1,X,04,2026
1,4110,81,3,1220,64247,83,1065,1,X,04,2026
1,4110,81,3,1220,47510,53,774,2,X,04,2026
1,4110,83,3,1220,19002,1106,601,2,X,04,2026
1,4110,84,3,1220,27886,103,480,1,X,04,2026
1,4110,84,3,1220,50273,468,690,2,X,04,2026
1,4110,84,5,1220,15282,0,1637,1,X,04,2026
1,4110,84,5,1220,21711,0,2292,2,X,04,2026
1,4110,85,3,1220,30657,130,578,1,X,04,2026
1,4110,85,3,1220,40917,671,389,2,X,04,2026
1,4110,85,5,1220,63760,0,5013,1,X,04,2026
1,4110,85,5,1220,64199,0,5581,2,X,04,2026
1,4110,88,3,1220,58188,210,891,1,X,04,2026
1,4110,90,3,1220,57059,25,70,1,X,04,2026
1,4110,90,3,1220,3768,3,21,2,X,04,2026
1,4110,90,5,1220,9901,0,873,1,X,04,2026
1,4110,90,5,1220,7995,0,705,2,X,04,2026
1,4110,95,5,1220,16619,0,608,1,X,04,2026
1,4115,01,3,1220,5298,218,72,1,X,04,2026
1,4115,28,5,1220,5322,0,104,1,X,04,2026
1,4115,29,3,1220,155903,100,1543,2,X,04,2026
1,4115,30,3,1220,6082,24,119,2,X,04,2026
1,4115,35,3,1220,5317,94,512,1,X,04,2026
1,4115,40,3,1220,3858,11,49,2,X,04,2026
1,4115,62,3,1220,3053,24,145,1,X,04,2026
1,4115,71,3,1220,4863192,89,43226,1,X,04,2026
1,4115,71,3,1220,249285,24,1956,2,X,04,2026
1,4115,73,3,1220,45198,1449,36,2,X,04,2026
1,4115,76,3,1220,2771,23,25,2,X,04,2026
1,4115,83,3,1220,3361,130,0,2,X,04,2026
1,4115,84,1,1220,16420,699,322,2,X,04,2026
1,4115,84,3,1220,160790,516,3410,1,X,04,2026
1,4115,84,3,1220,1098401,3948,9054,2,X,04,2026
1,4115,84,5,1220,5626,0,163,2,X,04,2026
1,4115,85,3,1220,97900,323,2060,1,X,04,2026
1,4115,85,3,1220,797625,5905,8918,2,X,04,2026
1,4115,85,5,1220,25947,0,506,1,X,04,2026
1,4115,88,3,1220,1252137,201,122,1,X,04,2026
1,4115,88,3,1220,12182550,1346,437,2,X,04,2026
1,4115,90,3,1220,96245,188,1624,1,X,04,2026
1,4115,90,3,1220,10438,26,422,2,X,04,2026
1,41XX,12,3,2010,747336,23926,0,2,0,04,2026
1,41XX,21,3,2010,13687,302,0,1,0,04,2026
1,41XX,25,3,2010,2970,1323,0,1,0,04,2026
1,41XX,27,3,2010,7499,122,0,1,0,04,2026
1,41XX,28,3,2010,4842,17,0,2,0,04,2026
1,41XX,28,5,1220,3459,0,21,1,X,04,2026
1,41XX,29,3,2010,5416,51,0,1,0,04,2026
1,41XX,30,3,2010,545340,1040,0,1,0,04,2026
1,41XX,30,3,2010,136046,157,0,2,0,04,2026
1,41XX,32,3,2010,112040,1725,0,1,0,04,2026
1,41XX,32,3,2010,3474,4,0,2,0,04,2026
1,41XX,33,3,2010,12029,305,0,1,0,04,2026
1,41XX,34,3,2010,48373,14146,0,1,0,04,2026
1,41XX,34,3,2010,2950,10,0,2,0,04,2026
1,41XX,35,3,2010,10344,51,0,1,0,04,2026
1,41XX,37,3,2010,8559,188,0,1,0,04,2026
1,41XX,38,3,2010,2059074,19085,0,1,0,04,2026
1,41XX,38,3,2010,269753,6321,0,2,0,04,2026
1,41XX,39,3,2010,2292137,25338,0,1,0,04,2026
1,41XX,39,3,2010,10887,148,0,1,1,04,2026
1,41XX,39,3,2010,533691,44445,0,2,0,04,2026
1,41XX,40,3,2010,335127,5351,0,1,0,04,2026
1,41XX,40,3,2010,228140,5879,0,2,0,04,2026
1,41XX,42,3,2010,33148,92,0,1,0,04,2026
1,41XX,42,3,2010,32687,1220,0,2,0,04,2026
1,41XX,43,3,2010,3220,8,0,2,0,04,2026
1,41XX,48,3,2010,437548,27798,0,1,0,04,2026
1,41XX,48,3,2010,53595,2534,0,2,0,04,2026
1,41XX,49,3,2010,328625,29849,0,1,0,04,2026
1,41XX,49,3,2010,21321,56,0,2,0,04,2026
1,41XX,54,3,2010,19490,216,0,2,0,04,2026
1,41XX,57,3,2010,7737,52,0,2,0,04,2026
1,41XX,58,3,2010,14371,57,0,1,0,04,2026
1,41XX,58,3,2010,8965,31,0,2,0,04,2026
1,41XX,59,3,2010,81522,74,0,1,0,04,2026
1,41XX,59,3,2010,106565,1173,0,2,0,04,2026
1,41XX,61,3,2010,55173,1337,0,1,0,04,2026
1,41XX,61,3,2010,5037,616,0,2,0,04,2026
1,41XX,62,3,2010,11349,253,0,1,0,04,2026
1,41XX,62,3,2010,113022,3016,0,2,0,04,2026
1,41XX,63,3,2010,19494,2156,0,2,0,04,2026
1,41XX,64,3,2010,3377,33,0,2,0,04,2026
1,41XX,65,3,2010,46886,221,0,1,0,04,2026
1,41XX,65,3,2010,22930,91,0,2,0,04,2026
1,41XX,67,3,2010,3780,67,0,1,0,04,2026
1,41XX,68,3,2010,185563,281,0,1,0,04,2026
1,41XX,68,3,2010,8071,39,0,1,1,04,2026
1,41XX,68,3,2010,120932,221,0,2,0,04,2026
1,41XX,69,3,2010,63741,50,0,1,0,04,2026
1,41XX,69,3,2010,31803,12,0,2,0,04,2026
1,41XX,70,3,2010,128773,1729,0,1,0,04,2026
1,41XX,70,3,2010,9443,17,0,2,0,04,2026
1,41XX,71,3,2010,2737694,677,0,1,0,04,2026
1,41XX,71,3,2010,1899262,251,0,2,0,04,2026
1,41XX,72,3,2010,9429,248,0,1,0,04,2026
1,41XX,73,3,2010,1194713,34373,0,1,0,04,2026
1,41XX,73,3,2010,1552063,43102,0,2,0,04,2026
1,41XX,73,5,1220,4969,0,3,1,X,04,2026
1,41XX,74,3,2010,82385,2012,0,1,0,04,2026
1,41XX,74,3,2010,40151,626,0,2,0,04,2026
1,41XX,75,3,2010,1750885,2096,0,1,0,04,2026
1,41XX,75,3,2010,2075581,1173,0,2,0,04,2026
1,41XX,76,3,2010,115722,748,0,1,0,04,2026
1,41XX,76,3,2010,31238,111,0,2,0,04,2026
1,41XX,78,3,2010,3078,1,0,1,0,04,2026
1,41XX,81,3,2010,194596,2438,0,1,0,04,2026
1,41XX,81,3,2010,277780,306,0,2,0,04,2026
1,41XX,82,3,2010,3283209,23813,0,1,0,04,2026
1,41XX,82,3,2010,6248549,16582,0,2,0,04,2026
1,41XX,83,3,2010,804639,10228,0,1,0,04,2026
1,41XX,83,3,2010,374557,7980,0,2,0,04,2026
1,41XX,84,3,2010,21440756,281017,0,1,0,04,2026
1,41XX,84,3,2010,31351,487,0,1,1,04,2026
1,41XX,84,3,2010,50174202,107673,0,2,0,04,2026
1,41XX,85,3,1220,11295,29,220,1,X,04,2026
1,41XX,85,3,1220,14946,44,291,2,X,04,2026
1,41XX,85,3,2010,13259540,69126,0,1,0,04,2026
1,41XX,85,3,2010,3966,1,0,1,1,04,2026
1,41XX,85,3,2010,25205961,77649,0,2,0,04,2026
1,41XX,86,3,2010,20234,146,0,1,0,04,2026
1,41XX,87,3,1220,2675,25,45,1,X,04,2026
1,41XX,87,3,2010,218173,3106,0,1,0,04,2026
1,41XX,87,3,2010,27677,251,0,2,0,04,2026
1,41XX,88,3,2010,57821577,11341,0,1,0,04,2026
1,41XX,88,3,2010,40543842,12831,0,2,0,04,2026
1,41XX,90,3,2010,11708725,26843,0,1,0,04,2026
1,41XX,90,3,2010,11052,4,0,1,1,04,2026
1,41XX,90,3,2010,6770107,19093,0,2,0,04,2026
1,41XX,90,3,2010,27339,17,0,2,1,04,2026
1,41XX,90,5,1220,4968,0,2,1,X,04,2026
1,41XX,90,5,1220,12959,0,79,2,X,04,2026
1,41XX,91,3,2010,25451,65,0,2,0,04,2026
1,41XX,92,3,2010,13728,22,0,1,0,04,2026
1,41XX,92,5,1220,5817,0,91,1,X,04,2026
1,41XX,94,3,2010,271508,4264,0,1,0,04,2026
1,41XX,94,3,2010,61238,1121,0,2,0,04,2026
1,41XX,95,3,2010,41761,619,0,1,0,04,2026
1,41XX,95,3,2010,506411,13038,0,2,0,04,2026
1,41XX,96,3,2010,7507,17,0,1,0,04,2026
1,41XX,96,3,2010,48836,203,0,2,0,04,2026
1,41XX,97,3,2010,39184,66,0,1,0,04,2026
1,41XX,97,3,2010,19500,52,0,2,0,04,2026
1,41XX,98,8,2010,3423283,0,0,1,X,04,2026
1,4504,84,3,1220,2940,2,57,1,X,04,2026
1,4504,88,3,1220,24543363,14288,0,1,X,04,2026
1,45XX,65,3,1220,4362,40,71,2,X,04,2026
1,45XX,84,3,1220,6217,4,185,1,X,04,2026
1,45XX,84,3,1220,5252,10,102,2,X,04,2026
1,45XX,85,3,2010,4725,1,0,1,0,04,2026
1,45XX,88,3,1220,66426,25,325,1,X,04,2026
1,45XX,88,3,1220,12269070,10659,266457,2,X,04,2026
1,45XX,88,3,2010,2750,8,0,1,0,04,2026
1,45XX,90,3,2010,30507,5,0,1,0,04,2026
1,45XX,98,8,1220,189576,0,2316,1,X,04,2026
1,49XX,21,1,2010,2586720,24941,0,1,1,04,2026
1,49XX,22,1,1220,548371,351519,273,1,X,04,2026
1,49XX,30,1,1220,57076,5815,968,1,X,04,2026
1,49XX,30,1,2010,10499490,11483,0,1,0,04,2026
1,49XX,30,1,2010,15523123,5125,0,1,1,04,2026
1,49XX,30,1,2010,6446942,1303,0,2,1,04,2026
1,49XX,30,3,2010,941056,4777,0,1,0,04,2026
1,49XX,33,1,2010,566994,22853,0,1,1,04,2026
1,49XX,33,3,2010,23628,975,0,1,0,04,2026
1,49XX,35,1,2010,108300,4405,0,1,0,04,2026
1,49XX,38,1,2010,174953,20321,0,1,1,04,2026
1,49XX,39,1,1220,15214,308,2,1,X,04,2026
1,49XX,39,1,2010,4054,44157,0,1,1,04,2026
1,49XX,39,3,1220,4769,500,109,1,X,04,2026
1,49XX,39,3,2010,79326,1137,0,1,0,04,2026
1,49XX,47,1,2010,242211,787107,0,1,1,04,2026
1,49XX,48,3,2010,17325,3919,0,1,0,04,2026
1,49XX,49,3,2010,105750,7886,0,1,0,04,2026
1,49XX,63,1,1220,5339,44,1,2,X,04,2026
1,49XX,72,1,2010,2755,16166,0,1,1,04,2026
1,49XX,73,1,2010,79628,12083,0,1,1,04,2026
1,49XX,73,3,2010,16380,60,0,1,0,04,2026
1,49XX,74,1,1220,182635,18711,0,1,X,04,2026
1,49XX,76,1,2010,44174,16357,0,1,1,04,2026
1,49XX,76,3,2010,139348,1701,0,1,0,04,2026
1,49XX,83,3,2010,14094,300,0,1,0,04,2026
1,49XX,84,1,1220,5818,526,0,1,X,04,2026
1,49XX,84,1,2010,7164,12365,0,1,1,04,2026
1,49XX,84,1,2010,13891,23274,0,2,1,04,2026
1,49XX,84,3,2010,12284,145,0,1,0,04,2026
1,49XX,84,3,2010,17008,248,0,2,0,04,2026
1,49XX,85,1,1220,24542,1294,1,1,X,04,2026
1,49XX,85,1,1220,11291,524,0,2,X,04,2026
1,49XX,85,3,1220,56875,398,280,1,X,04,2026
1,49XX,85,3,2010,518050,3224,0,1,0,04,2026
1,49XX,85,3,2010,31598,161,0,2,0,04,2026
1,49XX,87,1,1220,32077,263,257,1,X,04,2026
1,49XX,87,1,1220,815601,62462,6551,2,X,04,2026
1,49XX,88,3,2010,100903,294,0,1,0,04,2026
1,49XX,89,3,2010,10200,70,0,1,0,04,2026
1,49XX,90,1,1220,19825,278,262,1,X,04,2026
1,49XX,90,1,1220,11057,168,145,2,X,04,2026
1,49XX,90,3,2010,133828,2226,0,1,0,04,2026
1,51XX,84,3,1220,69882,8,1454,1,X,04,2026
1,5201,22,1,2010,80173,6230,0,1,0,04,2026
1,5201,22,1,2010,54900,8680,0,1,1,04,2026
1,5201,38,1,2010,127350,34452,0,1,1,04,2026
1,5201,39,1,2010,52048,713,0,1,1,04,2026
1,5201,47,1,2010,163791,622658,0,1,1,04,2026
1,5201,48,1,2010,64472,96370,0,1,1,04,2026
1,5201,85,1,2010,32821,680,0,1,0,04,2026
1,5203,02,1,2010,148215,23590,0,1,1,04,2026
1,5203,03,1,2010,121115,40211,0,1,1,04,2026
1,5203,03,1,2010,37817,17634,0,2,1,04,2026
1,5203,04,1,2010,12246,1582,0,1,1,04,2026
1,5203,07,1,2010,8787,1883,0,1,1,04,2026
1,5203,08,1,2010,2975,1040,0,1,1,04,2026
1,5203,09,1,2010,67439,9188,0,1,1,04,2026
1,5203,11,1,2010,2754,2272,0,1,1,04,2026
1,5203,15,1,2010,50746,25148,0,1,1,04,2026
1,5203,17,1,2010,8862,1306,0,1,1,04,2026
1,5203,18,1,2010,616198,104150,0,1,1,04,2026
1,5203,19,1,2010,138234,117291,0,1,0,04,2026
1,5203,19,1,2010,2964,1000,0,1,1,04,2026
1,5203,20,1,2010,60553,9653,0,1,1,04,2026
1,5203,21,1,2010,2720,567,0,1,0,04,2026
1,5203,21,1,2010,389367,66721,0,1,1,04,2026
1,5203,21,1,2010,25236,680,0,2,0,04,2026
1,5203,22,1,2010,610806,49405,0,1,1,04,2026
1,5203,22,1,2010,60480,19456,0,2,1,04,2026
1,5203,24,1,2010,204670,4013,0,1,1,04,2026
1,5203,24,1,2010,90161,7212,0,2,1,04,2026
1,5203,25,1,2010,25789,20057,0,1,1,04,2026
1,5203,32,1,2010,2542,120,0,1,1,04,2026
1,5203,33,1,2010,332011,6310,0,1,0,04,2026
1,5203,33,1,2010,1141666,24325,0,1,1,04,2026
1,5203,33,1,2010,2883,59,0,2,1,04,2026
1,5203,34,1,2010,3535,50,0,1,1,04,2026
1,5203,35,1,2010,9045,325,0,1,0,04,2026
1,5203,38,1,2010,3898,380,0,1,1,04,2026
1,5203,39,1,2010,29553,3133,0,1,0,04,2026
1,5203,39,1,2010,280596,11643,0,1,1,04,2026
1,5203,39,1,2010,43870,1736,0,2,1,04,2026
1,5203,42,1,2010,41442,2360,0,1,1,04,2026
1,5203,42,1,2010,16148,468,0,2,1,04,2026
1,5203,44,1,2010,29814,388,0,2,1,04,2026
1,5203,46,1,2010,13054,29,0,2,1,04,2026
1,5203,47,1,2010,133465,448575,0,1,1,04,2026
1,5203,48,1,2010,10671,317,0,1,0,04,2026
1,5203,48,1,2010,4823,171,0,1,1,04,2026
1,5203,49,1,2010,64474,4324,0,1,1,04,2026
1,5203,54,1,2010,2514,95,0,1,1,04,2026
1,5203,55,1,2010,4941,169,0,1,1,04,2026
1,5203,57,1,2010,4838,790,0,2,1,04,2026
1,5203,61,1,2010,370103,16687,0,1,1,04,2026
1,5203,61,1,2010,86727,1006,0,2,1,04,2026
1,5203,62,1,2010,10127,592,0,1,1,04,2026
1,5203,62,1,2010,124620,1115,0,2,1,04,2026
1,5203,63,1,2010,174067,10480,0,1,1,04,2026
1,5203,63,1,2010,206998,20123,0,2,1,04,2026
1,5203,65,1,2010,43006,813,0,1,1,04,2026
1,5203,65,1,2010,6017,28,0,2,1,04,2026
1,5203,66,1,2010,189803,16279,0,1,1,04,2026
1,5203,66,1,2010,42600,2210,0,2,1,04,2026
1,5203,69,1,2010,2528,845,0,1,1,04,2026
1,5203,70,1,2010,14059,1164,0,1,1,04,2026
1,5203,70,1,2010,18477,472,0,2,1,04,2026
1,5203,71,1,2010,7565,430,0,1,1,04,2026
1,5203,73,1,2010,61849,1939,0,1,1,04,2026
1,5203,73,1,2010,11450,616,0,2,1,04,2026
1,5203,76,1,2010,33167,1658,0,1,1,04,2026
1,5203,83,1,2010,8530,182,0,1,0,04,2026
1,5203,83,1,2010,26052,767,0,1,1,04,2026
1,5203,83,1,2010,11025,125,0,2,1,04,2026
1,5203,84,1,2010,43217,3621,0,1,0,04,2026
1,5203,84,1,2010,457702,14065,0,1,1,04,2026
1,5203,84,1,2010,238968,4289,0,2,1,04,2026
1,5203,85,1,2010,8726,27,0,1,0,04,2026
1,5203,85,1,2010,91145,1534,0,1,1,04,2026
1,5203,85,1,2010,6594,11,0,2,0,04,2026
1,5203,85,1,2010,33992,683,0,2,1,04,2026
1,5203,87,1,2010,219418,24132,0,1,1,04,2026
1,5203,87,1,2010,7585,199,0,2,1,04,2026
1,5203,89,1,2010,6550000,94548,0,1,0,04,2026
1,5203,89,1,2010,457701,11078,0,1,1,04,2026
1,5203,90,1,2010,70950,630,0,1,1,04,2026
1,5203,90,1,2010,27141,638,0,2,1,04,2026
1,5203,91,1,2010,3500,244,0,1,0,04,2026
1,5203,91,1,2010,122982,608,0,1,1,04,2026
1,5203,93,1,2010,41258,5703,0,1,1,04,2026
1,5203,94,1,2010,235083,19170,0,1,1,04,2026
1,5203,94,1,2010,109115,2823,0,2,1,04,2026
1,5203,95,1,2010,74630,3364,0,1,0,04,2026
1,5203,95,1,2010,133388,4194,0,1,1,04,2026
1,5203,95,1,2010,4804,255,0,2,1,04,2026
1,5203,96,1,2010,7426,298,0,2,1,04,2026
1,5203,97,1,2010,12528,8,0,2,1,04,2026
1,52XX,01,3,2010,771785,51352,0,1,0,04,2026
1,52XX,03,3,1220,18080,1676,1675,1,X,04,2026
1,52XX,03,3,1220,3224,140,346,2,X,04,2026
1,52XX,03,3,2010,11260,1089,0,1,0,04,2026
1,52XX,04,3,2010,94736,1821,0,1,0,04,2026
1,52XX,06,3,1220,9590,275,588,1,X,04,2026
1,52XX,06,3,2010,34848,1118,0,1,0,04,2026
1,52XX,07,3,1220,10989,2638,422,2,X,04,2026
1,52XX,10,3,2010,7875,12975,0,2,0,04,2026
1,52XX,12,3,2010,209757,727,0,1,0,04,2026
1,52XX,17,3,2010,15650,4591,0,2,0,04,2026
1,52XX,18,3,2010,2800,158,0,1,0,04,2026
1,52XX,27,3,2010,18258,7732,0,1,0,04,2026
1,52XX,28,3,2010,1198499,1534,0,1,0,04,2026
1,52XX,28,3,2010,6134,43,0,2,0,04,2026
1,52XX,29,3,1220,41559,7,411,2,X,04,2026
1,52XX,29,3,2010,2028661,1129,0,1,0,04,2026
1,52XX,29,3,2010,10370,15931,0,2,0,04,2026
1,52XX,30,3,2010,15705622,38073,0,1,0,04,2026
1,52XX,30,3,2010,3961837,8733,0,1,1,04,2026
1,52XX,30,3,2010,1124621,1258,0,2,0,04,2026
1,52XX,32,3,2010,178852,1001,0,1,0,04,2026
1,52XX,32,3,2010,31894,766,0,2,0,04,2026
1,52XX,33,3,1220,8823,228,7,2,X,04,2026
1,52XX,33,3,2010,80396,2137,0,1,0,04,2026
1,52XX,33,3,2010,17711,372,0,1,1,04,2026
1,52XX,33,3,2010,2632689,60347,0,2,0,04,2026
1,52XX,34,3,2010,16884,277,0,1,0,04,2026
1,52XX,34,3,2010,8063,60,0,2,0,04,2026
1,52XX,35,3,2010,97780,906,0,1,0,04,2026
1,52XX,36,3,2010,82576,495,0,1,0,04,2026
1,52XX,38,3,1220,102305,322,1643,1,X,04,2026
1,52XX,38,3,2010,496577,16391,0,1,0,04,2026
1,52XX,38,3,2010,20645,120,0,2,0,04,2026
1,52XX,39,3,2010,549485,5784,0,1,0,04,2026
1,52XX,39,3,2010,84431,619,0,2,0,04,2026
1,52XX,40,3,2010,243971,1924,0,1,0,04,2026
1,52XX,40,3,2010,94274,891,0,2,0,04,2026
1,52XX,42,3,2010,17898,27,0,1,0,04,2026
1,52XX,42,3,2010,42355,421,0,2,0,04,2026
1,52XX,49,3,2010,75192,2933,0,1,0,04,2026
1,52XX,49,3,2010,282965,9045,0,2,0,04,2026
1,52XX,54,3,2010,15422,198,0,2,0,04,2026
1,52XX,57,3,2010,8200,928,0,2,0,04,2026
1,52XX,59,3,2010,26550,69,0,2,0,04,2026
1,52XX,61,3,2010,13379,173,0,2,0,04,2026
1,52XX,62,3,2010,63371,497,0,2,0,04,2026
1,52XX,63,3,2010,7266,37,0,1,0,04,2026
1,52XX,63,3,2010,18677,508,0,2,0,04,2026
1,52XX,64,3,2010,40584,613,0,2,0,04,2026
1,52XX,65,3,2010,3365,35,0,2,0,04,2026
1,52XX,66,3,2010,2598,195,0,1,0,04,2026
1,52XX,67,3,2010,6050,107,0,2,0,04,2026
1,52XX,68,3,2010,7963,60,0,1,0,04,2026
1,52XX,69,3,2010,3318,8,0,1,0,04,2026
1,52XX,70,3,2010,25583,513,0,1,0,04,2026
1,52XX,71,3,2010,7611932,904,0,1,0,04,2026
1,52XX,71,3,2010,1706797,147,0,2,0,04,2026
1,52XX,73,3,2010,359924,1726,0,1,0,04,2026
1,52XX,73,3,2010,58699,287,0,2,0,04,2026
1,52XX,75,3,2010,71043,43,0,1,0,04,2026
1,52XX,75,3,2010,358334,60,0,2,0,04,2026
1,52XX,76,3,2010,63553,981,0,1,0,04,2026
1,52XX,76,3,2010,15600,16,0,2,0,04,2026
1,52XX,81,3,2010,309935,111,0,1,0,04,2026
1,52XX,81,3,2010,151260,1720,0,2,0,04,2026
1,52XX,82,3,2010,37686,204,0,1,0,04,2026
1,52XX,82,3,2010,12390,55,0,2,0,04,2026
1,52XX,83,3,2010,36789,529,0,1,0,04,2026
1,52XX,83,3,2010,48818,65,0,2,0,04,2026
1,52XX,84,3,1220,510230,125,10847,1,X,04,2026
1,52XX,84,3,1220,72943,162,1482,2,X,04,2026
1,52XX,84,3,2010,13809860,55572,0,1,0,04,2026
1,52XX,84,3,2010,38240,107,0,1,1,04,2026
1,52XX,84,3,2010,13030904,26351,0,2,0,04,2026
1,52XX,84,8,2010,22156,0,0,1,X,04,2026
1,52XX,85,3,1220,109313,921,1082,1,X,04,2026
1,52XX,85,3,1220,67965,767,3234,2,X,04,2026
1,52XX,85,3,2010,10980761,22474,0,1,0,04,2026
1,52XX,85,3,2010,6283261,7690,0,2,0,04,2026
1,52XX,86,3,2010,25162,2331,0,1,0,04,2026
1,52XX,87,3,1220,9117,54,178,1,X,04,2026
1,52XX,87,3,2010,55922,944,0,1,0,04,2026
1,52XX,87,3,2010,16081,1921,0,2,0,04,2026
1,52XX,88,3,1220,201981,123,3959,1,X,04,2026
1,52XX,88,3,1220,234890,193,4135,2,X,04,2026
1,52XX,88,3,2010,13412859,31019,0,1,0,04,2026
1,52XX,88,3,2010,1709982,1193,0,2,0,04,2026
1,52XX,89,1,1220,1541268,30000,0,2,X,04,2026
1,52XX,89,1,2010,67000,14500,0,1,0,04,2026
1,52XX,89,3,1220,27092,178,529,1,X,04,2026
1,52XX,90,3,1220,166696,146,3055,2,X,04,2026
1,52XX,90,3,2010,6448664,13294,0,1,0,04,2026
1,52XX,90,3,2010,104873,100,0,1,1,04,2026
1,52XX,90,3,2010,2141595,5197,0,2,0,04,2026
1,52XX,91,3,2010,169014,37,0,1,0,04,2026
1,52XX,91,3,2010,195602,1152,0,1,1,04,2026
1,52XX,91,3,2010,409179,181,0,2,0,04,2026
1,52XX,94,3,2010,1341262,55571,0,1,0,04,2026
1,52XX,94,3,2010,95802,1193,0,2,0,04,2026
1,52XX,94,3,2010,4937,1009,0,2,1,04,2026
1,52XX,95,3,2010,46715,6659,0,1,0,04,2026
1,52XX,95,3,2010,13971,458,0,2,0,04,2026
1,52XX,96,3,2010,21055,409,0,1,0,04,2026
1,52XX,96,3,2010,69030,1124,0,2,0,04,2026
1,52XX,97,3,2010,1263000,245,0,1,0,04,2026
1,52XX,98,8,1220,243244,0,8293,1,X,04,2026
1,52XX,98,8,2010,609423,0,0,1,X,04,2026
1,5301,10,1,2010,6850494,31754940,0,1,0,04,2026
1,5301,25,1,2010,31669,26000,0,1,1,04,2026
1,5301,27,1,1220,417271052,526109301,436230,1,X,04,2026
1,5301,27,1,2010,768759911,1119425395,0,1,0,04,2026
1,5301,27,1,2010,4517405,2530545,0,1,1,04,2026
1,5301,28,1,1220,3140078,8742729,6826,1,X,04,2026
1,5301,28,1,2010,642261,3058496,0,1,0,04,2026
1,5301,29,1,2010,246755424,259823315,0,1,0,04,2026
1,5301,29,1,2010,45527668,33559143,0,1,1,04,2026
1,5301,29,1,2010,1022707,344795,0,2,0,04,2026
1,5301,32,1,2010,25757,20085,0,1,1,04,2026
1,5301,33,1,2010,28549,4803,0,1,1,04,2026
1,5301,39,1,2010,6197702,3260257,0,1,1,04,2026
1,5301,42,1,2010,20452,2713,0,1,1,04,2026
1,5301,84,1,2010,55204,27485,0,1,1,04,2026
1,5301,85,1,2010,2410407,30482,0,1,0,04,2026
1,5301,87,1,2010,28000,2019,0,1,1,04,2026
1,53XX,05,3,2010,15607,352,0,1,0,04,2026
1,53XX,10,1,2010,13241475,55851000,0,1,0,04,2026
1,53XX,22,1,2010,11244187,9483628,0,1,0,04,2026
1,53XX,22,1,2010,44804,45324,0,2,0,04,2026
1,53XX,27,1,1220,546173500,648525918,128320,1,X,04,2026
1,53XX,27,1,2010,254103546,289056640,0,1,0,04,2026
1,53XX,28,1,2010,1741276,8247626,0,1,0,04,2026
1,53XX,28,3,1220,3013,46,53,1,X,04,2026
1,53XX,28,3,2010,6645,1362,0,1,0,04,2026
1,53XX,29,1,2010,59441639,70329846,0,1,0,04,2026
1,53XX,29,1,2010,5466778,9994110,0,1,1,04,2026
1,53XX,30,1,1220,767818,32838,25026,1,X,04,2026
1,53XX,30,1,1220,218556,82479,2642,2,X,04,2026
1,53XX,30,3,2010,3724,10,0,1,0,04,2026
1,53XX,30,3,2010,31628,34,0,2,0,04,2026
1,53XX,33,3,2010,20900,88,0,1,0,04,2026
1,53XX,36,3,2010,53960,381,0,1,0,04,2026
1,53XX,37,3,2010,30973,308,0,2,0,04,2026
1,53XX,38,1,2010,7609,1224,0,2,0,04,2026
1,53XX,38,3,1220,115512,361,1130,1,X,04,2026
1,53XX,38,3,2010,39436,561,0,1,0,04,2026
1,53XX,38,3,2010,3603,1,0,2,0,04,2026
1,53XX,39,1,1220,155570,15424,6174,1,X,04,2026
1,53XX,39,1,2010,10436,155,0,1,0,04,2026
1,53XX,39,3,2010,53700,614,0,1,0,04,2026
1,53XX,39,3,2010,3228,6,0,2,0,04,2026
1,53XX,40,1,2010,20119,150,0,1,0,04,2026
1,53XX,40,3,1220,19373,55,1291,2,X,04,2026
1,53XX,42,1,2010,7164,140,0,1,0,04,2026
1,53XX,48,3,2010,13850,773,0,1,0,04,2026
1,53XX,59,3,2010,30476,238,0,1,0,04,2026
1,53XX,60,3,2010,7467,458,0,1,0,04,2026
1,53XX,70,3,2010,4425,158,0,1,0,04,2026
1,53XX,72,1,2010,17500000,50000000,0,1,0,04,2026
1,53XX,73,1,2010,228153,2553,0,1,0,04,2026
1,53XX,73,3,1220,16059,239,1908,2,X,04,2026
1,53XX,73,3,2010,3911,28,0,2,0,04,2026
1,53XX,74,3,2010,3318,6,0,1,0,04,2026
1,53XX,76,1,2010,37610,2767,0,2,0,04,2026
1,53XX,76,3,2010,24628,386,0,1,0,04,2026
1,53XX,82,1,2010,3539,50,0,1,0,04,2026
1,53XX,82,1,2010,5229,60,0,2,0,04,2026
1,53XX,82,3,2010,23500,294,0,1,0,04,2026
1,53XX,83,3,2010,5352,23,0,1,0,04,2026
1,53XX,83,3,2010,13498,59,0,2,0,04,2026
1,53XX,84,1,1220,25091518,357485,229,2,X,04,2026
1,53XX,84,1,2010,12568814,71581,0,1,0,04,2026
1,53XX,84,1,2010,1492308,26228,0,2,0,04,2026
1,53XX,84,3,1220,2943277,4710,16713,1,X,04,2026
1,53XX,84,3,1220,1074619,1643,89891,2,X,04,2026
1,53XX,84,3,2010,186432,1568,0,1,0,04,2026
1,53XX,84,3,2010,237261,573,0,2,0,04,2026
1,53XX,85,1,2010,3684620,66794,0,2,0,04,2026
1,53XX,85,3,1220,56562,89,654,1,X,04,2026
1,53XX,85,3,1220,1020114,376,74428,2,X,04,2026
1,53XX,85,3,2010,153847,244,0,1,0,04,2026
1,53XX,85,3,2010,618551,1048,0,2,0,04,2026
1,53XX,86,1,1220,26105,8032,0,2,X,04,2026
1,53XX,86,1,2010,97349,9571,0,2,0,04,2026
1,53XX,87,1,2010,13921,2551,0,1,0,04,2026
1,53XX,88,3,1220,109162,44,1080,1,X,04,2026
1,53XX,88,3,2010,1294773,2333,0,1,0,04,2026
1,53XX,88,3,2010,3280,2,0,2,0,04,2026
1,53XX,88,8,2010,8319,0,0,1,X,04,2026
1,53XX,88,8,2010,7939,0,0,2,X,04,2026
1,53XX,89,1,2010,1382170,9120,0,1,0,04,2026
1,53XX,90,1,1220,142025,1857,1237,2,X,04,2026
1,53XX,90,1,2010,336458,972,0,1,0,04,2026
1,53XX,90,1,2010,19840,69,0,2,0,04,2026
1,53XX,90,3,1220,21228,52,415,1,X,04,2026
1,53XX,90,3,2010,2187511,3099,0,1,0,04,2026
1,53XX,90,3,2010,579684,1063,0,2,0,04,2026
1,53XX,94,1,2010,175000,9299,0,1,0,04,2026
1,53XX,94,3,2010,3547,12,0,1,0,04,2026
1,53XX,95,3,2010,3986,13,0,2,0,04,2026
1,54XX,08,3,1220,6216,262,42,1,X,04,2026
1,54XX,28,1,1220,3285,20060,64,2,X,04,2026
1,54XX,29,3,1220,2841,5,271,2,X,04,2026
1,54XX,29,3,2010,23786,5,0,1,0,04,2026
1,54XX,30,3,2010,59919,58,0,1,0,04,2026
1,54XX,35,3,2010,8196,10,0,1,0,04,2026
1,54XX,35,3,2010,5768,1,0,2,0,04,2026
1,54XX,38,3,1220,4834,35,95,1,X,04,2026
1,54XX,38,3,2010,77186,83,0,1,0,04,2026
1,54XX,38,3,2010,9629,5,0,2,0,04,2026
1,54XX,39,3,2010,3630,4,0,1,0,04,2026
1,54XX,39,3,2010,4846,21,0,2,0,04,2026
1,54XX,40,3,2010,9290,1,0,2,0,04,2026
1,54XX,57,3,2010,10590,23,0,2,0,04,2026
1,54XX,73,3,2010,11916,801,0,2,0,04,2026
1,54XX,75,3,2010,194310,56,0,2,0,04,2026
1,54XX,84,3,2010,67871,122,0,1,0,04,2026
1,54XX,84,3,2010,55900,12876,0,2,0,04,2026
1,54XX,85,3,1220,1644775,632,159,1,X,04,2026
1,54XX,85,3,2010,17503,2,0,1,0,04,2026
1,54XX,85,3,2010,33248,28,0,2,0,04,2026
1,54XX,88,3,2010,31214,45,0,1,0,04,2026
1,54XX,88,3,2010,76479,189,0,2,0,04,2026
1,54XX,90,3,2010,5761,8,0,1,0,04,2026
1,54XX,90,3,2010,32378,42,0,2,0,04,2026
1,54XX,93,3,1220,4226,10,205,1,X,04,2026
1,54XX,94,3,2010,3083,48,0,1,0,04,2026
1,54XX,98,8,2010,11189,0,0,1,X,04,2026
1,5501,05,3,2010,38891,67,0,1,0,04,2026
1,5501,32,3,2010,59899,321,0,2,0,04,2026
1,5501,38,3,2010,72802,203,0,1,0,04,2026
1,5501,39,3,2010,3591,9,0,1,0,04,2026
1,5501,48,3,2010,4790,34,0,1,0,04,2026
1,5501,72,3,2010,4392,1394,0,1,0,04,2026
1,5501,73,3,2010,71486,874,0,1,0,04,2026
1,5501,73,3,2010,3000,2,0,2,0,04,2026
1,5501,75,3,2010,12606,8,0,1,0,04,2026
1,5501,75,3,2010,5040,35,0,2,0,04,2026
1,5501,76,3,2010,46215,42,0,1,0,04,2026
1,5501,81,3,2010,11697,1,0,1,0,04,2026
1,5501,82,3,2010,11340,97,0,1,0,04,2026
1,5501,83,3,2010,16939,8,0,1,0,04,2026
1,5501,83,3,2010,32095,495,0,2,0,04,2026
1,5501,84,3,2010,1805314,2658,0,1,0,04,2026
1,5501,84,3,2010,193903013,157258,0,2,0,04,2026
1,5501,85,3,2010,248656,982,0,1,0,04,2026
1,5501,85,3,2010,13719624,7595,0,2,0,04,2026
1,5501,87,3,2010,45500,2177,0,1,0,04,2026
1,5501,88,3,2010,11258967,3593,0,1,0,04,2026
1,5501,90,3,2010,287187,440,0,1,0,04,2026
1,5501,90,3,2010,446216,1235,0,2,0,04,2026
1,5501,98,8,2010,2098200,0,0,1,X,04,2026
1,55XX,06,3,1220,4108,87,195,1,X,04,2026
1,55XX,06,3,1220,2814,35,180,2,X,04,2026
1,55XX,27,3,2010,3943,152,0,2,0,04,2026
1,55XX,30,3,2010,252618,179,0,1,0,04,2026
1,55XX,32,3,2010,3195,104,0,1,0,04,2026
1,55XX,34,3,2010,6872,169,0,1,0,04,2026
1,55XX,38,3,2010,7016,40,0,1,0,04,2026
1,55XX,38,3,2010,2676,4,0,2,0,04,2026
1,55XX,39,3,2010,86941,1368,0,1,0,04,2026
1,55XX,39,3,2010,22223,168,0,2,0,04,2026
1,55XX,40,3,2010,52446,12310,0,1,0,04,2026
1,55XX,40,3,2010,9568,180,0,2,0,04,2026
1,55XX,41,3,2010,11733,428,0,1,0,04,2026
1,55XX,49,3,1220,139081,11628,2399,1,X,04,2026
1,55XX,49,3,2010,8827,219,0,1,0,04,2026
1,55XX,58,3,2010,3637,2,0,1,0,04,2026
1,55XX,59,3,2010,22629,136,0,1,0,04,2026
1,55XX,59,3,2010,27861,232,0,2,0,04,2026
1,55XX,61,3,2010,2548,23,0,2,0,04,2026
1,55XX,68,3,2010,8682,20,0,1,0,04,2026
1,55XX,68,3,2010,6390,19,0,2,0,04,2026
1,55XX,69,3,2010,61348,2680,0,1,0,04,2026
1,55XX,71,3,1220,120029098,7013,0,1,X,04,2026
1,55XX,71,3,1220,5026839,708,17131,2,X,04,2026
1,55XX,71,3,2010,2070644,93,0,1,0,04,2026
1,55XX,71,3,2010,16169,5,0,2,0,04,2026
1,55XX,73,3,1220,3918,125,19,1,X,04,2026
1,55XX,73,3,2010,8374,35,0,1,0,04,2026
1,55XX,73,3,2010,9557,49,0,2,0,04,2026
1,55XX,74,3,2010,6907,25,0,1,0,04,2026
1,55XX,76,3,2010,4827,308,0,2,0,04,2026
1,55XX,81,3,1220,641171,4220,6347,1,X,04,2026
1,55XX,81,3,2010,8910,16,0,1,0,04,2026
1,55XX,82,3,2010,221835,6068,0,1,0,04,2026
1,55XX,82,3,2010,25160,245,0,2,0,04,2026
1,55XX,83,3,2010,25725,504,0,1,0,04,2026
1,55XX,84,3,1220,3776335,10631,14852,1,X,04,2026
1,55XX,84,3,1220,365795,1204,1694,2,X,04,2026
1,55XX,84,3,2010,3566368,50442,0,1,0,04,2026
1,55XX,84,3,2010,1325051,3304,0,2,0,04,2026
1,55XX,85,3,1220,1604181,5876,7717,1,X,04,2026
1,55XX,85,3,1220,4738629,3146,40654,2,X,04,2026
1,55XX,85,3,2010,237229,1336,0,1,0,04,2026
1,55XX,85,3,2010,1341937,3892,0,2,0,04,2026
1,55XX,87,3,2010,10520,51,0,1,0,04,2026
1,55XX,88,3,1220,2694783,807,319,1,X,04,2026
1,55XX,88,3,2010,11996051,9293,0,1,0,04,2026
1,55XX,90,3,1220,54805,123,616,1,X,04,2026
1,55XX,90,3,1220,7861,58,62,2,X,04,2026
1,55XX,90,3,2010,716374,1251,0,1,0,04,2026
1,55XX,90,3,2010,546313,5407,0,2,0,04,2026
1,55XX,91,3,1220,5977663,3241,10472,2,X,04,2026
1,55XX,93,3,2010,384159,6362,0,1,0,04,2026
1,55XX,95,3,2010,9980,3,0,1,0,04,2026
1,55XX,95,3,2010,15144,50,0,2,0,04,2026
1,55XX,96,3,1220,11493,41,8,2,X,04,2026
1,55XX,96,3,2010,6022,9,0,1,0,04,2026
1,55XX,96,3,2010,3618,20,0,2,0,04,2026
1,55XX,97,3,1220,24173,22,527,1,X,04,2026
1,55XX,98,3,2010,275108,1459,0,1,0,04,2026
1,55XX,98,8,1220,2321114,0,36,1,X,04,2026
1,70XX,01,8,1220,1042859,0,0,1,X,04,2026
1,70XX,02,8,1220,460856,0,0,1,X,04,2026
1,70XX,03,8,1220,2819096,0,0,1,X,04,2026
1,70XX,04,8,1220,835554,0,0,1,X,04,2026
1,70XX,05,8,1220,777184,0,0,1,X,04,2026
1,70XX,06,8,1220,12417830,0,0,1,X,04,2026
1,70XX,07,8,1220,58268467,0,0,1,X,04,2026
1,70XX,08,8,1220,16727288,0,0,1,X,04,2026
1,70XX,09,8,1220,3960523,0,0,1,X,04,2026
1,70XX,10,8,1220,925016,0,0,1,X,04,2026
1,70XX,11,8,1220,1561844,0,0,1,X,04,2026
1,70XX,12,8,1220,3512466,0,0,1,X,04,2026
1,70XX,13,8,1220,513938,0,0,1,X,04,2026
1,70XX,14,8,1220,231647,0,0,1,X,04,2026
1,70XX,15,8,1220,934050,0,0,1,X,04,2026
1,70XX,16,8,1220,588483,0,0,1,X,04,2026
1,70XX,17,8,1220,3168756,0,0,1,X,04,2026
1,70XX,18,8,1220,2110670,0,0,1,X,04,2026
1,70XX,19,8,1220,10741101,0,0,1,X,04,2026
1,70XX,20,8,1220,12599001,0,0,1,X,04,2026
1,70XX,21,8,1220,35774627,0,0,1,X,04,2026
1,70XX,22,8,1220,6894951,0,0,1,X,04,2026
1,70XX,23,8,1220,15789139,0,0,1,X,04,2026
1,70XX,24,8,1220,1819411,0,0,1,X,04,2026
1,70XX,25,8,1220,8374339,0,0,1,X,04,2026
1,70XX,26,8,1220,283952,0,0,1,X,04,2026
1,70XX,27,8,1220,11125620,0,0,1,X,04,2026
1,70XX,28,8,1220,6524945,0,0,1,X,04,2026
1,70XX,29,8,1220,12926920,0,0,1,X,04,2026
1,70XX,30,8,1220,20229838,0,0,1,X,04,2026
1,70XX,31,8,1220,742930,0,0,1,X,04,2026
1,70XX,32,8,1220,36849593,0,0,1,X,04,2026
1,70XX,33,8,1220,69048156,0,0,1,X,04,2026
1,70XX,34,8,1220,30249491,0,0,1,X,04,2026
1,70XX,35,8,1220,7177085,0,0,1,X,04,2026
1,70XX,36,8,1220,445259,0,0,1,X,04,2026
1,70XX,37,8,1220,859840,0,0,1,X,04,2026
1,70XX,38,8,1220,30458543,0,0,1,X,04,2026
1,70XX,39,8,1220,158256258,0,0,1,X,04,2026
1,70XX,40,8,1220,73050065,0,0,1,X,04,2026
1,70XX,41,8,1220,473393,0,0,1,X,04,2026
1,70XX,42,8,1220,26056966,0,0,1,X,04,2026
1,70XX,43,8,1220,140583,0,0,1,X,04,2026
1,70XX,44,8,1220,30359515,0,0,1,X,04,2026
1,70XX,45,8,1220,195914,0,0,1,X,04,2026
1,70XX,46,8,1220,644568,0,0,1,X,04,2026
1,70XX,47,8,1220,4644375,0,0,1,X,04,2026
1,70XX,48,8,1220,61599069,0,0,1,X,04,2026
1,70XX,49,8,1220,34692165,0,0,1,X,04,2026
1,70XX,50,8,1220,39004,0,0,1,X,04,2026
1,70XX,51,8,1220,409721,0,0,1,X,04,2026
1,70XX,52,8,1220,1591386,0,0,1,X,04,2026
1,70XX,53,8,1220,148657,0,0,1,X,04,2026
1,70XX,54,8,1220,2026232,0,0,1,X,04,2026
1,70XX,55,8,1220,2123657,0,0,1,X,04,2026
1,70XX,56,8,1220,5677887,0,0,1,X,04,2026
1,70XX,57,8,1220,18308327,0,0,1,X,04,2026
1,70XX,58,8,1220,1639748,0,0,1,X,04,2026
1,70XX,59,8,1220,5970799,0,0,1,X,04,2026
1,70XX,60,8,1220,573727,0,0,1,X,04,2026
1,70XX,61,8,1220,59219331,0,0,1,X,04,2026
1,70XX,62,8,1220,50231763,0,0,1,X,04,2026
1,70XX,63,8,1220,23200877,0,0,1,X,04,2026
1,70XX,64,8,1220,20011569,0,0,1,X,04,2026
1,70XX,65,8,1220,9772890,0,0,1,X,04,2026
1,70XX,66,8,1220,997994,0,0,1,X,04,2026
1,70XX,67,8,1220,2717442,0,0,1,X,04,2026
1,70XX,68,8,1220,18140613,0,0,1,X,04,2026
1,70XX,69,8,1220,11668367,0,0,1,X,04,2026
1,70XX,70,8,1220,24751040,0,0,1,X,04,2026
1,70XX,71,8,1220,15677021,0,0,1,X,04,2026
1,70XX,72,8,1220,9987249,0,0,1,X,04,2026
1,70XX,73,8,1220,128050664,0,0,1,X,04,2026
1,70XX,74,8,1220,10934375,0,0,1,X,04,2026
1,70XX,75,8,1220,890979,0,0,1,X,04,2026
1,70XX,76,8,1220,17990862,0,0,1,X,04,2026
1,70XX,78,8,1220,93587,0,0,1,X,04,2026
1,70XX,79,8,1220,660845,0,0,1,X,04,2026
1,70XX,80,8,1220,110866,0,0,1,X,04,2026
1,70XX,81,8,1220,740656,0,0,1,X,04,2026
1,70XX,82,8,1220,53748617,0,0,1,X,04,2026
1,70XX,83,8,1220,53760036,0,0,1,X,04,2026
1,70XX,84,8,1220,523616656,0,0,1,X,04,2026
1,70XX,85,8,1220,343187094,0,0,1,X,04,2026
1,70XX,86,8,1220,2044442,0,0,1,X,04,2026
1,70XX,87,8,1220,344997005,0,0,1,X,04,2026
1,70XX,88,8,1220,9322748,0,0,1,X,04,2026
1,70XX,89,8,1220,728945,0,0,1,X,04,2026
1,70XX,90,8,1220,160809224,0,0,1,X,04,2026
1,70XX,91,8,1220,2838085,0,0,1,X,04,2026
1,70XX,92,8,1220,4776623,0,0,1,X,04,2026
1,70XX,93,8,1220,4903030,0,0,1,X,04,2026
1,70XX,94,8,1220,167330299,0,0,1,X,04,2026
1,70XX,95,8,1220,66228130,0,0,1,X,04,2026
1,70XX,96,8,1220,28109614,0,0,1,X,04,2026
1,70XX,97,8,1220,379592,0,0,1,X,04,2026
1,70XX,98,4,1220,517191,0,4140,1,X,04,2026
1,70XX,98,5,1220,328329198,0,11168783,1,X,04,2026
1,70XX,98,5,1220,2781668,0,94558,2,X,04,2026
1,70XX,98,8,1220,887122208,0,27329372,1,X,04,2026
1,70XX,98,8,1220,15356864,0,350394,2,X,04,2026
1,70XX,98,8,2010,807034741,0,0,1,X,04,2026
1,80XX,02,4,1220,111609,0,0,1,X,04,2026
1,80XX,03,4,1220,6274,0,0,1,X,04,2026
1,80XX,04,4,1220,8903,0,0,1,X,04,2026
1,80XX,07,4,1220,12318,0,0,1,X,04,2026
1,80XX,19,4,1220,14745,0,0,1,X,04,2026
1,80XX,25,4,1220,16092,0,0,1,X,04,2026
1,80XX,29,4,1220,62471,0,230,1,X,04,2026
1,80XX,30,4,1220,12465,0,406,1,X,04,2026
1,80XX,33,4,1220,29780,0,885,1,X,04,2026
1,80XX,34,4,1220,11413,0,136,1,X,04,2026
1,80XX,35,4,1220,7441,0,370,1,X,04,2026
1,80XX,39,4,1220,53204,0,1187,1,X,04,2026
1,80XX,40,4,1220,6598,0,144,1,X,04,2026
1,80XX,40,4,2010,16055,0,0,1,X,04,2026
1,80XX,42,4,1220,15230,0,378,1,X,04,2026
1,80XX,49,4,1220,99272,0,3363,1,X,04,2026
1,80XX,49,4,2010,2650,0,0,1,X,04,2026
1,80XX,51,4,1220,5734,0,95,1,X,04,2026
1,80XX,54,4,1220,8119,0,176,1,X,04,2026
1,80XX,58,4,1220,2506,0,0,1,X,04,2026
1,80XX,62,4,1220,91960,0,2991,1,X,04,2026
1,80XX,63,4,1220,23149,0,461,1,X,04,2026
1,80XX,64,4,1220,23498,0,726,1,X,04,2026
1,80XX,68,4,1220,18175,0,0,1,X,04,2026
1,80XX,69,4,1220,30548,0,0,1,X,04,2026
1,80XX,70,4,1220,2989,0,71,1,X,04,2026
1,80XX,71,4,1220,65259,0,627,1,X,04,2026
1,80XX,71,4,2010,82932,0,0,1,X,04,2026
1,80XX,71,4,2010,2926,0,0,2,X,04,2026
1,80XX,72,4,1220,4180,0,0,1,X,04,2026
1,80XX,73,4,1220,30094,0,229,1,X,04,2026
1,80XX,81,4,1220,10789,0,0,1,X,04,2026
1,80XX,82,4,1220,3384,0,101,1,X,04,2026
1,80XX,83,4,1220,2512,0,0,1,X,04,2026
1,80XX,84,4,1220,158337,0,394,1,X,04,2026
1,80XX,84,4,1220,59643,0,0,2,X,04,2026
1,80XX,84,4,2010,13096,0,0,1,X,04,2026
1,80XX,85,4,1220,164646,0,1534,1,X,04,2026
1,80XX,85,4,1220,89649,0,0,2,X,04,2026
1,80XX,85,4,2010,6000,0,0,2,X,04,2026
1,80XX,87,4,1220,75939,0,1061,1,X,04,2026
1,80XX,87,4,1220,39575,0,0,2,X,04,2026
1,80XX,89,4,1220,2763,0,40,1,X,04,2026
1,80XX,90,4,1220,79028,0,492,1,X,04,2026
1,80XX,90,4,1220,191712,0,0,2,X,04,2026
1,80XX,90,4,2010,2534,0,0,1,X,04,2026
1,80XX,91,4,1220,14826,0,320,1,X,04,2026
1,80XX,92,4,1220,3009,0,47,1,X,04,2026
1,80XX,93,4,1220,6731,0,325,1,X,04,2026
1,80XX,94,4,1220,3895,0,0,2,X,04,2026
1,80XX,95,4,1220,101694,0,3603,1,X,04,2026
1,80XX,96,4,1220,3042,0,93,1,X,04,2026
1,80XX,98,4,1220,133603,0,2900,2,X,04,2026
2,0101,27,1,1220,192564854,199995594,2390991,,0,04,2026
2,0101,39,3,1220,532,11,295,,0,04,2026
2,0101,84,3,1220,17789,503,896,,0,04,2026
2,0101,85,3,1220,313360,664,2386,,0,04,2026
2,0101,98,3,1220,9150,9,3,,0,04,2026
2,0102,27,1,1220,59270226,55154756,340101,,0,04,2026
2,0102,88,3,1220,17450000,19278,25000,,0,04,2026
2,0102,88,8,1220,5000000,27820,5000,,0,04,2026
2,0104,03,5,1220,313686,122380,3779,,0,04,2026
2,0104,05,5,1220,32837,23273,50,,0,04,2026
2,0104,06,5,1220,34792,40792,1328,,0,04,2026
2,0104,10,5,1220,26700,150000,1000,,0,04,2026
2,0104,12,5,1220,50181,139669,2615,,0,04,2026
2,0104,17,5,1220,15986,4800,250,,0,04,2026
2,0104,22,5,1220,6235,18279,707,,0,04,2026
2,0104,23,5,1220,274952,908230,5300,,0,04,2026
2,0104,25,5,1220,958614,5998354,150353,,0,04,2026
2,0104,25,6,1220,25017,188870,400,,1,04,2026
2,0104,26,5,1220,29621,139736,1405,,0,04,2026
2,0104,27,5,1220,145186,200245,3998,,0,04,2026
2,0104,27,6,1220,603097,1264857,16300,,0,04,2026
2,0104,27,6,1220,27712,75952,200,,1,04,2026
2,0104,28,5,1220,191662,689538,12911,,0,04,2026
2,0104,28,6,1220,2289459,4794038,28590,,0,04,2026
2,0104,28,6,1220,289645,2731840,120148,,1,04,2026
2,0104,29,5,1220,126635,219606,5474,,0,04,2026
2,0104,31,5,1220,99048,272244,850,,0,04,2026
2,0104,33,5,1220,2618,40,116,,0,04,2026
2,0104,38,5,1220,99196,166390,1000,,0,04,2026
2,0104,39,5,1220,1205612,449748,7888,,0,04,2026
2,0104,40,5,1220,37620,482119,1622,,0,04,2026
2,0104,44,5,1220,10149155,16586235,412080,,0,04,2026
2,0104,44,6,1220,221183,428147,1600,,0,04,2026
2,0104,47,5,1220,4916818,8673245,239990,,0,04,2026
2,0104,47,6,1220,327729,579729,53131,,1,04,2026
2,0104,48,5,1220,1667377,1236292,44276,,0,04,2026
2,0104,49,5,1220,1063807,11263,162144,,0,04,2026
2,0104,54,5,1220,729328,37262,3641,,0,04,2026
2,0104,55,5,1220,531191,27441,2594,,0,04,2026
2,0104,56,5,1220,2496,40,19,,0,04,2026
2,0104,57,5,1220,54447,15753,500,,0,04,2026
2,0104,58,5,1220,69152,2413,319,,0,04,2026
2,0104,59,5,1220,12540,276,41,,0,04,2026
2,0104,68,5,1220,119299,178349,1950,,0,04,2026
2,0104,70,5,1220,95806,65368,1271,,0,04,2026
2,0104,72,5,1220,41216,14334,466,,0,04,2026
2,0104,73,5,1220,1952715,656049,14697,,0,04,2026
2,0104,76,5,1220,94900,10035,845,,0,04,2026
2,0104,82,5,1220,272151,31925,1739,,0,04,2026
2,0104,83,5,1220,117727,1384,1013,,0,04,2026
2,0104,84,5,1220,1486739,86361,3788,,0,04,2026
2,0104,85,5,1220,231678,2654,1425,,0,04,2026
2,0104,87,5,1220,436226,71864,1226,,0,04,2026
2,0104,89,5,1220,574713,26162,4612,,0,04,2026
2,0104,94,5,1220,455956,173730,4815,,0,04,2026
2,0104,95,5,1220,174119,51378,729,,0,04,2026
2,0104,98,5,1220,126514,186067,2216,,0,04,2026
2,0105,27,6,1220,1658720,2950145,13400,,0,04,2026
2,0105,28,6,1220,1475167,7588672,51567,,0,04,2026
2,0105,44,6,1220,1481498,2642953,93884,,0,04,2026
2,0105,44,6,1220,3383268,7243922,191723,,1,04,2026
2,0105,47,6,1220,316137,384863,12424,,0,04,2026
2,0105,47,6,1220,6590866,8328045,212594,,1,04,2026
2,0105,48,6,1220,582811,758580,32060,,0,04,2026
2,0105,48,6,1220,5519714,7055580,215486,,1,04,2026
2,0106,01,5,1220,184500,89004,2250,,0,04,2026
2,0106,03,5,1220,97613455,5812968,262387,,0,04,2026
2,0106,05,5,1220,371906,140141,5222,,0,04,2026
2,0106,06,5,1220,2400047,577734,15727,,0,04,2026
2,0106,07,5,1220,7987505,10159187,271542,,0,04,2026
2,0106,07,5,1220,296704,589997,7800,,1,04,2026
2,0106,08,5,1220,2403743,1124356,25236,,0,04,2026
2,0106,10,5,1220,73915,129561,528,,0,04,2026
2,0106,11,5,1220,778140,790964,64635,,0,04,2026
2,0106,12,5,1220,360013,499449,12377,,0,04,2026
2,0106,15,5,1220,868607,41586,959,,0,04,2026
2,0106,16,5,1220,3154981,367629,48689,,0,04,2026
2,0106,17,5,1220,584914,81768,3750,,0,04,2026
2,0106,19,5,1220,3869456,1120644,31260,,0,04,2026
2,0106,20,5,1220,32642301,21000837,533332,,0,04,2026
2,0106,21,5,1220,636201,57982,11369,,0,04,2026
2,0106,22,5,1220,89694,105258,1127,,0,04,2026
2,0106,22,5,1220,7980,62678,8150,,1,04,2026
2,0106,23,5,1220,3016599,1436745,147914,,0,04,2026
2,0106,25,5,1220,52348,121988,925,,0,04,2026
2,0106,27,5,1220,2630886,11829133,242448,,0,04,2026
2,0106,27,8,1220,1633720,0,0,,0,04,2026
2,0106,28,5,1220,92404,238358,11776,,0,04,2026
2,0106,29,5,1220,93999,75029,2085,,0,04,2026
2,0106,31,5,1220,1870274,2521900,14617,,0,04,2026
2,0106,32,5,1220,29822,4446,6,,0,04,2026
2,0106,38,5,1220,883541,36197,3067,,0,04,2026
2,0106,39,5,1220,2284586,682710,28964,,0,04,2026
2,0106,39,5,1220,199841,9959,2599,,1,04,2026
2,0106,40,5,1220,35771337,4808688,33997,,0,04,2026
2,0106,42,5,1220,1425,34,49,,0,04,2026
2,0106,44,5,1220,16760599,28389444,788875,,0,04,2026
2,0106,44,5,1220,98280,260641,24278,,1,04,2026
2,0106,44,6,1220,14997,29479,200,,0,04,2026
2,0106,47,5,1220,421853,638345,28813,,0,04,2026
2,0106,48,5,1220,7432466,5255182,267179,,0,04,2026
2,0106,56,5,1220,124902,21742,520,,0,04,2026
2,0106,59,5,1220,36786,14626,2600,,0,04,2026
2,0106,63,5,1220,230113,81703,11553,,0,04,2026
2,0106,68,5,1220,357202,726973,5601,,0,04,2026
2,0106,70,5,1220,115320,7189,309,,0,04,2026
2,0106,73,5,1220,5140604,1344764,23687,,0,04,2026
2,0106,75,5,1220,5610000,380094,3607,,0,04,2026
2,0106,76,5,1220,406568,154180,1900,,0,04,2026
2,0106,79,5,1220,18664,10886,100,,0,04,2026
2,0106,82,5,1220,152685,9166,2149,,0,04,2026
2,0106,83,5,1220,29441,1540,192,,0,04,2026
2,0106,84,5,1220,3305833,211634,12736,,0,04,2026
2,0106,85,5,1220,782895,21412,6365,,0,04,2026
2,0106,87,5,1220,882369,98117,5570,,0,04,2026
2,0106,89,5,1220,975058,41522,6174,,0,04,2026
2,0106,90,5,1220,59785,1066,616,,0,04,2026
2,0106,90,5,1220,4155,333,1500,,1,04,2026
2,0106,92,5,1220,552038,6640,1942,,0,04,2026
2,0106,94,5,1220,256306,27030,2285,,0,04,2026
2,0106,94,5,1220,69905,2136,3880,,1,04,2026
2,0106,96,5,1220,5184825,1202964,66182,,0,04,2026
2,0106,97,5,1220,6638,181,400,,0,04,2026
2,0106,98,5,1220,8408204,3694948,86061,,0,04,2026
2,0106,98,5,1220,52738,775,5199,,1,04,2026
2,0107,07,5,1220,353147,729709,18858,,0,04,2026
2,0107,11,5,1220,47384,195394,1000,,0,04,2026
2,0107,20,5,1220,24310,17630,100,,0,04,2026
2,0107,31,5,1220,253920,480000,1600,,0,04,2026
2,0107,44,5,1220,32464,135235,1688,,0,04,2026
2,0107,48,5,1220,52805,14963,97,,0,04,2026
2,0107,63,5,1220,1228,67,2,,0,04,2026
2,0108,03,5,1220,2489375,124306,4837,,0,04,2026
2,0108,06,5,1220,18108,4552,200,,0,04,2026
2,0108,07,5,1220,430925,903231,20187,,0,04,2026
2,0108,07,5,1220,97503,226816,3000,,1,04,2026
2,0108,10,5,1220,23663,31508,727,,0,04,2026
2,0108,12,5,1220,4928,3907,73,,0,04,2026
2,0108,15,6,1220,939122,705500,10654,,0,04,2026
2,0108,16,5,1220,61744,3020,400,,0,04,2026
2,0108,20,5,1220,1596202,1451812,8400,,0,04,2026
2,0108,23,5,1220,15000,60000,400,,0,04,2026
2,0108,25,5,1220,47546,297160,3100,,0,04,2026
2,0108,27,5,1220,762638,720056,22952,,0,04,2026
2,0108,27,6,1220,355338,961767,11400,,0,04,2026
2,0108,27,6,1220,167139,476283,1600,,1,04,2026
2,0108,28,5,1220,16539,66747,550,,0,04,2026
2,0108,31,5,1220,498874,616109,8033,,0,04,2026
2,0108,32,5,1220,420202,183024,800,,1,04,2026
2,0108,32,6,1220,205024,89766,500,,0,04,2026
2,0108,38,5,1220,103103,149470,1000,,0,04,2026
2,0108,39,5,1220,467540,143419,3246,,0,04,2026
2,0108,44,5,1220,5040087,11120425,56219,,0,04,2026
2,0108,44,5,1220,178403,535672,48245,,1,04,2026
2,0108,44,6,1220,23382,441192,3000,,0,04,2026
2,0108,47,6,1220,54478,84347,500,,0,04,2026
2,0108,48,5,1220,517304,544382,66263,,0,04,2026
2,0108,84,5,1220,181160,19946,2173,,0,04,2026
2,0108,87,5,1220,330699,33402,1605,,0,04,2026
2,0108,98,5,1220,316050,53308,2740,,0,04,2026
2,0109,27,5,1220,612413,515173,13506,,0,04,2026
2,0109,28,5,1220,244490,2653998,12226,,0,04,2026
2,0109,28,7,1220,2308751,9485893,115438,,0,04,2026
2,0109,31,5,1220,29148,99407,550,,0,04,2026
2,0109,38,5,1220,61841,76500,600,,0,04,2026
2,0109,39,5,1220,435074,88002,4652,,0,04,2026
2,0109,40,5,1220,22494,4417,1593,,0,04,2026
2,0109,47,5,1220,599492,1312750,29957,,0,04,2026
2,0109,47,7,1220,12913810,24443384,645690,,0,04,2026
2,0109,48,5,1220,354158,173233,1903,,0,04,2026
2,0110,27,5,1220,141974,116219,4134,,0,04,2026
2,0110,44,5,1220,30900,137321,2217,,0,04,2026
2,0115,01,5,1220,185094,2997,4399,,0,04,2026
2,0115,03,5,1220,103180667,7315524,415205,,0,04,2026
2,0115,05,5,1220,246383,172386,7195,,0,04,2026
2,0115,07,5,1220,1210935,2048558,75217,,0,04,2026
2,0115,08,5,1220,3872085,925884,16641,,0,04,2026
2,0115,09,5,1220,5085,328,4000,,0,04,2026
2,0115,12,5,1220,67186,4475,2580,,0,04,2026
2,0115,15,5,1220,28310,2965,2062,,0,04,2026
2,0115,16,5,1220,5505350,603400,66574,,0,04,2026
2,0115,17,5,1220,1962301,384777,13334,,0,04,2026
2,0115,20,5,1220,2451205,1481152,55657,,0,04,2026
2,0115,21,5,1220,274531,16668,1897,,0,04,2026
2,0115,22,5,1220,56168,91007,654,,0,04,2026
2,0115,23,5,1220,1122676,572978,9249,,0,04,2026
2,0115,25,5,1220,352922,1180719,5930,,0,04,2026
2,0115,27,5,1220,612568,1454898,25188,,0,04,2026
2,0115,27,7,1220,19980603,0,2985607,,0,04,2026
2,0115,27,8,1220,18519802,0,0,,0,04,2026
2,0115,28,5,1220,150636,1426556,7100,,0,04,2026
2,0115,30,5,1220,114726,844,1100,,0,04,2026
2,0115,31,5,1220,296633,1466476,1971,,0,04,2026
2,0115,32,5,1220,9594,4245,40,,0,04,2026
2,0115,34,5,1220,266629,196143,1690,,0,04,2026
2,0115,35,5,1220,929254,397023,9414,,0,04,2026
2,0115,38,5,1220,14552,3306,1350,,0,04,2026
2,0115,39,5,1220,1678272,317077,34291,,0,04,2026
2,0115,40,5,1220,1110329,155473,1340,,0,04,2026
2,0115,44,5,1220,5585262,12831541,223553,,0,04,2026
2,0115,44,5,1220,15395,22619,750,,1,04,2026
2,0115,47,5,1220,194961,291490,15263,,0,04,2026
2,0115,48,5,1220,9641896,10321132,464333,,0,04,2026
2,0115,48,6,1220,47224,76347,4531,,0,04,2026
2,0115,49,5,1220,124725,3897,1216,,0,04,2026
2,0115,54,5,1220,2194,1438,286,,0,04,2026
2,0115,56,5,1220,201777,35262,3387,,0,04,2026
2,0115,56,5,1220,926,116,95,,1,04,2026
2,0115,59,5,1220,31475,616,178,,0,04,2026
2,0115,60,5,1220,87044,8615,5240,,0,04,2026
2,0115,63,5,1220,3794,377,264,,0,04,2026
2,0115,64,5,1220,612,14,9,,0,04,2026
2,0115,65,5,1220,157094,4330,1905,,0,04,2026
2,0115,68,5,1220,555712,1568699,26313,,0,04,2026
2,0115,70,5,1220,131698,341761,6609,,0,04,2026
2,0115,72,5,1220,48685,211006,2150,,0,04,2026
2,0115,73,5,1220,356047,113994,9345,,0,04,2026
2,0115,73,5,1220,4034,155,172,,1,04,2026
2,0115,74,5,1220,3647,307,1,,0,04,2026
2,0115,76,5,1220,50423,2424,2465,,0,04,2026
2,0115,78,5,1220,5455,683,559,,1,04,2026
2,0115,82,5,1220,12950,478,100,,0,04,2026
2,0115,83,5,1220,147227,4603,1083,,0,04,2026
2,0115,84,5,1220,9849410,309735,219491,,0,04,2026
2,0115,85,5,1220,4821255,108838,65303,,0,04,2026
2,0115,86,5,1220,23625,2026,270,,0,04,2026
2,0115,87,5,1220,2207469,223734,18957,,0,04,2026
2,0115,87,5,1220,12210,1113,1800,,1,04,2026
2,0115,88,5,1220,1087467,1256,3109,,0,04,2026
2,0115,89,5,1220,581296,18086,2055,,0,04,2026
2,0115,90,5,1220,1710301,6006,29561,,0,04,2026
2,0115,90,5,1220,753610,3111,3000,,1,04,2026
2,0115,91,5,1220,86370,735,97,,0,04,2026
2,0115,92,5,1220,22489,316,80,,0,04,2026
2,0115,94,5,1220,59273,7159,2248,,0,04,2026
2,0115,95,5,1220,525859,11796,5011,,0,04,2026
2,0115,96,5,1220,1149003,264133,14300,,0,04,2026
2,0115,98,5,1220,6787011,762158,64680,,0,04,2026
2,0118,31,5,1220,10256,16016,500,,0,04,2026
2,0118,98,5,1220,30000,5000,500,,0,04,2026
2,0127,07,5,1220,50050,206381,1400,,0,04,2026
2,0127,20,5,1220,577541,532898,2700,,0,04,2026
2,0127,30,5,1220,16400,33250,100,,0,04,2026
2,0127,31,5,1220,32508,40051,473,,0,04,2026
2,0127,39,5,1220,1394,421,120,,0,04,2026
2,0127,40,5,1220,324,46,2,,0,04,2026
2,0127,44,5,1220,6391,28123,200,,0,04,2026
2,0127,73,5,1220,58191,8678,336,,0,04,2026
2,0127,83,5,1220,4357,614,25,,0,04,2026
2,0127,84,5,1220,57581,5361,252,,0,04,2026
2,0127,87,5,1220,72435,3085,900,,0,04,2026
2,0131,27,1,1220,75328461,78569239,584833,,0,04,2026
2,0131,72,9,1220,3042798,1356983,60859,,0,04,2026
2,0131,72,9,1220,35726,18824,715,,1,04,2026
2,0131,73,9,1220,154738,2833,3095,,0,04,2026
2,0131,74,9,1220,828350,69784,16567,,0,04,2026
2,01XX,39,5,2010,272,41,2,,0,04,2026
2,01XX,40,5,2010,5742,853,543,,0,04,2026
2,01XX,61,5,2010,2156,67,600,,0,04,2026
2,01XX,62,5,2010,1496,220,32,,0,04,2026
2,01XX,70,5,2010,41287,1247,546,,0,04,2026
2,01XX,84,5,2010,2916,258,131,,0,04,2026
2,01XX,90,5,2010,8786,264,721,,0,04,2026
2,0203,10,5,1220,257513,1098618,11150,,0,04,2026
2,0203,11,5,1220,33826,120531,2000,,0,04,2026
2,0203,11,6,1220,288204,621230,700,,0,04,2026
2,0203,23,5,1220,382015,1244221,10698,,0,04,2026
2,0203,23,6,1220,199686,607400,1400,,0,04,2026
2,0203,27,6,1220,398683,752122,13000,,0,04,2026
2,0203,44,6,1220,245624,448397,1000,,0,04,2026
2,0203,47,6,1220,848675,1712595,4750,,0,04,2026
2,0203,98,5,1220,10500,42000,500,,0,04,2026
2,0206,27,5,1220,10661,32019,210,,0,04,2026
2,0206,27,7,1220,83290616,0,12445724,,0,04,2026
2,0206,44,5,1220,809043,1788683,19072,,0,04,2026
2,0207,22,5,1220,34598,16138,1500,,0,04,2026
2,0207,39,3,1220,10003,138,250,,0,04,2026
2,0207,39,8,1220,36209,3730,4,,0,04,2026
2,0207,48,3,1220,3546,60,1,,0,04,2026
2,0207,56,8,1220,9675,4,1,,0,04,2026
2,0207,83,8,1220,2181,2,2,,0,04,2026
2,0207,84,3,1220,22180,38,1000,,0,04,2026
2,0207,85,3,1220,168370,4094,3451,,0,04,2026
2,0207,86,3,1220,2007,17,87,,0,04,2026
2,0207,88,3,1220,40090051,14693,5350,,0,04,2026
2,0207,88,8,1220,226766263,23435,6568,,0,04,2026
2,0207,90,3,1220,89302,478,198,,0,04,2026
2,0207,94,3,1220,10147,119,294,,0,04,2026
2,0207,94,8,1220,10147,4,2,,0,04,2026
2,0207,98,3,1220,52691,96,775,,0,04,2026
2,0209,03,5,1220,6708099,351623,14119,,0,04,2026
2,0209,04,5,1220,13308,595,66,,0,04,2026
2,0209,05,5,1220,401106,392892,54930,,0,04,2026
2,0209,06,5,1220,253436,68433,4977,,0,04,2026
2,0209,07,5,1220,321263,152639,4309,,0,04,2026
2,0209,08,5,1220,2324033,2281441,29000,,0,04,2026
2,0209,09,5,1220,284702,16261,813,,0,04,2026
2,0209,10,5,1220,993478,3988268,30979,,0,04,2026
2,0209,11,5,1220,442096,806399,8912,,0,04,2026
2,0209,12,5,1220,1303288,3844857,163289,,0,04,2026
2,0209,14,5,1220,26203,22763,889,,0,04,2026
2,0209,15,5,1220,166325,418172,400,,0,04,2026
2,0209,17,5,1220,4899186,1001961,14316,,0,04,2026
2,0209,18,5,1220,277583,37589,616,,0,04,2026
2,0209,19,5,1220,262044,59228,4451,,0,04,2026
2,0209,20,5,1220,99966,31831,2457,,0,04,2026
2,0209,21,5,1220,1085953,1842157,36343,,0,04,2026
2,0209,22,5,1220,751053,1254824,27994,,0,04,2026
2,0209,23,5,1220,1245031,3324945,26901,,0,04,2026
2,0209,25,5,1220,2335890,15566131,132539,,0,04,2026
2,0209,26,5,1220,52172,291643,2921,,0,04,2026
2,0209,27,5,1220,9065337,10853115,361309,,0,04,2026
2,0209,27,5,1220,85500,161676,1800,,1,04,2026
2,0209,27,7,1220,3187532,0,476298,,0,04,2026
2,0209,28,5,1220,2570657,251751,11450,,0,04,2026
2,0209,29,5,1220,53732,34472,700,,0,04,2026
2,0209,31,5,1220,613441,1334979,27737,,0,04,2026
2,0209,32,5,1220,197985,51061,2127,,0,04,2026
2,0209,33,5,1220,81648,7484,315,,0,04,2026
2,0209,34,5,1220,32334,8251,300,,0,04,2026
2,0209,35,5,1220,83163,22040,208,,0,04,2026
2,0209,36,5,1220,27496,63772,1711,,0,04,2026
2,0209,38,5,1220,710787,584132,8262,,0,04,2026
2,0209,38,6,1220,24217,86490,500,,0,04,2026
2,0209,39,5,1220,9729881,3742314,136438,,0,04,2026
2,0209,39,5,1220,24000,24037,956,,1,04,2026
2,0209,40,5,1220,657887,248637,5958,,0,04,2026
2,0209,40,5,1220,10052,356,49,,1,04,2026
2,0209,42,5,1220,3214,31,54,,0,04,2026
2,0209,44,5,1220,26666731,31291739,643945,,0,04,2026
2,0209,44,5,1220,115131,69256,9877,,1,04,2026
2,0209,44,6,1220,30393,84822,6276,,1,04,2026
2,0209,47,5,1220,38468,122292,6444,,0,04,2026
2,0209,48,5,1220,6871375,6044462,236175,,0,04,2026
2,0209,49,5,1220,133722,136507,1603,,0,04,2026
2,0209,54,5,1220,29537,19204,542,,0,04,2026
2,0209,56,5,1220,142613,53804,1788,,0,04,2026
2,0209,58,5,1220,6357,170,882,,0,04,2026
2,0209,59,5,1220,95238,4585,1130,,0,04,2026
2,0209,61,5,1220,1619,19,161,,0,04,2026
2,0209,62,5,1220,260496,6699,23328,,0,04,2026
2,0209,63,5,1220,11972,786,82,,0,04,2026
2,0209,65,5,1220,299844,1602,2054,,0,04,2026
2,0209,68,5,1220,4509932,4691956,41892,,0,04,2026
2,0209,70,5,1220,168027,237928,5889,,0,04,2026
2,0209,71,5,1220,1433228,5999,535,,0,04,2026
2,0209,72,5,1220,1000401,608480,15551,,0,04,2026
2,0209,72,5,1220,22722,4164,18,,1,04,2026
2,0209,73,5,1220,9076463,3456231,63989,,0,04,2026
2,0209,73,5,1220,15319,5367,35,,1,04,2026
2,0209,74,5,1220,3170799,254266,7740,,0,04,2026
2,0209,74,5,1220,3344,118,9,,1,04,2026
2,0209,75,5,1220,5014,4,55,,0,04,2026
2,0209,76,5,1220,11193408,2627602,96806,,0,04,2026
2,0209,78,5,1220,170532,39773,103,,0,04,2026
2,0209,80,5,1220,1496600,38243,512,,0,04,2026
2,0209,81,5,1220,41903,834,23,,0,04,2026
2,0209,82,5,1220,91308,2054,1200,,0,04,2026
2,0209,83,5,1220,241845,14896,1334,,0,04,2026
2,0209,84,5,1220,29148834,700548,83989,,0,04,2026
2,0209,84,5,1220,262482,18881,251,,1,04,2026
2,0209,85,5,1220,1892357,52045,12627,,0,04,2026
2,0209,85,5,1220,3465,91,1000,,1,04,2026
2,0209,86,5,1220,124794,3443,213,,0,04,2026
2,0209,87,5,1220,6445054,432723,13919,,0,04,2026
2,0209,89,5,1220,447637,31909,2227,,0,04,2026
2,0209,90,5,1220,553306,15771,4489,,0,04,2026
2,0209,94,5,1220,5731743,633232,62565,,0,04,2026
2,0209,95,5,1220,121002,12365,1198,,0,04,2026
2,0209,96,5,1220,268558,93593,1759,,0,04,2026
2,0209,98,5,1220,7730434,1246777,37725,,0,04,2026
2,0209,98,5,1220,10811,19958,1300,,1,04,2026
2,0211,06,5,1220,89050,10900,1300,,0,04,2026
2,0211,12,5,1220,89142,248186,6270,,0,04,2026
2,0211,14,5,1220,4879,28471,138,,0,04,2026
2,0211,21,5,1220,31729,21425,250,,0,04,2026
2,0211,22,5,1220,56536,88862,3152,,0,04,2026
2,0211,25,5,1220,51401,463913,2142,,0,04,2026
2,0211,27,5,1220,260284,598386,17086,,0,04,2026
2,0211,27,6,1220,1812716,4508026,11800,,0,04,2026
2,0211,27,6,1220,65591,179265,1800,,1,04,2026
2,0211,28,6,1220,584455,1488620,8100,,0,04,2026
2,0211,28,6,1220,370780,2382527,97860,,1,04,2026
2,0211,31,5,1220,102613,161243,7528,,0,04,2026
2,0211,31,6,1220,178168,494501,2000,,0,04,2026
2,0211,32,5,1220,214400,164506,1243,,0,04,2026
2,0211,35,5,1220,91593,32613,287,,0,04,2026
2,0211,38,5,1220,33409,41486,376,,0,04,2026
2,0211,39,5,1220,371834,139083,9094,,0,04,2026
2,0211,40,5,1220,480,264,33,,0,04,2026
2,0211,44,5,1220,2220450,2628373,62889,,0,04,2026
2,0211,44,6,1220,1856786,4007547,219866,,0,04,2026
2,0211,44,6,1220,38553,38108,250,,1,04,2026
2,0211,47,5,1220,15054,64268,600,,0,04,2026
2,0211,47,6,1220,2029013,3598940,11400,,0,04,2026
2,0211,47,6,1220,772652,1332060,3750,,1,04,2026
2,0211,48,5,1220,522401,257722,3944,,0,04,2026
2,0211,48,6,1220,74593,230390,3869,,0,04,2026
2,0211,48,6,1220,885457,977172,12555,,1,04,2026
2,0211,68,5,1220,60638,221268,160,,0,04,2026
2,0211,70,5,1220,93380,12144,12,,0,04,2026
2,0211,72,5,1220,12577,2421,39,,0,04,2026
2,0211,72,6,1220,125800,450000,1250,,1,04,2026
2,0211,73,5,1220,41211,20740,419,,0,04,2026
2,0211,84,5,1220,394445,63558,1009,,0,04,2026
2,0211,87,5,1220,1197245,78994,1780,,0,04,2026
2,0211,94,5,1220,24692,4359,145,,0,04,2026
2,0211,98,5,1220,15080,38599,575,,0,04,2026
2,0211,98,6,1220,80341,179872,300,,1,04,2026
2,0212,01,5,1220,2175097,508821,11788,,0,04,2026
2,0212,03,5,1220,135747,17584,222,,0,04,2026
2,0212,04,5,1220,682577,1036006,6410,,0,04,2026
2,0212,05,5,1220,12104,20,332,,0,04,2026
2,0212,05,5,1220,31480,119,300,,1,04,2026
2,0212,06,5,1220,95226,40781,456,,0,04,2026
2,0212,07,5,1220,976826,637260,8279,,0,04,2026
2,0212,08,5,1220,9473,2024,27,,0,04,2026
2,0212,09,5,1220,88567,5264,4510,,0,04,2026
2,0212,10,5,1220,2044252,8643673,75110,,0,04,2026
2,0212,11,5,1220,894486,1942441,32576,,0,04,2026
2,0212,12,5,1220,997193,1757428,50653,,0,04,2026
2,0212,15,5,1220,620253,548190,3393,,0,04,2026
2,0212,15,6,1220,355291,277395,600,,0,04,2026
2,0212,17,5,1220,847455,440526,3943,,0,04,2026
2,0212,18,5,1220,36269844,7359404,55837,,0,04,2026
2,0212,19,5,1220,578983,149696,9376,,0,04,2026
2,0212,20,5,1220,894135,559787,7976,,0,04,2026
2,0212,21,5,1220,1099862,1133103,18671,,0,04,2026
2,0212,22,5,1220,187315,253725,4416,,0,04,2026
2,0212,22,5,1220,13882,22000,1,,1,04,2026
2,0212,23,5,1220,2314918,5809406,56018,,0,04,2026
2,0212,23,6,1220,30441,91840,100,,0,04,2026
2,0212,23,6,1220,171687,630278,4000,,1,04,2026
2,0212,25,5,1220,1209425,8586516,53195,,0,04,2026
2,0212,25,5,1220,54600,16646,2730,,1,04,2026
2,0212,25,6,1220,503946,2919250,12000,,1,04,2026
2,0212,27,5,1220,27947833,28035846,904891,,0,04,2026
2,0212,27,5,1220,351500,673275,7400,,1,04,2026
2,0212,27,6,1220,4142274,6754472,83353,,0,04,2026
2,0212,27,6,1220,776242,542510,5200,,1,04,2026
2,0212,27,7,1220,5749299,0,859091,,0,04,2026
2,0212,28,5,1220,694938,1644817,16952,,0,04,2026
2,0212,28,6,1220,689960,5917227,26339,,0,04,2026
2,0212,29,5,1220,129412,22976,5616,,0,04,2026
2,0212,30,5,1220,7620,166,800,,0,04,2026
2,0212,31,5,1220,1183741,2148159,42679,,0,04,2026
2,0212,32,5,1220,880403,313281,31727,,0,04,2026
2,0212,33,5,1220,1372698,78483,2202,,0,04,2026
2,0212,34,5,1220,66574,66068,1446,,0,04,2026
2,0212,35,5,1220,285329,76322,3150,,0,04,2026
2,0212,36,5,1220,179651,306644,7622,,0,04,2026
2,0212,38,5,1220,1356800,1168755,16059,,0,04,2026
2,0212,39,5,1220,10763165,9107755,214181,,0,04,2026
2,0212,39,5,1220,24422,1285,2015,,1,04,2026
2,0212,40,5,1220,523710,139253,5251,,0,04,2026
2,0212,42,5,1220,9406,436,189,,0,04,2026
2,0212,44,5,1220,7120357,10241709,275197,,0,04,2026
2,0212,44,5,1220,183327,139580,16474,,1,04,2026
2,0212,44,6,1220,2633236,5685370,426992,,0,04,2026
2,0212,44,6,1220,711937,1363923,19071,,1,04,2026
2,0212,47,5,1220,288851,1778468,47317,,0,04,2026
2,0212,47,6,1220,1116579,2154103,15000,,0,04,2026
2,0212,48,5,1220,14609796,9327064,372204,,0,04,2026
2,0212,48,5,1220,24152,4008,1965,,1,04,2026
2,0212,48,6,1220,684294,1038332,5015,,0,04,2026
2,0212,48,6,1220,2719027,3114952,273612,,1,04,2026
2,0212,49,5,1220,478420,50263,6415,,0,04,2026
2,0212,49,5,1220,20321,63442,2331,,1,04,2026
2,0212,54,5,1220,271805,86125,1283,,0,04,2026
2,0212,55,5,1220,281712,10599,491,,0,04,2026
2,0212,56,5,1220,158302,44416,3101,,0,04,2026
2,0212,56,5,1220,3484,675,2,,1,04,2026
2,0212,58,5,1220,8083,23,7,,0,04,2026
2,0212,59,5,1220,196969,26852,7212,,0,04,2026
2,0212,60,5,1220,442172,21707,2996,,0,04,2026
2,0212,61,5,1220,98299,2398,86,,0,04,2026
2,0212,62,5,1220,1414048,30054,1548,,0,04,2026
2,0212,63,5,1220,84286,24251,1056,,0,04,2026
2,0212,64,5,1220,1341487,226650,5474,,0,04,2026
2,0212,65,5,1220,1700,136,2,,0,04,2026
2,0212,68,5,1220,2814864,9501198,32045,,0,04,2026
2,0212,70,5,1220,433478,163575,6375,,0,04,2026
2,0212,71,5,1220,15215238,1301,4175,,0,04,2026
2,0212,72,5,1220,1289728,684465,31846,,0,04,2026
2,0212,73,5,1220,3452311,1193375,80658,,0,04,2026
2,0212,74,5,1220,7700,78,200,,0,04,2026
2,0212,75,5,1220,472715,5204,182,,0,04,2026
2,0212,76,5,1220,1206987,65020,20444,,0,04,2026
2,0212,79,5,1220,5432,513,25,,0,04,2026
2,0212,81,5,1220,1225206,22868,938,,0,04,2026
2,0212,82,5,1220,417223,19567,10190,,0,04,2026
2,0212,83,5,1220,867995,54023,50295,,0,04,2026
2,0212,84,5,1220,46086826,493426,89573,,0,04,2026
2,0212,85,5,1220,3715702,87243,27765,,0,04,2026
2,0212,86,5,1220,34374,1739,112,,0,04,2026
2,0212,87,5,1220,4987557,555352,23108,,0,04,2026
2,0212,88,5,1220,202006,1171,8381,,0,04,2026
2,0212,89,5,1220,34434,4403,1129,,0,04,2026
2,0212,90,5,1220,712658,12218,2048,,0,04,2026
2,0212,93,3,1220,2270,10,5,,0,04,2026
2,0212,93,5,1220,555143,47803,4192,,0,04,2026
2,0212,94,5,1220,4396439,557970,63901,,0,04,2026
2,0212,95,5,1220,339059,24225,6712,,0,04,2026
2,0212,96,5,1220,22803,658,305,,0,04,2026
2,0212,97,5,1220,13930,86,239,,0,04,2026
2,0212,98,5,1220,9572482,1056631,49629,,0,04,2026
2,0212,98,5,1220,8118,499,249,,1,04,2026
2,0212,98,6,1220,102795,172366,24882,,0,04,2026
2,0212,98,6,1220,192428,258549,39581,,1,04,2026
2,02XX,07,5,2010,25200,15774,100,,0,04,2026
2,02XX,15,5,2010,9618,1316,1100,,0,04,2026
2,02XX,39,5,2010,22527,639,316,,0,04,2026
2,02XX,40,5,2010,3976,513,175,,0,04,2026
2,02XX,59,3,2010,875,12,242,,0,04,2026
2,02XX,61,5,2010,319,29,16,,0,04,2026
2,02XX,62,5,2010,564,4,56,,0,04,2026
2,02XX,68,3,2010,14225,16,500,,0,04,2026
2,02XX,84,5,2010,140290,800,866,,0,04,2026
2,02XX,85,5,2010,36233,2394,338,,0,04,2026
2,02XX,87,5,2010,2494969,136038,3712,,0,04,2026
2,02XX,89,5,2010,1307929,45823,1872,,0,04,2026
2,02XX,90,5,2010,38298,893,40,,0,04,2026
2,02XX,94,5,2010,9112,1941,94,,0,04,2026
2,02XX,98,3,2010,7998,1,500,,0,04,2026
2,02XX,98,5,2010,1115702,149836,4000,,0,04,2026
2,0417,03,3,1220,32067,1436,1100,,0,04,2026
2,0417,29,3,1220,33708,23,501,,0,04,2026
2,0417,33,3,1220,8758,31,308,,0,04,2026
2,0417,38,3,1220,2296,1,600,,0,04,2026
2,0417,39,3,1220,1333,11,254,,0,04,2026
2,0417,84,3,1220,2241444,1769,14906,,0,04,2026
2,0417,84,3,1220,13533,5,512,,1,04,2026
2,0417,85,3,1220,677713,2357,16766,,0,04,2026
2,0417,88,3,1220,278010,236,2709,,0,04,2026
2,0417,90,3,1220,2471481,4995,11173,,0,04,2026
2,0417,94,3,1220,3742,33,292,,0,04,2026
2,0417,96,3,1220,16104,2138,350,,0,04,2026
2,0417,97,3,1220,2804,6,2,,0,04,2026
2,0417,98,3,1220,350239,985,9318,,0,04,2026
2,04XX,03,3,2010,112376,12429,767,,0,04,2026
2,04XX,22,5,2010,10677,1471,2,,0,04,2026
2,04XX,25,1,2010,1158700,58166740,57500,,0,04,2026
2,04XX,25,1,2010,1177080,58854000,12000,,1,04,2026
2,04XX,27,1,1220,338091330,334726598,3909882,,0,04,2026
2,04XX,33,3,1220,12714,62,512,,0,04,2026
2,04XX,34,1,1220,9035,555,752,,1,04,2026
2,04XX,39,1,2010,3363,118,13,,1,04,2026
2,04XX,39,3,1220,3741,2,8,,0,04,2026
2,04XX,61,3,1220,468,16,104,,0,04,2026
2,04XX,70,3,2010,73600,2416,2174,,0,04,2026
2,04XX,73,3,1220,39789,18,79,,0,04,2026
2,04XX,73,5,1220,2408,48,143,,0,04,2026
2,04XX,76,3,1220,2316,1,65,,0,04,2026
2,04XX,82,3,1220,44802,1024,1651,,0,04,2026
2,04XX,84,1,2010,81869,461,1137,,1,04,2026
2,04XX,84,3,1220,662030,984,4908,,0,04,2026
2,04XX,84,3,2010,2664539,3590,16141,,0,04,2026
2,04XX,85,3,1220,150376,87,441,,0,04,2026
2,04XX,85,3,2010,96796,305,2540,,0,04,2026
2,04XX,85,5,1220,34900,3,144,,0,04,2026
2,04XX,87,3,2010,4270,274,160,,0,04,2026
2,04XX,87,5,2010,19120,1500,1,,0,04,2026
2,04XX,88,3,1220,33023462,46841,19496,,0,04,2026
2,04XX,90,3,1220,1763704,4432,10305,,0,04,2026
2,04XX,90,3,2010,316003,2719,13107,,0,04,2026
2,04XX,94,3,1220,1004,3,33,,0,04,2026
2,04XX,94,3,2010,510,7,100,,0,04,2026
2,04XX,95,1,1220,7710,1097,1,,0,04,2026
2,04XX,95,3,1220,15750,23,193,,0,04,2026
2,04XX,98,3,1220,1364644,7954,4473,,0,04,2026
2,04XX,98,3,2010,5685927,9978,21042,,0,04,2026
2,04XX,98,5,1220,23440,2000,1,,0,04,2026
2,05XX,25,1,1220,1740430,17404300,7000,,0,04,2026
2,05XX,27,1,1220,139168081,164173644,2299847,,0,04,2026
2,05XX,71,3,1220,6728,0,150,,0,04,2026
2,05XX,84,3,1220,192500,147,418,,0,04,2026
2,05XX,85,3,1220,354792,162,1500,,0,04,2026
2,05XX,87,1,2010,316631954,23061669,498415,,0,04,2026
2,05XX,88,3,1220,2750,2,150,,0,04,2026
2,05XX,90,3,1220,620000,613,8,,0,04,2026
2,05XX,94,3,1220,10066,33,141,,0,04,2026
2,05XX,98,3,1220,7207,11,1,,0,04,2026
2,0701,03,5,1220,336524,14969,591,,0,04,2026
2,0701,04,5,1220,154299,85171,949,,0,04,2026
2,0701,10,5,1220,651873,1624200,8392,,0,04,2026
2,0701,11,5,1220,370790,798382,3800,,0,04,2026
2,0701,12,5,1220,18503,113738,850,,0,04,2026
2,0701,15,5,1220,180157,205015,900,,0,04,2026
2,0701,17,5,1220,1276353,2786101,11800,,0,04,2026
2,0701,18,5,1220,72014,17863,100,,0,04,2026
2,0701,19,5,1220,11016,1440,125,,0,04,2026
2,0701,20,5,1220,280276,212972,1092,,0,04,2026
2,0701,21,5,1220,25808,10876,251,,0,04,2026
2,0701,23,5,1220,2555547,6146142,56024,,0,04,2026
2,0701,25,5,1220,113184,544183,7650,,0,04,2026
2,0701,26,5,1220,25915,88726,450,,0,04,2026
2,0701,27,5,1220,4287413,5728723,129118,,0,04,2026
2,0701,27,7,1220,159015656,0,23760960,,0,04,2026
2,0701,28,5,1220,33938,516067,1650,,0,04,2026
2,0701,28,5,1220,10565,88310,2649,,1,04,2026
2,0701,29,5,1220,214159,20400,100,,0,04,2026
2,0701,31,5,1220,123288,154806,651,,0,04,2026
2,0701,32,5,1220,45229,582,454,,0,04,2026
2,0701,33,5,1220,376571,9777,4474,,0,04,2026
2,0701,34,5,1220,32087,40589,248,,0,04,2026
2,0701,35,5,1220,6947,4852,72,,0,04,2026
2,0701,38,5,1220,9281375,84837,3503,,0,04,2026
2,0701,39,5,1220,1388102,278663,19108,,0,04,2026
2,0701,40,5,1220,29718,1568,296,,0,04,2026
2,0701,42,5,1220,86773,1421,860,,0,04,2026
2,0701,44,5,1220,4266709,8016575,243120,,0,04,2026
2,0701,47,5,1220,227609,608642,16158,,0,04,2026
2,0701,48,5,1220,672671,930434,9370,,0,04,2026
2,0701,49,5,1220,104865,4208,11513,,0,04,2026
2,0701,54,5,1220,25770,6283,35,,0,04,2026
2,0701,56,5,1220,183496,39461,1297,,0,04,2026
2,0701,58,5,1220,81413,23874,564,,0,04,2026
2,0701,59,5,1220,1338889,30982,1477,,0,04,2026
2,0701,61,5,1220,35269,432,387,,0,04,2026
2,0701,62,5,1220,24306,192,94,,0,04,2026
2,0701,63,5,1220,22203,409,184,,0,04,2026
2,0701,64,5,1220,10909,225,41,,0,04,2026
2,0701,65,5,1220,35084,135,251,,0,04,2026
2,0701,68,5,1220,928679,3699002,8171,,0,04,2026
2,0701,72,5,1220,1922859,1613282,57983,,0,04,2026
2,0701,73,5,1220,172778,64547,1354,,0,04,2026
2,0701,76,5,1220,2012427,520942,20116,,0,04,2026
2,0701,78,5,1220,16053,2321,70,,0,04,2026
2,0701,79,5,1220,70831,20365,421,,0,04,2026
2,0701,81,5,1220,1147185,3118,775,,0,04,2026
2,0701,82,5,1220,177219,3465,388,,0,04,2026
2,0701,83,5,1220,248701,12713,722,,0,04,2026
2,0701,84,5,1220,54457515,660756,2585630,,0,04,2026
2,0701,85,5,1220,14485732,232949,77120,,0,04,2026
2,0701,86,5,1220,289065,31308,502,,0,04,2026
2,0701,87,5,1220,2690028,257438,5700,,0,04,2026
2,0701,88,5,1220,55460,354,54,,0,04,2026
2,0701,89,5,1220,222802,49056,6134,,0,04,2026
2,0701,90,5,1220,3681452,48245,17494,,0,04,2026
2,0701,94,5,1220,251136,29389,3694,,0,04,2026
2,0701,95,5,1220,69528,6782,586,,0,04,2026
2,0701,96,5,1220,13502,160,14,,0,04,2026
2,0701,98,5,1220,3498768,133060,55236,,0,04,2026
2,0704,01,5,1220,59175,9072,600,,0,04,2026
2,0704,10,5,1220,24760,188000,1200,,0,04,2026
2,0704,11,5,1220,455176,820167,3300,,0,04,2026
2,0704,12,5,1220,7728,41730,450,,0,04,2026
2,0704,17,5,1220,52883,106517,400,,0,04,2026
2,0704,19,5,1220,6421,972,160,,0,04,2026
2,0704,20,5,1220,6559,2071,2940,,0,04,2026
2,0704,21,5,1220,4189,450,100,,0,04,2026
2,0704,22,5,1220,68714,90735,10000,,0,04,2026
2,0704,23,5,1220,848387,4130070,23900,,0,04,2026
2,0704,25,5,1220,32409,317200,3104,,0,04,2026
2,0704,26,5,1220,243785,508956,3139,,0,04,2026
2,0704,27,5,1220,4951635,4593524,168776,,0,04,2026
2,0704,27,7,1220,2293443,0,342698,,0,04,2026
2,0704,28,5,1220,672139,1323907,13150,,0,04,2026
2,0704,28,5,1220,15155,127469,2370,,1,04,2026
2,0704,31,5,1220,1387768,2534300,65020,,0,04,2026
2,0704,38,5,1220,130064,250428,1773,,0,04,2026
2,0704,39,5,1220,320873,103406,6393,,0,04,2026
2,0704,40,5,1220,28583,2366,302,,0,04,2026
2,0704,44,5,1220,336215,839789,11173,,0,04,2026
2,0704,47,5,1220,260890,817206,11295,,0,04,2026
2,0704,48,5,1220,259848,268993,7560,,0,04,2026
2,0704,54,5,1220,96071,32839,2250,,0,04,2026
2,0704,63,5,1220,8361,363,836,,0,04,2026
2,0704,68,5,1220,175413,405759,2159,,0,04,2026
2,0704,69,5,1220,20900,7817,213,,0,04,2026
2,0704,70,5,1220,303271,3005465,14931,,0,04,2026
2,0704,72,5,1220,60733,59758,4362,,0,04,2026
2,0704,73,5,1220,297732,74978,788,,0,04,2026
2,0704,76,5,1220,883806,224430,21386,,0,04,2026
2,0704,83,5,1220,102235,4498,88,,0,04,2026
2,0704,84,5,1220,1077516,73465,21649,,0,04,2026
2,0704,85,5,1220,157843,671370,6963,,0,04,2026
2,0704,87,5,1220,110409,16559,387,,0,04,2026
2,0704,88,3,1220,1775000,989,5000,,0,04,2026
2,0704,90,5,1220,824827,1786,21893,,0,04,2026
2,0704,94,5,1220,137162,8450,1186,,0,04,2026
2,0704,98,5,1220,255157,627847,16446,,0,04,2026
2,0704,98,8,1220,3728407,399615,176410,,0,04,2026
2,0708,01,5,1220,8840917,3174886,114022,,0,04,2026
2,0708,03,5,1220,374265,17057,500,,0,04,2026
2,0708,04,5,1220,4520129,1580517,26279,,0,04,2026
2,0708,05,5,1220,31012,796,199,,0,04,2026
2,0708,06,5,1220,66122,104181,4849,,0,04,2026
2,0708,07,5,1220,2346351,1834888,19854,,0,04,2026
2,0708,08,5,1220,1205243,437112,5027,,0,04,2026
2,0708,08,8,1220,59150,19958,100,,0,04,2026
2,0708,09,5,1220,1277517,114457,3155,,0,04,2026
2,0708,10,5,1220,442137,1510986,19742,,0,04,2026
2,0708,11,5,1220,936835,1539074,31146,,0,04,2026
2,0708,12,5,1220,179167,455949,16290,,0,04,2026
2,0708,12,5,1220,3814,18735,100,,1,04,2026
2,0708,13,5,1220,190080,775,300,,0,04,2026
2,0708,14,5,1220,2885,250,100,,0,04,2026
2,0708,15,5,1220,723081,593032,11477,,0,04,2026
2,0708,16,5,1220,1102799,206747,21814,,0,04,2026
2,0708,17,5,1220,5172568,1675860,68672,,0,04,2026
2,0708,18,5,1220,12862294,2351685,58285,,0,04,2026
2,0708,19,5,1220,11592799,2920546,112085,,0,04,2026
2,0708,20,5,1220,5730525,4320218,161968,,0,04,2026
2,0708,21,5,1220,11283239,3946194,125362,,0,04,2026
2,0708,21,5,1220,55716,59874,600,,1,04,2026
2,0708,22,5,1220,5966327,5084181,55548,,0,04,2026
2,0708,23,5,1220,1374902,1430694,57637,,0,04,2026
2,0708,24,5,1220,2379202,50716,237894,,0,04,2026
2,0708,25,5,1220,1176301,3226289,63906,,0,04,2026
2,0708,26,5,1220,180718,170478,13487,,0,04,2026
2,0708,27,5,1220,4918090,6658070,126491,,0,04,2026
2,0708,28,5,1220,10873256,2891160,78912,,0,04,2026
2,0708,29,5,1220,926989,388924,13039,,0,04,2026
2,0708,30,5,1220,6945414,502620,80504,,0,04,2026
2,0708,30,5,1220,60060,19040,3604,,1,04,2026
2,0708,31,5,1220,197870,362873,11887,,0,04,2026
2,0708,32,5,1220,6480471,2006357,109424,,0,04,2026
2,0708,33,5,1220,19557149,3066279,181493,,0,04,2026
2,0708,34,5,1220,5415945,705835,28368,,0,04,2026
2,0708,35,5,1220,471780,188339,37232,,0,04,2026
2,0708,36,5,1220,536808,86603,2153,,0,04,2026
2,0708,37,5,1220,11693,565,82,,0,04,2026
2,0708,38,5,1220,5252380,2242480,64999,,0,04,2026
2,0708,38,5,1220,47364,1445,1592,,1,04,2026
2,0708,39,5,1220,50818799,17208408,675283,,0,04,2026
2,0708,39,5,1220,399569,117337,12098,,1,04,2026
2,0708,40,5,1220,11811629,2910025,193268,,0,04,2026
2,0708,41,5,1220,6526,261,150,,0,04,2026
2,0708,42,5,1220,335963,24086,15417,,0,04,2026
2,0708,44,5,1220,17838897,19832536,723978,,0,04,2026
2,0708,44,5,1220,54585,1773,500,,1,04,2026
2,0708,44,8,1220,7000,340,500,,0,04,2026
2,0708,47,5,1220,1099613,2802800,141926,,0,04,2026
2,0708,48,5,1220,51247532,36237155,1804895,,0,04,2026
2,0708,48,5,1220,168955,28904,12291,,1,04,2026
2,0708,49,5,1220,4906168,810602,35482,,0,04,2026
2,0708,49,5,1220,71863,6519,4300,,1,04,2026
2,0708,53,5,1220,306,12,8,,0,04,2026
2,0708,54,5,1220,4269926,959844,37262,,0,04,2026
2,0708,55,5,1220,978212,98963,5557,,0,04,2026
2,0708,56,5,1220,1515035,239570,67917,,0,04,2026
2,0708,56,5,1220,233736,39584,687,,1,04,2026
2,0708,57,5,1220,2130,236,18,,0,04,2026
2,0708,58,5,1220,39887,3170,800,,0,04,2026
2,0708,58,5,1220,11241,198,45,,1,04,2026
2,0708,59,5,1220,6485527,366456,15338,,0,04,2026
2,0708,60,5,1220,603301,29499,8537,,0,04,2026
2,0708,63,5,1220,637212,48885,25545,,0,04,2026
2,0708,64,5,1220,37753,526,76,,0,04,2026
2,0708,65,5,1220,276909,4945,2814,,0,04,2026
2,0708,67,5,1220,1105,97,13,,0,04,2026
2,0708,68,5,1220,3171546,3336648,26322,,0,04,2026
2,0708,69,5,1220,48820,12686,599,,0,04,2026
2,0708,70,5,1220,3946610,2603487,89624,,0,04,2026
2,0708,71,5,1220,8031456,46586,17321,,0,04,2026
2,0708,72,5,1220,21491202,8474013,202835,,0,04,2026
2,0708,73,5,1220,11009390,2782686,94696,,0,04,2026
2,0708,74,5,1220,6361725,630587,8554,,0,04,2026
2,0708,74,5,1220,13963153,1117511,22762,,1,04,2026
2,0708,75,5,1220,1572983,151021,9383,,0,04,2026
2,0708,76,5,1220,44418268,10204022,512535,,0,04,2026
2,0708,78,5,1220,6380145,2366249,24784,,0,04,2026
2,0708,79,5,1220,3004325,763289,37910,,0,04,2026
2,0708,80,5,1220,8318,272,150,,0,04,2026
2,0708,81,5,1220,1995285,21349,4955,,0,04,2026
2,0708,82,5,1220,1915551,76489,7845,,0,04,2026
2,0708,83,5,1220,2832680,257672,31383,,0,04,2026
2,0708,84,5,1220,94900855,3724472,665372,,0,04,2026
2,0708,84,5,1220,696852,19822,6500,,1,04,2026
2,0708,85,5,1220,23420679,1357441,111424,,0,04,2026
2,0708,85,5,1220,371386,7586,3726,,1,04,2026
2,0708,86,5,1220,276862,14915,6055,,0,04,2026
2,0708,87,5,1220,21606005,4244719,106027,,0,04,2026
2,0708,88,5,1220,9260711,72838,13105,,0,04,2026
2,0708,89,5,1220,2299545,335974,11791,,0,04,2026
2,0708,90,5,1220,8775333,281832,181734,,0,04,2026
2,0708,90,5,1220,7066,216,237,,1,04,2026
2,0708,93,5,1220,2534438,208351,9996,,0,04,2026
2,0708,94,5,1220,17326927,1544279,348186,,0,04,2026
2,0708,95,5,1220,4755923,518932,42882,,0,04,2026
2,0708,96,5,1220,11004110,2161325,57781,,0,04,2026
2,0708,96,5,1220,27725,976,283,,1,04,2026
2,0708,97,5,1220,18919,280,189,,0,04,2026
2,0708,98,5,1220,56383539,5062079,597873,,0,04,2026
2,0708,98,5,1220,11720,408,1150,,1,04,2026
2,0708,98,8,1220,828653,5466,5000,,0,04,2026
2,0712,01,5,1220,816399,120596,7394,,0,04,2026
2,0712,02,5,1220,38267449,8715267,373275,,0,04,2026
2,0712,03,5,1220,4114716,225091,6990,,0,04,2026
2,0712,04,5,1220,1832020,1119875,20716,,0,04,2026
2,0712,05,5,1220,670149,691156,14284,,0,04,2026
2,0712,05,6,1220,91379,84572,500,,1,04,2026
2,0712,06,5,1220,1142879,1464106,39108,,0,04,2026
2,0712,07,5,1220,16956751,13442552,281976,,0,04,2026
2,0712,07,5,2010,453572,329856,10675,,0,04,2026
2,0712,08,5,1220,1925006,430376,5891,,0,04,2026
2,0712,09,5,1220,814134,82855,8101,,0,04,2026
2,0712,09,5,2010,12829,945,34,,0,04,2026
2,0712,10,5,1220,1762420,6338030,47686,,0,04,2026
2,0712,11,5,1220,2538604,3412827,92620,,0,04,2026
2,0712,11,5,1220,10655,19000,300,,1,04,2026
2,0712,11,6,1220,1249368,2193009,2401,,0,04,2026
2,0712,12,5,1220,454534,923184,26870,,0,04,2026
2,0712,13,5,1220,120787,519,2692,,0,04,2026
2,0712,14,5,1220,4169,25401,350,,0,04,2026
2,0712,15,5,1220,2874507,2308254,30061,,0,04,2026
2,0712,15,5,2010,21443,982,455,,0,04,2026
2,0712,15,6,1220,7565647,5773692,74365,,0,04,2026
2,0712,15,6,1220,126370,249211,7500,,1,04,2026
2,0712,16,5,1220,11701351,2738073,165835,,0,04,2026
2,0712,17,5,1220,6494806,1499663,78237,,0,04,2026
2,0712,17,5,2010,5082,3628,1,,0,04,2026
2,0712,18,5,1220,30542742,4542280,86329,,0,04,2026
2,0712,19,5,1220,15208830,4246948,141580,,0,04,2026
2,0712,20,5,1220,10291943,7013521,159147,,0,04,2026
2,0712,21,5,1220,15670337,5036757,178110,,0,04,2026
2,0712,22,5,1220,4893597,5304147,172880,,0,04,2026
2,0712,22,5,1220,227000,18507,5000,,1,04,2026
2,0712,23,5,1220,2955161,7184426,53628,,0,04,2026
2,0712,23,6,1220,302672,1103740,19436,,0,04,2026
2,0712,23,6,1220,244036,890312,5000,,1,04,2026
2,0712,25,5,1220,1504325,10523796,108577,,0,04,2026
2,0712,25,5,1220,54600,16645,2730,,1,04,2026
2,0712,25,6,1220,117336,1779108,5000,,0,04,2026
2,0712,25,6,1220,3314596,24366056,70786,,1,04,2026
2,0712,26,5,1220,167860,389131,2887,,0,04,2026
2,0712,27,5,1220,21100848,33009408,689764,,0,04,2026
2,0712,27,6,1220,4280290,9546676,98850,,0,04,2026
2,0712,27,6,1220,5482,22271,100,,1,04,2026
2,0712,27,8,1220,38429466,0,0,,0,04,2026
2,0712,28,5,1220,3293728,4851763,92033,,0,04,2026
2,0712,28,5,1220,140652,304686,5269,,1,04,2026
2,0712,28,6,1220,1276953,4430540,26500,,0,04,2026
2,0712,28,6,1220,759659,5681357,133231,,1,04,2026
2,0712,29,5,1220,1471566,447905,6660,,0,04,2026
2,0712,30,5,1220,4057634,126387,23752,,0,04,2026
2,0712,31,5,1220,3156104,4922775,71949,,0,04,2026
2,0712,31,6,1220,103925,460284,2500,,0,04,2026
2,0712,32,5,1220,3184483,897428,113215,,0,04,2026
2,0712,32,5,1220,1459433,635796,3103,,1,04,2026
2,0712,32,6,1220,770912,367506,1750,,0,04,2026
2,0712,33,5,1220,8819648,721082,86188,,0,04,2026
2,0712,33,5,1220,7810,29,105,,1,04,2026
2,0712,34,5,1220,3948753,963515,77318,,0,04,2026
2,0712,35,5,1220,987128,247768,8724,,0,04,2026
2,0712,36,5,1220,24484802,550320,500718,,0,04,2026
2,0712,36,5,2010,110374,2759,77,,0,04,2026
2,0712,38,5,1220,5126729,3507015,54132,,0,04,2026
2,0712,38,5,1220,6084,1387,200,,1,04,2026
2,0712,38,6,1220,2042,806,50,,0,04,2026
2,0712,38,6,1220,648426,353100,29357,,1,04,2026
2,0712,39,5,1220,38038757,15705226,687898,,0,04,2026
2,0712,39,5,1220,83885,972288,7021,,1,04,2026
2,0712,39,5,2010,45959,2903,1600,,0,04,2026
2,0712,39,6,1220,837553,770425,6316,,0,04,2026
2,0712,39,6,1220,1095995,1259432,13500,,1,04,2026
2,0712,40,5,1220,4665381,1627580,156002,,0,04,2026
2,0712,40,5,2010,8139,2333,761,,0,04,2026
2,0712,41,5,1220,5993,41,48,,0,04,2026
2,0712,42,5,1220,1202717,63822,48951,,0,04,2026
2,0712,42,5,1220,2760,155,1500,,1,04,2026
2,0712,43,5,1220,126294,408,1203,,0,04,2026
2,0712,44,5,1220,33604434,35724798,1272116,,0,04,2026
2,0712,44,5,1220,154663,125585,16592,,1,04,2026
2,0712,44,5,2010,4313,1232,31,,0,04,2026
2,0712,44,6,1220,12340956,29344289,467156,,0,04,2026
2,0712,44,6,1220,3807786,7931831,186456,,1,04,2026
2,0712,47,5,1220,963038,1233949,95658,,0,04,2026
2,0712,47,6,1220,864623,1472188,14034,,0,04,2026
2,0712,47,6,1220,16145223,26154628,1476487,,1,04,2026
2,0712,48,5,1220,47239379,33162097,1589093,,0,04,2026
2,0712,48,5,1220,102376,22343,7787,,1,04,2026
2,0712,48,6,1220,3735644,4270966,144325,,0,04,2026
2,0712,48,6,1220,3038007,3702078,203468,,1,04,2026
2,0712,49,5,1220,6195303,862304,65259,,0,04,2026
2,0712,50,5,1220,3465,3,158,,0,04,2026
2,0712,51,5,1220,22639,612,991,,0,04,2026
2,0712,52,5,1220,31822,3586,3286,,0,04,2026
2,0712,53,5,1220,1800,25,2,,0,04,2026
2,0712,54,5,1220,453268,44974,9193,,0,04,2026
2,0712,55,5,1220,249941,8340,4781,,0,04,2026
2,0712,56,5,1220,3947868,552711,34926,,0,04,2026
2,0712,57,5,1220,24921,2310,1629,,0,04,2026
2,0712,57,6,1220,731,28,2,,1,04,2026
2,0712,58,5,1220,68172,3812,3022,,0,04,2026
2,0712,59,5,1220,2552384,215079,30879,,0,04,2026
2,0712,60,5,1220,223720,19717,2926,,0,04,2026
2,0712,61,5,1220,2877886,38131,75733,,0,04,2026
2,0712,61,5,2010,218880,8815,13228,,0,04,2026
2,0712,62,5,1220,13681978,62104,147606,,0,04,2026
2,0712,63,5,1220,942961,175512,30018,,0,04,2026
2,0712,63,5,2010,12639,398,2100,,0,04,2026
2,0712,64,5,1220,297907,16778,4537,,0,04,2026
2,0712,64,5,2010,16122,564,274,,0,04,2026
2,0712,65,5,1220,395135,18994,7891,,0,04,2026
2,0712,65,5,2010,327,2,9,,0,04,2026
2,0712,66,5,1220,2483,230,37,,0,04,2026
2,0712,67,5,1220,45689,4006,2594,,0,04,2026
2,0712,68,5,1220,5984055,9928918,40416,,0,04,2026
2,0712,68,5,1220,3015,128,183,,1,04,2026
2,0712,69,5,1220,47233,2745,890,,0,04,2026
2,0712,70,5,1220,1794966,698726,33433,,0,04,2026
2,0712,71,5,1220,12709729,24361,37007,,0,04,2026
2,0712,71,5,1220,28000,2,222,,1,04,2026
2,0712,72,5,1220,1491705,1152147,21419,,0,04,2026
2,0712,73,5,1220,14379208,5411130,161011,,0,04,2026
2,0712,73,5,1220,2513,1,109,,1,04,2026
2,0712,73,6,1220,211800,61235,200,,0,04,2026
2,0712,74,5,1220,804120,70661,2199,,0,04,2026
2,0712,74,5,1220,32870773,2625345,38837,,1,04,2026
2,0712,75,5,1220,1725941,103767,4088,,0,04,2026
2,0712,76,5,1220,16394294,3288023,207631,,0,04,2026
2,0712,76,5,1220,9286,304,111,,1,04,2026
2,0712,76,6,1220,41739686,10890393,657690,,0,04,2026
2,0712,78,5,1220,8106924,2912356,30000,,0,04,2026
2,0712,79,5,1220,1329039,303709,12853,,0,04,2026
2,0712,79,6,1220,1656682,480813,2850,,1,04,2026
2,0712,80,5,1220,130633,7535,1092,,0,04,2026
2,0712,80,5,2010,16026,468,57,,0,04,2026
2,0712,81,5,1220,1573662,23213,6640,,0,04,2026
2,0712,81,5,1220,29250,158,1500,,1,04,2026
2,0712,82,5,1220,1631400,87036,15518,,0,04,2026
2,0712,83,5,1220,3008389,72533,38626,,0,04,2026
2,0712,83,5,2010,28614,1403,618,,0,04,2026
2,0712,84,5,1220,87692163,2972372,721468,,0,04,2026
2,0712,84,5,1220,277896,8066,11812,,1,04,2026
2,0712,84,5,2010,492913,19047,6813,,0,04,2026
2,0712,85,5,1220,41892633,1503857,477131,,0,04,2026
2,0712,85,5,1220,97009,276,3901,,1,04,2026
2,0712,85,5,2010,254638,11409,5048,,0,04,2026
2,0712,85,6,2010,43400,4246,1,,1,04,2026
2,0712,86,5,1220,1569698,68971,13111,,0,04,2026
2,0712,87,5,1220,63556125,2998051,204492,,0,04,2026
2,0712,87,5,2010,116352,21889,1194,,0,04,2026
2,0712,88,5,1220,117445021,100307,1239258,,0,04,2026
2,0712,89,5,1220,2607607,178976,21282,,0,04,2026
2,0712,89,5,2010,389312,14598,628,,0,04,2026
2,0712,90,5,1220,18699073,465343,125028,,0,04,2026
2,0712,90,5,1220,10959,82,1000,,1,04,2026
2,0712,90,5,2010,94219,704,1238,,0,04,2026
2,0712,91,5,1220,2465,0,14,,0,04,2026
2,0712,92,5,1220,267414,34462,4636,,0,04,2026
2,0712,93,5,1220,2314331,142347,6833,,0,04,2026
2,0712,94,3,1220,402,1,28,,0,04,2026
2,0712,94,5,1220,34614716,2935474,863914,,0,04,2026
2,0712,94,5,1220,75525,6402,1650,,1,04,2026
2,0712,94,5,2010,9116,10752,538,,0,04,2026
2,0712,95,5,1220,4804980,670786,54211,,0,04,2026
2,0712,95,5,2010,24401,408,1500,,0,04,2026
2,0712,96,5,1220,2859188,652237,27019,,0,04,2026
2,0712,97,5,1220,2678184,4056,8364,,0,04,2026
2,0712,97,5,1220,138000,41,150,,1,04,2026
2,0712,98,5,1220,45615439,2819887,294849,,0,04,2026
2,0712,98,5,1220,273700,63557,8915,,1,04,2026
2,0712,98,5,2010,6706,377,27,,0,04,2026
2,0715,10,5,1220,124456,385791,5431,,0,04,2026
2,0715,11,5,1220,281589,956968,9748,,0,04,2026
2,0715,11,6,1220,113914,174492,2000,,0,04,2026
2,0715,12,5,1220,77473,170739,2677,,0,04,2026
2,0715,12,6,1220,89549,85540,200,,0,04,2026
2,0715,15,5,1220,20144,19432,100,,0,04,2026
2,0715,15,6,1220,1554809,1040502,2300,,0,04,2026
2,0715,15,6,1220,138184,80960,800,,1,04,2026
2,0715,20,5,1220,972884,697293,5998,,0,04,2026
2,0715,22,6,1220,225966,340000,800,,0,04,2026
2,0715,23,5,1220,1576061,2818327,38803,,0,04,2026
2,0715,23,6,1220,1624722,1696782,1800,,0,04,2026
2,0715,25,5,1220,43545,448482,1437,,0,04,2026
2,0715,25,6,1220,2517083,4892328,58850,,0,04,2026
2,0715,27,5,1220,378407,688968,6100,,0,04,2026
2,0715,27,5,1220,85500,161676,1800,,1,04,2026
2,0715,27,6,1220,1674648,2556573,41500,,0,04,2026
2,0715,27,6,1220,1721701,4230077,11050,,1,04,2026
2,0715,28,5,1220,55585,129955,1000,,0,04,2026
2,0715,28,6,1220,4318087,9401385,65491,,0,04,2026
2,0715,28,6,1220,502443,5329196,5413,,1,04,2026
2,0715,31,5,1220,519014,813790,26109,,0,04,2026
2,0715,32,5,1220,1006514,546281,2000,,1,04,2026
2,0715,32,6,1220,798674,363101,2000,,0,04,2026
2,0715,38,6,1220,10797,85180,2000,,1,04,2026
2,0715,39,5,1220,2684,380,126,,0,04,2026
2,0715,39,6,1220,127289,260783,3000,,0,04,2026
2,0715,44,5,1220,125459,474320,53281,,0,04,2026
2,0715,44,6,1220,15078037,35784372,1015012,,0,04,2026
2,0715,44,6,1220,7309928,14979627,331496,,1,04,2026
2,0715,47,5,1220,107811,491121,26288,,0,04,2026
2,0715,47,6,1220,4381200,7677859,20000,,0,04,2026
2,0715,47,6,1220,8258070,12823116,821554,,1,04,2026
2,0715,48,5,1220,168390,155189,300,,0,04,2026
2,0715,48,6,1220,2166215,2939574,114589,,0,04,2026
2,0715,48,6,1220,4293676,5946519,440283,,1,04,2026
2,0715,68,6,1220,223288,545866,6,,0,04,2026
2,0715,70,6,1220,124695,938482,5980,,0,04,2026
2,0715,70,6,1220,41606,312843,14000,,1,04,2026
2,0715,72,6,1220,1698283,1908009,5700,,0,04,2026
2,0715,72,6,1220,485184,780433,3700,,1,04,2026
2,0715,74,6,1220,57365507,4556138,29703,,1,04,2026
2,0715,76,6,1220,4154257,1133707,202889,,0,04,2026
2,07XX,07,5,2010,97655,52313,649,,0,04,2026
2,07XX,15,5,2010,10725,1139,226,,0,04,2026
2,07XX,39,5,2010,1352,369,9,,0,04,2026
2,07XX,44,5,2010,4613,6387,200,,0,04,2026
2,07XX,48,5,2010,5381,726,538,,0,04,2026
2,07XX,56,5,2010,876,294,5,,0,04,2026
2,07XX,73,5,2010,21148,4148,46,,0,04,2026
2,07XX,84,5,2010,375855,4382,7831,,0,04,2026
2,07XX,85,5,2010,976098,15448,2880,,0,04,2026
2,07XX,87,5,2010,43308,2702,278,,0,04,2026
2,07XX,89,5,2010,227215,8416,594,,0,04,2026
2,07XX,90,5,2010,32250,56,36,,0,04,2026
2,07XX,94,5,2010,15559,1996,1518,,0,04,2026
2,07XX,98,5,2010,13039,106,6,,0,04,2026
2,0901,01,5,1220,32652263,7526540,105576,,0,04,2026
2,0901,02,5,1220,59048275,11259321,4476316,,0,04,2026
2,0901,03,5,1220,3652360,477691,31733,,0,04,2026
2,0901,04,5,1220,4423135,788172,121863,,0,04,2026
2,0901,05,5,1220,2413133,1807061,26205,,0,04,2026
2,0901,06,5,1220,46110990,10683133,1017156,,0,04,2026
2,0901,07,5,1220,34778846,25343226,529750,,0,04,2026
2,0901,07,5,2010,789546,217356,3726,,0,04,2026
2,0901,08,5,1220,2665279,993491,35948,,0,04,2026
2,0901,08,5,2010,122459,27538,252,,0,04,2026
2,0901,09,5,1220,14721788,1343499,73015,,0,04,2026
2,0901,09,5,2010,56484,37247,143,,0,04,2026
2,0901,10,1,1220,5044324,18329000,100,,0,04,2026
2,0901,10,5,1220,6466122,22075480,105877,,0,04,2026
2,0901,10,5,1220,127140,700000,2000,,1,04,2026
2,0901,11,5,1220,3868572,5588042,92097,,0,04,2026
2,0901,11,6,1220,68592,145318,1600,,1,04,2026
2,0901,12,5,1220,5285053,10023479,159743,,0,04,2026
2,0901,12,5,1220,435082,696265,3600,,1,04,2026
2,0901,13,5,1220,147981,7888,1385,,0,04,2026
2,0901,14,5,1220,197611,103588,9129,,0,04,2026
2,0901,15,5,1220,3855870,2044997,61258,,0,04,2026
2,0901,15,6,1220,8230356,6369190,12800,,0,04,2026
2,0901,15,6,1220,403474,416004,9100,,1,04,2026
2,0901,16,5,1220,9909815,2762382,78702,,0,04,2026
2,0901,17,1,2010,1318889,3995180,2100,,0,04,2026
2,0901,17,5,1220,14302029,6989346,177972,,0,04,2026
2,0901,17,5,2010,429131,607108,67344,,0,04,2026
2,0901,17,6,1220,35565,80180,800,,0,04,2026
2,0901,17,6,1220,1198847,2533114,22548,,1,04,2026
2,0901,18,5,1220,43600375,7398270,218627,,0,04,2026
2,0901,18,5,2010,16297,3213,18,,0,04,2026
2,0901,19,5,1220,134464613,41105224,2201963,,0,04,2026
2,0901,19,5,2010,10193,3824,63,,0,04,2026
2,0901,20,5,1220,30696121,14587717,400487,,0,04,2026
2,0901,20,5,2010,21901,16166,60,,0,04,2026
2,0901,20,6,1220,27668,24050,150,,1,04,2026
2,0901,21,5,1220,36669275,16981991,457312,,0,04,2026
2,0901,22,5,1220,20050206,18606539,589625,,0,04,2026
2,0901,22,5,1220,3943,15892,2600,,1,04,2026
2,0901,22,6,1220,1606733,1780040,29231,,0,04,2026
2,0901,23,5,1220,12399563,20804907,229672,,0,04,2026
2,0901,23,6,1220,333079,2072420,2700,,0,04,2026
2,0901,24,5,1220,4632235,202483,264229,,0,04,2026
2,0901,24,9,1220,356904,32287,4640,,0,04,2026
2,0901,25,1,1220,1935616,30232728,40000,,0,04,2026
2,0901,25,5,1220,6637078,24310522,258094,,0,04,2026
2,0901,25,5,1220,9576,9037,2250,,1,04,2026
2,0901,25,6,1220,178235,2229728,45644,,0,04,2026
2,0901,25,6,1220,882720,6303529,23977,,1,04,2026
2,0901,26,5,1220,472658,1811526,16928,,0,04,2026
2,0901,27,5,1220,37641990,37289628,472142,,0,04,2026
2,0901,27,6,1220,5598616,6984571,59700,,0,04,2026
2,0901,27,6,1220,7835596,5858647,52525,,1,04,2026
2,0901,27,7,1220,284063341,234139003,21173903,,0,04,2026
2,0901,27,8,1220,48257783,0,0,,0,04,2026
2,0901,28,5,1220,16872810,12598426,338527,,0,04,2026
2,0901,28,5,1220,76386,137582,3500,,1,04,2026
2,0901,28,5,2010,56555,19000,736,,0,04,2026
2,0901,28,6,1220,5480078,14177377,66730,,0,04,2026
2,0901,28,6,1220,3455649,25643026,625616,,1,04,2026
2,0901,29,5,1220,13158949,1542908,306848,,0,04,2026
2,0901,29,5,2010,15179,1376,1077,,0,04,2026
2,0901,29,6,1220,3170649,3126317,30740,,0,04,2026
2,0901,29,6,1220,3973564,5553457,217238,,1,04,2026
2,0901,30,5,1220,102818481,1280314,286777,,0,04,2026
2,0901,30,5,1220,402330,6332,2980,,1,04,2026
2,0901,30,5,2010,24799,4830,28,,0,04,2026
2,0901,30,6,1220,11199,2144,53,,1,04,2026
2,0901,31,5,1220,2438907,3657241,34321,,0,04,2026
2,0901,31,6,1220,2024072,5769606,22200,,0,04,2026
2,0901,31,6,1220,116862,276756,11649,,1,04,2026
2,0901,32,5,1220,13996965,3241906,438126,,0,04,2026
2,0901,32,5,1220,49115,8050,501,,1,04,2026
2,0901,32,6,1220,18204,5373,33,,1,04,2026
2,0901,33,5,1220,79029326,9101269,1487010,,0,04,2026
2,0901,33,5,1220,285753,10114,3002,,1,04,2026
2,0901,33,5,2010,1318704,197692,4373,,0,04,2026
2,0901,34,5,1220,35085691,15238826,576701,,0,04,2026
2,0901,34,5,1220,282820,449806,42101,,1,04,2026
2,0901,34,5,2010,193511,87751,477,,0,04,2026
2,0901,34,6,1220,6748,16120,500,,1,04,2026
2,0901,35,5,1220,2327060,463635,17918,,0,04,2026
2,0901,37,5,1220,271951,386,284,,0,04,2026
2,0901,38,5,1220,72903186,8152785,229566,,0,04,2026
2,0901,38,5,1220,162096,60710,600,,1,04,2026
2,0901,38,5,2010,10156,496,721,,0,04,2026
2,0901,38,6,1220,9643,14000,103,,0,04,2026
2,0901,38,6,1220,23101,83360,800,,1,04,2026
2,0901,39,3,1220,9165,97,1156,,0,04,2026
2,0901,39,5,1220,190676989,63627799,3252199,,0,04,2026
2,0901,39,5,1220,538090,291742,18579,,1,04,2026
2,0901,39,5,2010,77358,7155,1584,,0,04,2026
2,0901,39,6,1220,16110854,17625205,94634,,0,04,2026
2,0901,39,6,1220,5267921,6541347,16205,,1,04,2026
2,0901,39,8,1220,2228,1665,45,,0,04,2026
2,0901,40,3,1220,9674,23,173,,0,04,2026
2,0901,40,5,1220,15038941,4823257,292292,,0,04,2026
2,0901,40,5,1220,13309,1091,170,,1,04,2026
2,0901,40,5,2010,143711,7342,3369,,0,04,2026
2,0901,40,6,1220,2833020,585173,56034,,0,04,2026
2,0901,40,6,1220,491090,97974,2535,,1,04,2026
2,0901,41,5,1220,66694,29179,6618,,0,04,2026
2,0901,42,5,1220,5036058,81372,257077,,0,04,2026
2,0901,43,5,1220,257287,1821,596,,0,04,2026
2,0901,44,5,1220,25206729,21657114,728278,,0,04,2026
2,0901,44,5,1220,6400,544,200,,1,04,2026
2,0901,44,6,1220,21557664,47844343,769466,,0,04,2026
2,0901,44,6,1220,4147628,6586362,40953,,1,04,2026
2,0901,44,6,2010,9225,3016,17,,1,04,2026
2,0901,45,5,1220,14185,912,19,,0,04,2026
2,0901,47,5,1220,3082016,23451142,298713,,0,04,2026
2,0901,47,6,1220,448959,848054,66295,,0,04,2026
2,0901,47,6,1220,3805713,5229747,49223,,1,04,2026
2,0901,48,5,1220,90793625,72488421,2663247,,0,04,2026
2,0901,48,5,1220,138527,94943,16146,,1,04,2026
2,0901,48,6,1220,1301162,1256288,6606,,0,04,2026
2,0901,48,6,1220,2957852,2749599,91146,,1,04,2026
2,0901,49,3,1220,3000,52,300,,0,04,2026
2,0901,49,5,1220,8930167,1531221,212055,,0,04,2026
2,0901,50,5,1220,287,34,6,,0,04,2026
2,0901,51,5,1220,799399,29606,6628,,0,04,2026
2,0901,51,5,1220,85463,2857,500,,1,04,2026
2,0901,52,5,1220,505,32,10,,0,04,2026
2,0901,54,5,1220,327947,68703,11151,,0,04,2026
2,0901,55,5,1220,13782,19008,125,,0,04,2026
2,0901,55,5,2010,1302,156,1,,0,04,2026
2,0901,56,5,1220,2380308,465121,31121,,0,04,2026
2,0901,56,5,1220,76509,1518,5,,1,04,2026
2,0901,56,5,2010,407,143,100,,0,04,2026
2,0901,57,5,1220,186728,25516,2137,,0,04,2026
2,0901,58,5,1220,92914,11236,30451,,0,04,2026
2,0901,59,3,1220,1020,12,25,,0,04,2026
2,0901,59,5,1220,1903837,230155,18251,,0,04,2026
2,0901,59,5,2010,756,14,28,,0,04,2026
2,0901,60,5,1220,216555,17769,4643,,0,04,2026
2,0901,61,5,1220,2288640,57311,362367,,0,04,2026
2,0901,61,5,2010,139854,4050,8338,,0,04,2026
2,0901,62,5,1220,4027296,37576,274565,,0,04,2026
2,0901,62,5,1220,29764,2680,5,,1,04,2026
2,0901,62,5,2010,3642,102,265,,0,04,2026
2,0901,63,5,1220,1142710,513645,54371,,0,04,2026
2,0901,63,5,1220,732,16,225,,1,04,2026
2,0901,64,5,1220,112191,6889,15260,,0,04,2026
2,0901,65,5,1220,148790,5255,2117,,0,04,2026
2,0901,65,5,2010,368,31,5,,0,04,2026
2,0901,66,5,1220,1280,48,267,,0,04,2026
2,0901,67,5,1220,12302,739,4974,,0,04,2026
2,0901,68,5,1220,19068320,26507555,411025,,0,04,2026
2,0901,68,5,1220,10089,1068,1000,,1,04,2026
2,0901,68,5,2010,3741,61,47,,0,04,2026
2,0901,68,6,1220,158140,30748,267,,1,04,2026
2,0901,69,5,1220,1073339,281242,9052,,0,04,2026
2,0901,69,5,2010,9326,4372,400,,0,04,2026
2,0901,70,5,1220,9181266,3341894,138389,,0,04,2026
2,0901,70,5,1220,5542,935,82,,1,04,2026
2,0901,70,5,2010,268749,40191,1093,,0,04,2026
2,0901,70,6,1220,177141,920507,7400,,1,04,2026
2,0901,71,5,1220,131255083,77496,176067,,0,04,2026
2,0901,72,5,1220,35828172,41828875,705118,,0,04,2026
2,0901,72,5,1220,128268,99380,951,,1,04,2026
2,0901,72,5,2010,20361,26729,144,,0,04,2026
2,0901,72,6,1220,1534720,2527163,5450,,0,04,2026
2,0901,72,6,1220,4187788,8219402,59400,,1,04,2026
2,0901,73,5,1220,43259780,14630010,554726,,0,04,2026
2,0901,73,5,1220,38140,1499,2809,,1,04,2026
2,0901,73,5,2010,89035,7531,2786,,0,04,2026
2,0901,74,5,1220,34056820,3384878,277821,,0,04,2026
2,0901,74,5,1220,21329798,1705721,47633,,1,04,2026
2,0901,74,5,2010,4380,21,29,,0,04,2026
2,0901,74,6,1220,2491199,207829,8520,,1,04,2026
2,0901,75,5,1220,61901753,4237636,49875,,0,04,2026
2,0901,75,5,2010,318683,65,378,,0,04,2026
2,0901,76,3,1220,13540,65,12,,0,04,2026
2,0901,76,5,1220,65774094,15387121,795176,,0,04,2026
2,0901,76,5,1220,18369,2338,918,,1,04,2026
2,0901,76,5,2010,8024,1197,200,,0,04,2026
2,0901,76,6,1220,11165021,3159669,52240,,0,04,2026
2,0901,76,6,1220,574294,131331,5093,,1,04,2026
2,0901,78,5,1220,1789307,690379,6352,,0,04,2026
2,0901,79,5,1220,3775157,997195,45303,,0,04,2026
2,0901,79,6,1220,3638913,1059847,52590,,1,04,2026
2,0901,80,5,1220,184815,38667,600,,0,04,2026
2,0901,81,5,1220,13127731,239802,33634,,0,04,2026
2,0901,81,5,2010,17538,3,4,,0,04,2026
2,0901,82,5,1220,3669482,143180,43368,,0,04,2026
2,0901,82,5,1220,19006,1166,2186,,1,04,2026
2,0901,82,5,2010,9102,258,46,,0,04,2026
2,0901,83,5,1220,14018666,2298438,200762,,0,04,2026
2,0901,83,5,1220,7748,6934,387,,1,04,2026
2,0901,84,3,1220,108155,1362,2187,,0,04,2026
2,0901,84,5,1220,407281633,16528949,30977642,,0,04,2026
2,0901,84,5,1220,1976502,65571,53709,,1,04,2026
2,0901,84,5,2010,10574903,130639,65843,,0,04,2026
2,0901,84,6,2010,12866,80,200,,0,04,2026
2,0901,85,3,1220,130298,795,26074,,0,04,2026
2,0901,85,3,2010,7500,18,197,,0,04,2026
2,0901,85,5,1220,156749944,8553223,2161014,,0,04,2026
2,0901,85,5,1220,934372,10971,16603,,1,04,2026
2,0901,85,5,2010,1861603,113846,27469,,0,04,2026
2,0901,85,5,2010,45127,1528,2587,,1,04,2026
2,0901,86,5,1220,1233906,247804,37324,,0,04,2026
2,0901,86,5,1220,10791,979,540,,1,04,2026
2,0901,87,5,1220,306850765,25868230,2816976,,0,04,2026
2,0901,87,5,1220,43620,1994,1767,,1,04,2026
2,0901,87,5,2010,549901,84883,8958,,0,04,2026
2,0901,87,6,1220,188553030,18612807,1139810,,0,04,2026
2,0901,87,8,1220,16416,1500,500,,0,04,2026
2,0901,88,3,1220,2150271,4130,2142,,0,04,2026
2,0901,88,5,1220,35238198,196306,108451,,0,04,2026
2,0901,88,5,1220,5487,18,500,,1,04,2026
2,0901,88,5,2010,112645,884,4852,,0,04,2026
2,0901,88,8,1220,8000000,10661,15000,,0,04,2026
2,0901,89,5,1220,2965204,242075,15669,,0,04,2026
2,0901,90,3,1220,1206682,3736,6320,,0,04,2026
2,0901,90,5,1220,47802008,643516,249290,,0,04,2026
2,0901,90,5,1220,2196,44,674,,1,04,2026
2,0901,90,5,2010,601187,14141,2213,,0,04,2026
2,0901,90,5,2010,18584,1911,1911,,1,04,2026
2,0901,90,6,1220,45854,5400,1847,,1,04,2026
2,0901,90,8,1220,14340,303,96,,0,04,2026
2,0901,91,5,1220,827417,5355,30623,,0,04,2026
2,0901,92,5,1220,414769,8967,7310,,0,04,2026
2,0901,93,5,1220,1393730,73116,10037,,0,04,2026
2,0901,94,3,1220,1066,10,3,,0,04,2026
2,0901,94,5,1220,85121923,10817352,1428514,,0,04,2026
2,0901,94,5,1220,185852,11268,15670,,1,04,2026
2,0901,94,5,2010,22104,1838,1371,,0,04,2026
2,0901,94,6,1220,7162,1196,250,,1,04,2026
2,0901,95,5,1220,7011652,831192,212534,,0,04,2026
2,0901,95,5,1220,10000,673,500,,1,04,2026
2,0901,96,5,1220,2605371,299838,17207,,0,04,2026
2,0901,96,6,1220,284790,101546,2081,,1,04,2026
2,0901,97,5,1220,1809202,13285,15155,,0,04,2026
2,0901,97,5,2010,2255,3,24,,0,04,2026
2,0901,98,3,1220,1305990,71309,5214,,0,04,2026
2,0901,98,5,1220,134624766,16077111,2240097,,0,04,2026
2,0901,98,5,1220,5025508,149760,73993,,1,04,2026
2,0901,98,5,2010,279558,5370,1877,,0,04,2026
2,0901,98,6,1220,143133,259357,36659,,0,04,2026
2,0901,98,6,1220,737962,1120379,150978,,1,04,2026
2,0901,98,8,1220,15000,1500,500,,0,04,2026
2,0903,25,1,1220,407598,3717000,1080,,0,04,2026
2,0903,84,3,1220,6236,4,1005,,0,04,2026
2,0903,84,3,1220,935868,718,4500,,1,04,2026
2,0903,85,3,1220,19119,393,420,,0,04,2026
2,0903,87,5,1220,90487,542,60,,0,04,2026
2,0903,90,3,1220,18012,112,758,,0,04,2026
2,0903,94,3,1220,9403,32,191,,0,04,2026
2,0903,98,3,1220,279505,72,13325,,0,04,2026
2,0903,98,9,1220,69998,1,910,,0,04,2026
2,0904,25,1,1220,3101280,22652130,35162,,0,04,2026
2,0904,76,1,1220,14860371,3996984,66086,,0,04,2026
2,0906,28,3,1220,138632,239,851,,0,04,2026
2,0906,39,3,1220,5452,2,500,,0,04,2026
2,0906,40,3,1220,2817,6,237,,0,04,2026
2,0906,59,3,1220,796,10,50,,0,04,2026
2,0906,63,3,1220,14139,13,150,,0,04,2026
2,0906,84,3,1220,6669,42,514,,0,04,2026
2,0906,85,3,1220,260266,208,6174,,0,04,2026
2,0906,90,3,1220,35213,3446,1515,,0,04,2026
2,0906,94,3,1220,1155,13,400,,0,04,2026
2,0906,98,3,1220,103641,163,2726,,0,04,2026
2,09XX,85,3,2010,53175,297,2780,,0,04,2026
2,1003,01,3,2010,24002,35,2060,,0,04,2026
2,1003,03,1,2010,216932,29900,8000,,1,04,2026
2,1003,03,3,1220,121300,1022,4194,,0,04,2026
2,1003,03,3,2010,390463,48732,63911,,0,04,2026
2,1003,05,1,1220,28846,35340,6000,,1,04,2026
2,1003,09,1,2010,8004585,1173323,92042,,1,04,2026
2,1003,12,1,1220,15918,1399,206,,1,04,2026
2,1003,12,1,2010,26754,2215,927,,1,04,2026
2,1003,15,1,2010,5371339,1104880,226190,,1,04,2026
2,1003,18,1,2010,1431943,505902,40000,,1,04,2026
2,1003,19,1,2010,76031,47580,4000,,1,04,2026
2,1003,20,1,2010,109252,43871,8081,,1,04,2026
2,1003,21,1,2010,62244,39501,4000,,1,04,2026
2,1003,21,3,1220,2295,11,350,,0,04,2026
2,1003,22,1,2010,10242378,2536666,398844,,1,04,2026
2,1003,22,5,1220,25958,19736,5000,,0,04,2026
2,1003,22,5,2010,554239,110615,11047,,0,04,2026
2,1003,22,9,1220,333139,78409,4329,,0,04,2026
2,1003,22,9,2010,4467762,615393,58082,,0,04,2026
2,1003,25,1,1220,5481440,54814400,20000,,0,04,2026
2,1003,27,1,1220,258593489,270062864,4315822,,0,04,2026
2,1003,27,1,1220,4643,636,267,,1,04,2026
2,1003,28,1,1220,124570,7014,11767,,1,04,2026
2,1003,29,1,2010,621674,167913,12559,,1,04,2026
2,1003,29,3,2010,40576,982,853,,0,04,2026
2,1003,29,9,2010,2123593,169645,44597,,0,04,2026
2,1003,30,1,2010,111240,2132,1241,,1,04,2026
2,1003,30,3,1220,49855,63,909,,0,04,2026
2,1003,30,8,1220,68186,4,3000,,0,04,2026
2,1003,30,9,1220,50772,16,746,,0,04,2026
2,1003,32,1,1220,6576,84,1737,,1,04,2026
2,1003,32,3,2010,3855,130,1000,,0,04,2026
2,1003,33,1,1220,219419,5995,2394,,1,04,2026
2,1003,33,1,2010,517775,54332,6941,,1,04,2026
2,1003,33,3,1220,13566,53,172,,0,04,2026
2,1003,33,3,2010,12566,1884,1650,,0,04,2026
2,1003,38,3,1220,85939,488,395,,0,04,2026
2,1003,39,1,1220,1908,41,80,,1,04,2026
2,1003,39,1,2010,14076,235,31,,1,04,2026
2,1003,39,3,2010,274,14,47,,0,04,2026
2,1003,40,1,1220,3179,289,257,,1,04,2026
2,1003,40,1,2010,8888,287,104,,1,04,2026
2,1003,42,1,1220,473,24,38,,1,04,2026
2,1003,68,5,1220,3638,4904,100,,0,04,2026
2,1003,69,1,2010,37359,87117,16001,,1,04,2026
2,1003,70,1,2010,7795,19850,4062,,1,04,2026
2,1003,71,3,1220,29508446,324,7363,,0,04,2026
2,1003,71,8,2010,1137362,4,1003,,0,04,2026
2,1003,73,1,1220,66554,4131,908,,1,04,2026
2,1003,73,1,2010,339748,117949,1549,,1,04,2026
2,1003,82,1,1220,139972,15641,433,,1,04,2026
2,1003,82,1,2010,9511,1107,502,,1,04,2026
2,1003,83,1,2010,4207,38,44,,1,04,2026
2,1003,83,3,2010,24750,70,3919,,0,04,2026
2,1003,84,1,1220,385308,6987,1713,,1,04,2026
2,1003,84,1,2010,56269,3096,900,,1,04,2026
2,1003,84,3,1220,337884,408,4646,,0,04,2026
2,1003,84,3,2010,314352,3128,5895,,0,04,2026
2,1003,84,8,2010,34766,40,1000,,0,04,2026
2,1003,85,1,1220,34715,2262,1959,,1,04,2026
2,1003,85,1,2010,788208,36161,13790,,1,04,2026
2,1003,85,3,1220,431284,8687,48239,,0,04,2026
2,1003,85,3,2010,108730,717,2770,,0,04,2026
2,1003,85,8,2010,2234,57,400,,0,04,2026
2,1003,86,1,1220,2927,44,18,,1,04,2026
2,1003,86,3,1220,26388,315,132,,0,04,2026
2,1003,87,1,1220,8665,211,306,,1,04,2026
2,1003,87,1,2010,62165470,23137181,21801,,0,04,2026
2,1003,87,1,2010,388374,18823,3089,,1,04,2026
2,1003,87,3,2010,24143,3478,1082,,0,04,2026
2,1003,87,5,1220,68675,22302,1214,,0,04,2026
2,1003,87,8,1220,25200,1100,1500,,0,04,2026
2,1003,87,8,2010,22200,2062,1500,,0,04,2026
2,1003,88,3,1220,63742,12,4,,0,04,2026
2,1003,90,1,1220,344524,2180,4798,,1,04,2026
2,1003,90,1,2010,776215,10601,6804,,1,04,2026
2,1003,90,3,1220,52435,75,717,,0,04,2026
2,1003,90,3,2010,59442,1238,2686,,0,04,2026
2,1003,94,1,2010,926,46,92,,1,04,2026
2,1003,94,3,1220,20050,41,890,,0,04,2026
2,1003,94,5,1220,36420,3266,500,,0,04,2026
2,1003,97,1,2010,41000,33,37,,1,04,2026
2,1003,97,3,2010,3750,192,937,,0,04,2026
2,1003,98,1,2010,14457,13826,1260,,1,04,2026
2,1003,98,3,1220,2040134,1941,4607,,0,04,2026
2,1003,98,3,2010,16296255,24312,84825,,0,04,2026
2,1003,98,5,1220,60190,12848,18000,,0,04,2026
2,1003,98,8,1220,29435,375,1000,,0,04,2026
2,1012,03,5,1220,7155,1000,5000,,0,04,2026
2,1012,28,3,1220,3257,24,169,,0,04,2026
2,1012,29,3,1220,107806,25,1155,,0,04,2026
2,1012,30,3,1220,258758,112,5330,,0,04,2026
2,1012,33,3,1220,304865,4441,6833,,0,04,2026
2,1012,38,3,1220,14946,5,240,,0,04,2026
2,1012,39,3,1220,5206,16,1133,,0,04,2026
2,1012,40,3,1220,808,1,49,,0,04,2026
2,1012,42,3,1220,8719,32,154,,0,04,2026
2,1012,42,4,1220,369,1,11,,0,04,2026
2,1012,49,3,1220,73757,130,1158,,0,04,2026
2,1012,61,3,1220,12537,31,379,,0,04,2026
2,1012,62,3,1220,16891,49,54,,0,04,2026
2,1012,63,3,1220,2008,7,511,,0,04,2026
2,1012,63,4,1220,1576,6,46,,0,04,2026
2,1012,68,3,1220,5213,12,175,,0,04,2026
2,1012,71,3,1220,40851011,622,220206,,0,04,2026
2,1012,71,5,1220,220630452,8027,45080,,0,04,2026
2,1012,73,3,1220,19160,33,549,,0,04,2026
2,1012,83,3,1220,5097,33,44,,0,04,2026
2,1012,84,3,1220,37032644,14075,201252,,0,04,2026
2,1012,84,3,1220,6103,6,54,,1,04,2026
2,1012,85,3,1220,532847,1205,5721,,0,04,2026
2,1012,85,3,1220,2018,3,10,,1,04,2026
2,1012,85,5,1220,11615,12,45,,0,04,2026
2,1012,88,3,1220,494303,543,5650,,0,04,2026
2,1012,90,3,1220,1268490,5217,6877,,0,04,2026
2,1012,90,4,1220,25736,58,450,,0,04,2026
2,1012,90,5,1220,13012,50,196,,0,04,2026
2,1012,94,3,1220,68888,1008,7189,,0,04,2026
2,1012,95,3,1220,8320,6,74,,0,04,2026
2,1012,95,4,1220,8679,819,867,,0,04,2026
2,1012,96,3,1220,2155,10,4,,0,04,2026
2,1012,97,3,1220,547950,231,935,,0,04,2026
2,1012,98,3,1220,4833914,5092,49960,,0,04,2026
2,1012,98,4,1220,5673,10,200,,0,04,2026
2,1012,98,5,1220,685587,7245,2076,,0,04,2026
2,1012,98,6,1220,19995,11,175,,0,04,2026
2,10XX,03,3,2010,341157,35161,24462,,0,04,2026
2,10XX,04,1,2010,4131,5367,216,,1,04,2026
2,10XX,07,3,2010,61525,14686,37654,,0,04,2026
2,10XX,09,1,2010,1073487,155546,19585,,1,04,2026
2,10XX,09,3,2010,26306,7241,24337,,0,04,2026
2,10XX,10,1,2010,3141,1133,160,,1,04,2026
2,10XX,15,1,2010,377245,93934,7006,,1,04,2026
2,10XX,16,1,2010,5250,1894,267,,1,04,2026
2,10XX,17,1,2010,55139,32118,5330,,1,04,2026
2,10XX,18,1,2010,6219,2244,317,,1,04,2026
2,10XX,19,1,2010,200648,66913,19125,,1,04,2026
2,10XX,20,1,2010,3940,1421,201,,1,04,2026
2,10XX,21,1,2010,4314,1585,224,,1,04,2026
2,10XX,22,1,2010,99970,59225,11256,,1,04,2026
2,10XX,22,3,2010,26643,3600,1000,,0,04,2026
2,10XX,22,5,2010,19924,2744,129,,0,04,2026
2,10XX,25,3,2010,5256,1045,962,,0,04,2026
2,10XX,27,1,1220,28006592,33848931,122728,,0,04,2026
2,10XX,29,3,2010,408714,849,9006,,0,04,2026
2,10XX,32,3,2010,35050,298,352,,0,04,2026
2,10XX,33,3,2010,131953,2474,2139,,0,04,2026
2,10XX,39,1,1220,1471,41,16,,1,04,2026
2,10XX,39,1,2010,5979,53,147,,1,04,2026
2,10XX,39,3,2010,11498,1692,3442,,0,04,2026
2,10XX,39,5,1220,39981,2894,993,,0,04,2026
2,10XX,40,3,2010,2779,3,6,,0,04,2026
2,10XX,40,5,1220,958,109,952,,0,04,2026
2,10XX,42,3,2010,1927,13,1,,0,04,2026
2,10XX,44,5,1220,3773,524,150,,0,04,2026
2,10XX,55,3,2010,744,114,506,,0,04,2026
2,10XX,59,5,1220,5235,209,444,,0,04,2026
2,10XX,61,1,2010,980,392,53,,1,04,2026
2,10XX,61,3,2010,59324,1714,250,,0,04,2026
2,10XX,62,3,2010,11600,53,280,,0,04,2026
2,10XX,64,3,2010,1072,5,13,,0,04,2026
2,10XX,65,3,2010,755,2,45,,0,04,2026
2,10XX,68,3,2010,48933,237,2923,,0,04,2026
2,10XX,68,5,1220,35863,443,200,,0,04,2026
2,10XX,69,1,2010,21702,15687,4293,,1,04,2026
2,10XX,69,3,2010,4983,56,350,,0,04,2026
2,10XX,70,3,2010,21468,3554,500,,0,04,2026
2,10XX,71,3,1220,708000,4,734,,0,04,2026
2,10XX,71,3,2010,6573226,135,22056,,0,04,2026
2,10XX,71,8,2010,10080,1,607,,0,04,2026
2,10XX,73,3,2010,3940,330,250,,0,04,2026
2,10XX,73,5,1220,81918,15535,1542,,0,04,2026
2,10XX,75,3,2010,6978,12,181,,0,04,2026
2,10XX,83,3,2010,14850,70,856,,0,04,2026
2,10XX,84,1,2010,15719,1,1,,0,04,2026
2,10XX,84,3,2010,8715851,33526,39245,,0,04,2026
2,10XX,84,5,1220,170156,7281,1363,,0,04,2026
2,10XX,84,5,2010,10222,24,72,,0,04,2026
2,10XX,84,5,2010,10740,426,326,,1,04,2026
2,10XX,85,1,2010,104053,4524,2500,,1,04,2026
2,10XX,85,3,2010,3014219,12441,36016,,0,04,2026
2,10XX,85,3,2010,9745,27,80,,1,04,2026
2,10XX,85,5,1220,139158,14513,2543,,0,04,2026
2,10XX,86,5,1220,12340,776,400,,0,04,2026
2,10XX,87,3,2010,84348,6246,31958,,0,04,2026
2,10XX,87,5,1220,83236,5883,360,,0,04,2026
2,10XX,87,8,2010,2250,332,45,,0,04,2026
2,10XX,88,5,1220,2058004,1091,1588,,0,04,2026
2,10XX,90,1,2010,68727,794,68,,1,04,2026
2,10XX,90,3,1220,19529,147,500,,0,04,2026
2,10XX,90,3,2010,470797,3286,8317,,0,04,2026
2,10XX,90,5,1220,57498,886,618,,0,04,2026
2,10XX,94,3,2010,21666,841,2302,,0,04,2026
2,10XX,94,5,1220,11981,533,350,,0,04,2026
2,10XX,95,3,2010,10790,76,274,,0,04,2026
2,10XX,97,3,2010,12973944,10806,56575,,0,04,2026
2,10XX,97,5,2010,82358,6082,4820,,0,04,2026
2,10XX,97,8,2010,52181,659,639,,0,04,2026
2,10XX,98,1,1220,142605,8000,3500,,1,04,2026
2,10XX,98,3,1220,392400,883,598,,0,04,2026
2,10XX,98,3,2010,5076779,10964,43632,,0,04,2026
2,10XX,98,5,1220,9017,246,89,,0,04,2026
2,11XX,03,3,2010,19528,1735,2172,,0,04,2026
2,11XX,04,1,2010,107445,39714,5000,,1,04,2026
2,11XX,09,1,2010,7218569,759380,65832,,1,04,2026
2,11XX,16,1,2010,885222,216786,25000,,1,04,2026
2,11XX,17,1,2010,2012276,2605150,31370,,1,04,2026
2,11XX,20,1,2010,40477,44600,2100,,1,04,2026
2,11XX,22,1,2010,228653,106184,15609,,1,04,2026
2,11XX,24,5,1220,34652,423,600,,0,04,2026
2,11XX,25,1,1220,784400,36288000,1,,0,04,2026
2,11XX,27,1,1220,7160509,9395179,140423,,0,04,2026
2,11XX,27,1,1220,12685,298,262,,1,04,2026
2,11XX,27,1,2010,78541840,109279797,1971369,,0,04,2026
2,11XX,28,1,1220,2899,547,181,,1,04,2026
2,11XX,29,3,1220,128104,510,900,,0,04,2026
2,11XX,30,3,1220,51328,238,811,,0,04,2026
2,11XX,33,1,2010,90598,12900,5420,,1,04,2026
2,11XX,33,3,1220,6842,29,159,,0,04,2026
2,11XX,38,3,1220,11800,4,0,,0,04,2026
2,11XX,39,1,1220,770,2,16,,1,04,2026
2,11XX,39,1,2010,269578,94877,9538,,1,04,2026
2,11XX,39,3,1220,72998,12010,5545,,0,04,2026
2,11XX,39,3,2010,1949,184,1148,,0,04,2026
2,11XX,39,9,1220,900,6,60,,0,04,2026
2,11XX,40,1,2010,515,1,1,,1,04,2026
2,11XX,40,3,1220,300,7,3,,0,04,2026
2,11XX,40,3,2010,448,1,6,,0,04,2026
2,11XX,48,3,2010,5850,330,2500,,0,04,2026
2,11XX,55,3,2010,1244,5,49,,0,04,2026
2,11XX,56,3,1220,544,2,77,,0,04,2026
2,11XX,58,3,2010,509,15,435,,0,04,2026
2,11XX,61,3,1220,427,2,72,,0,04,2026
2,11XX,65,3,1220,435,13,144,,0,04,2026
2,11XX,65,3,2010,468,1,401,,0,04,2026
2,11XX,68,3,1220,2832,4,1,,0,04,2026
2,11XX,71,3,2010,23000,2,188,,0,04,2026
2,11XX,73,1,1220,31974,1790,929,,1,04,2026
2,11XX,73,1,2010,3075,34,33,,1,04,2026
2,11XX,73,3,1220,9835,12,97,,0,04,2026
2,11XX,75,3,1220,6191,1,17,,0,04,2026
2,11XX,76,1,1220,2379,74,47,,1,04,2026
2,11XX,76,3,1220,12055,5,171,,0,04,2026
2,11XX,82,3,1220,35804,1497,754,,0,04,2026
2,11XX,83,1,1220,10930,327,202,,1,04,2026
2,11XX,83,3,1220,24373,16,73,,0,04,2026
2,11XX,84,1,1220,54261,1342,1463,,1,04,2026
2,11XX,84,1,2010,17846,143,76,,0,04,2026
2,11XX,84,1,2010,86280,3725,1405,,1,04,2026
2,11XX,84,3,1220,3225231,16370,5851,,0,04,2026
2,11XX,84,3,2010,121053,471,5081,,0,04,2026
2,11XX,84,5,2010,4406970,133008,46,,0,04,2026
2,11XX,85,1,1220,152240,2112,3240,,1,04,2026
2,11XX,85,1,2010,7739,132,32,,1,04,2026
2,11XX,85,3,1220,1117705,5168,22908,,0,04,2026
2,11XX,85,3,2010,1164837,15244,45318,,0,04,2026
2,11XX,85,5,1220,2418,154,350,,1,04,2026
2,11XX,85,5,2010,99605,3450,9,,0,04,2026
2,11XX,87,1,1220,14014,478,406,,1,04,2026
2,11XX,87,1,2010,38731977,3000176,925894,,0,04,2026
2,11XX,88,3,1220,532303,468,2788,,0,04,2026
2,11XX,90,1,2010,903850,1502,2187,,1,04,2026
2,11XX,90,3,1220,2221236,1557,12171,,0,04,2026
2,11XX,90,3,2010,1987974,5884,26729,,0,04,2026
2,11XX,90,5,1220,166241,2418,1500,,0,04,2026
2,11XX,93,3,1220,79966,61,250,,0,04,2026
2,11XX,95,3,1220,11010,16,166,,0,04,2026
2,11XX,98,3,1220,1676770,849,13317,,0,04,2026
2,11XX,98,3,2010,1305315,2436,21474,,0,04,2026
2,11XX,98,9,1220,578788,15422,2900,,1,04,2026
2,1303,25,1,1220,1845144,85359000,2,,0,04,2026
2,1303,27,1,1220,11503498,19943552,479688,,0,04,2026
2,1303,72,9,1220,33238,71547,4665,,0,04,2026
2,1303,76,1,1220,72837447,21990760,1856192,,0,04,2026
2,1303,76,1,1220,21219247,7487306,376755,,1,04,2026
2,1303,81,1,1220,8929448,189324,33266,,1,04,2026
2,1303,84,3,1220,17667,120,1095,,0,04,2026
2,1303,85,1,1220,58367,3654,1192,,1,04,2026
2,1303,87,1,1220,5692,2250,72,,0,04,2026
2,1303,88,1,1220,4004690,1705,5505,,1,04,2026
2,13XX,09,1,2010,5307900,521780,46280,,1,04,2026
2,13XX,16,5,2010,745141,44324,4007,,0,04,2026
2,13XX,17,1,2010,842206,7656413,455556,,0,04,2026
2,13XX,22,1,2010,42773,18537,3000,,1,04,2026
2,13XX,28,1,2010,1525763,162716,6490,,1,04,2026
2,13XX,28,3,1220,9949,1,100,,0,04,2026
2,13XX,39,1,2010,3648,4,4,,1,04,2026
2,13XX,39,3,1220,1189,3,0,,0,04,2026
2,13XX,39,3,2010,2456,79,1000,,0,04,2026
2,13XX,40,1,2010,536,1,1,,1,04,2026
2,13XX,63,1,2010,748,1,2,,1,04,2026
2,13XX,69,1,2010,30804,80211,8505,,1,04,2026
2,13XX,70,3,2010,8188,69,500,,0,04,2026
2,13XX,78,1,2010,2242008,974786,113075,,1,04,2026
2,13XX,84,3,1220,48449,432,2517,,0,04,2026
2,13XX,84,3,2010,16594,345,1437,,0,04,2026
2,13XX,85,1,2010,13206,14,549,,0,04,2026
2,13XX,85,3,1220,27518,97,1104,,0,04,2026
2,13XX,85,3,2010,40890,825,500,,0,04,2026
2,13XX,86,3,1220,15290,6,500,,0,04,2026
2,13XX,87,1,2010,365387780,27686855,5524018,,0,04,2026
2,13XX,88,1,2010,807074,655,799,,1,04,2026
2,13XX,88,3,1220,56463,237,10,,0,04,2026
2,13XX,90,1,2010,4840,97,290,,1,04,2026
2,13XX,90,3,1220,69206,563,1993,,0,04,2026
2,13XX,93,3,1220,47186,93,133,,0,04,2026
2,13XX,94,1,2010,14309,2813,20,,1,04,2026
2,13XX,94,3,1220,7173,15,328,,0,04,2026
2,13XX,98,1,2010,2328,70,57,,1,04,2026
2,13XX,98,3,1220,16000,5,141,,0,04,2026
2,14XX,15,1,2010,424343,42780,4500,,1,04,2026
2,14XX,25,1,1220,1294872,59936800,11000,,0,04,2026
2,14XX,27,1,1220,8850713,16465738,405588,,0,04,2026
2,14XX,30,1,1220,23572,1945,0,,1,04,2026
2,14XX,39,1,1220,39283,4140,184,,1,04,2026
2,14XX,39,1,2010,4476,194,0,,1,04,2026
2,14XX,39,3,1220,711,8,500,,0,04,2026
2,14XX,39,5,1220,101988,57287,300,,0,04,2026
2,14XX,39,5,2010,150000,27597,10881,,0,04,2026
2,14XX,40,1,1220,1331,42,21,,1,04,2026
2,14XX,40,3,1220,15358,16,550,,0,04,2026
2,14XX,40,9,2010,73094,1864,951,,0,04,2026
2,14XX,42,3,1220,9496,49,950,,0,04,2026
2,14XX,48,5,2010,7162,570,1493,,0,04,2026
2,14XX,59,1,1220,34151,4521,198,,1,04,2026
2,14XX,62,1,2010,432,617,0,,1,04,2026
2,14XX,63,1,2010,295007,11651,0,,1,04,2026
2,14XX,63,3,1220,343,1,34,,0,04,2026
2,14XX,69,1,2010,72227,179454,18500,,1,04,2026
2,14XX,73,1,2010,5382420,2818740,2004,,0,04,2026
2,14XX,73,9,2010,10840,1708,141,,0,04,2026
2,14XX,76,9,1220,7316552,1787610,146340,,0,04,2026
2,14XX,82,1,2010,674921,46714,29588,,1,04,2026
2,14XX,84,1,2010,40375,5020,114,,1,04,2026
2,14XX,84,3,1220,25983,321,2178,,0,04,2026
2,14XX,84,3,2010,67743,542,939,,0,04,2026
2,14XX,84,5,2010,1523172,123412,153323,,0,04,2026
2,14XX,84,9,2010,37032,510,481,,0,04,2026
2,14XX,85,1,1220,3493,36,4,,1,04,2026
2,14XX,85,1,2010,15136,441,1513,,1,04,2026
2,14XX,85,3,1220,21805,54,400,,0,04,2026
2,14XX,85,3,2010,11215,27,5747,,0,04,2026
2,14XX,85,9,2010,62156,3,808,,0,04,2026
2,14XX,87,1,1220,50444,5992,600,,1,04,2026
2,14XX,88,3,1220,29366,48,9,,0,04,2026
2,14XX,90,1,2010,61598,1549,35,,1,04,2026
2,14XX,90,3,1220,127861,557,9528,,0,04,2026
2,14XX,94,3,1220,1080,1,150,,0,04,2026
2,14XX,95,5,2010,3108251,540417,40097,,0,04,2026
2,14XX,98,1,1220,34430,4230,2200,,1,04,2026
2,14XX,98,3,1220,4150,48,125,,0,04,2026
2,14XX,98,5,1220,21000,9200,150,,0,04,2026
2,1502,84,3,2010,186276,305,750,,0,04,2026
2,1502,85,3,2010,16171,81,235,,0,04,2026
2,15XX,18,3,1220,5474,63,266,,0,04,2026
2,15XX,22,5,2010,3060,558,322,,0,04,2026
2,15XX,24,9,2010,324000,35729,2000,,1,04,2026
2,15XX,25,1,1220,2206394,89433100,52500,,0,04,2026
2,15XX,27,1,1220,9337277,18008240,509895,,0,04,2026
2,15XX,28,3,1220,9588,1907,6385,,0,04,2026
2,15XX,30,3,1220,2039,2,1,,0,04,2026
2,15XX,38,3,1220,31398,9,101,,0,04,2026
2,15XX,39,1,2010,970,21,13,,1,04,2026
2,15XX,39,3,2010,466,2,0,,0,04,2026
2,15XX,39,5,1220,36594,27346,150,,0,04,2026
2,15XX,40,3,2010,1837,38,65,,0,04,2026
2,15XX,40,5,1220,8368,369,1000,,0,04,2026
2,15XX,42,1,2010,842,48,23,,1,04,2026
2,15XX,42,3,1220,2215,154,152,,0,04,2026
2,15XX,61,3,2010,26611,678,2389,,0,04,2026
2,15XX,62,3,2010,3337,91,295,,0,04,2026
2,15XX,64,3,2010,56448,1074,2400,,0,04,2026
2,15XX,71,3,1220,56386,41,1352,,0,04,2026
2,15XX,73,3,1220,3757,1,278,,0,04,2026
2,15XX,83,3,1220,7622,4,763,,0,04,2026
2,15XX,84,1,2010,13364,216,590,,1,04,2026
2,15XX,84,3,1220,331774,1668,6977,,0,04,2026
2,15XX,84,3,2010,11121,56,1170,,0,04,2026
2,15XX,84,5,1220,29054,1270,300,,0,04,2026
2,15XX,84,9,2010,21742567,228670,434850,,0,04,2026
2,15XX,85,1,2010,2756,0,1,,1,04,2026
2,15XX,85,3,1220,714455,11651,3984,,0,04,2026
2,15XX,85,3,2010,35274,92,694,,0,04,2026
2,15XX,85,9,2010,18269,2,366,,0,04,2026
2,15XX,87,8,2010,4502,25,451,,0,04,2026
2,15XX,88,3,2010,130722,222,943,,0,04,2026
2,15XX,90,3,1220,3201333,13776,52445,,0,04,2026
2,15XX,90,3,2010,131804,786,5127,,0,04,2026
2,15XX,94,3,1220,47055,4221,5258,,0,04,2026
2,15XX,94,3,2010,1158,18,115,,0,04,2026
2,15XX,98,3,1220,167711,114,4574,,0,04,2026
2,15XX,98,3,2010,299931,118,5468,,0,04,2026
2,15XX,98,5,1220,33000,4663,2854,,0,04,2026
2,15XX,98,9,2010,155170,27456,1900,,1,04,2026
2,1603,39,9,1220,300,1,4,,0,04,2026
2,1603,40,1,1220,24678,6111,1378,,1,04,2026
2,1603,73,1,1220,233762,63784,5962,,1,04,2026
2,1603,74,3,1220,13600,20,25,,0,04,2026
2,1603,83,9,1220,911323,110130,11842,,0,04,2026
2,1603,84,3,1220,4012,31,141,,0,04,2026
2,1603,84,9,1220,130794,1770,1700,,0,04,2026
2,1603,85,3,1220,62561,142,1495,,0,04,2026
2,1603,87,9,1220,1551272,502127,20153,,0,04,2026
2,1603,87,9,1220,90363,29709,1175,,1,04,2026
2,1603,90,3,1220,24000,16,248,,0,04,2026
2,1603,94,5,1220,388,3,6,,0,04,2026
2,1603,98,1,1220,30560,10024,780,,1,04,2026
2,1603,98,3,1220,134541,57,904,,0,04,2026
2,1603,98,5,1220,13460,95,178,,0,04,2026
2,16XX,08,1,2010,54634,17487,5969,,1,04,2026
2,16XX,09,1,2010,6024522,713842,51108,,1,04,2026
2,16XX,22,1,2010,289912,51268,7500,,1,04,2026
2,16XX,27,1,1220,22254419,24685330,1212654,,0,04,2026
2,16XX,28,1,1220,14490,21059,1657,,1,04,2026
2,16XX,29,1,1220,156750,58368,6000,,1,04,2026
2,16XX,29,1,2010,316640,353431,19660,,1,04,2026
2,16XX,39,1,1220,3136,397,79,,1,04,2026
2,16XX,39,5,2010,22270,5319,402,,0,04,2026
2,16XX,39,6,1220,66142,88240,1000,,0,04,2026
2,16XX,39,9,1220,7527367,9672344,77193,,0,04,2026
2,16XX,39,9,1220,11786916,10147319,152037,,1,04,2026
2,16XX,39,9,2010,509789,71555,8430,,0,04,2026
2,16XX,40,1,2010,9795,303,231,,1,04,2026
2,16XX,40,3,2010,12438,803,1025,,0,04,2026
2,16XX,40,9,2010,1848920,256030,27882,,0,04,2026
2,16XX,49,1,2010,4955,86,276,,0,04,2026
2,16XX,57,9,2010,154858,17132,2012,,0,04,2026
2,16XX,63,1,2010,6454,23,29,,1,04,2026
2,16XX,63,3,1220,112100,353,518,,0,04,2026
2,16XX,63,9,2010,3063,56,61,,0,04,2026
2,16XX,65,1,2010,8748,29,61,,1,04,2026
2,16XX,70,9,2010,51069,8209,1019,,0,04,2026
2,16XX,73,1,1220,746128,211530,15773,,1,04,2026
2,16XX,73,3,1220,9369,22,35,,0,04,2026
2,16XX,73,3,2010,5904,34,515,,0,04,2026
2,16XX,73,9,2010,65300,46127,6567,,0,04,2026
2,16XX,75,3,1220,80356,12,25,,0,04,2026
2,16XX,81,3,1220,45280,20,60,,0,04,2026
2,16XX,83,1,2010,7416,439,4,,1,04,2026
2,16XX,83,3,1220,42141,5161,500,,0,04,2026
2,16XX,83,9,2010,1549613,92748,20659,,0,04,2026
2,16XX,84,1,2010,167509,6660,203,,1,04,2026
2,16XX,84,3,1220,957962,330,5861,,0,04,2026
2,16XX,84,3,2010,2319,15,30,,0,04,2026
2,16XX,84,9,2010,6433048,218977,102969,,0,04,2026
2,16XX,85,1,2010,490733,23344,5861,,1,04,2026
2,16XX,85,3,1220,125396,163,525,,0,04,2026
2,16XX,85,3,2010,277858,339,14802,,0,04,2026
2,16XX,85,5,1220,242815,10191,359,,0,04,2026
2,16XX,85,5,2010,14667,3610,287,,0,04,2026
2,16XX,85,9,2010,10281866,462481,170059,,0,04,2026
2,16XX,87,1,2010,9404,443,1,,1,04,2026
2,16XX,87,3,1220,3363,559,100,,0,04,2026
2,16XX,87,3,2010,12844,92,450,,0,04,2026
2,16XX,87,5,2010,304983,11066,780,,0,04,2026
2,16XX,87,9,2010,93016683,23799584,1260788,,0,04,2026
2,16XX,87,9,2010,54356,2944,1000,,1,04,2026
2,16XX,88,3,1220,60636,172,234,,0,04,2026
2,16XX,90,1,2010,32128,807,277,,1,04,2026
2,16XX,90,3,1220,227496,3776,1894,,0,04,2026
2,16XX,90,3,2010,2988,16,350,,0,04,2026
2,16XX,94,3,1220,7033,1162,1193,,0,04,2026
2,16XX,94,3,2010,2191,536,208,,0,04,2026
2,16XX,94,9,2010,19680,4132,256,,0,04,2026
2,16XX,95,3,1220,2750,3,161,,0,04,2026
2,16XX,98,1,1220,89496,29356,1868,,1,04,2026
2,16XX,98,3,1220,18135,10,115,,0,04,2026
2,16XX,98,3,2010,286835,625,1582,,0,04,2026
2,16XX,98,9,2010,380616,2167,4976,,0,04,2026
2,1704,24,5,1220,543084,48556,300,,0,04,2026
2,1704,30,8,1220,34093,2,1500,,0,04,2026
2,1704,33,3,1220,55945,187,938,,0,04,2026
2,1704,39,3,1220,12208,1,8,,0,04,2026
2,1704,39,5,1220,98584,19307,341,,0,04,2026
2,1704,40,3,1220,2981,304,1619,,0,04,2026
2,1704,54,5,1220,25269,1042,295,,0,04,2026
2,1704,59,5,1220,1703771,26641,29598,,0,04,2026
2,1704,70,3,1220,74670,3,75,,0,04,2026
2,1704,71,3,1220,8264,0,150,,0,04,2026
2,1704,73,3,1220,15485,18,59,,0,04,2026
2,1704,76,9,1220,2359,490,221,,0,04,2026
2,1704,82,3,1220,33858,540,3950,,0,04,2026
2,1704,83,3,1220,66731,86,1284,,0,04,2026
2,1704,83,5,1220,72253,104,1038,,0,04,2026
2,1704,84,1,1220,5000,415,2000,,0,04,2026
2,1704,84,1,1220,5749,54,64,,1,04,2026
2,1704,84,3,1220,42666899,74559,208295,,0,04,2026
2,1704,85,1,1220,3990,42,336,,1,04,2026
2,1704,85,3,1220,1102621,1366,3921,,0,04,2026
2,1704,87,3,1220,29640,211,450,,0,04,2026
2,1704,88,3,1220,2208802,4916,16585,,0,04,2026
2,1704,88,3,1220,13116,1,250,,1,04,2026
2,1704,90,3,1220,3132120,4306,2774,,0,04,2026
2,1704,92,3,1220,3640,13,4,,0,04,2026
2,1704,94,3,1220,685,5,58,,0,04,2026
2,1704,98,3,1220,1931201,2983,14063,,0,04,2026
2,1704,98,5,1220,567174,4582,18252,,0,04,2026
2,1704,98,9,1220,9577,2250,898,,0,04,2026
2,17XX,07,3,2010,43693,6398,6613,,0,04,2026
2,17XX,09,1,2010,1116450,120060,10014,,1,04,2026
2,17XX,12,3,2010,54944,7430,15081,,0,04,2026
2,17XX,15,3,2010,3481,306,776,,0,04,2026
2,17XX,22,1,2010,2013344,3022385,387734,,1,04,2026
2,17XX,27,1,1220,23508801,37003188,674153,,0,04,2026
2,17XX,27,1,1220,2475,159,12,,1,04,2026
2,17XX,29,3,2010,4913,1,0,,0,04,2026
2,17XX,30,8,2010,43560,2,1500,,0,04,2026
2,17XX,38,3,2010,478415,1752,3000,,0,04,2026
2,17XX,39,1,1220,4759,45,105,,1,04,2026
2,17XX,39,1,2010,173281,98245,12597,,1,04,2026
2,17XX,39,3,1220,64929,2629,356,,0,04,2026
2,17XX,39,3,2010,126237,3553,13681,,0,04,2026
2,17XX,40,1,1220,873,2,17,,1,04,2026
2,17XX,40,1,2010,2553,76,45,,1,04,2026
2,17XX,40,3,1220,234250,2812,225,,0,04,2026
2,17XX,40,3,2010,20821,4596,19498,,0,04,2026
2,17XX,42,3,2010,2188,2,2,,0,04,2026
2,17XX,44,1,2010,61094,17454,15626,,1,04,2026
2,17XX,63,3,2010,3870,54,800,,0,04,2026
2,17XX,69,1,2010,82144,213896,16408,,1,04,2026
2,17XX,69,3,2010,2209,232,540,,0,04,2026
2,17XX,70,1,2010,24156,24127,15000,,1,04,2026
2,17XX,71,3,1220,8148,0,150,,0,04,2026
2,17XX,73,3,1220,229876,14819,317,,0,04,2026
2,17XX,73,3,2010,153024,894,1746,,0,04,2026
2,17XX,76,1,2010,8695,1920,449,,1,04,2026
2,17XX,81,3,1220,12950,7,75,,0,04,2026
2,17XX,83,3,1220,7010,2,75,,0,04,2026
2,17XX,84,1,1220,7247,162,126,,1,04,2026
2,17XX,84,1,2010,64835,2488,1578,,1,04,2026
2,17XX,84,3,1220,65042,4819,1175,,0,04,2026
2,17XX,84,3,1220,2026,81,100,,1,04,2026
2,17XX,84,3,2010,18071480,51264,351832,,0,04,2026
2,17XX,84,5,1220,62717,4310,200,,0,04,2026
2,17XX,84,5,2010,222347,23631,3742,,0,04,2026
2,17XX,85,1,1220,125364,1048,2435,,1,04,2026
2,17XX,85,1,2010,190021,9706,12132,,1,04,2026
2,17XX,85,3,1220,179425,194,183,,0,04,2026
2,17XX,85,3,2010,3326098,21460,86336,,0,04,2026
2,17XX,85,3,2010,3535,47,353,,1,04,2026
2,17XX,87,1,1220,2031,50,79,,1,04,2026
2,17XX,87,1,2010,108666445,10177335,1691057,,0,04,2026
2,17XX,87,1,2010,85560,3091,5754,,1,04,2026
2,17XX,87,3,2010,97536,4728,30629,,0,04,2026
2,17XX,87,8,2010,15412,1903,1234,,0,04,2026
2,17XX,88,3,1220,3029848,2408,16133,,0,04,2026
2,17XX,88,3,2010,45853,149,650,,0,04,2026
2,17XX,90,1,2010,88815,774,7804,,1,04,2026
2,17XX,90,3,1220,126524,739,75,,0,04,2026
2,17XX,90,3,2010,2177544,8847,28664,,0,04,2026
2,17XX,94,1,2010,3891,80,609,,1,04,2026
2,17XX,94,3,2010,12242,587,412,,0,04,2026
2,17XX,94,8,2010,928,34,55,,0,04,2026
2,17XX,98,3,1220,103027,32,1225,,0,04,2026
2,17XX,98,3,2010,135735,353,1198,,0,04,2026
2,18XX,03,1,2010,1001154,132868,23188,,1,04,2026
2,18XX,03,3,2010,455997,24389,33116,,0,04,2026
2,18XX,04,1,2010,399606,113860,12000,,1,04,2026
2,18XX,07,1,2010,95530,197984,8,,0,04,2026
2,18XX,07,1,2010,1431801,2459154,407000,,1,04,2026
2,18XX,08,1,2010,207558,117232,15,,0,04,2026
2,18XX,08,1,2010,2737861,3194502,678364,,1,04,2026
2,18XX,09,1,2010,703538,96085,8001,,1,04,2026
2,18XX,11,1,2010,249063,290634,28002,,1,04,2026
2,18XX,12,1,2010,131040,19051,2000,,1,04,2026
2,18XX,14,1,2010,8400,2332,359,,1,04,2026
2,18XX,15,5,1220,3280,170,250,,0,04,2026
2,18XX,16,1,2010,125802,5780,2700,,1,04,2026
2,18XX,17,1,2010,663424,884293,10,,0,04,2026
2,18XX,17,1,2010,353568,400000,8400,,1,04,2026
2,18XX,18,1,2010,202140,18600,1,,1,04,2026
2,18XX,19,1,2010,359505,38877,61442,,1,04,2026
2,18XX,20,1,2010,103411,76060,2,,0,04,2026
2,18XX,20,1,2010,29301782,21485754,1037005,,1,04,2026
2,18XX,22,1,2010,10569260,1794979,254802,,1,04,2026
2,18XX,22,5,2010,95321,20900,10000,,0,04,2026
2,18XX,24,5,2010,78624,1238,1403,,0,04,2026
2,18XX,25,1,1220,28328016,319534040,2066082,,0,04,2026
2,18XX,25,1,2010,917244,11603000,778120,,0,04,2026
2,18XX,25,1,2010,659553,2896668,211250,,1,04,2026
2,18XX,27,1,1220,28037843,23526310,807366,,0,04,2026
2,18XX,27,1,2010,17389087,14366841,163083,,0,04,2026
2,18XX,28,1,2010,2568132,1263576,176177,,1,04,2026
2,18XX,31,1,2010,1264331,587270,124567,,1,04,2026
2,18XX,33,1,2010,4513716,408296,64800,,1,04,2026
2,18XX,33,5,2010,15576,1552,1000,,0,04,2026
2,18XX,39,1,2010,1061933,219693,19172,,1,04,2026
2,18XX,39,3,1220,9996,72,649,,0,04,2026
2,18XX,39,5,1220,138150,1910,1943,,0,04,2026
2,18XX,40,1,1220,359,10,7,,1,04,2026
2,18XX,40,1,2010,3105743,517794,292044,,1,04,2026
2,18XX,40,3,1220,528,24,10,,0,04,2026
2,18XX,40,3,2010,11885,4,32,,0,04,2026
2,18XX,42,1,2010,80177,4547,82,,1,04,2026
2,18XX,42,5,1220,32888,18,6,,0,04,2026
2,18XX,44,1,2010,486645,396911,50984,,1,04,2026
2,18XX,48,3,2010,6957,170,5000,,0,04,2026
2,18XX,53,1,2010,27731,6318,5000,,1,04,2026
2,18XX,55,1,2010,4287,211,44,,1,04,2026
2,18XX,56,1,2010,98856,36941,3250,,1,04,2026
2,18XX,57,1,2010,154717,37298,10000,,1,04,2026
2,18XX,61,1,2010,1836857,55515,24451,,1,04,2026
2,18XX,61,3,1220,3537,6,61,,0,04,2026
2,18XX,61,5,1220,8723,14,7,,0,04,2026
2,18XX,62,1,2010,13054220,1276846,167473,,1,04,2026
2,18XX,62,3,2010,44540,1249,2300,,0,04,2026
2,18XX,62,5,1220,112377,82,21,,0,04,2026
2,18XX,63,1,2010,106702,5159,4536,,1,04,2026
2,18XX,63,5,1220,749,3,3,,0,04,2026
2,18XX,64,1,2010,302707,8097,1753,,1,04,2026
2,18XX,65,1,2010,93433,2403,749,,1,04,2026
2,18XX,68,1,1220,2688,1260,317,,0,04,2026
2,18XX,68,1,2010,114122,298867,7747,,1,04,2026
2,18XX,69,1,2010,3682639,6496907,587377,,1,04,2026
2,18XX,70,1,2010,1464929,352408,56784,,1,04,2026
2,18XX,71,8,2010,83343,27,250,,0,04,2026
2,18XX,73,1,2010,1564847,273166,119641,,1,04,2026
2,18XX,73,3,1220,26568,14,281,,0,04,2026
2,18XX,74,1,2010,13530,2240,1353,,1,04,2026
2,18XX,75,1,2010,1330193,26072,10500,,1,04,2026
2,18XX,75,3,1220,5670,9,33,,0,04,2026
2,18XX,76,1,2010,509446,75646,19529,,1,04,2026
2,18XX,76,3,1220,10797,2,72,,0,04,2026
2,18XX,76,5,1220,9962,281,355,,0,04,2026
2,18XX,84,1,1220,2124,18,2124,,0,04,2026
2,18XX,84,1,2010,29684497,3045193,2172742,,1,04,2026
2,18XX,84,3,1220,5355728,3315,197297,,0,04,2026
2,18XX,84,3,2010,13535,125,500,,0,04,2026
2,18XX,85,1,2010,511593,11651,1790,,0,04,2026
2,18XX,85,1,2010,7709872,707480,511913,,1,04,2026
2,18XX,85,3,1220,249102,826,7612,,0,04,2026
2,18XX,85,3,2010,46268,636,2766,,0,04,2026
2,18XX,85,3,2010,339494,828,3000,,1,04,2026
2,18XX,85,5,1220,38271,1429,2503,,0,04,2026
2,18XX,86,1,2010,20000,20000,200,,1,04,2026
2,18XX,87,1,1220,3100,1300,2000,,0,04,2026
2,18XX,87,1,2010,341521325,67891259,3041152,,0,04,2026
2,18XX,87,1,2010,439761,23388,491,,1,04,2026
2,18XX,87,5,2010,3500,3472,150,,0,04,2026
2,18XX,87,8,1220,51625,8759,2260,,0,04,2026
2,18XX,87,8,2010,25750,4730,200,,0,04,2026
2,18XX,88,3,1220,1103514,580,9907,,0,04,2026
2,18XX,88,3,1220,4310,1,431,,1,04,2026
2,18XX,88,3,2010,438114,1626,3166,,0,04,2026
2,18XX,89,1,2010,1251307,155966,7170,,1,04,2026
2,18XX,90,1,1220,2500,6,25,,0,04,2026
2,18XX,90,1,2010,86043,6065,939,,1,04,2026
2,18XX,90,3,1220,697627,2629,7741,,0,04,2026
2,18XX,90,3,2010,4604,18,82,,0,04,2026
2,18XX,94,1,1220,2670,37,2670,,0,04,2026
2,18XX,94,1,2010,2017270,434415,116289,,1,04,2026
2,18XX,94,3,1220,7166,123,144,,0,04,2026
2,18XX,94,5,1220,45857,5171,501,,0,04,2026
2,18XX,95,5,1220,22402,73,250,,0,04,2026
2,18XX,97,3,1220,2450,21,5,,0,04,2026
2,18XX,98,1,2010,839920,242498,478932,,0,04,2026
2,18XX,98,1,2010,920848,141941,11717,,1,04,2026
2,18XX,98,3,1220,1094716,3931,7803,,0,04,2026
2,18XX,98,3,2010,279639,25301,13046,,0,04,2026
2,18XX,98,5,1220,216105,3686,1000,,0,04,2026
2,18XX,98,5,2010,31204,800,4548,,0,04,2026
2,18XX,98,8,1220,732118,68505,18341,,0,04,2026
2,19XX,23,1,2010,107173,257886,1649,,1,04,2026
2,19XX,25,6,2010,57993,392620,200,,1,04,2026
2,19XX,27,1,1220,117395244,135809857,4023916,,0,04,2026
2,19XX,27,1,2010,118850537,178938488,4028519,,0,04,2026
2,19XX,28,1,2010,769550,2946000,38,,0,04,2026
2,19XX,28,1,2010,1649364,2711118,31,,1,04,2026
2,19XX,29,1,2010,2484524,2877810,181820,,1,04,2026
2,19XX,31,1,2010,297222,158020,28813,,1,04,2026
2,19XX,32,1,2010,28972,23950,3000,,1,04,2026
2,19XX,34,1,2010,421674,162620,9300,,1,04,2026
2,19XX,38,1,2010,1957658,3416089,27500,,0,04,2026
2,19XX,38,1,2010,383552,334520,15500,,1,04,2026
2,19XX,38,3,1220,4345,22,50,,0,04,2026
2,19XX,39,1,2010,455098,629163,23696,,0,04,2026
2,19XX,39,1,2010,1487591,1068720,55800,,1,04,2026
2,19XX,39,3,1220,22359,85,2105,,0,04,2026
2,19XX,39,3,2010,1207,1,167,,0,04,2026
2,19XX,44,1,2010,10242,13346,1024,,1,04,2026
2,19XX,68,5,1220,2489,201,146,,0,04,2026
2,19XX,70,3,1220,3475,9,82,,0,04,2026
2,19XX,70,3,2010,6350,6,650,,0,04,2026
2,19XX,72,1,2010,61085693,97470182,6115160,,0,04,2026
2,19XX,72,1,2010,1433377,2317534,23399,,1,04,2026
2,19XX,73,3,1220,30283,8,3022,,0,04,2026
2,19XX,73,3,2010,3575,2,358,,0,04,2026
2,19XX,74,3,2010,2136,75,274,,0,04,2026
2,19XX,75,3,1220,114977,201,11504,,0,04,2026
2,19XX,76,3,1220,103504,1843,10357,,0,04,2026
2,19XX,81,3,1220,22258,24,2226,,0,04,2026
2,19XX,82,3,1220,4770,96,108,,0,04,2026
2,19XX,83,3,1220,59007,94,5900,,0,04,2026
2,19XX,83,3,2010,3013,5,301,,0,04,2026
2,19XX,84,3,1220,72788,789,7383,,0,04,2026
2,19XX,84,3,2010,9685,53,152,,0,04,2026
2,19XX,85,1,2010,252266,248,3167,,1,04,2026
2,19XX,85,3,1220,998464,2749,15972,,0,04,2026
2,19XX,85,3,2010,16068,252,1043,,0,04,2026
2,19XX,87,3,2010,2247,29,351,,0,04,2026
2,19XX,88,3,1220,104704,243,5661,,0,04,2026
2,19XX,88,3,2010,3151,1,200,,0,04,2026
2,19XX,90,3,1220,293870,929,4020,,0,04,2026
2,19XX,90,3,2010,6413,9,642,,0,04,2026
2,19XX,94,1,2010,39114,6673,3912,,1,04,2026
2,19XX,94,3,1220,1000,4,139,,0,04,2026
2,19XX,96,3,1220,8165,201,235,,0,04,2026
2,19XX,98,1,2010,4036,4,1,,0,04,2026
2,19XX,98,3,1220,1460988,1628,28241,,0,04,2026
2,19XX,98,5,2010,2401,1822,100,,0,04,2026
2,2006,27,7,1220,6115994,0,913884,,0,04,2026
2,2006,38,3,1220,6290,1,450,,0,04,2026
2,2006,39,3,1220,800,87,120,,0,04,2026
2,2006,84,3,1220,1996474,696,9192,,0,04,2026
2,2006,84,5,1220,8163,123,1,,0,04,2026
2,2006,85,3,1220,12500,19,205,,0,04,2026
2,2006,88,3,1220,69523,87,1480,,0,04,2026
2,2006,90,3,1220,50087,99,8918,,0,04,2026
2,2006,98,3,1220,285106,479,1825,,0,04,2026
2,2006,98,6,1220,59324,16915,809,,1,04,2026
2,2007,22,1,2010,34651,34463,4100,,1,04,2026
2,2007,62,3,2010,1285,25,86,,0,04,2026
2,2007,84,3,2010,14247,93,0,,0,04,2026
2,2007,85,3,2010,6711544,27200,1272,,0,04,2026
2,2007,90,3,2010,10323,135,455,,0,04,2026
2,2007,92,1,2010,36359,919,1155,,1,04,2026
2,20XX,05,3,1220,38489,33,1784,,0,04,2026
2,20XX,06,3,1220,7448,51,1000,,0,04,2026
2,20XX,09,1,2010,5113546,754410,37190,,1,04,2026
2,20XX,09,3,1220,9077,61,632,,0,04,2026
2,20XX,09,3,2010,7115,552,650,,0,04,2026
2,20XX,10,3,2010,28315,8312,3900,,0,04,2026
2,20XX,13,3,1220,2800,13,650,,0,04,2026
2,20XX,15,3,1220,2592,46,650,,0,04,2026
2,20XX,17,3,1220,3440,86,650,,0,04,2026
2,20XX,17,3,2010,2246,10,0,,0,04,2026
2,20XX,21,3,1220,16098,252,650,,0,04,2026
2,20XX,21,3,2010,25340,368,1742,,0,04,2026
2,20XX,21,6,2010,795244,329497,8000,,1,04,2026
2,20XX,22,5,1220,653006,417606,37018,,0,04,2026
2,20XX,22,6,1220,599460,621204,16000,,1,04,2026
2,20XX,22,6,2010,62349,63947,2000,,1,04,2026
2,20XX,23,3,1220,9768,498,1300,,0,04,2026
2,20XX,25,1,2010,10840873,23006913,223569,,0,04,2026
2,20XX,26,1,1220,11577265,81750000,1091935,,0,04,2026
2,20XX,26,1,2010,2752184,15058180,451745,,0,04,2026
2,20XX,27,1,1220,64394600,89757431,4199126,,0,04,2026
2,20XX,27,1,2010,52057590,90883339,4492496,,0,04,2026
2,20XX,27,3,1220,2700,10590,450,,0,04,2026
2,20XX,27,9,2010,28358227,74869208,784967,,0,04,2026
2,20XX,28,1,2010,21629703,17730728,785450,,0,04,2026
2,20XX,28,3,1220,8469311,11424,449236,,0,04,2026
2,20XX,29,1,2010,25177408,19141639,611956,,1,04,2026
2,20XX,29,3,1220,1218046,27374,41643,,0,04,2026
2,20XX,29,3,2010,7443,1,450,,0,04,2026
2,20XX,30,3,1220,889234,1513,39321,,0,04,2026
2,20XX,32,1,2010,3208200,1183657,57860,,1,04,2026
2,20XX,32,3,1220,99478,1443,8714,,0,04,2026
2,20XX,32,3,2010,2390,1,0,,0,04,2026
2,20XX,33,3,1220,72162,830,6417,,0,04,2026
2,20XX,33,3,2010,20880,955,1299,,0,04,2026
2,20XX,33,5,1220,55412,3006,471,,0,04,2026
2,20XX,34,1,2010,97751,23830,1000,,1,04,2026
2,20XX,34,3,1220,5690,392,650,,0,04,2026
2,20XX,34,3,2010,2430,5,0,,0,04,2026
2,20XX,35,3,1220,130430,10741,4500,,0,04,2026
2,20XX,38,3,1220,2087180,2938,106439,,0,04,2026
2,20XX,38,3,2010,982210,7682,19345,,0,04,2026
2,20XX,39,1,2010,3551,220,17,,1,04,2026
2,20XX,39,3,1220,3533023,111178,120664,,0,04,2026
2,20XX,39,3,2010,1301282,40939,76865,,0,04,2026
2,20XX,39,5,1220,9626,173,2105,,0,04,2026
2,20XX,39,5,2010,1920,196,33,,0,04,2026
2,20XX,40,1,1220,752,54,4,,1,04,2026
2,20XX,40,1,2010,3622,194,112,,1,04,2026
2,20XX,40,3,1220,826684,16158,30618,,0,04,2026
2,20XX,40,3,2010,528148,15717,56921,,0,04,2026
2,20XX,40,5,1220,3598,16,72,,0,04,2026
2,20XX,41,3,1220,1837,1582,0,,0,04,2026
2,20XX,41,3,2010,70387,1455,4950,,0,04,2026
2,20XX,42,3,1220,251174,4474,12894,,0,04,2026
2,20XX,42,3,2010,250787,5636,9212,,0,04,2026
2,20XX,43,3,1220,1513,18,0,,0,04,2026
2,20XX,43,3,2010,1431,22,0,,0,04,2026
2,20XX,44,3,1220,25203,28865,3150,,0,04,2026
2,20XX,44,3,2010,4600,400,84,,0,04,2026
2,20XX,48,3,1220,362856,11049,22198,,0,04,2026
2,20XX,48,3,2010,201406,2861,8056,,0,04,2026
2,20XX,49,3,1220,632371,19385,34470,,0,04,2026
2,20XX,49,3,2010,442418,4253,23646,,0,04,2026
2,20XX,51,3,1220,5020,65,0,,0,04,2026
2,20XX,51,3,2010,302,4,0,,0,04,2026
2,20XX,52,3,2010,3611,52,650,,0,04,2026
2,20XX,53,3,1220,800,1,0,,0,04,2026
2,20XX,53,3,2010,582,1,0,,0,04,2026
2,20XX,54,3,1220,39258,881,3900,,0,04,2026
2,20XX,54,3,2010,7973,314,0,,0,04,2026
2,20XX,55,3,1220,6524,81,0,,0,04,2026
2,20XX,55,3,2010,3099,28,650,,0,04,2026
2,20XX,56,3,1220,30960,357,1852,,0,04,2026
2,20XX,56,3,2010,12086,440,680,,0,04,2026
2,20XX,57,3,1220,799,24,0,,0,04,2026
2,20XX,57,3,2010,3281,1471,0,,0,04,2026
2,20XX,58,3,1220,17548,357,760,,0,04,2026
2,20XX,58,3,2010,1368505,12413,21076,,0,04,2026
2,20XX,59,3,1220,38644,458,1648,,0,04,2026
2,20XX,59,3,2010,75368,1226,3796,,0,04,2026
2,20XX,60,3,1220,18032,256,500,,0,04,2026
2,20XX,60,3,2010,9728,161,650,,0,04,2026
2,20XX,61,3,1220,128871,1097,5144,,0,04,2026
2,20XX,61,3,2010,148160,4489,3540,,0,04,2026
2,20XX,61,5,1220,457,21,9,,0,04,2026
2,20XX,62,3,1220,250156,2494,6584,,0,04,2026
2,20XX,62,3,2010,371192,5573,13606,,0,04,2026
2,20XX,63,3,1220,199040,1552,3011,,0,04,2026
2,20XX,63,3,2010,35457,552,2298,,0,04,2026
2,20XX,64,3,1220,27745,636,145,,0,04,2026
2,20XX,64,3,2010,265060,6398,6597,,0,04,2026
2,20XX,65,3,1220,98733,426,1354,,0,04,2026
2,20XX,65,3,2010,39294,621,1696,,0,04,2026
2,20XX,67,3,1220,5062,66,0,,0,04,2026
2,20XX,67,3,2010,852,2,0,,0,04,2026
2,20XX,67,5,1220,1177,64,10,,0,04,2026
2,20XX,68,3,1220,80408,3060,3270,,0,04,2026
2,20XX,68,3,2010,224081,356,15191,,0,04,2026
2,20XX,68,9,2010,97992,1288,1273,,0,04,2026
2,20XX,69,3,1220,16523,910,1800,,0,04,2026
2,20XX,69,3,2010,30325,513,2110,,0,04,2026
2,20XX,70,3,1220,74486,492,3848,,0,04,2026
2,20XX,70,3,2010,470444,22570,28263,,0,04,2026
2,20XX,70,5,1220,29520,1860,2952,,0,04,2026
2,20XX,71,3,1220,9992902,1197,160185,,0,04,2026
2,20XX,71,3,2010,13979212,1026,61582,,0,04,2026
2,20XX,71,5,1220,26081,5,2250,,0,04,2026
2,20XX,72,1,2010,5951993,6095237,143237,,0,04,2026
2,20XX,72,3,2010,21076,832,1300,,0,04,2026
2,20XX,73,3,1220,903845,19730,40208,,0,04,2026
2,20XX,73,3,2010,658935,19792,47568,,0,04,2026
2,20XX,74,3,1220,26182,79,2231,,0,04,2026
2,20XX,74,3,2010,94360,2706,6503,,0,04,2026
2,20XX,75,3,1220,1432643,3153,62077,,0,04,2026
2,20XX,75,3,2010,21744,16,980,,0,04,2026
2,20XX,76,1,1220,59440683,16446338,1011160,,0,04,2026
2,20XX,76,1,2010,503800,173758,13502,,1,04,2026
2,20XX,76,3,1220,220531,1045,16196,,0,04,2026
2,20XX,76,3,2010,90022,1361,5675,,0,04,2026
2,20XX,78,3,1220,16835,66,2700,,0,04,2026
2,20XX,79,3,2010,2526,109,650,,0,04,2026
2,20XX,80,3,1220,4082,92,0,,0,04,2026
2,20XX,81,3,1220,660432,1266,12237,,0,04,2026
2,20XX,81,3,2010,45109,271,1550,,0,04,2026
2,20XX,82,3,1220,663724,5889,34261,,0,04,2026
2,20XX,82,3,2010,112195,1758,6400,,0,04,2026
2,20XX,82,9,2010,109711,8,1427,,0,04,2026
2,20XX,83,1,1220,3650,254,18,,1,04,2026
2,20XX,83,1,2010,9655,626,48,,1,04,2026
2,20XX,83,3,1220,800431,3757,50850,,0,04,2026
2,20XX,83,3,2010,339182,2674,20143,,0,04,2026
2,20XX,83,5,1220,8497,8,900,,0,04,2026
2,20XX,84,1,1220,2711,223,14,,1,04,2026
2,20XX,84,1,2010,1236625,106647,20056,,1,04,2026
2,20XX,84,3,1220,46675454,203824,981977,,0,04,2026
2,20XX,84,3,1220,3959,5,250,,1,04,2026
2,20XX,84,3,2010,129959047,432447,5612509,,0,04,2026
2,20XX,84,5,1220,231776,8596,11891,,0,04,2026
2,20XX,84,5,2010,121025,7049,503,,0,04,2026
2,20XX,84,9,2010,12683758,1038634,164893,,0,04,2026
2,20XX,84,9,2010,123215,303,1602,,1,04,2026
2,20XX,85,1,1220,2185,75,11,,1,04,2026
2,20XX,85,1,2010,58849,8652,787,,1,04,2026
2,20XX,85,3,1220,61087839,344034,1498205,,0,04,2026
2,20XX,85,3,2010,98143456,467551,1173485,,0,04,2026
2,20XX,85,5,1220,22781,1041,3794,,0,04,2026
2,20XX,85,5,2010,23121,68,820,,0,04,2026
2,20XX,85,9,2010,68835,16778,892,,0,04,2026
2,20XX,86,3,1220,109148,236,8086,,0,04,2026
2,20XX,86,3,2010,2739,11,650,,0,04,2026
2,20XX,87,1,2010,2827,68,166,,1,04,2026
2,20XX,87,3,1220,221298,8081,19495,,0,04,2026
2,20XX,87,3,2010,818100,52566,71808,,0,04,2026
2,20XX,87,5,1220,81144,3530,2340,,0,04,2026
2,20XX,87,5,2010,735849,127263,5690,,0,04,2026
2,20XX,87,9,2010,18195279,1404261,169920,,0,04,2026
2,20XX,88,3,1220,25139660,20350,321010,,0,04,2026
2,20XX,88,3,2010,1666424,2921,67308,,0,04,2026
2,20XX,89,3,1220,7207,36,550,,0,04,2026
2,20XX,89,3,2010,13889,55,650,,0,04,2026
2,20XX,90,1,2010,7088,112,7,,0,04,2026
2,20XX,90,1,2010,86000,1657,1775,,1,04,2026
2,20XX,90,3,1220,46300965,232634,1095784,,0,04,2026
2,20XX,90,3,2010,20881418,96229,372724,,0,04,2026
2,20XX,90,5,1220,32506,99,1100,,0,04,2026
2,20XX,91,3,1220,189873,39,5000,,0,04,2026
2,20XX,91,3,2010,15370,28,500,,0,04,2026
2,20XX,92,3,1220,411751,4128,29966,,0,04,2026
2,20XX,93,3,1220,30569,42,1800,,0,04,2026
2,20XX,94,3,1220,4488948,189114,82858,,0,04,2026
2,20XX,94,3,2010,452249,19209,24609,,0,04,2026
2,20XX,94,5,1220,1491,462,30,,0,04,2026
2,20XX,95,3,1220,163930,11747,14190,,0,04,2026
2,20XX,95,3,2010,17303,891,1743,,0,04,2026
2,20XX,96,3,1220,30996,2428,1400,,0,04,2026
2,20XX,96,3,2010,3146,57,0,,0,04,2026
2,20XX,97,3,1220,180058,366,12652,,0,04,2026
2,20XX,97,3,2010,94842,131,2674,,0,04,2026
2,20XX,98,1,2010,761700,322449,2792,,0,04,2026
2,20XX,98,1,2010,11113,67447,1161,,1,04,2026
2,20XX,98,3,1220,114718028,184455,1747449,,0,04,2026
2,20XX,98,3,2010,17422097,70729,354596,,0,04,2026
2,20XX,98,5,1220,1107681,471,12624,,0,04,2026
2,20XX,98,5,2010,8662,35403,100,,0,04,2026
2,20XX,98,9,1220,51420,1371,668,,0,04,2026
2,20XX,98,9,2010,649609,11550,8444,,0,04,2026
2,21XX,27,1,2010,35989354,61618965,579931,,0,04,2026
2,21XX,27,7,1220,253057425,419346567,22822475,,0,04,2026
2,2301,03,5,2010,1477592,99609,17270,,0,04,2026
2,2301,04,5,2010,3877,810,200,,0,04,2026
2,2301,05,5,2010,5722,1188,199,,0,04,2026
2,2301,06,5,2010,207435,54418,4249,,0,04,2026
2,2301,07,5,2010,1609609,703413,17599,,0,04,2026
2,2301,09,5,2010,2852846,287242,183,,0,04,2026
2,2301,11,5,2010,549561,336745,697,,0,04,2026
2,2301,12,5,2010,119909,35661,467,,0,04,2026
2,2301,15,5,2010,949736,199530,1455,,0,04,2026
2,2301,16,5,2010,298413,21487,2952,,0,04,2026
2,2301,17,5,2010,1675768,966383,7106,,0,04,2026
2,2301,17,6,2010,318178,231336,450,,0,04,2026
2,2301,18,5,2010,3013380,399740,32,,0,04,2026
2,2301,19,5,2010,1413756,213458,895,,0,04,2026
2,2301,20,5,2010,755072,221971,14590,,0,04,2026
2,2301,21,5,2010,494635,269063,3300,,0,04,2026
2,2301,22,5,2010,335754,275789,2328,,0,04,2026
2,2301,23,5,2010,30130,10643,128,,0,04,2026
2,2301,25,5,2010,13372,28273,3,,0,04,2026
2,2301,26,5,2010,15119,32658,350,,0,04,2026
2,2301,27,5,2010,46289,20408,545,,0,04,2026
2,2301,27,6,2010,49883681,122742095,1057575,,0,04,2026
2,2301,28,5,2010,529188,371529,54905,,0,04,2026
2,2301,28,6,2010,14122083,6426221,85074,,0,04,2026
2,2301,28,6,2010,1111209,629223,111123,,1,04,2026
2,2301,29,5,2010,578226,145123,4903,,0,04,2026
2,2301,30,5,2010,2156062,131425,7650,,0,04,2026
2,2301,31,5,2010,438715,210896,26130,,0,04,2026
2,2301,33,5,2010,6681,1336,208,,0,04,2026
2,2301,34,5,2010,954616,217419,11926,,0,04,2026
2,2301,35,5,2010,7388,1986,76,,0,04,2026
2,2301,36,5,2010,2855562,122036,1496,,0,04,2026
2,2301,38,5,2010,1494989,408024,38016,,0,04,2026
2,2301,39,5,2010,33232611,8933169,170427,,0,04,2026
2,2301,39,6,2010,1286837,992516,5000,,0,04,2026
2,2301,39,9,2010,2063,145,26,,0,04,2026
2,2301,40,5,2010,26611782,7049027,529136,,0,04,2026
2,2301,40,6,2010,18902,1590,125,,0,04,2026
2,2301,41,5,2010,33744,33086,107,,0,04,2026
2,2301,42,5,2010,939898,17796,1701,,0,04,2026
2,2301,44,5,2010,148117,132514,7287,,0,04,2026
2,2301,48,5,2010,15918152,5139907,55083,,0,04,2026
2,2301,49,5,2010,84788,19061,232,,0,04,2026
2,2301,54,5,2010,2544,91,26,,0,04,2026
2,2301,55,5,2010,17373,12320,55,,0,04,2026
2,2301,56,5,2010,95445,3496,196,,0,04,2026
2,2301,57,5,2010,9560,1031,9,,0,04,2026
2,2301,58,5,2010,4864,162,16,,0,04,2026
2,2301,59,5,2010,17568,1067,200,,0,04,2026
2,2301,61,5,2010,195460,2809,41,,0,04,2026
2,2301,62,5,2010,851464,9710,620,,0,04,2026
2,2301,63,5,2010,1858474,303763,5169,,0,04,2026
2,2301,64,5,2010,4192282,74507,2594,,0,04,2026
2,2301,65,5,2010,101933,6747,949,,0,04,2026
2,2301,68,5,2010,415505,297132,5618,,0,04,2026
2,2301,69,5,2010,40193,13964,1205,,0,04,2026
2,2301,70,5,2010,8854353,3274690,19493,,0,04,2026
2,2301,71,5,2010,667671,5477,432,,0,04,2026
2,2301,72,5,2010,1154408,1520084,17914,,0,04,2026
2,2301,72,6,2010,12906077,28819925,85401,,0,04,2026
2,2301,72,6,2010,804677,1505343,20704,,1,04,2026
2,2301,73,5,2010,22770616,5088190,472340,,0,04,2026
2,2301,74,5,2010,486100,62785,494,,0,04,2026
2,2301,75,5,2010,70613,454,162,,0,04,2026
2,2301,76,5,2010,2318405,289930,5844,,0,04,2026
2,2301,79,6,2010,6325455,1965513,72,,0,04,2026
2,2301,80,5,2010,178322,168497,300,,0,04,2026
2,2301,81,5,2010,5385444,196615,645,,0,04,2026
2,2301,82,5,2010,5021837,221117,4029,,0,04,2026
2,2301,83,5,2010,3256726,524618,5537,,0,04,2026
2,2301,84,5,2010,87421172,7807444,385992,,0,04,2026
2,2301,84,5,2010,180287,14644,135,,1,04,2026
2,2301,85,5,2010,202899817,6157617,97197,,0,04,2026
2,2301,85,9,2010,1690378,24382,21924,,0,04,2026
2,2301,87,5,2010,81253981,4317221,150121,,0,04,2026
2,2301,87,6,2010,179985,142154,12000,,0,04,2026
2,2301,87,9,2010,2432,1219,49,,0,04,2026
2,2301,88,5,2010,328413,2524,1503,,0,04,2026
2,2301,89,5,2010,9629,3006,107,,0,04,2026
2,2301,90,5,2010,17378522,146054,9241,,0,04,2026
2,2301,91,5,2010,909210,50096,1800,,0,04,2026
2,2301,94,5,2010,61612961,10749068,263572,,0,04,2026
2,2301,95,5,2010,218268,15274,793,,0,04,2026
2,2301,96,5,2010,1890445,98658,381,,0,04,2026
2,2301,97,5,2010,7500,85,300,,0,04,2026
2,2301,98,5,2010,10666163,1609558,49087,,0,04,2026
2,2301,98,9,2010,9447,4735,189,,0,04,2026
2,2302,08,5,2010,773011,107512,9,,0,04,2026
2,2302,20,5,2010,5544652,848023,23573,,0,04,2026
2,2302,21,5,2010,123727,29453,490,,0,04,2026
2,2302,25,5,2010,1203317,8618115,382,,0,04,2026
2,2302,25,5,2010,642950,3160790,24905,,1,04,2026
2,2302,32,5,2010,70299,3855,128,,0,04,2026
2,2302,35,5,2010,4761,448,12,,0,04,2026
2,2302,38,5,2010,10936,2956,1,,0,04,2026
2,2302,39,5,2010,8019687,2572869,102491,,0,04,2026
2,2302,39,5,2010,2251152,789692,28641,,1,04,2026
2,2302,40,5,2010,22514,830,44,,0,04,2026
2,2302,42,5,2010,245984,7671,792,,0,04,2026
2,2302,42,5,2010,5799,122,18,,1,04,2026
2,2302,44,5,2010,6628,15741,125,,0,04,2026
2,2302,45,5,2010,4270,565,3,,0,04,2026
2,2302,48,5,2010,106919,31014,236,,0,04,2026
2,2302,49,5,2010,6670,25,1,,1,04,2026
2,2302,55,5,2010,789,11,273,,1,04,2026
2,2302,56,5,2010,74011,9383,97,,0,04,2026
2,2302,58,5,2010,2684,85,303,,0,04,2026
2,2302,59,5,2010,62196,2175,718,,0,04,2026
2,2302,59,5,2010,779,48,121,,1,04,2026
2,2302,60,5,2010,60663,6868,1946,,0,04,2026
2,2302,60,5,2010,10882,410,509,,1,04,2026
2,2302,61,5,2010,6307,905,7,,0,04,2026
2,2302,61,5,2010,25432,558,165,,1,04,2026
2,2302,62,5,2010,907781,22864,291,,0,04,2026
2,2302,62,5,2010,1721150,180735,7268,,1,04,2026
2,2302,63,5,2010,703627,159894,3991,,0,04,2026
2,2302,63,5,2010,4178466,631962,15401,,1,04,2026
2,2302,64,5,2010,965500,7737,5629,,0,04,2026
2,2302,65,5,2010,15967,6430,44,,1,04,2026
2,2302,68,5,2010,64826,22302,1212,,0,04,2026
2,2302,69,5,2010,389717,2212166,15874,,0,04,2026
2,2302,71,5,2010,228220,5275,63,,0,04,2026
2,2302,72,5,2010,468403,396948,12430,,0,04,2026
2,2302,73,5,2010,4481493,1064217,23977,,0,04,2026
2,2302,73,5,2010,148173,66724,2139,,1,04,2026
2,2302,74,5,2010,1352990,141329,1215,,0,04,2026
2,2302,75,5,2010,400370,20925,816,,0,04,2026
2,2302,75,5,2010,101742,4953,523,,1,04,2026
2,2302,76,5,2010,6198875,550659,3443,,0,04,2026
2,2302,79,5,2010,106101,42958,167,,0,04,2026
2,2302,81,5,2010,1223391,86108,1601,,0,04,2026
2,2302,81,5,2010,767420,64531,1100,,1,04,2026
2,2302,83,5,2010,793868,22904,888,,0,04,2026
2,2302,84,5,2010,59692728,5996534,743502,,0,04,2026
2,2302,84,5,2010,35209879,138388,16135,,1,04,2026
2,2302,85,1,2010,20016,1000,2,,1,04,2026
2,2302,85,5,2010,59778792,2650303,71557,,0,04,2026
2,2302,85,5,2010,1120846,41748,4336,,1,04,2026
2,2302,86,5,2010,463583,83762,1122,,0,04,2026
2,2302,87,5,2010,49003425,3543735,62062,,0,04,2026
2,2302,87,5,2010,605463,118116,5405,,1,04,2026
2,2302,88,5,2010,188380,3085,386,,0,04,2026
2,2302,90,5,2010,5159366,58605,4148,,0,04,2026
2,2302,90,5,2010,15080,148,42,,1,04,2026
2,2302,92,5,2010,60213,4803,30,,0,04,2026
2,2302,94,5,2010,96935645,7261556,846763,,0,04,2026
2,2302,94,5,2010,6839071,349212,15472,,1,04,2026
2,2302,95,5,2010,84412,3700,5,,0,04,2026
2,2302,96,5,2010,3408412,295745,2312,,0,04,2026
2,2302,96,5,2010,4820294,503917,3233,,1,04,2026
2,2302,98,5,2010,4029530,331262,12418,,0,04,2026
2,2302,98,5,2010,3736348,373770,13858,,1,04,2026
2,2303,04,6,2010,26025,5160,85,,1,04,2026
2,2303,15,6,2010,511203,331120,4,,0,04,2026
2,2303,15,6,2010,1643337,1053124,1950,,1,04,2026
2,2303,16,6,2010,1158752,214414,11,,0,04,2026
2,2303,17,6,2010,165031,30885,485,,1,04,2026
2,2303,18,6,2010,6406763,1150886,19560,,1,04,2026
2,2303,19,5,2010,105367,37419,594,,0,04,2026
2,2303,19,6,2010,7427211,5131592,124346,,0,04,2026
2,2303,19,6,2010,15834336,6928410,83198,,1,04,2026
2,2303,20,5,2010,22819156,3562505,106982,,0,04,2026
2,2303,20,6,2010,3277388,1133027,12800,,0,04,2026
2,2303,20,6,2010,533674,274667,3903,,1,04,2026
2,2303,21,5,2010,809897,199172,4165,,0,04,2026
2,2303,21,6,2010,559400,238891,1920,,0,04,2026
2,2303,22,5,2010,36228021,36294694,844633,,0,04,2026
2,2303,22,6,2010,353135681,302427762,3873132,,0,04,2026
2,2303,22,6,2010,3172041,5152422,48000,,1,04,2026
2,2303,25,5,2010,1131305,7161364,13998,,0,04,2026
2,2303,25,5,2010,38031,169610,1400,,1,04,2026
2,2303,25,6,2010,2191912,7341536,20525,,0,04,2026
2,2303,25,6,2010,199060,1060605,4600,,1,04,2026
2,2303,28,5,2010,11812,78380,4,,0,04,2026
2,2303,28,6,2010,5206784,3396692,82352,,0,04,2026
2,2303,28,6,2010,427104,227660,60641,,1,04,2026
2,2303,29,6,2010,1476713,1658300,35373,,1,04,2026
2,2303,30,6,2010,329012,286293,13500,,0,04,2026
2,2303,30,6,2010,1947388,1597854,28613,,1,04,2026
2,2303,32,5,2010,444593,559724,10849,,0,04,2026
2,2303,32,6,2010,62504,26525,4,,0,04,2026
2,2303,33,6,2010,4139154,1611605,26230,,0,04,2026
2,2303,33,6,2010,7773109,2279535,21970,,1,04,2026
2,2303,34,6,2010,312236,138722,606,,0,04,2026
2,2303,34,6,2010,10284551,7198134,61773,,1,04,2026
2,2303,36,5,2010,1078539,541234,13301,,0,04,2026
2,2303,38,5,2010,22135,19000,1000,,0,04,2026
2,2303,38,5,2010,278880,285960,3000,,1,04,2026
2,2303,38,6,2010,22135,19000,1000,,0,04,2026
2,2303,38,6,2010,1813525,2292224,30259,,1,04,2026
2,2303,39,5,2010,1070334,288712,16927,,0,04,2026
2,2303,39,5,2010,167137,87111,1567,,1,04,2026
2,2303,39,6,2010,4599453,2566276,213514,,0,04,2026
2,2303,39,6,2010,6787459,3887734,28481,,1,04,2026
2,2303,40,5,2010,14826346,1573375,208736,,0,04,2026
2,2303,40,6,2010,23341071,7221256,264119,,0,04,2026
2,2303,40,6,2010,26947350,3892046,1087753,,1,04,2026
2,2303,41,5,2010,538842,39217,2675,,0,04,2026
2,2303,42,5,2010,33451,1080,1235,,0,04,2026
2,2303,42,6,2010,518818,64646,1064,,0,04,2026
2,2303,44,5,2010,527136,336817,59,,0,04,2026
2,2303,44,6,2010,3082,815,20,,0,04,2026
2,2303,44,6,2010,28924,7715,200,,1,04,2026
2,2303,48,5,2010,221353,77805,83,,0,04,2026
2,2303,48,6,2010,1759407,1911700,15009,,0,04,2026
2,2303,48,6,2010,1180119,465093,53747,,1,04,2026
2,2303,49,5,2010,613436,34529,945,,0,04,2026
2,2303,49,5,2010,4287,1749,101,,1,04,2026
2,2303,52,5,2010,1522,85,153,,0,04,2026
2,2303,55,5,2010,178855,19790,109,,0,04,2026
2,2303,55,6,2010,11898,18693,719,,1,04,2026
2,2303,56,5,2010,299,65,4,,0,04,2026
2,2303,57,6,2010,833,36,3,,1,04,2026
2,2303,59,5,2010,27225,4649,2,,0,04,2026
2,2303,59,6,2010,482099,41749,6406,,1,04,2026
2,2303,61,5,2010,2599320,58305,3247,,0,04,2026
2,2303,62,5,2010,32055259,1620930,80082,,0,04,2026
2,2303,63,5,2010,130507,8698,558,,0,04,2026
2,2303,63,6,2010,881,1,6,,0,04,2026
2,2303,64,5,2010,233861,9235,2777,,0,04,2026
2,2303,64,6,2010,2269396,197161,17999,,1,04,2026
2,2303,65,5,2010,32756,1429,106,,0,04,2026
2,2303,66,5,2010,22005,2219,8,,0,04,2026
2,2303,68,5,2010,168106,333485,620,,0,04,2026
2,2303,68,6,2010,784699,246393,10100,,0,04,2026
2,2303,68,6,2010,232357,80349,4443,,1,04,2026
2,2303,69,5,2010,808940,4088830,26189,,0,04,2026
2,2303,69,6,2010,5613966,2032777,85176,,0,04,2026
2,2303,69,6,2010,9189378,11937813,383780,,1,04,2026
2,2303,70,5,2010,63623,105436,648,,0,04,2026
2,2303,70,6,2010,1756848,847514,9512,,0,04,2026
2,2303,70,6,2010,305962,207878,6511,,1,04,2026
2,2303,72,5,2010,60494,100129,1066,,0,04,2026
2,2303,72,6,2010,6097163,10213862,327654,,0,04,2026
2,2303,72,6,2010,133915,168580,2343,,1,04,2026
2,2303,73,5,2010,60599394,23247484,356814,,0,04,2026
2,2303,73,5,2010,1000787,340787,5800,,1,04,2026
2,2303,73,6,2010,7839510,2031451,139186,,0,04,2026
2,2303,73,6,2010,20681080,2995184,580430,,1,04,2026
2,2303,74,5,2010,8481114,668199,132491,,0,04,2026
2,2303,75,5,2010,12637,761,73,,0,04,2026
2,2303,76,5,2010,1138713,305478,16480,,0,04,2026
2,2303,76,6,2010,459853,54091,1632,,0,04,2026
2,2303,76,6,2010,154123,18767,9000,,1,04,2026
2,2303,79,5,2010,232905,100362,295,,0,04,2026
2,2303,82,5,2010,109702,32056,782,,0,04,2026
2,2303,82,6,2010,91065,24971,624,,0,04,2026
2,2303,82,6,2010,1255660,346901,15606,,1,04,2026
2,2303,83,5,2010,1873803,526503,11861,,0,04,2026
2,2303,83,6,2010,2092609,811071,33896,,0,04,2026
2,2303,83,6,2010,8920,274,42,,1,04,2026
2,2303,84,5,2010,32581033,3836108,526991,,0,04,2026
2,2303,84,5,2010,1050127,5268,956,,1,04,2026
2,2303,84,6,2010,106456292,17135117,1119548,,0,04,2026
2,2303,84,6,2010,103277877,13637132,2485722,,1,04,2026
2,2303,85,5,2010,105112646,5040571,188963,,0,04,2026
2,2303,85,6,2010,27248451,5086540,218295,,0,04,2026
2,2303,85,6,2010,7151319,1326447,233004,,1,04,2026
2,2303,86,5,2010,1648622,332606,32233,,0,04,2026
2,2303,87,5,2010,76560676,5476022,206930,,0,04,2026
2,2303,87,5,2010,1093107,56563,2823,,1,04,2026
2,2303,87,6,2010,1700139541,179846409,16185878,,0,04,2026
2,2303,87,6,2010,12882184,1873169,65010,,1,04,2026
2,2303,90,5,2010,149730,2697,443,,0,04,2026
2,2303,90,6,2010,8564066,1460148,26118,,0,04,2026
2,2303,90,6,2010,126362,80630,4780,,1,04,2026
2,2303,93,5,2010,1116052,103119,18911,,0,04,2026
2,2303,94,5,2010,21309205,2833219,456647,,0,04,2026
2,2303,94,5,2010,5847482,132576,6488,,1,04,2026
2,2303,94,6,2010,10018365,1596920,133834,,0,04,2026
2,2303,94,6,2010,1317829,198233,6239,,1,04,2026
2,2303,95,6,2010,1811172,366441,108670,,0,04,2026
2,2303,95,6,2010,207079,32916,1026,,1,04,2026
2,2303,96,5,2010,4338,587,1,,0,04,2026
2,2303,96,5,2010,160229,23243,116,,1,04,2026
2,2303,96,6,2010,2373322,289946,5226,,0,04,2026
2,2303,96,6,2010,2094496,627016,6100,,1,04,2026
2,2303,97,5,2010,7200,100,1,,0,04,2026
2,2303,98,5,2010,6223977,836177,21443,,0,04,2026
2,2303,98,5,2010,62533,5042,231,,1,04,2026
2,2303,98,6,2010,374376,31012,2577,,0,04,2026
2,2303,98,6,2010,370055,22846,1735,,1,04,2026
2,2304,02,5,2010,185547362,21695073,209340,,0,04,2026
2,2304,02,6,2010,545651,54599,900,,1,04,2026
2,2304,03,5,2010,803988,103418,1402,,0,04,2026
2,2304,04,5,2010,11466652,8242313,85866,,0,04,2026
2,2304,04,6,2010,2306810,576965,7500,,1,04,2026
2,2304,05,5,2010,4207496,641733,13750,,0,04,2026
2,2304,06,5,2010,2325309,1457975,78484,,0,04,2026
2,2304,07,5,2010,197276527,96826864,4752210,,0,04,2026
2,2304,08,5,2010,302309569,87165807,7707597,,0,04,2026
2,2304,08,5,2010,46401,18212,5000,,1,04,2026
2,2304,09,5,2010,11963936,1639644,77167,,0,04,2026
2,2304,10,5,2010,218517,174403,4966,,0,04,2026
2,2304,10,6,2010,48708,191536,200,,0,04,2026
2,2304,11,5,2010,5807608,4975785,149250,,0,04,2026
2,2304,11,6,2010,160722,354728,2400,,1,04,2026
2,2304,12,5,2010,2222489,1680724,12090,,0,04,2026
2,2304,13,5,2010,4617927,559208,50555,,0,04,2026
2,2304,14,5,2010,1160146,135448,2403,,0,04,2026
2,2304,15,5,2010,54745713,9565411,893138,,0,04,2026
2,2304,15,6,2010,7817323,2138430,4938,,0,04,2026
2,2304,15,6,2010,809383,1531503,17000,,1,04,2026
2,2304,16,5,2010,9142759,1746289,18448,,0,04,2026
2,2304,17,5,2010,58399878,20451590,676106,,0,04,2026
2,2304,18,5,2010,57680722,15909910,355111,,0,04,2026
2,2304,18,6,2010,2160528,2745013,11750,,0,04,2026
2,2304,19,5,2010,81986161,34101934,806785,,0,04,2026
2,2304,19,5,2010,39236,9381,1200,,1,04,2026
2,2304,19,6,2010,8973092,5659425,199408,,0,04,2026
2,2304,19,6,2010,14689327,6160488,74411,,1,04,2026
2,2304,20,5,2010,78515357,28097084,1349348,,0,04,2026
2,2304,20,6,2010,20702,19037,1,,0,04,2026
2,2304,20,6,2010,133743,76003,5200,,1,04,2026
2,2304,21,5,2010,93712121,23921890,595591,,0,04,2026
2,2304,21,6,2010,72402,54862,3,,0,04,2026
2,2304,22,1,2010,33982,44132,2,,1,04,2026
2,2304,22,5,2010,167948078,107500106,2575999,,0,04,2026
2,2304,22,5,2010,11500519,2280483,14924,,1,04,2026
2,2304,22,6,2010,4743573,1072581,43731,,0,04,2026
2,2304,22,6,2010,43491021,7553248,169488,,1,04,2026
2,2304,22,9,2010,161928,19370,3239,,0,04,2026
2,2304,23,5,2010,9317982,2318605,83687,,0,04,2026
2,2304,24,5,2010,16710,286,1671,,0,04,2026
2,2304,24,5,2010,20703322,1660425,293987,,1,04,2026
2,2304,25,5,2010,2378638,320597310,58329,,0,04,2026
2,2304,25,6,2010,1139670,6800993,36212,,0,04,2026
2,2304,25,6,2010,986916,37335608,38200,,1,04,2026
2,2304,26,5,2010,184368,133057,4500,,0,04,2026
2,2304,27,5,2010,1170382,486874,7621,,0,04,2026
2,2304,28,5,2010,29130547,17600200,291282,,0,04,2026
2,2304,28,6,2010,3712784,6937767,167822,,0,04,2026
2,2304,28,6,2010,70705,20204,2,,1,04,2026
2,2304,29,5,2010,15711876,2691675,176433,,0,04,2026
2,2304,29,5,2010,35340,2582,5000,,1,04,2026
2,2304,29,6,2010,2023500,578073,1520,,0,04,2026
2,2304,29,6,2010,126992,109120,1200,,1,04,2026
2,2304,30,5,2010,23571936,6250921,315512,,0,04,2026
2,2304,30,6,2010,1160802,1532085,72200,,0,04,2026
2,2304,30,6,2010,5274933,2177148,81954,,1,04,2026
2,2304,31,5,2010,798611,245916,20506,,0,04,2026
2,2304,32,5,2010,30449939,9480638,310486,,0,04,2026
2,2304,32,5,2010,464135,168841,18558,,1,04,2026
2,2304,33,5,2010,99228971,16633669,704462,,0,04,2026
2,2304,33,6,2010,14063487,2421212,82902,,0,04,2026
2,2304,33,6,2010,2127723,598334,5952,,1,04,2026
2,2304,34,5,2010,54830050,36823970,1085278,,0,04,2026
2,2304,34,5,2010,285545,58019,21000,,1,04,2026
2,2304,34,6,2010,7546818,5021650,266800,,0,04,2026
2,2304,34,6,2010,2005645,1387766,10084,,1,04,2026
2,2304,35,5,2010,9643785,2698417,110150,,0,04,2026
2,2304,36,5,2010,5229358,144011,3030,,0,04,2026
2,2304,37,5,2010,560181,7572,505,,0,04,2026
2,2304,38,5,2010,37745197,12345403,512719,,0,04,2026
2,2304,38,5,2010,1047926,425514,55228,,1,04,2026
2,2304,38,6,2010,8791221,2958536,25442,,0,04,2026
2,2304,38,6,2010,1808421,1961399,34730,,1,04,2026
2,2304,39,3,2010,13885,526,1679,,0,04,2026
2,2304,39,5,2010,322348414,77283247,4036577,,0,04,2026
2,2304,39,5,2010,2150836,261065,292813,,1,04,2026
2,2304,39,6,2010,22720673,17479864,255520,,0,04,2026
2,2304,39,6,2010,16216530,7948116,374731,,1,04,2026
2,2304,39,9,2010,515,76,10,,0,04,2026
2,2304,40,3,2010,34234,2536,2999,,0,04,2026
2,2304,40,5,2010,210492674,28576035,4770984,,0,04,2026
2,2304,40,5,2010,8175760,2672947,960922,,1,04,2026
2,2304,40,6,2010,19302570,7058830,220171,,0,04,2026
2,2304,40,6,2010,35915700,6095114,1102317,,1,04,2026
2,2304,41,5,2010,4136446,507242,49770,,0,04,2026
2,2304,41,5,2010,17387,702,700,,1,04,2026
2,2304,42,5,2010,15283025,779815,79997,,0,04,2026
2,2304,42,5,2010,48685,1430,750,,1,04,2026
2,2304,42,6,2010,438661,48256,2436,,0,04,2026
2,2304,42,9,2010,125163,2564,3400,,0,04,2026
2,2304,44,5,2010,23982534,10965130,516583,,0,04,2026
2,2304,44,5,2010,2564,7644,2485,,1,04,2026
2,2304,44,6,2010,24275,6331,732,,1,04,2026
2,2304,45,5,2010,83421,3912,943,,0,04,2026
2,2304,46,5,2010,1831729,530543,6648,,0,04,2026
2,2304,47,5,2010,2057,2491,300,,0,04,2026
2,2304,48,5,2010,69189378,28973236,1880886,,0,04,2026
2,2304,48,5,2010,977743,88359,75305,,1,04,2026
2,2304,48,6,2010,156804,88964,504,,0,04,2026
2,2304,48,6,2010,2188949,1951726,12291,,1,04,2026
2,2304,49,5,2010,30607693,5056118,277579,,0,04,2026
2,2304,49,5,2010,644674,48122,1022,,1,04,2026
2,2304,49,6,2010,825533,387372,24045,,0,04,2026
2,2304,49,6,2010,18509,999,39,,1,04,2026
2,2304,51,5,2010,1436765,42403,14071,,0,04,2026
2,2304,52,5,2010,5314128,1256147,134119,,0,04,2026
2,2304,53,5,2010,68239,34927,464,,0,04,2026
2,2304,54,5,2010,6625253,1005009,71724,,0,04,2026
2,2304,54,5,2010,6110,500,500,,1,04,2026
2,2304,54,6,2010,28980,2924,500,,1,04,2026
2,2304,55,5,2010,3589882,432182,18592,,0,04,2026
2,2304,55,6,2010,41864,5179,722,,1,04,2026
2,2304,56,5,2010,13382169,2530012,173319,,0,04,2026
2,2304,56,5,2010,653204,81674,3535,,1,04,2026
2,2304,56,6,2010,115928,31444,6,,0,04,2026
2,2304,56,6,2010,50040,5206,865,,1,04,2026
2,2304,57,5,2010,5921433,1087495,294899,,0,04,2026
2,2304,57,5,2010,2208922,420084,120000,,1,04,2026
2,2304,57,6,2010,491287,1145124,21248,,0,04,2026
2,2304,58,5,2010,2666887,210488,22234,,0,04,2026
2,2304,58,5,2010,701978,4084,9,,1,04,2026
2,2304,59,5,2010,9647197,1213874,149793,,0,04,2026
2,2304,59,5,2010,212881,7525,1720,,1,04,2026
2,2304,59,9,2010,368783,44044,800,,0,04,2026
2,2304,60,5,2010,3082692,417857,29513,,0,04,2026
2,2304,61,5,2010,35536168,2000779,264720,,0,04,2026
2,2304,61,5,2010,70522,11047,1975,,1,04,2026
2,2304,61,9,2010,64737,1554,1600,,0,04,2026
2,2304,62,5,2010,58500877,1767323,196196,,0,04,2026
2,2304,63,5,2010,23836813,2298803,129137,,0,04,2026
2,2304,63,5,2010,50208,6690,1432,,1,04,2026
2,2304,64,5,2010,49072533,1432824,364615,,0,04,2026
2,2304,64,6,2010,1608073,47671,15000,,0,04,2026
2,2304,65,5,2010,30801866,337341,57610,,0,04,2026
2,2304,66,5,2010,7867,3200,708,,0,04,2026
2,2304,67,5,2010,13583,4886,236,,0,04,2026
2,2304,68,5,2010,37874818,40611891,1348633,,0,04,2026
2,2304,68,5,2010,24330,6630,2400,,1,04,2026
2,2304,68,6,2010,91980,14640,1800,,0,04,2026
2,2304,69,5,2010,80324258,36280963,1210332,,0,04,2026
2,2304,69,5,2010,336766,168903,243,,1,04,2026
2,2304,69,6,2010,1662142,1041037,49755,,0,04,2026
2,2304,69,6,2010,269860,502566,33756,,1,04,2026
2,2304,70,5,2010,110151539,61508695,2854530,,0,04,2026
2,2304,70,5,2010,203895,9127,5344,,1,04,2026
2,2304,70,6,2010,194508,94552,4507,,0,04,2026
2,2304,70,6,2010,545052,364143,13249,,1,04,2026
2,2304,71,5,2010,536341847,209075,23846,,0,04,2026
2,2304,72,5,2010,31298065,25770283,604861,,0,04,2026
2,2304,72,6,2010,2373369,5136030,38982,,0,04,2026
2,2304,72,6,2010,10658338,17725293,184815,,1,04,2026
2,2304,72,9,2010,385060,13987,342,,0,04,2026
2,2304,73,5,2010,232987370,75785364,3202055,,0,04,2026
2,2304,73,5,2010,2905472,994253,132033,,1,04,2026
2,2304,73,6,2010,5420690,2154593,72674,,0,04,2026
2,2304,73,6,2010,2634284,1112747,72072,,1,04,2026
2,2304,73,9,2010,18745,968,152,,0,04,2026
2,2304,74,5,2010,22313628,2199724,64895,,0,04,2026
2,2304,74,5,2010,383888,20929,23892,,1,04,2026
2,2304,74,6,2010,195136,18471,200,,0,04,2026
2,2304,75,5,2010,8207348,312075,12313,,0,04,2026
2,2304,76,5,2010,97654371,21852575,1026728,,0,04,2026
2,2304,76,5,2010,596103,130924,26683,,1,04,2026
2,2304,76,6,2010,717840,177590,1200,,0,04,2026
2,2304,76,6,2010,242706,24334,15000,,1,04,2026
2,2304,78,5,2010,32209855,12638239,248720,,0,04,2026
2,2304,79,5,2010,568012,151021,13727,,0,04,2026
2,2304,79,6,2010,8798628,2753897,46017,,0,04,2026
2,2304,80,5,2010,333666,7917,513,,0,04,2026
2,2304,81,5,2010,12376047,667036,14353,,0,04,2026
2,2304,81,5,2010,43181,140,2446,,1,04,2026
2,2304,82,5,2010,55949687,4899629,306675,,0,04,2026
2,2304,82,6,2010,128380,168126,3409,,0,04,2026
2,2304,82,6,2010,2129607,724872,66820,,1,04,2026
2,2304,83,5,2010,102190744,12208244,979819,,0,04,2026
2,2304,83,5,2010,62976,8457,5098,,1,04,2026
2,2304,83,6,2010,5275746,3048296,68398,,0,04,2026
2,2304,83,6,2010,7326,1484,57,,1,04,2026
2,2304,84,3,2010,2573983,276565,103967,,0,04,2026
2,2304,84,5,2010,7026583797,293711011,22318896,,0,04,2026
2,2304,84,5,2010,8695072,349270,183806,,1,04,2026
2,2304,84,6,2010,110930423,11149038,374536,,0,04,2026
2,2304,84,6,2010,29824207,4026555,384761,,1,04,2026
2,2304,84,9,2010,3630270,973312,60793,,0,04,2026
2,2304,85,3,2010,1910940,13775,15206,,0,04,2026
2,2304,85,5,2010,3389799192,177194874,17374552,,0,04,2026
2,2304,85,5,2010,18340454,982047,283303,,1,04,2026
2,2304,85,6,2010,72105396,11717551,383262,,0,04,2026
2,2304,85,6,2010,6940565,1311607,63012,,1,04,2026
2,2304,85,9,2010,2772499,153299,836,,0,04,2026
2,2304,86,5,2010,15153221,4177591,133973,,0,04,2026
2,2304,86,9,2010,697494,317948,44000,,0,04,2026
2,2304,87,1,2010,417864,18688,1,,0,04,2026
2,2304,87,3,2010,888952,170931,24775,,0,04,2026
2,2304,87,5,2010,3319991975,410406614,32081927,,0,04,2026
2,2304,87,5,2010,18976989,2493849,601750,,1,04,2026
2,2304,87,6,2010,1407605306,173185909,8920330,,0,04,2026
2,2304,87,6,2010,25499330,2836182,2282401,,1,04,2026
2,2304,88,5,2010,11734179,47638,114342,,0,04,2026
2,2304,89,5,2010,44239920,1744445,63706,,0,04,2026
2,2304,90,3,2010,105690,1735,952,,0,04,2026
2,2304,90,5,2010,324613830,7909933,1633166,,0,04,2026
2,2304,90,5,2010,1621592,43633,19019,,1,04,2026
2,2304,90,6,2010,7292005,657790,14793,,0,04,2026
2,2304,90,6,2010,150487,139194,7718,,1,04,2026
2,2304,91,5,2010,41551,2069,1061,,0,04,2026
2,2304,92,5,2010,8500,540,845,,0,04,2026
2,2304,93,5,2010,11491,1078,301,,0,04,2026
2,2304,94,3,2010,28774,1335,2877,,0,04,2026
2,2304,94,5,2010,452444939,50647613,6393985,,0,04,2026
2,2304,94,5,2010,4400559,407461,13640,,1,04,2026
2,2304,94,6,2010,2481786,200634,17725,,0,04,2026
2,2304,94,6,2010,1837917,545185,48178,,1,04,2026
2,2304,94,9,2010,675729,35929,6400,,0,04,2026
2,2304,95,5,2010,75769441,15691063,338738,,0,04,2026
2,2304,95,6,2010,2995610,587705,212396,,0,04,2026
2,2304,96,5,2010,24331220,3891760,242491,,0,04,2026
2,2304,96,5,2010,9749,451,1000,,1,04,2026
2,2304,96,6,2010,715538,181377,29101,,1,04,2026
2,2304,97,5,2010,416928,9867,1516,,0,04,2026
2,2304,98,3,2010,15465461,39078,9509,,0,04,2026
2,2304,98,5,2010,210281326,16544114,1908729,,0,04,2026
2,2304,98,5,2010,3414131,361113,228235,,1,04,2026
2,2304,98,6,2010,466643,84578,6682,,0,04,2026
2,2304,98,6,2010,748638,80809,1939,,1,04,2026
2,2304,98,9,2010,184618,11810,530,,0,04,2026
2,2305,02,5,2010,406334,59790,3000,,1,04,2026
2,2305,04,5,2010,77264,64076,2782,,0,04,2026
2,2305,05,5,2010,212949,81665,650,,0,04,2026
2,2305,06,5,2010,204998,94512,657,,0,04,2026
2,2305,07,5,2010,223388250,170933318,6890165,,0,04,2026
2,2305,07,5,2010,3849810,4419811,223468,,1,04,2026
2,2305,08,5,2010,441231636,213844829,16579320,,0,04,2026
2,2305,08,5,2010,32558297,23615286,1592043,,1,04,2026
2,2305,09,5,2010,3447320,656501,21408,,0,04,2026
2,2305,09,5,2010,100395,8735,1263,,1,04,2026
2,2305,10,5,2010,10040,11810,217,,0,04,2026
2,2305,11,5,2010,936457,1191094,51265,,0,04,2026
2,2305,12,5,2010,1036381,917459,61606,,0,04,2026
2,2305,12,5,2010,99935,30604,3789,,1,04,2026
2,2305,13,5,2010,613590,425879,27141,,0,04,2026
2,2305,14,5,2010,1143561,532886,29791,,0,04,2026
2,2305,14,5,2010,129205,41877,4988,,1,04,2026
2,2305,15,5,2010,21120,9284,300,,1,04,2026
2,2305,16,5,2010,30240,4248,800,,1,04,2026
2,2305,17,5,2010,10329962,3186037,31777,,0,04,2026
2,2305,17,5,2010,967479,179404,11330,,1,04,2026
2,2305,18,5,2010,1186689,421150,3504,,0,04,2026
2,2305,18,5,2010,8748,3354,550,,1,04,2026
2,2305,19,5,2010,15556214,4039582,77978,,0,04,2026
2,2305,19,5,2010,253152,72707,11755,,1,04,2026
2,2305,20,5,2010,29597612,15605769,367638,,0,04,2026
2,2305,20,5,2010,417765,116098,27600,,1,04,2026
2,2305,21,5,2010,1316675,426167,11344,,0,04,2026
2,2305,21,5,2010,32452,16459,1750,,1,04,2026
2,2305,22,5,2010,492066,409245,5834,,0,04,2026
2,2305,22,5,2010,318730,260282,33903,,1,04,2026
2,2305,23,5,2010,380122,10775,3000,,1,04,2026
2,2305,25,5,2010,19937,145450,7334,,0,04,2026
2,2305,26,5,2010,19866,20220,15,,0,04,2026
2,2305,28,5,2010,28496,1194,33,,0,04,2026
2,2305,29,5,2010,155520,17280,100,,0,04,2026
2,2305,30,5,2010,6543566,259196,7850,,0,04,2026
2,2305,32,5,2010,2226,525,100,,0,04,2026
2,2305,33,5,2010,4909596,197773,14446,,0,04,2026
2,2305,33,5,2010,263088,11718,3000,,1,04,2026
2,2305,34,5,2010,40116,23836,2400,,0,04,2026
2,2305,34,5,2010,170645,85344,7900,,1,04,2026
2,2305,35,5,2010,25289,4619,554,,0,04,2026
2,2305,38,5,2010,348240,59313,12535,,0,04,2026
2,2305,38,5,2010,98693,72911,7200,,1,04,2026
2,2305,39,5,2010,44038205,7739216,258791,,0,04,2026
2,2305,39,5,2010,1244692,504490,27800,,1,04,2026
2,2305,39,6,2010,7031,2100,104,,1,04,2026
2,2305,40,5,2010,10363891,1287968,139566,,0,04,2026
2,2305,40,5,2010,1185761,213223,2761,,1,04,2026
2,2305,42,5,2010,1910313,44064,3129,,0,04,2026
2,2305,44,5,2010,3750410,3670645,47909,,0,04,2026
2,2305,44,5,2010,117955,125383,7350,,1,04,2026
2,2305,47,5,2010,111215,548593,3084,,0,04,2026
2,2305,48,5,2010,12108378,4017454,95401,,0,04,2026
2,2305,48,5,2010,13556,5331,4226,,1,04,2026
2,2305,49,5,2010,5682161,427285,11892,,0,04,2026
2,2305,52,5,2010,974,327,3,,0,04,2026
2,2305,54,5,2010,59317,14229,507,,0,04,2026
2,2305,55,5,2010,27153,3389,486,,0,04,2026
2,2305,56,5,2010,473072,57512,1017,,0,04,2026
2,2305,56,5,2010,30111,665,46,,1,04,2026
2,2305,58,5,2010,121038,2865,210,,0,04,2026
2,2305,58,5,2010,37291,701,61,,1,04,2026
2,2305,59,5,2010,572635,48966,5085,,0,04,2026
2,2305,60,5,2010,119397,12611,545,,0,04,2026
2,2305,61,5,2010,6907324,206401,398897,,0,04,2026
2,2305,61,5,2010,256109,3915,357,,1,04,2026
2,2305,62,5,2010,5607043,210506,11466,,0,04,2026
2,2305,62,5,2010,303157,11983,481,,1,04,2026
2,2305,63,5,2010,5366663,308387,24633,,0,04,2026
2,2305,63,5,2010,1583,7381,68,,1,04,2026
2,2305,64,5,2010,873044,31464,1711,,0,04,2026
2,2305,65,5,2010,939613,73156,1939,,0,04,2026
2,2305,65,5,2010,252014,14441,429,,1,04,2026
2,2305,66,5,2010,289,176,37,,0,04,2026
2,2305,68,5,2010,9759680,3659809,25065,,0,04,2026
2,2305,69,5,2010,1257455,1021710,26837,,0,04,2026
2,2305,70,5,2010,4998875,256837,7531,,0,04,2026
2,2305,70,5,2010,3426604,438599,2737,,1,04,2026
2,2305,71,5,2010,13054422,89013,5559,,0,04,2026
2,2305,72,5,2010,1736960,4436817,64538,,0,04,2026
2,2305,73,5,2010,8662800,1758805,50813,,0,04,2026
2,2305,73,5,2010,187075,52094,4381,,1,04,2026
2,2305,74,5,2010,10259030,1111693,14458,,0,04,2026
2,2305,74,5,2010,5370,432,5,,1,04,2026
2,2305,75,5,2010,317748,663,32,,0,04,2026
2,2305,76,5,2010,4609368,1106567,34469,,0,04,2026
2,2305,76,5,2010,1942548,388705,4800,,1,04,2026
2,2305,78,5,2010,1098157,705237,5250,,0,04,2026
2,2305,78,5,2010,2240625,1450832,10800,,1,04,2026
2,2305,79,5,2010,3884,3430,56,,0,04,2026
2,2305,80,5,2010,645726,62946,531,,0,04,2026
2,2305,80,9,2010,35656,1046,713,,0,04,2026
2,2305,81,5,2010,6880,1,3,,0,04,2026
2,2305,82,5,2010,936150,80031,5547,,0,04,2026
2,2305,83,5,2010,2240575,164435,12748,,0,04,2026
2,2305,83,5,2010,219105,12540,235,,1,04,2026
2,2305,84,1,2010,56764,222,1,,1,04,2026
2,2305,84,5,2010,242739554,29605385,637508,,0,04,2026
2,2305,84,5,2010,12784201,1282112,27517,,1,04,2026
2,2305,85,5,2010,866376921,34790983,2536539,,0,04,2026
2,2305,85,5,2010,69521258,2003479,56206,,1,04,2026
2,2305,85,9,2010,5369440,171370,11067,,0,04,2026
2,2305,86,5,2010,400000,16763,467,,0,04,2026
2,2305,87,5,2010,80168944,10824315,246340,,0,04,2026
2,2305,87,5,2010,7512343,700066,14494,,1,04,2026
2,2305,88,5,2010,1256718,2982,5828,,0,04,2026
2,2305,88,5,2010,39503,39,150,,1,04,2026
2,2305,89,5,2010,4474477,191046,8029,,0,04,2026
2,2305,90,5,2010,225000960,6157514,81043,,0,04,2026
2,2305,90,5,2010,4551493,350344,7524,,1,04,2026
2,2305,91,5,2010,27045,79,4,,0,04,2026
2,2305,93,5,2010,1821968,410361,1494,,0,04,2026
2,2305,94,5,2010,40528954,6424503,109162,,0,04,2026
2,2305,94,5,2010,178138,43532,12973,,1,04,2026
2,2305,95,5,2010,4522538,623761,6682,,0,04,2026
2,2305,95,5,2010,201471,6172,144,,1,04,2026
2,2305,96,5,2010,171619,15785,2156,,0,04,2026
2,2305,97,5,2010,22477,28000,3372,,1,04,2026
2,2305,98,3,2010,465000,1237,1237,,0,04,2026
2,2305,98,5,2010,113235940,5089227,157858,,0,04,2026
2,2305,98,5,2010,5102467,1609517,19310,,1,04,2026
2,2305,98,9,2010,2814,3115,1200,,0,04,2026
2,2307,03,5,2010,2700,245,500,,0,04,2026
2,2307,08,5,2010,639256,3355658,120765,,0,04,2026
2,2307,12,5,2010,4937,307,7,,0,04,2026
2,2307,22,5,2010,15302,14620,49,,0,04,2026
2,2307,25,5,2010,549780,2908520,70716,,0,04,2026
2,2307,32,5,2010,462314,1369147,24880,,0,04,2026
2,2307,35,5,2010,4982,20000,665,,0,04,2026
2,2307,38,5,2010,475791,1229129,16691,,0,04,2026
2,2307,39,5,2010,177983,150128,1042,,0,04,2026
2,2307,40,5,2010,287,19,2,,0,04,2026
2,2307,41,5,2010,2067,20,40,,0,04,2026
2,2307,42,5,2010,600,10,40,,0,04,2026
2,2307,44,5,2010,14815,1286,1,,0,04,2026
2,2307,48,5,2010,9492,3554,396,,0,04,2026
2,2307,63,5,2010,2469,400,625,,0,04,2026
2,2307,64,5,2010,1500,30,35,,0,04,2026
2,2307,65,5,2010,2457,112,110,,0,04,2026
2,2307,68,5,2010,6582457,19452716,523963,,0,04,2026
2,2307,69,5,2010,2136221,11319640,165623,,0,04,2026
2,2307,72,5,2010,3766527,5097386,233439,,0,04,2026
2,2307,73,5,2010,1607303,1719324,110646,,0,04,2026
2,2307,85,5,2010,20036,1648,1077,,0,04,2026
2,2307,94,5,2010,1410,32,150,,0,04,2026
2,2309,07,5,2010,4660207,10170365,75549,,0,04,2026
2,2309,08,5,2010,6288401,11783299,325808,,0,04,2026
2,2309,08,5,2010,393490,331655,12550,,1,04,2026
2,2309,11,5,2010,3454,2044,1,,0,04,2026
2,2309,13,5,2010,1340415,108792,11700,,0,04,2026
2,2309,14,5,2010,6204,625,500,,0,04,2026
2,2309,17,5,2010,23878,2564,12,,0,04,2026
2,2309,19,5,2010,36511,9197,43,,0,04,2026
2,2309,20,5,2010,33506,10154,4,,0,04,2026
2,2309,21,5,2010,25876,3878,6,,0,04,2026
2,2309,22,5,2010,444959,365874,1585,,0,04,2026
2,2309,25,5,2010,290078,6188582,57800,,0,04,2026
2,2309,34,5,2010,10794,2304,1,,0,04,2026
2,2309,35,5,2010,8166,960,3,,0,04,2026
2,2309,39,3,2010,3064,55,600,,0,04,2026
2,2309,39,5,2010,98505,11506,4059,,0,04,2026
2,2309,42,5,2010,546,369,5,,0,04,2026
2,2309,63,5,2010,559,12,24,,0,04,2026
2,2309,64,5,2010,14123,650,124,,0,04,2026
2,2309,65,5,2010,2470,70,22,,0,04,2026
2,2309,68,5,2010,41845,66237,1075,,0,04,2026
2,2309,69,5,2010,16805,9685,162,,0,04,2026
2,2309,70,5,2010,43334,8438,401,,0,04,2026
2,2309,72,5,2010,229836,254000,180,,0,04,2026
2,2309,73,5,2010,23011,18205,4701,,0,04,2026
2,2309,82,5,2010,2415,512,1,,0,04,2026
2,2309,84,3,2010,4967,1656,10,,0,04,2026
2,2309,84,5,2010,86973,7814,2577,,0,04,2026
2,2309,84,5,2010,119602,2088,8503,,1,04,2026
2,2309,85,3,2010,141117,1657,1463,,0,04,2026
2,2309,85,5,2010,1748044,225090,24226,,0,04,2026
2,2309,87,5,2010,4080,890,250,,0,04,2026
2,2309,90,3,2010,147420,389,1051,,0,04,2026
2,2309,90,5,2010,228006,10511,16300,,0,04,2026
2,2309,94,5,2010,16553,12577,2356,,0,04,2026
2,2309,98,5,2010,100726,1331,1259,,0,04,2026
2,2310,04,5,2010,39685,16829,281,,0,04,2026
2,2310,06,5,2010,61444,11780,217,,0,04,2026
2,2310,07,5,2010,44359594,33517278,328522,,0,04,2026
2,2310,07,5,2010,97304,35415,4500,,1,04,2026
2,2310,07,6,2010,20160,21504,150,,0,04,2026
2,2310,08,5,2010,4496367,5119405,39637,,0,04,2026
2,2310,09,5,2010,71917,14735,18,,0,04,2026
2,2310,10,5,2010,5440,979,4,,0,04,2026
2,2310,11,5,2010,686121,405741,333,,0,04,2026
2,2310,12,5,2010,293588,113230,74,,0,04,2026
2,2310,13,5,2010,7285,3426,1,,0,04,2026
2,2310,14,5,2010,1582528,394628,1524,,0,04,2026
2,2310,15,5,2010,33910,21404,10,,0,04,2026
2,2310,15,5,2010,3300,1500,94,,1,04,2026
2,2310,17,5,2010,880694,213611,1699,,0,04,2026
2,2310,17,5,2010,324736,80173,8474,,1,04,2026
2,2310,18,5,2010,10747,1275,1,,0,04,2026
2,2310,19,5,2010,9715849,826798,3404,,0,04,2026
2,2310,19,5,2010,120374,41534,4911,,1,04,2026
2,2310,20,5,2010,6087984,1146537,1156,,0,04,2026
2,2310,20,5,2010,101897,35457,2184,,1,04,2026
2,2310,21,5,2010,935531,289640,734,,0,04,2026
2,2310,22,5,2010,10008253,5588594,2759,,0,04,2026
2,2310,22,5,2010,30942,41612,1332,,1,04,2026
2,2310,25,5,2010,61682,13855991,13,,0,04,2026
2,2310,33,5,2010,19103,6151,87,,0,04,2026
2,2310,34,5,2010,344570,219620,236,,0,04,2026
2,2310,38,5,2010,42063,33302,6,,0,04,2026
2,2310,39,5,2010,370898,113509,4653,,0,04,2026
2,2310,39,5,2010,2976,726,137,,1,04,2026
2,2310,40,5,2010,6089,121,100,,0,04,2026
2,2310,42,5,2010,540,108,1,,0,04,2026
2,2310,44,5,2010,1149891,1477588,8004,,0,04,2026
2,2310,46,5,2010,32362,9897,5,,0,04,2026
2,2310,48,5,2010,133487,82457,6697,,0,04,2026
2,2310,49,5,2010,7560,1400,100,,0,04,2026
2,2310,61,5,2010,2025,350,1,,0,04,2026
2,2310,63,5,2010,8778,735,4,,0,04,2026
2,2310,65,5,2010,346,50,13,,0,04,2026
2,2310,68,5,2010,79479,151688,3165,,0,04,2026
2,2310,69,5,2010,181898,41641,19,,0,04,2026
2,2310,71,5,2010,2884,568,1,,0,04,2026
2,2310,73,5,2010,251228,241281,24070,,0,04,2026
2,2310,76,5,2010,2812,1195,1,,0,04,2026
2,2310,81,5,2010,86900,3397,200,,0,04,2026
2,2310,84,5,2010,185494,31066,1507,,0,04,2026
2,2310,85,5,2010,55727,1830,300,,0,04,2026
2,2310,87,5,2010,81249,13241,1732,,0,04,2026
2,2310,94,5,2010,14056,450,2,,0,04,2026
2,2310,95,5,2010,29589,6531,10,,0,04,2026
2,2310,96,5,2010,56305,19704,8,,0,04,2026
2,2310,98,5,2010,130869,47408,2140,,0,04,2026
2,2383,97,3,2010,3658,0,815,,0,04,2026
2,23XX,11,5,1220,23423,9707,1470,,0,04,2026
2,23XX,12,5,1220,68690,40000,6,,0,04,2026
2,23XX,17,5,1220,22098,22105,1,,0,04,2026
2,23XX,19,5,1220,262402,21638,1253,,0,04,2026
2,23XX,20,5,1220,20025,18794,100,,0,04,2026
2,23XX,21,5,1220,21069,1961,1,,0,04,2026
2,23XX,22,5,1220,444156,88864,16,,0,04,2026
2,23XX,30,5,1220,91750,2228,110,,0,04,2026
2,23XX,33,5,1220,2275,294,3,,0,04,2026
2,23XX,34,5,1220,6053,206,16,,0,04,2026
2,23XX,39,3,1220,456,53,600,,0,04,2026
2,23XX,39,5,1220,1153731,129279,8483,,0,04,2026
2,23XX,39,6,1220,675,14,3,,0,04,2026
2,23XX,39,9,1220,10430,1949,48,,0,04,2026
2,23XX,40,3,1220,5350,20,3,,0,04,2026
2,23XX,40,5,1220,13490,4732,519,,0,04,2026
2,23XX,40,5,1220,16612,5292,850,,1,04,2026
2,23XX,40,9,1220,109340,2922,2005,,0,04,2026
2,23XX,42,5,1220,2000,651,259,,0,04,2026
2,23XX,44,5,1220,1467816,1402514,11554,,0,04,2026
2,23XX,48,5,1220,25680,6043,363,,0,04,2026
2,23XX,49,5,1220,21328,1318,1072,,0,04,2026
2,23XX,54,5,1220,595135,57312,213,,0,04,2026
2,23XX,55,5,1220,1157,28,8,,0,04,2026
2,23XX,58,5,1220,4819,550,68,,0,04,2026
2,23XX,59,5,1220,347,10,5,,0,04,2026
2,23XX,62,9,1220,51072,10512,3,,0,04,2026
2,23XX,63,5,1220,1420376,116157,8973,,0,04,2026
2,23XX,63,9,1220,3590,67,2,,0,04,2026
2,23XX,68,5,1220,350545,38534,864,,0,04,2026
2,23XX,70,5,1220,1018,29,18,,0,04,2026
2,23XX,72,5,1220,61964,35947,846,,0,04,2026
2,23XX,72,6,1220,3543248,3208174,10200,,1,04,2026
2,23XX,73,3,1220,2002,33,0,,0,04,2026
2,23XX,73,5,1220,737667,221196,39615,,0,04,2026
2,23XX,73,9,1220,86115,18957,1615,,0,04,2026
2,23XX,74,9,1220,164885,11208,1000,,0,04,2026
2,23XX,76,5,1220,392312,59334,609,,0,04,2026
2,23XX,76,9,1220,6891684,1724964,19,,0,04,2026
2,23XX,79,9,1220,4742,1219,95,,0,04,2026
2,23XX,82,5,1220,17340,1814,296,,0,04,2026
2,23XX,83,5,1220,419489,14617,1008,,0,04,2026
2,23XX,83,5,1220,2724,2,3,,1,04,2026
2,23XX,83,9,1220,157082,7936,3142,,0,04,2026
2,23XX,84,5,1220,725621,26473,12338,,0,04,2026
2,23XX,84,9,1220,172801,4249,3246,,0,04,2026
2,23XX,85,3,1220,11879,209,299,,0,04,2026
2,23XX,85,5,1220,4362267,39304,15437,,0,04,2026
2,23XX,85,5,1220,8472,293,150,,1,04,2026
2,23XX,85,9,1220,195089,776,1820,,0,04,2026
2,23XX,87,5,1220,174517,46440,5338,,0,04,2026
2,23XX,87,6,1220,26937,6985,265,,0,04,2026
2,23XX,87,9,1220,40176,1595,674,,0,04,2026
2,23XX,88,3,1220,2100000,2381,750,,0,04,2026
2,23XX,89,5,1220,3000,500,10,,0,04,2026
2,23XX,90,3,1220,27385,1578,103,,0,04,2026
2,23XX,90,5,1220,329835,3511,1922,,0,04,2026
2,23XX,90,9,1220,4911,1,1,,0,04,2026
2,23XX,94,5,1220,191822,19926,3132,,0,04,2026
2,23XX,94,9,1220,1445,304,1,,0,04,2026
2,23XX,96,5,1220,4346,15,9,,0,04,2026
2,23XX,98,5,1220,422632,36523,18365,,0,04,2026
2,23XX,98,5,1220,38925,830,1000,,1,04,2026
2,23XX,98,9,1220,45662,11118,4,,0,04,2026
2,2401,02,5,2010,6706445,781873,15044,,0,04,2026
2,2401,04,5,2010,3355635,753935,23805,,0,04,2026
2,2401,05,5,2010,10168,1813,120,,0,04,2026
2,2401,07,5,2010,995844,1002690,316,,0,04,2026
2,2401,08,5,2010,11881335,1366547,6049,,0,04,2026
2,2401,09,5,2010,908085,491840,2138,,0,04,2026
2,2401,11,5,2010,14544,20000,100,,0,04,2026
2,2401,12,5,2010,139908,60000,9,,0,04,2026
2,2401,16,5,2010,524442,136661,2616,,0,04,2026
2,2401,17,5,2010,3457416,1345824,4533,,0,04,2026
2,2401,18,5,2010,1221050,218175,48,,0,04,2026
2,2401,19,5,2010,1661028,1337261,15363,,0,04,2026
2,2401,20,5,2010,8919920,5295365,13876,,0,04,2026
2,2401,21,5,2010,616740,317099,15883,,0,04,2026
2,2401,22,5,2010,29528,28559,1186,,0,04,2026
2,2401,23,5,2010,8845,14056,100,,0,04,2026
2,2401,25,5,2010,214730,833238,1055,,0,04,2026
2,2401,27,5,2010,57436,17832,7,,0,04,2026
2,2401,28,5,2010,1750411,543809,20198,,0,04,2026
2,2401,29,5,2010,66927,12286,152,,0,04,2026
2,2401,30,5,2010,9667302,1647678,200713,,0,04,2026
2,2401,31,5,2010,173677,100331,294,,0,04,2026
2,2401,32,5,2010,91260,95520,1845,,0,04,2026
2,2401,33,5,2010,1271164,302452,2921,,0,04,2026
2,2401,34,5,2010,128234,14744,207,,0,04,2026
2,2401,35,5,2010,226734,31871,1167,,0,04,2026
2,2401,38,5,2010,3160496,538548,248747,,0,04,2026
2,2401,39,5,2010,63517105,11403768,441603,,0,04,2026
2,2401,39,5,2010,58474,15701,462,,1,04,2026
2,2401,40,5,2010,22105086,1317180,155469,,0,04,2026
2,2401,41,5,2010,3980,183,1826,,0,04,2026
2,2401,42,5,2010,4282337,941569,10355,,0,04,2026
2,2401,44,5,2010,13553558,18796837,399410,,0,04,2026
2,2401,48,5,2010,9538132,3405397,127420,,0,04,2026
2,2401,49,5,2010,914005,71934,14383,,0,04,2026
2,2401,54,5,2010,622369,113507,827,,0,04,2026
2,2401,55,5,2010,106755,21429,440,,0,04,2026
2,2401,56,5,2010,955785,106487,4932,,0,04,2026
2,2401,56,5,2010,3505,53,5,,1,04,2026
2,2401,58,5,2010,36917,1589,793,,0,04,2026
2,2401,59,5,2010,16008541,2517720,53680,,0,04,2026
2,2401,60,5,2010,203133,20000,696,,0,04,2026
2,2401,61,5,2010,1885430,106365,15144,,0,04,2026
2,2401,62,5,2010,7903005,509850,16345,,0,04,2026
2,2401,63,5,2010,12261521,1608944,23849,,0,04,2026
2,2401,64,5,2010,8733,456,3,,0,04,2026
2,2401,65,5,2010,28260,612,15,,0,04,2026
2,2401,66,5,2010,35027,6429,116,,0,04,2026
2,2401,68,5,2010,6357247,4710905,75983,,0,04,2026
2,2401,69,5,2010,984340,2646106,47512,,0,04,2026
2,2401,70,5,2010,2107127,619703,53510,,0,04,2026
2,2401,71,5,2010,166777,7085,255,,0,04,2026
2,2401,72,5,2010,840938,809288,10151,,0,04,2026
2,2401,73,5,2010,15412104,2444329,203137,,0,04,2026
2,2401,73,5,2010,20379,1185,176,,1,04,2026
2,2401,74,5,2010,12295793,1354794,79375,,0,04,2026
2,2401,74,5,2010,246501,29272,8304,,1,04,2026
2,2401,75,5,2010,140549,27097,1376,,0,04,2026
2,2401,76,5,2010,14970644,2700399,44015,,0,04,2026
2,2401,76,5,2010,71725,12330,2271,,1,04,2026
2,2401,78,5,2010,67062,896,13,,0,04,2026
2,2401,80,5,2010,1920416,37003,2242,,0,04,2026
2,2401,81,5,2010,363514,141260,963,,0,04,2026
2,2401,82,5,2010,385418,13360,1630,,0,04,2026
2,2401,83,5,2010,18151001,1078894,61626,,0,04,2026
2,2401,84,5,2010,4789262302,67948855,1788815,,0,04,2026
2,2401,84,5,2010,43373,5800,665,,1,04,2026
2,2401,84,6,2010,3555,20,500,,0,04,2026
2,2401,85,5,2010,1234190080,55186611,7137817,,0,04,2026
2,2401,85,5,2010,2047079,134062,7857,,1,04,2026
2,2401,86,5,2010,73020,18970,6,,0,04,2026
2,2401,87,5,2010,362923027,28764335,1994728,,0,04,2026
2,2401,87,5,2010,7333513,299114,9937,,1,04,2026
2,2401,88,5,2010,57477705,160937,74565,,0,04,2026
2,2401,89,5,2010,12968153,478492,12921,,0,04,2026
2,2401,90,5,2010,456166245,16909922,1237846,,0,04,2026
2,2401,90,5,2010,16324,271,50,,1,04,2026
2,2401,91,5,2010,1981988,84660,1868,,0,04,2026
2,2401,94,5,2010,144732063,8874316,667173,,0,04,2026
2,2401,94,5,2010,4021000,1482637,36423,,1,04,2026
2,2401,95,5,2010,5376495,1046434,14101,,0,04,2026
2,2401,95,5,2010,26702,7067,200,,1,04,2026
2,2401,96,5,2010,179953,4781,287,,0,04,2026
2,2401,98,5,2010,57211016,3259894,200392,,0,04,2026
2,2401,98,5,2010,2163802,43451,3920,,1,04,2026
2,2402,01,5,2010,28000,843,150,,0,04,2026
2,2402,04,5,2010,99540,15199,565,,0,04,2026
2,2402,06,5,2010,7667,5796,870,,0,04,2026
2,2402,07,5,2010,265077,200998,756,,0,04,2026
2,2402,08,5,2010,611082,92308,354,,0,04,2026
2,2402,14,5,2010,3600,1000,1,,0,04,2026
2,2402,17,5,2010,4273,1490,163,,0,04,2026
2,2402,17,6,2010,74888,260920,4800,,0,04,2026
2,2402,18,5,2010,2167,361,3,,0,04,2026
2,2402,19,5,2010,22042,3815,280,,0,04,2026
2,2402,20,5,2010,417009,162175,2917,,0,04,2026
2,2402,21,5,2010,9695,2613,107,,0,04,2026
2,2402,25,5,2010,339183,1105085,12336,,0,04,2026
2,2402,25,6,2010,5849345,69043423,2895348,,0,04,2026
2,2402,25,6,2010,792496,5466545,6600,,1,04,2026
2,2402,27,5,2010,3035,1270,58,,0,04,2026
2,2402,28,6,2010,2672990,1380052,30908,,0,04,2026
2,2402,30,5,2010,985160,752269,46200,,0,04,2026
2,2402,32,5,2010,73143,202051,6428,,0,04,2026
2,2402,33,5,2010,1417511,342066,3583,,0,04,2026
2,2402,34,5,2010,442334,330894,2626,,0,04,2026
2,2402,35,5,2010,45720,450,1,,0,04,2026
2,2402,38,5,2010,267649,148979,2402,,0,04,2026
2,2402,38,6,2010,90371,559450,18,,0,04,2026
2,2402,39,3,2010,34674,442,3778,,0,04,2026
2,2402,39,5,2010,2395843,748231,8637,,0,04,2026
2,2402,39,6,2010,2066855,1061330,12,,0,04,2026
2,2402,39,6,2010,2371955,2121833,42500,,1,04,2026
2,2402,39,9,2010,16504,2314,365,,0,04,2026
2,2402,40,5,2010,33945,5964,20,,0,04,2026
2,2402,40,9,2010,11379,1590,260,,0,04,2026
2,2402,41,5,2010,115362,19092,16,,0,04,2026
2,2402,42,5,2010,118987,5842,603,,0,04,2026
2,2402,43,5,2010,2971,149,35,,0,04,2026
2,2402,44,5,2010,341857,288556,4172,,0,04,2026
2,2402,44,9,2010,128366,15225,423,,0,04,2026
2,2402,48,5,2010,812733,300948,6165,,0,04,2026
2,2402,48,6,2010,946314,986762,13,,0,04,2026
2,2402,48,9,2010,6697,583,64,,0,04,2026
2,2402,49,5,2010,144780,29606,2161,,0,04,2026
2,2402,55,5,2010,3542,467,1,,0,04,2026
2,2402,56,5,2010,52787,7258,81,,0,04,2026
2,2402,56,9,2010,526,18,1,,0,04,2026
2,2402,59,5,2010,2390913,586859,1763,,0,04,2026
2,2402,61,3,2010,84363,1115,291,,0,04,2026
2,2402,61,5,2010,3275,194,16,,0,04,2026
2,2402,62,5,2010,514614,17370,146,,0,04,2026
2,2402,63,5,2010,226234,33409,192,,0,04,2026
2,2402,64,5,2010,1136626,31222,4268,,0,04,2026
2,2402,65,5,2010,30804,602,147,,0,04,2026
2,2402,66,5,2010,111840,16585,231,,0,04,2026
2,2402,68,5,2010,3181136,8247827,119741,,0,04,2026
2,2402,68,6,2010,801427,2127577,26000,,0,04,2026
2,2402,69,5,2010,242022,631881,8664,,0,04,2026
2,2402,70,5,2010,580320,57826,1847,,0,04,2026
2,2402,71,5,2010,1327399,14041,1425,,0,04,2026
2,2402,72,5,2010,1166693,958011,5289,,0,04,2026
2,2402,72,6,2010,1741838,2798535,77302,,0,04,2026
2,2402,73,5,2010,3277698,935548,95082,,0,04,2026
2,2402,73,6,2010,64362,82680,2300,,0,04,2026
2,2402,73,6,2010,774278,511119,446171,,1,04,2026
2,2402,74,5,2010,699699,163273,9035,,0,04,2026
2,2402,75,5,2010,645993,6775,111,,0,04,2026
2,2402,76,5,2010,4979119,619520,50583,,0,04,2026
2,2402,78,5,2010,589218,11499,175,,0,04,2026
2,2402,78,6,2010,499775,268716,503,,0,04,2026
2,2402,79,6,2010,8478651,2646679,6024,,0,04,2026
2,2402,80,5,2010,2713891,62888,1897,,0,04,2026
2,2402,82,5,2010,28688,508,1390,,0,04,2026
2,2402,83,5,2010,874250,247875,10499,,0,04,2026
2,2402,84,3,2010,14278,69,406,,0,04,2026
2,2402,84,5,2010,29152084,2627542,324693,,0,04,2026
2,2402,84,6,2010,8517276,1394904,7551,,0,04,2026
2,2402,84,9,2010,25790347,6182253,310485,,0,04,2026
2,2402,84,9,2010,5886,131,175,,1,04,2026
2,2402,85,3,2010,164877,1703,6080,,0,04,2026
2,2402,85,5,2010,148238646,13424014,312449,,0,04,2026
2,2402,85,9,2010,81684607,1736206,825368,,0,04,2026
2,2402,87,5,2010,4374604,357513,47472,,0,04,2026
2,2402,87,6,2010,321903601,35831143,1622441,,0,04,2026
2,2402,87,9,2010,1362796,29792,480,,0,04,2026
2,2402,88,5,2010,40404,310,2,,0,04,2026
2,2402,90,3,2010,195563,961,6245,,0,04,2026
2,2402,90,5,2010,17667884,241892,14716,,0,04,2026
2,2402,90,9,2010,8722295,2265767,113393,,0,04,2026
2,2402,91,5,2010,7837,15,77,,0,04,2026
2,2402,94,5,2010,20194224,4295482,79502,,0,04,2026
2,2402,94,9,2010,69542,4658,411,,0,04,2026
2,2402,95,5,2010,1014381,459745,8307,,0,04,2026
2,2402,96,5,2010,53132,10019,906,,0,04,2026
2,2402,97,5,2010,4844,10,172,,0,04,2026
2,2402,98,3,2010,60796,196,700,,0,04,2026
2,2402,98,5,2010,5758464,373945,77376,,0,04,2026
2,2402,98,9,2010,146339,5845,1348,,0,04,2026
2,2403,07,5,2010,127776,86048,2000,,0,04,2026
2,2403,08,5,2010,7216,1135,1000,,0,04,2026
2,2403,12,5,2010,130976,570263,6700,,0,04,2026
2,2403,22,5,2010,7423,28403,100,,0,04,2026
2,2403,39,5,2010,76894,12223,1421,,0,04,2026
2,2403,42,5,2010,77017,4934,4600,,0,04,2026
2,2403,72,5,2010,3864,8307,100,,0,04,2026
2,2403,73,5,2010,1964765,392203,5720,,0,04,2026
2,2403,76,5,2010,561414,36948,1460,,0,04,2026
2,2403,83,5,2010,8457,509,60,,0,04,2026
2,2403,84,5,2010,1976573,421612,5030,,0,04,2026
2,2403,87,5,2010,2275837,666285,5596,,0,04,2026
2,2403,90,5,2010,146936,24000,2300,,0,04,2026
2,2403,94,5,2010,2009549,918176,239,,0,04,2026
2,2403,98,5,2010,38054,11247,640,,0,04,2026
2,2404,08,5,2010,1461258,197997,2462,,0,04,2026
2,2404,14,5,2010,19367,4980,999,,0,04,2026
2,2404,19,5,2010,50689,7115,2640,,0,04,2026
2,2404,21,5,2010,49516,74868,660,,0,04,2026
2,2404,25,5,2010,52585,323772,854,,0,04,2026
2,2404,30,5,2010,2748624,3015,30,,0,04,2026
2,2404,32,5,2010,216979,1347980,14481,,0,04,2026
2,2404,38,5,2010,383593,22617,2792,,0,04,2026
2,2404,39,5,2010,2580145,237901,15498,,0,04,2026
2,2404,40,5,2010,144801,3144,1453,,0,04,2026
2,2404,44,5,2010,62530,5847,131,,0,04,2026
2,2404,48,5,2010,3045,1143,9,,0,04,2026
2,2404,54,5,2010,4899,25,13,,0,04,2026
2,2404,58,5,2010,81063,2430,6,,0,04,2026
2,2404,59,5,2010,28958,4487,101,,0,04,2026
2,2404,63,5,2010,382263,18396,1929,,0,04,2026
2,2404,68,5,2010,23828,61527,3000,,0,04,2026
2,2404,70,5,2010,41036,3282,72,,0,04,2026
2,2404,72,5,2010,337996,289582,1320,,0,04,2026
2,2404,73,5,2010,2958570,1876883,23182,,0,04,2026
2,2404,73,9,2010,3590,223,72,,0,04,2026
2,2404,74,5,2010,3603,1655,3,,0,04,2026
2,2404,75,5,2010,68678,282291,48,,0,04,2026
2,2404,80,5,2010,36496,1418,3,,0,04,2026
2,2404,81,5,2010,26274,7049,25,,0,04,2026
2,2404,83,5,2010,239722,27838,1706,,0,04,2026
2,2404,84,5,2010,730168383,3107105,70118,,0,04,2026
2,2404,85,5,2010,43492426,3830414,129394,,0,04,2026
2,2404,85,9,2010,72318,1115,1446,,0,04,2026
2,2404,86,5,2010,84772,31900,8,,0,04,2026
2,2404,87,5,2010,13518742,4834855,775741,,0,04,2026
2,2404,90,5,2010,22611503,844242,18975,,0,04,2026
2,2404,91,5,2010,3258,6,26,,0,04,2026
2,2404,94,5,2010,11156683,590998,18175,,0,04,2026
2,2404,98,5,2010,564357,38613,1424,,0,04,2026
2,2406,04,5,2010,50529,7327,400,,0,04,2026
2,2406,07,5,2010,200791,251563,318,,0,04,2026
2,2406,08,5,2010,1250570,133124,210,,0,04,2026
2,2406,09,5,2010,2202370,3022522,9402,,0,04,2026
2,2406,11,5,2010,13044,14800,6,,0,04,2026
2,2406,12,5,2010,419119,3049353,7746,,0,04,2026
2,2406,13,5,2010,7501,375,4,,0,04,2026
2,2406,20,5,2010,204249,93947,7,,0,04,2026
2,2406,24,5,2010,8310,96,830,,0,04,2026
2,2406,42,5,2010,186518,10616,449,,0,04,2026
2,2406,64,5,2010,47396,1536,100,,0,04,2026
2,2406,65,5,2010,3461,255,2,,0,04,2026
2,2406,69,5,2010,2476,250,100,,0,04,2026
2,2406,84,5,2010,12150,6410,1,,0,04,2026
2,2406,94,5,2010,16152,7660,481,,0,04,2026
2,2406,95,5,2010,10050,770,100,,0,04,2026
2,2407,87,5,2010,4787,11800,1,,0,04,2026
2,2408,04,5,2010,97146,19800,715,,0,04,2026
2,2408,05,5,2010,7000,1260,97,,0,04,2026
2,2408,07,5,2010,2930235,5940016,5470,,0,04,2026
2,2408,08,5,2010,83524,119035,2200,,0,04,2026
2,2408,09,5,2010,3707758,2057072,8980,,0,04,2026
2,2408,11,5,2010,4266,2155,116,,0,04,2026
2,2408,12,5,2010,65970,484373,3801,,0,04,2026
2,2408,14,5,2010,46746,4331,292,,0,04,2026
2,2408,15,5,2010,7623,1042,1,,0,04,2026
2,2408,17,5,2010,26295448,8935712,13787,,0,04,2026
2,2408,18,5,2010,297580,76954,120,,0,04,2026
2,2408,20,5,2010,1362275,915539,2302,,0,04,2026
2,2408,21,5,2010,11907,8104,12,,0,04,2026
2,2408,22,5,2010,12482,2595,1451,,0,04,2026
2,2408,23,5,2010,30131,47668,300,,0,04,2026
2,2408,24,5,2010,4230,39,424,,0,04,2026
2,2408,25,5,2010,421369,1883522,34489,,0,04,2026
2,2408,29,5,2010,5906,801,552,,0,04,2026
2,2408,30,5,2010,8162,89,3,,0,04,2026
2,2408,32,5,2010,142913,581403,10720,,0,04,2026
2,2408,34,5,2010,50080,33832,34,,0,04,2026
2,2408,38,5,2010,10796140,1067918,61074,,0,04,2026
2,2408,39,3,2010,23948,848,9,,0,04,2026
2,2408,39,5,2010,8240188,1990089,35233,,0,04,2026
2,2408,39,5,2010,62901,2729,403,,1,04,2026
2,2408,39,9,2010,1125,1,3,,0,04,2026
2,2408,40,3,2010,3849,581,12,,0,04,2026
2,2408,40,5,2010,1061901,141911,1231,,0,04,2026
2,2408,42,5,2010,187319,10971,4888,,0,04,2026
2,2408,44,5,2010,2419175,3873667,111934,,0,04,2026
2,2408,48,5,2010,680074,883780,50809,,0,04,2026
2,2408,49,5,2010,4849159,585675,1584,,0,04,2026
2,2408,54,5,2010,30594,3659,3,,0,04,2026
2,2408,56,5,2010,35394,4343,510,,0,04,2026
2,2408,58,5,2010,11977,697,18,,0,04,2026
2,2408,59,5,2010,1799673,91381,70,,0,04,2026
2,2408,60,5,2010,44271,1778,1,,0,04,2026
2,2408,61,5,2010,8266,228,278,,0,04,2026
2,2408,62,5,2010,2157041,29192,201,,0,04,2026
2,2408,63,5,2010,2689038,486411,12935,,0,04,2026
2,2408,64,5,2010,3394,224,36,,0,04,2026
2,2408,65,5,2010,143949,833,209,,0,04,2026
2,2408,67,5,2010,8001,2054,9,,0,04,2026
2,2408,68,5,2010,1045831,3791405,171365,,0,04,2026
2,2408,69,5,2010,251939,748481,13539,,0,04,2026
2,2408,70,5,2010,224734,107620,2295,,0,04,2026
2,2408,71,5,2010,24822904,2132,1001,,0,04,2026
2,2408,72,5,2010,1569775,5140863,59690,,0,04,2026
2,2408,72,5,2010,7407,62236,900,,1,04,2026
2,2408,73,5,2010,5150216,1922047,66425,,0,04,2026
2,2408,73,5,2010,517821,36384,4889,,1,04,2026
2,2408,74,5,2010,2002010,746394,6343,,0,04,2026
2,2408,75,5,2010,2497,404,76,,0,04,2026
2,2408,76,5,2010,1680748,742865,15711,,0,04,2026
2,2408,76,5,2010,54571,12815,1578,,1,04,2026
2,2408,81,5,2010,201190,1472,1,,0,04,2026
2,2408,82,5,2010,9794,160,100,,0,04,2026
2,2408,83,5,2010,303757,28664,6758,,0,04,2026
2,2408,83,5,2010,76097,1677,217,,1,04,2026
2,2408,84,5,2010,2381101680,18318828,727875,,0,04,2026
2,2408,84,9,2010,26014277,145966,5951,,0,04,2026
2,2408,85,5,2010,113645957,4150382,162646,,0,04,2026
2,2408,85,5,2010,19852630,658752,83043,,1,04,2026
2,2408,86,5,2010,130773,38360,10,,0,04,2026
2,2408,87,5,2010,24763377,6431350,263437,,0,04,2026
2,2408,90,5,2010,27547662,688035,25379,,0,04,2026
2,2408,90,5,2010,782294,30647,4445,,1,04,2026
2,2408,91,5,2010,2021,23,6,,0,04,2026
2,2408,94,5,2010,9830675,1641551,14479,,0,04,2026
2,2408,94,5,2010,2184915,533719,15216,,1,04,2026
2,2408,95,5,2010,66023,2931,8,,0,04,2026
2,2408,96,5,2010,1287068,106999,430,,0,04,2026
2,2408,97,5,2010,2700,5,86,,0,04,2026
2,2408,98,5,2010,12908698,2531554,73942,,0,04,2026
2,2408,98,5,2010,18540349,359087,31657,,1,04,2026
2,24XX,30,5,1220,126017,533,2655,,0,04,2026
2,24XX,39,3,1220,13383,168,220,,0,04,2026
2,24XX,39,5,1220,145279,13022,442,,0,04,2026
2,24XX,39,9,1220,144759,480229,105,,0,04,2026
2,24XX,40,3,1220,22480,5,55,,0,04,2026
2,24XX,40,5,1220,404,6,3,,0,04,2026
2,24XX,49,3,1220,2037,14,75,,0,04,2026
2,24XX,54,5,1220,12707,1193,502,,0,04,2026
2,24XX,56,3,1220,484,1,78,,0,04,2026
2,24XX,56,5,1220,205316,201,201,,0,04,2026
2,24XX,59,5,1220,5031,431,15,,0,04,2026
2,24XX,59,9,1220,569326,85727,9,,0,04,2026
2,24XX,63,3,1220,271,1,44,,0,04,2026
2,24XX,63,5,1220,783,51,2,,0,04,2026
2,24XX,73,5,1220,52224,8698,2732,,0,04,2026
2,24XX,73,9,1220,70551,35278,24,,0,04,2026
2,24XX,74,5,1220,84275,3894,28,,0,04,2026
2,24XX,76,5,1220,68801,2362,10,,0,04,2026
2,24XX,76,6,1220,717503,175442,7000,,0,04,2026
2,24XX,82,5,1220,382409,4899,1359,,0,04,2026
2,24XX,83,3,1220,47438,1698,5841,,0,04,2026
2,24XX,83,5,1220,39718,37,489,,0,04,2026
2,24XX,83,9,1220,36716,3012,200,,0,04,2026
2,24XX,84,3,1220,167199,1199,1000,,0,04,2026
2,24XX,84,5,1220,56433,9016,630,,0,04,2026
2,24XX,84,9,1220,130776,40828,9,,0,04,2026
2,24XX,85,3,1220,590779,2474,12522,,0,04,2026
2,24XX,85,5,1220,264842,8158,440,,0,04,2026
2,24XX,85,9,1220,37590,986,24,,0,04,2026
2,24XX,87,5,1220,123369,20551,1774,,0,04,2026
2,24XX,88,3,1220,28000,10,110,,0,04,2026
2,24XX,88,5,1220,19686,13,270,,0,04,2026
2,24XX,90,3,1220,317024,549,821,,0,04,2026
2,24XX,90,5,1220,149827,499,90,,0,04,2026
2,24XX,90,9,1220,23694,3821,12,,0,04,2026
2,24XX,91,5,1220,5947,95,8,,0,04,2026
2,24XX,94,5,1220,1848,150,27,,0,04,2026
2,24XX,94,5,1220,73349,3117,293,,1,04,2026
2,24XX,98,3,1220,10327,374,317,,0,04,2026
2,24XX,98,5,1220,146129,3317,386,,0,04,2026
2,2501,17,1,2010,24273026,40293750,8,,0,04,2026
2,2501,22,3,2010,59377,8024,6128,,0,04,2026
2,2501,39,3,2010,2328,2,750,,0,04,2026
2,2501,71,3,2010,31427,1,200,,0,04,2026
2,2501,84,5,2010,17267,427,30,,0,04,2026
2,2501,85,3,2010,314442,726,970,,0,04,2026
2,2501,85,5,2010,339509,5266,9600,,0,04,2026
2,2501,87,1,2010,79623811,7603807,37507,,0,04,2026
2,2501,88,3,2010,23438,17,750,,0,04,2026
2,2501,90,3,2010,11962,54,2108,,0,04,2026
2,2501,98,1,2010,468943,139254,4979,,0,04,2026
2,2501,98,3,2010,28622,13,600,,0,04,2026
2,2501,98,5,2010,26984,2415,13,,0,04,2026
2,2505,12,5,2010,395433,161305,1499,,0,04,2026
2,2505,13,5,2010,422177,134162,1880,,0,04,2026
2,2505,25,5,2010,231511,755167,2709,,0,04,2026
2,2505,34,5,2010,23848,17004,100,,0,04,2026
2,2505,38,5,2010,153440,256334,2991,,0,04,2026
2,2505,39,5,2010,1307102,124467,4568,,0,04,2026
2,2505,40,5,2010,1122247,135699,1053,,0,04,2026
2,2505,42,5,2010,562566,22227,2682,,0,04,2026
2,2505,44,5,2010,126016,19000,62,,0,04,2026
2,2505,48,5,2010,38567,198,8,,0,04,2026
2,2505,49,5,2010,6835,798,3,,0,04,2026
2,2505,54,5,2010,3000,45,42,,0,04,2026
2,2505,55,5,2010,3776,201,200,,0,04,2026
2,2505,56,5,2010,525,110,33,,0,04,2026
2,2505,58,5,2010,1771,63,3,,0,04,2026
2,2505,59,5,2010,9487,1621,9,,0,04,2026
2,2505,61,5,2010,153327,5233,15,,0,04,2026
2,2505,62,5,2010,130114,2527,768,,0,04,2026
2,2505,63,5,2010,400092,9872,2349,,0,04,2026
2,2505,68,5,2010,224322,274927,4025,,0,04,2026
2,2505,69,5,2010,374310,226093,3298,,0,04,2026
2,2505,69,5,2010,2184,10920,2500,,1,04,2026
2,2505,70,5,2010,13308,3428,336,,0,04,2026
2,2505,71,5,2010,4957759,103,1966,,0,04,2026
2,2505,73,5,2010,401981,170749,1701,,0,04,2026
2,2505,76,5,2010,1156154,240041,152,,0,04,2026
2,2505,78,5,2010,24316,9583,6,,0,04,2026
2,2505,81,5,2010,24000,800,300,,0,04,2026
2,2505,82,5,2010,448749,29167,4777,,0,04,2026
2,2505,83,5,2010,74022,7572,5,,0,04,2026
2,2505,84,5,2010,2361495,185733,3444,,0,04,2026
2,2505,85,5,2010,20873561,250838,20641,,0,04,2026
2,2505,86,5,2010,9817,8906,2,,0,04,2026
2,2505,87,5,2010,1079564,235418,1313,,0,04,2026
2,2505,89,5,2010,252480,14370,150,,0,04,2026
2,2505,90,5,2010,1983967,53531,3509,,0,04,2026
2,2505,92,5,2010,3274783,82336,2081,,0,04,2026
2,2505,94,5,2010,1578371,495967,9532,,0,04,2026
2,2505,95,5,2010,139531,25349,355,,0,04,2026
2,2505,98,5,2010,2861852,1101770,6754,,0,04,2026
2,2506,01,5,2010,112327,2133,1350,,0,04,2026
2,2506,02,5,2010,1945269,210518,47,,0,04,2026
2,2506,03,5,2010,13490056,2065774,2629,,0,04,2026
2,2506,04,5,2010,1280564,559639,4915,,0,04,2026
2,2506,05,5,2010,218508,157308,7470,,0,04,2026
2,2506,06,5,2010,3011725,1716369,24929,,0,04,2026
2,2506,07,5,2010,63306108,50901606,578571,,0,04,2026
2,2506,08,5,2010,145699509,56789971,5299127,,0,04,2026
2,2506,09,5,2010,568561,169686,16434,,0,04,2026
2,2506,09,8,2010,10924,4831,295,,0,04,2026
2,2506,10,5,2010,15241,27162,245,,0,04,2026
2,2506,11,5,2010,419332,379461,46,,0,04,2026
2,2506,12,5,2010,1260099,572094,28623,,0,04,2026
2,2506,13,5,2010,536951,93284,5288,,0,04,2026
2,2506,14,5,2010,645217,62707,336,,0,04,2026
2,2506,15,5,2010,614780,330416,65,,0,04,2026
2,2506,16,5,2010,1479923,178976,5802,,0,04,2026
2,2506,17,5,2010,7776107,1704539,14742,,0,04,2026
2,2506,17,5,2010,65404,16120,1,,1,04,2026
2,2506,18,5,2010,528589,75576,1042,,0,04,2026
2,2506,19,5,2010,18843258,7015272,73726,,0,04,2026
2,2506,20,5,2010,5375391,2683358,97344,,0,04,2026
2,2506,21,5,2010,5053937,3322592,32297,,0,04,2026
2,2506,22,5,2010,19218230,20081410,77215,,0,04,2026
2,2506,24,5,2010,529029,18997,2338,,0,04,2026
2,2506,25,5,2010,503980,2699128,1544,,0,04,2026
2,2506,28,5,2010,609530,122472,1357,,0,04,2026
2,2506,30,5,2010,10770802,965271,20982,,0,04,2026
2,2506,31,5,2010,717730,737625,5270,,0,04,2026
2,2506,32,5,2010,471498,153620,1847,,0,04,2026
2,2506,33,5,2010,6348018,831523,10870,,0,04,2026
2,2506,34,5,2010,2791691,1364519,7186,,0,04,2026
2,2506,35,5,2010,92963,62533,516,,0,04,2026
2,2506,38,5,2010,3752484,1093066,5564,,0,04,2026
2,2506,39,5,2010,100848259,26256732,728274,,0,04,2026
2,2506,39,5,2010,1298,56,4,,1,04,2026
2,2506,39,9,2010,4395,825,1,,0,04,2026
2,2506,40,5,2010,9426502,573135,27045,,0,04,2026
2,2506,40,5,2010,355,5,2,,1,04,2026
2,2506,41,5,2010,7918,145,103,,0,04,2026
2,2506,42,5,2010,3778917,208614,26474,,0,04,2026
2,2506,44,5,2010,12485201,5621294,209586,,0,04,2026
2,2506,46,5,2010,2833502,588239,25495,,0,04,2026
2,2506,47,5,2010,146431,547917,204,,0,04,2026
2,2506,48,5,2010,24583587,9334058,301907,,0,04,2026
2,2506,49,5,2010,3578914,576213,28928,,0,04,2026
2,2506,52,5,2010,1696,8553,508,,0,04,2026
2,2506,54,5,2010,47849,4148,55,,0,04,2026
2,2506,55,5,2010,5245,355,1,,0,04,2026
2,2506,56,5,2010,381625,23612,2504,,0,04,2026
2,2506,57,5,2010,53411,10071,694,,0,04,2026
2,2506,58,5,2010,22356,1442,53,,0,04,2026
2,2506,59,5,2010,3935327,754130,52206,,0,04,2026
2,2506,59,5,2010,112077,5832,400,,1,04,2026
2,2506,60,5,2010,529882,63781,199,,0,04,2026
2,2506,61,5,2010,17376723,1746362,26653,,0,04,2026
2,2506,62,5,2010,2738035,101593,13555,,0,04,2026
2,2506,63,5,2010,29207738,1393177,92108,,0,04,2026
2,2506,64,5,2010,3510604,144464,17985,,0,04,2026
2,2506,65,5,2010,2493927,95561,4095,,0,04,2026
2,2506,66,5,2010,687,594,6,,0,04,2026
2,2506,67,5,2010,254165,17754,2383,,0,04,2026
2,2506,68,5,2010,11356637,9440589,22707,,0,04,2026
2,2506,69,5,2010,969547,316652,3540,,0,04,2026
2,2506,70,5,2010,3430924,524993,21223,,0,04,2026
2,2506,71,5,2010,2581236,19129,629,,0,04,2026
2,2506,72,5,2010,2784347,9465071,43665,,0,04,2026
2,2506,73,5,2010,22630706,5493090,219546,,0,04,2026
2,2506,73,9,2010,2096,2,1,,0,04,2026
2,2506,74,5,2010,2490839,304934,12154,,0,04,2026
2,2506,75,5,2010,336477,4413,1393,,0,04,2026
2,2506,76,5,2010,33488292,6917471,153024,,0,04,2026
2,2506,76,5,2010,500638,114243,32255,,1,04,2026
2,2506,78,5,2010,77925,57530,1634,,0,04,2026
2,2506,79,5,2010,37432,94081,15,,0,04,2026
2,2506,81,5,2010,1305211,4689,1810,,0,04,2026
2,2506,82,5,2010,1068068,103496,1153,,0,04,2026
2,2506,83,5,2010,44211145,3035043,25926,,0,04,2026
2,2506,83,5,2010,259155,29619,8645,,1,04,2026
2,2506,83,9,2010,6750,350,135,,0,04,2026
2,2506,84,5,2010,206649936,14020244,489181,,0,04,2026
2,2506,84,5,2010,10290517,2081023,22197,,1,04,2026
2,2506,84,9,2010,9301289,578218,191092,,0,04,2026
2,2506,85,5,2010,922360433,56844151,2765080,,0,04,2026
2,2506,85,5,2010,1108483,23922,15204,,1,04,2026
2,2506,85,9,2010,36533,412,309,,0,04,2026
2,2506,86,5,2010,62286,20563,767,,0,04,2026
2,2506,87,5,2010,573746519,56623134,767792,,0,04,2026
2,2506,87,5,2010,46196555,8778803,171623,,1,04,2026
2,2506,88,3,2010,14000,59,6,,0,04,2026
2,2506,88,5,2010,13040961,56099,13048,,0,04,2026
2,2506,90,5,2010,517208159,14301508,788582,,0,04,2026
2,2506,90,5,2010,4254939,35565,417,,1,04,2026
2,2506,90,9,2010,28772,195,576,,0,04,2026
2,2506,92,5,2010,5529168,115834,2740,,0,04,2026
2,2506,93,5,2010,468745,156042,476,,0,04,2026
2,2506,94,5,2010,85919331,18522866,354408,,0,04,2026
2,2506,94,9,2010,95496,13226,1911,,0,04,2026
2,2506,95,5,2010,22494264,774752,32515,,0,04,2026
2,2506,96,5,2010,11639856,1895067,18752,,0,04,2026
2,2506,97,5,2010,2300,20,46,,0,04,2026
2,2506,98,3,2010,19540,177,1863,,0,04,2026
2,2506,98,5,2010,147426613,11754153,787331,,0,04,2026
2,2506,98,5,2010,6315635,5859480,28191,,1,04,2026
2,2506,98,9,2010,1010913,37431,18429,,0,04,2026
2,2507,02,5,2010,50087458,5272162,80275,,0,04,2026
2,2507,07,5,2010,36860483,34184309,488319,,0,04,2026
2,2507,08,5,2010,1532255,460922,4803,,0,04,2026
2,2507,09,5,2010,19429,1255,98,,0,04,2026
2,2507,11,5,2010,7762759,11100612,1080,,0,04,2026
2,2507,11,6,2010,1288406,2302700,20400,,1,04,2026
2,2507,12,5,2010,2700,18735,100,,0,04,2026
2,2507,15,5,2010,449778,108864,12000,,0,04,2026
2,2507,15,6,2010,1498184,983357,11,,0,04,2026
2,2507,17,5,2010,2537787,796751,897,,0,04,2026
2,2507,19,5,2010,26280092,9666683,61935,,0,04,2026
2,2507,20,5,2010,9613865,3857543,61220,,0,04,2026
2,2507,21,5,2010,1847929,404480,1098,,0,04,2026
2,2507,22,5,2010,20686254,28434909,239767,,0,04,2026
2,2507,25,5,2010,747419,123909190,4603,,0,04,2026
2,2507,27,5,2010,49440,132443,90,,0,04,2026
2,2507,29,5,2010,64908,20945,830,,0,04,2026
2,2507,30,5,2010,5731144,27103,8400,,0,04,2026
2,2507,31,5,2010,369624,294989,46416,,0,04,2026
2,2507,32,5,2010,5446,25858,18,,0,04,2026
2,2507,33,5,2010,653379,84629,1837,,0,04,2026
2,2507,34,5,2010,1834558,2808232,50386,,0,04,2026
2,2507,35,5,2010,73484,347,98,,0,04,2026
2,2507,38,5,2010,1504874,1981270,37766,,0,04,2026
2,2507,39,3,2010,4340,275,6,,0,04,2026
2,2507,39,5,2010,31298291,6078344,886213,,0,04,2026
2,2507,39,5,2010,4923919,129205,427599,,1,04,2026
2,2507,40,5,2010,452595,56500,648,,0,04,2026
2,2507,40,5,2010,2440731,315881,95773,,1,04,2026
2,2507,42,5,2010,696884,115002,1747,,0,04,2026
2,2507,44,5,2010,131219,102214,1040,,0,04,2026
2,2507,48,5,2010,10743727,5046592,83931,,0,04,2026
2,2507,49,5,2010,259351,8983,1564,,0,04,2026
2,2507,56,5,2010,166768,6549,457,,0,04,2026
2,2507,57,5,2010,8406,247,65,,0,04,2026
2,2507,58,5,2010,37717,327,150,,0,04,2026
2,2507,59,5,2010,1656539,191645,12005,,0,04,2026
2,2507,60,5,2010,36688,9675,72,,0,04,2026
2,2507,61,5,2010,199686,9766,745,,0,04,2026
2,2507,62,5,2010,321398,5259,880,,0,04,2026
2,2507,63,5,2010,2268894,126631,7526,,0,04,2026
2,2507,65,5,2010,2609091,84591,4356,,0,04,2026
2,2507,66,5,2010,226241,9449,995,,0,04,2026
2,2507,68,5,2010,1163943,2734235,9651,,0,04,2026
2,2507,69,5,2010,138731,276645,42,,0,04,2026
2,2507,70,5,2010,23470822,21966089,69096,,0,04,2026
2,2507,71,5,2010,163371,7,328,,0,04,2026
2,2507,72,5,2010,1004633,2724204,12834,,0,04,2026
2,2507,73,5,2010,14723533,5126391,54491,,0,04,2026
2,2507,74,5,2010,1799147,284108,7818,,0,04,2026
2,2507,75,5,2010,1267310,16896,2180,,0,04,2026
2,2507,76,5,2010,1845955,443767,2573,,0,04,2026
2,2507,81,5,2010,149896,45252,140,,0,04,2026
2,2507,82,5,2010,39822,11308,17,,0,04,2026
2,2507,83,5,2010,17687871,1974910,35878,,0,04,2026
2,2507,84,3,2010,6876,17,1,,0,04,2026
2,2507,84,5,2010,116450825,12160444,250208,,0,04,2026
2,2507,85,3,2010,8773,22,4,,0,04,2026
2,2507,85,5,2010,184011016,8827987,625263,,0,04,2026
2,2507,87,5,2010,68647164,7058895,271077,,0,04,2026
2,2507,88,5,2010,75319358,325747,27246,,0,04,2026
2,2507,89,5,2010,95272,10442,489,,0,04,2026
2,2507,90,3,2010,2994,14,68,,0,04,2026
2,2507,90,5,2010,146477217,2229701,99698,,0,04,2026
2,2507,94,5,2010,16941885,5423814,39772,,0,04,2026
2,2507,95,5,2010,300421,5631,4,,0,04,2026
2,2507,96,5,2010,19772482,1877861,11883,,0,04,2026
2,2507,98,5,2010,52007074,3326379,64976,,0,04,2026
2,2507,98,6,2010,607362,1932120,14300,,0,04,2026
2,25XX,02,9,1220,2892622,1108914,6100,,0,04,2026
2,25XX,19,9,1220,57704,40000,1,,0,04,2026
2,25XX,20,9,1220,156996,72668,400,,0,04,2026
2,25XX,28,3,1220,3556,1,159,,0,04,2026
2,25XX,29,3,1220,10678,62,166,,0,04,2026
2,25XX,38,3,1220,13818,1,500,,0,04,2026
2,25XX,39,3,1220,13079,164,620,,0,04,2026
2,25XX,39,5,1220,88794,32626,800,,0,04,2026
2,25XX,42,5,1220,5093,553,15,,0,04,2026
2,25XX,44,9,1220,24006,38980,200,,0,04,2026
2,25XX,54,5,1220,344,14,6,,0,04,2026
2,25XX,63,5,1220,283282,10502,2013,,0,04,2026
2,25XX,65,5,1220,338,21,3,,0,04,2026
2,25XX,71,3,1220,2281,0,150,,0,04,2026
2,25XX,73,3,1220,9768,185,101,,0,04,2026
2,25XX,73,5,1220,10572,1014,4,,0,04,2026
2,25XX,82,5,1220,171230,5426,1241,,0,04,2026
2,25XX,83,5,1220,2009,5,3,,0,04,2026
2,25XX,84,3,1220,1308000,342,1680,,0,04,2026
2,25XX,84,5,1220,511968,44446,10445,,0,04,2026
2,25XX,85,3,1220,930887,1722,39967,,0,04,2026
2,25XX,85,5,1220,131785,22268,143,,0,04,2026
2,25XX,87,5,1220,362095,63135,69,,0,04,2026
2,25XX,88,3,1220,77748,9,430,,0,04,2026
2,25XX,90,3,1220,290751,794,3912,,0,04,2026
2,25XX,90,5,1220,130782,4218,1188,,0,04,2026
2,25XX,94,3,1220,13299,14,298,,0,04,2026
2,25XX,94,5,1220,26277,7964,122,,0,04,2026
2,25XX,98,3,1220,277815,280,4517,,0,04,2026
2,25XX,98,5,1220,200971,8307,1693,,0,04,2026
2,25XX,98,8,1220,17320,1500,100,,0,04,2026
2,2601,07,5,2010,28765,61623,1750,,0,04,2026
2,2601,25,5,2010,215163,1228878,660,,0,04,2026
2,2601,26,5,2010,8741776,290847,3750,,0,04,2026
2,2601,38,5,2010,3233,113,125,,0,04,2026
2,2601,39,5,2010,2790096,415912,3925,,0,04,2026
2,2601,40,5,2010,59393,1136,453,,0,04,2026
2,2601,44,5,2010,299544,218069,2650,,0,04,2026
2,2601,46,5,2010,397262,72495,45,,0,04,2026
2,2601,48,5,2010,80590,9169,392,,0,04,2026
2,2601,54,5,2010,871,28,1,,0,04,2026
2,2601,56,5,2010,104940,9774,56,,0,04,2026
2,2601,58,5,2010,76320,2506,35,,0,04,2026
2,2601,59,5,2010,649532,55464,139,,0,04,2026
2,2601,60,5,2010,152437,13985,64,,0,04,2026
2,2601,62,5,2010,391012,44201,2109,,0,04,2026
2,2601,63,5,2010,8099533,678646,6369,,0,04,2026
2,2601,65,5,2010,279984,89882,15,,0,04,2026
2,2601,68,5,2010,845375,2272443,102802,,0,04,2026
2,2601,69,5,2010,75250,116228,1390,,0,04,2026
2,2601,71,5,2010,63336980,10771,6000,,0,04,2026
2,2601,73,5,2010,9069,1617,259,,0,04,2026
2,2601,74,5,2010,6068726,477453,6001,,0,04,2026
2,2601,76,5,2010,586424,48480,40,,0,04,2026
2,2601,82,5,2010,6788,135,2,,0,04,2026
2,2601,83,5,2010,56799,3435,10,,0,04,2026
2,2601,84,5,2010,1374997,89670,1421,,0,04,2026
2,2601,85,5,2010,18904882,393774,7336,,0,04,2026
2,2601,87,5,2010,97710,488,9,,0,04,2026
2,2601,90,5,2010,3359210,99633,4894,,0,04,2026
2,2601,94,5,2010,6197438,329802,476,,0,04,2026
2,2601,95,5,2010,120408,11258,1199,,0,04,2026
2,2601,96,5,2010,2325,145,15,,0,04,2026
2,2601,98,5,2010,829679,86543,1295,,0,04,2026
2,2602,03,5,2010,102716,9900,569,,0,04,2026
2,2602,94,5,2010,22059,1507,450,,0,04,2026
2,2602,98,5,2010,21605,826,2053,,0,04,2026
2,2603,39,5,2010,1281,470,375,,0,04,2026
2,2603,40,5,2010,3040,262,125,,0,04,2026
2,2603,84,5,2010,974548,310043,6344,,0,04,2026
2,2603,85,5,2010,215653,5137,1566,,0,04,2026
2,2603,87,5,2010,15000,31794,350,,0,04,2026
2,2603,94,5,2010,1019,46,125,,0,04,2026
2,2603,98,5,2010,35500,34700,1000,,0,04,2026
2,2604,02,5,2010,12846207,2695585,17093,,0,04,2026
2,2604,03,5,2010,16172277,1468220,173485,,0,04,2026
2,2604,04,5,2010,162000,9081,9,,0,04,2026
2,2604,05,5,2010,91491,32281,411,,0,04,2026
2,2604,06,5,2010,7500,9036,250,,0,04,2026
2,2604,07,5,2010,336991492,221886189,15490505,,0,04,2026
2,2604,07,5,2010,26393,7580,6,,1,04,2026
2,2604,08,5,2010,160876548,230378517,8608156,,0,04,2026
2,2604,09,5,2010,575985,243994,57600,,0,04,2026
2,2604,10,5,2010,275534,826562,145,,0,04,2026
2,2604,11,5,2010,935533,1091331,119,,0,04,2026
2,2604,11,6,2010,99681,176120,1700,,1,04,2026
2,2604,12,5,2010,83097,33432,6220,,0,04,2026
2,2604,15,5,2010,3444612,486823,68812,,0,04,2026
2,2604,15,6,2010,783173,686350,78316,,0,04,2026
2,2604,16,5,2010,3418228,106897,722,,0,04,2026
2,2604,17,5,2010,985239,184181,5493,,0,04,2026
2,2604,19,5,2010,6532394,2852519,269430,,0,04,2026
2,2604,20,5,2010,2955230,2521287,115017,,0,04,2026
2,2604,21,5,2010,1311671,412206,7568,,0,04,2026
2,2604,22,5,2010,15988983,15691895,408076,,0,04,2026
2,2604,22,6,2010,114729013,100655316,1313601,,0,04,2026
2,2604,23,5,2010,1863603,421398,61408,,0,04,2026
2,2604,23,6,2010,107946,68000,2000,,0,04,2026
2,2604,25,5,2010,1524816,19869681,103584,,0,04,2026
2,2604,25,6,2010,2816814,27365827,154132,,0,04,2026
2,2604,26,5,2010,4802954,106312,502,,0,04,2026
2,2604,28,5,2010,3979,10737,1,,0,04,2026
2,2604,28,6,2010,4201442,41654553,66,,0,04,2026
2,2604,28,9,2010,9127,83,800,,0,04,2026
2,2604,29,5,2010,2020,14,3,,0,04,2026
2,2604,30,5,2010,25942,860,14,,0,04,2026
2,2604,31,5,2010,170814,185137,1355,,0,04,2026
2,2604,32,5,2010,264911,21933,1803,,0,04,2026
2,2604,33,5,2010,24178388,3360300,217640,,0,04,2026
2,2604,34,5,2010,361780,55185,928,,0,04,2026
2,2604,35,5,2010,46329,8462,511,,0,04,2026
2,2604,37,5,2010,2800,146,53,,0,04,2026
2,2604,38,5,2010,4677301,512747,26316,,0,04,2026
2,2604,39,5,2010,16763495,3414035,92122,,0,04,2026
2,2604,39,5,2010,23699,8615,4190,,1,04,2026
2,2604,39,9,2010,317929,38984,3150,,0,04,2026
2,2604,40,5,2010,410445,15304,1790,,0,04,2026
2,2604,42,5,2010,429460,20957,13167,,0,04,2026
2,2604,44,5,2010,1187749,4542311,60194,,0,04,2026
2,2604,44,6,2010,64800,93600,9,,0,04,2026
2,2604,44,9,2010,11193,2662,1000,,0,04,2026
2,2604,47,5,2010,11395,12024,508,,0,04,2026
2,2604,48,5,2010,2656784,1112884,32778,,0,04,2026
2,2604,48,9,2010,32119,4332,2000,,0,04,2026
2,2604,49,5,2010,376262,52388,5423,,0,04,2026
2,2604,54,5,2010,1672,475,12,,0,04,2026
2,2604,55,5,2010,622,636,6,,0,04,2026
2,2604,56,5,2010,341018,11914,1521,,0,04,2026
2,2604,58,5,2010,329194,9142,426,,0,04,2026
2,2604,59,5,2010,104634,1685,99,,0,04,2026
2,2604,60,5,2010,12206,427,6,,0,04,2026
2,2604,61,5,2010,2116,11,3,,0,04,2026
2,2604,62,5,2010,33375,1889,309,,0,04,2026
2,2604,63,5,2010,5804158,815486,35418,,0,04,2026
2,2604,64,5,2010,142622,2627,9217,,0,04,2026
2,2604,65,5,2010,151740,22695,2250,,0,04,2026
2,2604,68,5,2010,2493190,1267437,5041,,0,04,2026
2,2604,69,5,2010,69934,73840,1637,,0,04,2026
2,2604,70,5,2010,177634,56116,2826,,0,04,2026
2,2604,71,5,2010,60827628,15322,4193,,0,04,2026
2,2604,72,5,2010,182606,516076,591,,0,04,2026
2,2604,72,6,2010,1419427,4956970,32280,,0,04,2026
2,2604,73,5,2010,2182636,150895,15525,,0,04,2026
2,2604,74,5,2010,1381230,260359,2612,,0,04,2026
2,2604,74,6,2010,19684012,1592713,4752,,0,04,2026
2,2604,74,6,2010,21045150,1747008,1570924,,1,04,2026
2,2604,75,5,2010,435005,31183,611,,0,04,2026
2,2604,76,5,2010,628262,225765,7131,,0,04,2026
2,2604,79,5,2010,21030,82,109,,0,04,2026
2,2604,80,5,2010,264260,124404,1373,,0,04,2026
2,2604,81,5,2010,185725,9808,2602,,0,04,2026
2,2604,82,5,2010,1363932,141647,854,,0,04,2026
2,2604,83,5,2010,27772015,2294835,117132,,0,04,2026
2,2604,84,5,2010,116238121,9967193,106463,,0,04,2026
2,2604,84,9,2010,239354,3082,6000,,0,04,2026
2,2604,85,5,2010,311428563,11277507,704828,,0,04,2026
2,2604,85,9,2010,1600506,10246,10000,,0,04,2026
2,2604,86,5,2010,749633,50054,93,,0,04,2026
2,2604,87,5,2010,252134064,19935921,496878,,0,04,2026
2,2604,87,5,2010,109648,73630,36440,,1,04,2026
2,2604,87,6,2010,263070851,20167513,503100,,0,04,2026
2,2604,88,5,2010,6267368,18462,5716,,0,04,2026
2,2604,90,5,2010,118748672,2674185,59570,,0,04,2026
2,2604,90,9,2010,1037478,41494,17100,,0,04,2026
2,2604,92,5,2010,2609529,55034,18259,,0,04,2026
2,2604,93,5,2010,1837110,12873,300,,0,04,2026
2,2604,94,5,2010,11921351,1465068,82689,,0,04,2026
2,2604,94,5,2010,11437,1314,370,,1,04,2026
2,2604,95,5,2010,781518,15644,452,,0,04,2026
2,2604,96,5,2010,7277718,406769,4600,,0,04,2026
2,2604,98,5,2010,58798369,3479924,168277,,0,04,2026
2,2604,98,9,2010,2040869,64275,17800,,0,04,2026
2,2605,03,3,2010,27135,1150,150,,0,04,2026
2,2605,22,5,2010,495280,79257,450,,0,04,2026
2,2605,39,3,2010,21932,797,511,,0,04,2026
2,2605,40,8,2010,8355,216,1000,,0,04,2026
2,2605,73,3,2010,3750,10,200,,0,04,2026
2,2605,73,9,2010,8720,4,174,,0,04,2026
2,2605,83,3,2010,4156,2,54,,0,04,2026
2,2605,84,3,2010,2882719,422,38879,,0,04,2026
2,2605,84,9,2010,63270,16,824,,0,04,2026
2,2605,85,3,2010,612709,7030,12340,,0,04,2026
2,2605,85,5,2010,4938,21,46,,0,04,2026
2,2605,85,8,2010,21764,124,2500,,0,04,2026
2,2605,85,9,2010,421376,4369,7824,,0,04,2026
2,2605,87,8,2010,7100,2292,900,,0,04,2026
2,2605,88,3,2010,24602,12,320,,0,04,2026
2,2605,90,3,2010,624284,1305,5098,,0,04,2026
2,2605,98,3,2010,826157,776,7773,,0,04,2026
2,2605,98,5,2010,106214,4058,15,,0,04,2026
2,2605,98,9,2010,468395,93,6090,,0,04,2026
2,2608,07,5,2010,29633061,11843376,135698,,0,04,2026
2,2608,08,5,2010,3686895,844972,1171,,0,04,2026
2,2608,11,5,2010,10800,8165,3,,0,04,2026
2,2608,16,5,2010,2989069,435614,6415,,0,04,2026
2,2608,19,5,2010,2625491,414122,7787,,0,04,2026
2,2608,20,5,2010,271928,139882,1000,,0,04,2026
2,2608,21,5,2010,169952,26723,600,,0,04,2026
2,2608,33,5,2010,27968,8589,200,,0,04,2026
2,2608,39,5,2010,7594,14425,464,,0,04,2026
2,2608,44,5,2010,170472,554744,10901,,0,04,2026
2,2608,48,5,2010,70524,95448,818,,0,04,2026
2,2608,49,5,2010,57794,1444,36,,0,04,2026
2,2608,61,5,2010,1376087,88760,4453,,0,04,2026
2,2608,62,5,2010,290752,17875,792,,0,04,2026
2,2608,63,5,2010,33052,4882,178,,0,04,2026
2,2608,68,5,2010,27980,62772,471,,0,04,2026
2,2608,70,5,2010,339702,52381,3214,,0,04,2026
2,2608,71,5,2010,267622,853,164,,0,04,2026
2,2608,72,5,2010,4901,2000,114,,0,04,2026
2,2608,73,5,2010,1311368,681763,8859,,0,04,2026
2,2608,74,5,2010,11281,11281,436,,0,04,2026
2,2608,84,5,2010,1721798,498463,1369,,0,04,2026
2,2608,85,5,2010,6898048,206556,242453,,0,04,2026
2,2608,87,5,2010,5449287,939250,23415,,0,04,2026
2,2608,87,5,2010,181980,36885,745,,1,04,2026
2,2608,90,5,2010,46496,1569,588,,0,04,2026
2,2608,94,5,2010,2405782,321319,3285,,0,04,2026
2,2608,95,5,2010,1693114,62113,5949,,0,04,2026
2,2608,98,5,2010,12973423,3046438,56977,,0,04,2026
2,2608,98,8,2010,3443,1,552,,0,04,2026
2,2609,39,3,2010,7441,16,9,,0,04,2026
2,2609,39,5,2010,8961,80,143,,0,04,2026
2,2609,73,5,2010,15378,194,87,,0,04,2026
2,2609,79,5,2010,10282,292,28,,0,04,2026
2,2609,85,5,2010,2645153,354727,19379,,0,04,2026
2,2609,88,3,2010,190136,80,66,,0,04,2026
2,2609,90,3,2010,2485,14,6,,0,04,2026
2,2609,98,3,2010,4905,48,3,,0,04,2026
2,2609,98,5,2010,7915,164,18,,0,04,2026
2,2609,98,8,2010,2200000,79015,10000,,0,04,2026
2,26XX,30,5,1220,476380,9289,258,,0,04,2026
2,26XX,39,3,1220,251,1,13,,0,04,2026
2,26XX,39,5,1220,42026,4022,384,,0,04,2026
2,26XX,40,5,1220,96163,660,21,,0,04,2026
2,26XX,42,3,1220,360,2,150,,0,04,2026
2,26XX,48,3,1220,3378,26,25,,0,04,2026
2,26XX,56,5,1220,70885,692,244,,0,04,2026
2,26XX,63,3,1220,9366,25,50,,0,04,2026
2,26XX,73,3,1220,2250,1,1,,0,04,2026
2,26XX,73,5,1220,15784,406,19,,0,04,2026
2,26XX,76,3,1220,21442,269,1067,,0,04,2026
2,26XX,76,5,1220,30301,439,27,,0,04,2026
2,26XX,79,5,1220,4127,79,3,,0,04,2026
2,26XX,83,3,1220,40031,130,1432,,0,04,2026
2,26XX,83,5,1220,129683,2562,964,,0,04,2026
2,26XX,84,1,1220,48917,5379,3115,,1,04,2026
2,26XX,84,3,1220,1863359,951,13379,,0,04,2026
2,26XX,84,5,1220,6385,133,46,,0,04,2026
2,26XX,84,9,1220,11640,256,1000,,0,04,2026
2,26XX,85,3,1220,3632933,65493,43992,,0,04,2026
2,26XX,85,5,1220,3283045,25968,2508,,0,04,2026
2,26XX,87,3,1220,6035,16,4,,0,04,2026
2,26XX,88,3,1220,34202788,23191,26338,,0,04,2026
2,26XX,90,3,1220,5823318,27034,8495,,0,04,2026
2,26XX,90,5,1220,1077812,37180,977,,0,04,2026
2,26XX,93,3,1220,1581489,673,1589,,0,04,2026
2,26XX,94,3,1220,3605,23,200,,0,04,2026
2,26XX,94,5,1220,497,124,2,,0,04,2026
2,26XX,96,5,1220,4942,31,79,,0,04,2026
2,26XX,98,3,1220,4953982,1371,61525,,0,04,2026
2,26XX,98,5,1220,292200,12044,2128,,0,04,2026
2,26XX,98,9,1220,75652,72,984,,0,04,2026
2,2704,03,1,1220,334309,33768,11400,,1,04,2026
2,2704,08,1,2010,1515120,1783246,105797,,1,04,2026
2,2704,09,1,2010,458423,77685,9688,,1,04,2026
2,2704,11,1,1220,3135,19608,1000,,1,04,2026
2,2704,15,1,2010,173838,21070,4000,,1,04,2026
2,2704,20,1,2010,76994,42902,5800,,1,04,2026
2,2704,22,1,2010,7205011,1957855,184426,,1,04,2026
2,2704,22,5,2010,821346,212400,35841,,0,04,2026
2,2704,22,9,2010,179735,28354,99,,0,04,2026
2,2704,27,1,1220,135725857,197288824,7444401,,0,04,2026
2,2704,27,1,2010,63379059,93500665,3053155,,0,04,2026
2,2704,29,1,2010,156225,133538,6668,,1,04,2026
2,2704,33,3,1220,4880,21,168,,0,04,2026
2,2704,39,1,1220,3000,1644,6,,1,04,2026
2,2704,39,1,2010,802,44,1,,1,04,2026
2,2704,39,5,1220,5575,682,100,,0,04,2026
2,2704,40,1,1220,123213,30577,11313,,1,04,2026
2,2704,40,1,2010,19904,2266,742,,1,04,2026
2,2704,42,5,2010,20393,522,153,,0,04,2026
2,2704,49,1,1220,36271,14958,35,,1,04,2026
2,2704,56,1,1220,1452,4,36,,1,04,2026
2,2704,63,5,1220,3173,2,26,,0,04,2026
2,2704,64,5,2010,305655,7839,2093,,0,04,2026
2,2704,68,1,2010,3116,4200,936,,1,04,2026
2,2704,69,1,2010,10268,26737,2500,,1,04,2026
2,2704,73,1,1220,11113,647,198,,1,04,2026
2,2704,84,1,1220,2644,18,56,,0,04,2026
2,2704,84,1,1220,59532,5501,2637,,1,04,2026
2,2704,84,1,2010,214617,5680,2889,,1,04,2026
2,2704,84,5,1220,374640,49837,273,,0,04,2026
2,2704,84,9,2010,91024,73,1185,,0,04,2026
2,2704,85,1,1220,286062,29155,6951,,1,04,2026
2,2704,85,1,2010,7290,374,209,,0,04,2026
2,2704,85,1,2010,1158714,42290,15669,,1,04,2026
2,2704,85,3,1220,213586,196,1398,,0,04,2026
2,2704,85,3,2010,631983,16987,9377,,0,04,2026
2,2704,85,9,2010,540325,32844,10810,,0,04,2026
2,2704,87,1,1220,9718,250,413,,1,04,2026
2,2704,87,1,2010,21200908,1556440,468004,,0,04,2026
2,2704,87,1,2010,259293,10399,5212,,1,04,2026
2,2704,90,1,2010,157119,6099,4820,,1,04,2026
2,2704,92,9,2010,159207,3037,3186,,0,04,2026
2,2704,94,1,1220,2953,85,65,,1,04,2026
2,2704,94,1,2010,235050,44806,2021,,1,04,2026
2,2704,94,9,2010,37806,12640,491,,0,04,2026
2,2704,95,5,1220,52257,1543,67,,0,04,2026
2,2704,98,1,1220,8028122,9540851,576878,,0,04,2026
2,2704,98,1,1220,47030,273,730,,1,04,2026
2,2704,98,1,2010,642328,248142,13135,,0,04,2026
2,2704,98,1,2010,2566,7,7,,1,04,2026
2,2704,98,3,2010,53217,73,692,,0,04,2026
2,2704,98,9,2010,40157,554,805,,0,04,2026
2,2720,01,3,2010,32400,34,1311,,0,04,2026
2,2720,03,3,2010,89604,11450,20448,,0,04,2026
2,2720,07,3,2010,179335,27189,21332,,0,04,2026
2,2720,08,3,2010,2687,155,1596,,0,04,2026
2,2720,12,3,2010,1524079,610,4032,,0,04,2026
2,2720,22,3,2010,13023,2338,3362,,0,04,2026
2,2720,30,3,2010,4850,80,900,,0,04,2026
2,2720,30,8,2010,43560,2,1500,,0,04,2026
2,2720,39,3,2010,66473,1615,4861,,0,04,2026
2,2720,40,3,2010,12004,1181,5020,,0,04,2026
2,2720,40,8,2010,29927,894,3001,,0,04,2026
2,2720,42,3,2010,1223,42,423,,0,04,2026
2,2720,49,3,2010,16212,744,1575,,0,04,2026
2,2720,56,3,2010,4116,11,564,,0,04,2026
2,2720,59,3,2010,2575,334,337,,0,04,2026
2,2720,61,3,2010,26857,817,251,,0,04,2026
2,2720,62,3,2010,1356415,5748,10226,,0,04,2026
2,2720,63,3,2010,1423,18,150,,0,04,2026
2,2720,64,3,2010,1454,121,389,,0,04,2026
2,2720,70,3,2010,46971,997,200,,0,04,2026
2,2720,71,3,2010,3383653,124,10690,,0,04,2026
2,2720,73,3,2010,170548,2157,505,,0,04,2026
2,2720,75,3,2010,8460,46,1925,,0,04,2026
2,2720,76,3,2010,14749,18,304,,0,04,2026
2,2720,83,3,2010,210432,185,1316,,0,04,2026
2,2720,84,3,2010,15319997,74544,37919,,0,04,2026
2,2720,84,9,2010,14599188,113861,189786,,0,04,2026
2,2720,85,3,2010,18230678,65376,140588,,0,04,2026
2,2720,85,5,2010,6147,100,397,,0,04,2026
2,2720,85,8,2010,28145,153,3850,,0,04,2026
2,2720,85,9,2010,46447,1192,604,,0,04,2026
2,2720,87,3,2010,67164,8151,23086,,0,04,2026
2,2720,87,8,2010,3430,1078,100,,0,04,2026
2,2720,88,3,2010,680888,713,6294,,0,04,2026
2,2720,90,3,2010,3120322,15018,75739,,0,04,2026
2,2720,94,3,2010,54003,7041,29383,,0,04,2026
2,2720,97,3,2010,435354,1749,7865,,0,04,2026
2,2720,98,3,2010,5844249,10301,35742,,0,04,2026
2,27XX,01,3,1220,28655,28,292,,0,04,2026
2,27XX,03,3,1220,333116,3927,11308,,0,04,2026
2,27XX,05,3,1220,2760,67,235,,0,04,2026
2,27XX,08,1,2010,5371920,10577618,774720,,1,04,2026
2,27XX,09,1,2010,1853613,211492,18000,,1,04,2026
2,27XX,16,3,1220,5901,119,2015,,0,04,2026
2,27XX,22,1,2010,34608,18511,5500,,1,04,2026
2,27XX,22,9,2010,58782,9163,625,,1,04,2026
2,27XX,24,5,1220,1619100,148884,900,,0,04,2026
2,27XX,25,1,1220,399613,45359000,2,,0,04,2026
2,27XX,28,3,1220,245000,84,1200,,0,04,2026
2,27XX,29,1,1220,21301,704,4740,,1,04,2026
2,27XX,29,3,1220,1550273,188,2649,,0,04,2026
2,27XX,30,3,1220,988925,217,21230,,0,04,2026
2,27XX,30,8,1220,34093,2,1500,,0,04,2026
2,27XX,32,3,1220,2880,2,500,,0,04,2026
2,27XX,33,1,1220,6159,114,792,,1,04,2026
2,27XX,33,3,1220,98319,347,1143,,0,04,2026
2,27XX,38,3,1220,18492,4,524,,0,04,2026
2,27XX,39,3,1220,6347,86,77,,0,04,2026
2,27XX,39,3,1220,3493,84,562,,1,04,2026
2,27XX,39,5,1220,340,12,850,,0,04,2026
2,27XX,40,1,2010,4236,234,3,,1,04,2026
2,27XX,40,3,1220,2290,6,500,,0,04,2026
2,27XX,44,3,1220,10000,3,9,,0,04,2026
2,27XX,45,3,1220,3100,176,899,,0,04,2026
2,27XX,48,3,1220,2044,232,267,,0,04,2026
2,27XX,49,3,1220,8208,18,125,,0,04,2026
2,27XX,56,3,1220,400,120,750,,0,04,2026
2,27XX,61,3,1220,13245,131,395,,0,04,2026
2,27XX,62,3,1220,500,2,32,,0,04,2026
2,27XX,63,3,1220,387,1,1,,0,04,2026
2,27XX,69,3,2010,15925,4805,2614,,0,04,2026
2,27XX,70,3,1220,9138,82,50,,0,04,2026
2,27XX,71,3,1220,1996906,23,935,,0,04,2026
2,27XX,73,3,1220,13180,11,500,,0,04,2026
2,27XX,75,3,1220,404943,6658,26415,,0,04,2026
2,27XX,76,3,1220,20770,9,27,,0,04,2026
2,27XX,83,3,1220,10717,57,1612,,0,04,2026
2,27XX,84,1,2010,3226,178,1,,1,04,2026
2,27XX,84,3,1220,809103,1790,10327,,0,04,2026
2,27XX,84,3,2010,360718,2808,14743,,0,04,2026
2,27XX,85,1,2010,10063,557,3,,1,04,2026
2,27XX,85,3,1220,6661616,7639,31909,,0,04,2026
2,27XX,85,3,2010,7368,18,486,,0,04,2026
2,27XX,85,5,1220,62148,949,344,,0,04,2026
2,27XX,86,3,1220,7000,7,16,,0,04,2026
2,27XX,87,1,2010,74983062,18123576,428451,,0,04,2026
2,27XX,87,1,2010,638837,48777,24002,,1,04,2026
2,27XX,87,8,2010,3430,1078,100,,0,04,2026
2,27XX,88,3,1220,1352893,1072,15288,,0,04,2026
2,27XX,88,5,1220,158083,322,1905,,0,04,2026
2,27XX,90,3,1220,1106335,8746,26018,,0,04,2026
2,27XX,90,3,1220,453328,2023,775,,1,04,2026
2,27XX,90,3,2010,36794,127,1367,,0,04,2026
2,27XX,90,5,1220,27287,177,445,,0,04,2026
2,27XX,92,3,1220,3602,30,75,,0,04,2026
2,27XX,94,3,1220,9150,302,718,,0,04,2026
2,27XX,97,3,1220,15000,9,1724,,0,04,2026
2,27XX,98,1,2010,12921,26939,2005,,0,04,2026
2,27XX,98,3,1220,2133952,2333,27401,,0,04,2026
2,27XX,98,3,1220,1520134,284,5405,,1,04,2026
2,27XX,98,5,1220,404203,10811,4587,,0,04,2026
2,27XX,98,8,1220,11976,4365,1000,,0,04,2026
2,2801,12,3,2010,94561,2105,3328,,0,04,2026
2,2801,30,8,2010,108075,6,4500,,0,04,2026
2,2801,39,3,2010,18210,1119,2493,,0,04,2026
2,2801,40,3,2010,789,4,0,,0,04,2026
2,2801,42,3,2010,4062,83,0,,0,04,2026
2,2801,48,3,2010,3296,68,895,,0,04,2026
2,2801,62,3,2010,14835,326,800,,0,04,2026
2,2801,63,3,2010,280,1,0,,0,04,2026
2,2801,64,3,2010,93026,761,2593,,0,04,2026
2,2801,65,3,2010,300,12,0,,0,04,2026
2,2801,71,3,2010,22109,1,200,,0,04,2026
2,2801,84,3,2010,7784043,23098,72447,,0,04,2026
2,2801,84,3,2010,10926,78,238,,1,04,2026
2,2801,84,5,2010,15304,257,1447,,0,04,2026
2,2801,85,3,2010,46268318,202131,3781446,,0,04,2026
2,2801,85,8,2010,41931,107,3150,,0,04,2026
2,2801,87,3,2010,2896,11,67,,0,04,2026
2,2801,87,8,2010,2379,336,501,,0,04,2026
2,2801,88,3,2010,58723,612,1100,,0,04,2026
2,2801,90,3,2010,2777288,5489,25842,,0,04,2026
2,2801,94,3,2010,37215,6402,1630,,0,04,2026
2,2801,97,3,2010,29975,58,362,,0,04,2026
2,2801,98,3,2010,1543129,8980,54734,,0,04,2026
2,28XX,03,3,1220,76849,580,1899,,0,04,2026
2,28XX,09,1,2010,10862589,1656352,184390,,1,04,2026
2,28XX,15,1,1220,167847052,125807189,10127824,,0,04,2026
2,28XX,15,1,2010,2370837,324742,15500,,1,04,2026
2,28XX,22,1,2010,6953575,1290163,169279,,1,04,2026
2,28XX,22,5,1220,65007,62846,14690,,0,04,2026
2,28XX,22,9,2010,616246,324344,700,,1,04,2026
2,28XX,25,1,1220,1237277,141388200,12,,0,04,2026
2,28XX,25,1,2010,1319057,57180000,10001,,0,04,2026
2,28XX,28,3,1220,45675,38,6000,,0,04,2026
2,28XX,31,1,2010,363436,203040,38556,,1,04,2026
2,28XX,32,1,2010,69080,22000,650,,1,04,2026
2,28XX,33,3,1220,4240,51,180,,0,04,2026
2,28XX,38,3,1220,7464,6,426,,0,04,2026
2,28XX,39,1,2010,475,22,115,,1,04,2026
2,28XX,39,3,1220,44399,130,2006,,0,04,2026
2,28XX,39,3,2010,563808,29354,7329,,0,04,2026
2,28XX,40,1,2010,26295,1425,144,,1,04,2026
2,28XX,56,3,1220,550,1,55,,0,04,2026
2,28XX,61,3,1220,4386,22,0,,0,04,2026
2,28XX,62,3,1220,667,2,0,,0,04,2026
2,28XX,64,3,1220,500,3,0,,0,04,2026
2,28XX,70,1,2010,1879105,1580033,359743,,1,04,2026
2,28XX,71,3,1220,3055,0,150,,0,04,2026
2,28XX,73,3,1220,7000,476,500,,0,04,2026
2,28XX,73,9,2010,5642,11,100,,0,04,2026
2,28XX,76,1,1220,19217,66,7,,1,04,2026
2,28XX,83,3,1220,8402,28,300,,0,04,2026
2,28XX,84,1,1220,30894,400,1200,,1,04,2026
2,28XX,84,1,2010,226774,22361,2986,,1,04,2026
2,28XX,84,3,1220,1815186,2358,10473,,0,04,2026
2,28XX,84,3,2010,288662,3273,3751,,0,04,2026
2,28XX,84,8,2010,4274,2,214,,0,04,2026
2,28XX,84,9,2010,305031,21148,3965,,0,04,2026
2,28XX,85,1,2010,8247,77,198,,1,04,2026
2,28XX,85,3,1220,3559536,15588,12087,,0,04,2026
2,28XX,85,3,2010,231507,1989,6233,,0,04,2026
2,28XX,85,5,1220,320564,1757,10094,,0,04,2026
2,28XX,85,8,2010,12687,101,2079,,0,04,2026
2,28XX,85,9,2010,144744,516,600,,0,04,2026
2,28XX,87,1,1220,2222,58,111,,1,04,2026
2,28XX,87,1,2010,99051748,28285409,34933,,0,04,2026
2,28XX,87,1,2010,10888,815,483,,1,04,2026
2,28XX,88,3,1220,40288,12,1222,,0,04,2026
2,28XX,90,1,2010,2073,143,57,,1,04,2026
2,28XX,90,3,1220,1508023,5884,13883,,0,04,2026
2,28XX,90,3,2010,305006,3688,178,,0,04,2026
2,28XX,90,5,1220,54015,62,690,,0,04,2026
2,28XX,94,3,1220,27122,285,766,,0,04,2026
2,28XX,97,3,1220,2843,3,2,,0,04,2026
2,28XX,98,1,1220,19235031,22436985,2872640,,0,04,2026
2,28XX,98,1,2010,142165,2401,971,,0,04,2026
2,28XX,98,3,1220,1366232,4243,12402,,0,04,2026
2,28XX,98,3,2010,345026,663,1135,,0,04,2026
2,28XX,98,5,1220,439122,1574,9456,,0,04,2026
2,28XX,98,8,1220,10000,2018,100,,0,04,2026
2,28XX,98,9,2010,109804,184,300,,0,04,2026
2,29XX,07,1,1220,12000,10100,1,,1,04,2026
2,29XX,22,6,1220,228985,82953,1000,,0,04,2026
2,29XX,25,1,1220,2590144,34395120,52500,,0,04,2026
2,29XX,25,1,2010,1378125,23805844,2500,,0,04,2026
2,29XX,25,1,2010,1203600,48166726,2500,,1,04,2026
2,29XX,27,1,1220,36545158,26950369,1122681,,0,04,2026
2,29XX,27,9,1220,2304,2129,46,,0,04,2026
2,29XX,32,9,1220,20079,10070,402,,0,04,2026
2,29XX,35,9,1220,58643,7151,1173,,0,04,2026
2,29XX,38,3,1220,5200,1,65,,0,04,2026
2,29XX,38,9,1220,7087,6311,142,,0,04,2026
2,29XX,39,3,1220,2205,9,150,,0,04,2026
2,29XX,39,9,1220,10340,1789,208,,0,04,2026
2,29XX,40,3,1220,2389,4,2650,,0,04,2026
2,29XX,44,1,1220,3031121,11195734,1005,,0,04,2026
2,29XX,59,9,1220,651,14,13,,0,04,2026
2,29XX,68,9,1220,2131,503,43,,0,04,2026
2,29XX,73,3,1220,3906,4,5,,0,04,2026
2,29XX,73,9,1220,8076,813,161,,0,04,2026
2,29XX,82,3,1220,10647,54,150,,0,04,2026
2,29XX,84,3,1220,1969637,854,18653,,0,04,2026
2,29XX,84,3,2010,151567,1569,1971,,0,04,2026
2,29XX,84,9,1220,2480,59,50,,0,04,2026
2,29XX,84,9,2010,385728,22796,5013,,0,04,2026
2,29XX,85,3,1220,887888,13153,1398,,0,04,2026
2,29XX,85,3,2010,89978,242,1167,,0,04,2026
2,29XX,85,9,2010,2196,1,29,,0,04,2026
2,29XX,87,1,2010,15306207,2089793,48793,,0,04,2026
2,29XX,88,3,1220,35451,20,872,,0,04,2026
2,29XX,90,3,1220,54137,63,2487,,0,04,2026
2,29XX,90,3,2010,4215,1,55,,0,04,2026
2,29XX,94,3,1220,3470,68,286,,0,04,2026
2,29XX,96,9,1220,4576,394,92,,0,04,2026
2,29XX,97,3,1220,14526,21,5,,0,04,2026
2,29XX,98,3,1220,132943,215,1967,,0,04,2026
2,29XX,98,5,1220,20000,20,2,,0,04,2026
2,29XX,98,8,1220,28166,1789,1,,0,04,2026
2,29XX,98,9,1220,3760,248,75,,0,04,2026
2,3001,20,1,1220,31746,23610,150,,1,04,2026
2,3001,25,1,1220,6939036,125725500,189050,,0,04,2026
2,3001,25,1,1220,198582,14400000,2700,,1,04,2026
2,3001,72,1,1220,4803389,12979000,20000,,0,04,2026
2,3001,73,1,1220,2959,2,2,,1,04,2026
2,3001,73,3,1220,41307,120,263,,0,04,2026
2,3001,83,1,1220,16730,12,12,,1,04,2026
2,3001,84,3,1220,6685,126,669,,0,04,2026
2,3001,87,8,1220,600000,29711,1,,0,04,2026
2,3001,88,1,1220,1093814,683,217,,1,04,2026
2,3001,98,1,1220,3240,95,1,,0,04,2026
2,3002,26,1,1220,131479,6045000,10000,,0,04,2026
2,3002,40,1,1220,757,41,22,,1,04,2026
2,3002,72,1,1220,3159828,12409901,318733,,0,04,2026
2,3002,75,1,1220,4200,16,19,,1,04,2026
2,3002,76,1,1220,313956,508696,32245,,0,04,2026
2,3002,84,1,1220,155452,6787,5758,,0,04,2026
2,3002,84,5,1220,336836,42580,500,,0,04,2026
2,3004,01,5,1220,171298,506,35,,0,04,2026
2,3004,02,5,1220,621683,213008,1779,,0,04,2026
2,3004,03,5,1220,65738580,6872240,519407,,0,04,2026
2,3004,04,5,1220,439022,113087,1018,,0,04,2026
2,3004,05,5,1220,645891,813509,11802,,0,04,2026
2,3004,06,5,1220,18723158,9580824,446277,,0,04,2026
2,3004,07,5,1220,16135180,5950685,119804,,0,04,2026
2,3004,07,6,1220,146515,302070,300,,0,04,2026
2,3004,08,5,1220,4479075,1473352,59883,,0,04,2026
2,3004,09,5,1220,2723140,128184,7713,,0,04,2026
2,3004,10,5,1220,87296,87994,6414,,0,04,2026
2,3004,10,5,1220,19459,13000,40,,1,04,2026
2,3004,10,6,1220,1853577,6294764,169736,,0,04,2026
2,3004,10,6,1220,66342,301358,600,,1,04,2026
2,3004,11,5,1220,2709782,3017402,40346,,0,04,2026
2,3004,11,5,1220,2090,2000,20,,1,04,2026
2,3004,11,6,1220,3055954,5434056,8100,,0,04,2026
2,3004,12,5,1220,647465,267832,10833,,0,04,2026
2,3004,12,6,1220,514744,2319535,2500,,0,04,2026
2,3004,15,5,1220,105630,87612,700,,0,04,2026
2,3004,15,6,1220,3396936,2482529,3100,,0,04,2026
2,3004,15,6,1220,1646189,988182,16908,,1,04,2026
2,3004,16,5,1220,3189642,291275,4216,,0,04,2026
2,3004,17,5,1220,2326487,357757,28587,,0,04,2026
2,3004,17,5,1220,853236,123449,14774,,1,04,2026
2,3004,17,6,1220,85925,181430,1000,,0,04,2026
2,3004,18,5,1220,13276519,1048324,25903,,0,04,2026
2,3004,19,5,1220,31848211,9124830,320254,,0,04,2026
2,3004,20,5,1220,9675131,1752576,191344,,0,04,2026
2,3004,21,5,1220,13121016,1537069,75656,,0,04,2026
2,3004,22,5,1220,3756637,6758135,224057,,0,04,2026
2,3004,23,5,1220,8778829,3065223,57021,,0,04,2026
2,3004,23,6,1220,15514785,58622506,60400,,0,04,2026
2,3004,23,6,1220,12282567,50581758,250500,,1,04,2026
2,3004,25,5,1220,788211,3145861,41627,,0,04,2026
2,3004,25,6,1220,374073,2367443,7500,,0,04,2026
2,3004,25,6,1220,1211652,6975131,14100,,1,04,2026
2,3004,26,6,1220,184544,2371805,12500,,0,04,2026
2,3004,27,5,1220,3146436,12058322,189416,,0,04,2026
2,3004,27,6,1220,6797901,18300342,76700,,0,04,2026
2,3004,27,6,1220,88751152,202506428,4700555,,1,04,2026
2,3004,28,5,1220,17135302,3865605,60765,,0,04,2026
2,3004,28,6,1220,3869574,14490853,56750,,0,04,2026
2,3004,28,6,1220,45288,129592,250,,1,04,2026
2,3004,29,5,1220,378495,1377503,9100,,0,04,2026
2,3004,29,6,1220,2995087,6189763,47870,,0,04,2026
2,3004,29,6,1220,9268317,14670326,1010986,,1,04,2026
2,3004,30,5,1220,188902,10406,5423,,0,04,2026
2,3004,30,5,1220,47077,1,157,,1,04,2026
2,3004,31,5,1220,465894,321073,23864,,0,04,2026
2,3004,31,5,1220,29044,19950,1,,1,04,2026
2,3004,31,6,1220,3924977,12913093,262500,,1,04,2026
2,3004,32,5,1220,519333,217974,68195,,0,04,2026
2,3004,33,5,1220,5562530,330334,57295,,0,04,2026
2,3004,34,5,1220,3841847,1417333,20886,,0,04,2026
2,3004,34,5,1220,37270,12482,7246,,1,04,2026
2,3004,35,5,1220,2512173,244247,6618,,0,04,2026
2,3004,36,5,1220,188385,4032,415,,0,04,2026
2,3004,38,5,1220,12097873,1302270,119112,,0,04,2026
2,3004,38,6,1220,528125,2546868,42000,,0,04,2026
2,3004,38,6,1220,35603,12440,1250,,1,04,2026
2,3004,39,5,1220,32029005,7345754,360865,,0,04,2026
2,3004,39,5,1220,64638,5679,8613,,1,04,2026
2,3004,39,6,1220,8158365,8014458,67114,,0,04,2026
2,3004,39,6,1220,3084344,2876617,8915,,1,04,2026
2,3004,40,5,1220,2240855,3029188,98482,,0,04,2026
2,3004,40,5,1220,7333,21879,2043,,1,04,2026
2,3004,42,5,1220,338684,83035,29323,,0,04,2026
2,3004,43,5,1220,757,16,6,,0,04,2026
2,3004,44,5,1220,68832910,85557964,2512646,,0,04,2026
2,3004,44,5,1220,534225,108820,12836,,1,04,2026
2,3004,44,6,1220,49657847,110101921,9458918,,0,04,2026
2,3004,44,6,1220,6576343,12076999,15696,,1,04,2026
2,3004,45,5,1220,2054,241,41,,0,04,2026
2,3004,47,5,1220,1847121,10771209,98812,,0,04,2026
2,3004,47,6,1220,4675523,8634294,34600,,0,04,2026
2,3004,48,5,1220,22291694,16724054,1141386,,0,04,2026
2,3004,48,5,1220,697098,496681,38130,,1,04,2026
2,3004,48,6,1220,6389211,5736069,14405,,0,04,2026
2,3004,49,5,1220,2432451,513685,46862,,0,04,2026
2,3004,50,5,1220,1863,30,165,,0,04,2026
2,3004,51,5,1220,39463,1045,1087,,0,04,2026
2,3004,52,5,1220,3798,401,76,,0,04,2026
2,3004,54,5,1220,259,4,5,,0,04,2026
2,3004,55,5,1220,28431,1029,650,,0,04,2026
2,3004,56,5,1220,263172,18379,2783,,0,04,2026
2,3004,57,5,1220,11052,1118,219,,0,04,2026
2,3004,58,5,1220,86037,1804,590,,0,04,2026
2,3004,59,5,1220,242920,30893,3397,,0,04,2026
2,3004,60,5,1220,1036,2,12,,0,04,2026
2,3004,61,5,1220,1384722,32130,592612,,0,04,2026
2,3004,62,5,1220,654458,3006,73818,,0,04,2026
2,3004,63,5,1220,3685185,210397,15080,,0,04,2026
2,3004,63,5,1220,19813,729,4640,,1,04,2026
2,3004,64,5,1220,31168,95141,4920,,0,04,2026
2,3004,65,5,1220,176765,2119,3471,,0,04,2026
2,3004,66,5,1220,68638,1271,675,,0,04,2026
2,3004,67,5,1220,2273,12,46,,0,04,2026
2,3004,68,5,1220,2442610,2628027,88643,,0,04,2026
2,3004,68,5,1220,5184,16441,2,,1,04,2026
2,3004,68,6,1220,287612,176782,200,,1,04,2026
2,3004,69,5,1220,28461,77630,101,,0,04,2026
2,3004,70,5,1220,4100976,1468292,71497,,0,04,2026
2,3004,70,5,1220,5156,129,201,,1,04,2026
2,3004,71,5,1220,4103231,18945,11002,,0,04,2026
2,3004,72,5,1220,3652928,10307670,48684,,0,04,2026
2,3004,72,6,1220,385359,380110,1000,,0,04,2026
2,3004,72,6,1220,141561,923423,1126,,1,04,2026
2,3004,73,5,1220,10093663,3143230,76624,,0,04,2026
2,3004,73,5,1220,514749,142385,40356,,1,04,2026
2,3004,73,6,1220,249748,173332,300,,1,04,2026
2,3004,74,5,1220,1014227,243912,4368,,0,04,2026
2,3004,74,6,1220,2277215,177525,29800,,1,04,2026
2,3004,75,5,1220,235765,4369,200,,0,04,2026
2,3004,76,5,1220,13073573,2799945,110080,,0,04,2026
2,3004,76,5,1220,2033,75,476,,1,04,2026
2,3004,76,6,1220,15047035,3183192,136027,,0,04,2026
2,3004,76,6,1220,521554,137462,2800,,1,04,2026
2,3004,78,5,1220,578888,202211,2887,,0,04,2026
2,3004,79,5,1220,389824,68510,1046,,0,04,2026
2,3004,80,5,1220,3000,46,80,,0,04,2026
2,3004,81,5,1220,1355609,4877,4354,,0,04,2026
2,3004,82,5,1220,2133234,50684,22587,,0,04,2026
2,3004,82,5,1220,38957,392,734,,1,04,2026
2,3004,83,5,1220,1487030,172362,31917,,0,04,2026
2,3004,83,5,1220,2170,184,2,,1,04,2026
2,3004,84,5,1220,72613414,2992800,451982,,0,04,2026
2,3004,84,5,1220,603128,13696,5296,,1,04,2026
2,3004,84,6,1220,2950,350,1,,1,04,2026
2,3004,85,5,1220,66637239,2024594,637731,,0,04,2026
2,3004,85,5,1220,544810,8943,9591,,1,04,2026
2,3004,86,5,1220,103056,101885,1679,,0,04,2026
2,3004,86,5,1220,19905,428,720,,1,04,2026
2,3004,87,5,1220,12923885,861350,122741,,0,04,2026
2,3004,87,5,1220,8492,24,71,,1,04,2026
2,3004,87,8,1220,35000,6300,1,,0,04,2026
2,3004,88,5,1220,25732473,196102,94466,,0,04,2026
2,3004,88,5,1220,391092,2358,72585,,1,04,2026
2,3004,89,5,1220,448942,52165,5759,,0,04,2026
2,3004,90,5,1220,30246711,946731,154849,,0,04,2026
2,3004,90,5,1220,313314,269,3611,,1,04,2026
2,3004,91,5,1220,8592,20,4771,,0,04,2026
2,3004,92,5,1220,172134,15634,1257,,0,04,2026
2,3004,92,5,1220,138678,283,1647,,1,04,2026
2,3004,93,5,1220,2692405,196786,919,,0,04,2026
2,3004,94,5,1220,16059046,1043344,192672,,0,04,2026
2,3004,94,5,1220,44500,10598,11974,,1,04,2026
2,3004,95,5,1220,2626839,146419,7434,,0,04,2026
2,3004,95,5,1220,113628,6618,3999,,1,04,2026
2,3004,96,5,1220,121293,24598,1057,,0,04,2026
2,3004,97,5,1220,912470,2780,3837,,0,04,2026
2,3004,98,5,1220,87011301,11224845,598621,,0,04,2026
2,3004,98,5,1220,167950,3415,9158,,1,04,2026
2,3004,98,6,1220,142239,82272,1046,,0,04,2026
2,3004,98,8,1220,85185,181,2500,,0,04,2026
2,3005,25,1,1220,97773,6500000,10000,,0,04,2026
2,3005,27,1,1220,75967268,100284013,2748121,,0,04,2026
2,3005,27,7,1220,200309134,413959863,16220844,,0,04,2026
2,3005,88,3,1220,87170,770,25,,0,04,2026
2,3005,89,8,1220,124000,14979,80,,0,04,2026
2,3005,98,3,1220,4766376,6596,5052,,0,04,2026
2,3005,98,8,1220,2500000,1712,40000,,0,04,2026
2,3006,25,1,1220,2096549,32664900,42700,,0,04,2026
2,3006,44,1,1220,658740,3787445,10000,,0,04,2026
2,3007,06,5,1220,82309,12746,473,,0,04,2026
2,3007,44,5,1220,208156,191617,2900,,0,04,2026
2,3007,68,5,1220,18945,34455,100,,0,04,2026
2,3007,84,5,1220,79208,816,200,,0,04,2026
2,3007,98,5,1220,68000,1647,100,,0,04,2026
2,3008,27,7,1220,39263514,0,5866962,,0,04,2026
2,3009,01,5,1220,1714307,874296,15022,,0,04,2026
2,3009,02,5,1220,140267,17633,200,,0,04,2026
2,3009,04,5,1220,495851,334699,41100,,0,04,2026
2,3009,05,5,1220,149509,224114,1600,,0,04,2026
2,3009,06,5,1220,11113923,4827896,537417,,0,04,2026
2,3009,07,5,1220,16233055,5013075,119588,,0,04,2026
2,3009,08,5,1220,4407408,1510886,37615,,0,04,2026
2,3009,10,5,1220,314802,738768,2600,,0,04,2026
2,3009,11,5,1220,3344087,5064380,30088,,0,04,2026
2,3009,12,5,1220,161632,86410,1400,,0,04,2026
2,3009,18,5,1220,589405,50217,1454,,0,04,2026
2,3009,19,5,1220,1495408,714702,19436,,0,04,2026
2,3009,20,5,1220,192075,64284,3865,,0,04,2026
2,3009,21,5,1220,760575,377897,3346,,0,04,2026
2,3009,22,5,1220,248189,3315170,104262,,0,04,2026
2,3009,23,5,1220,1490112,6076170,33588,,0,04,2026
2,3009,25,5,1220,643967,4001073,19687,,0,04,2026
2,3009,27,5,1220,839593,2694615,60428,,0,04,2026
2,3009,27,7,1220,90836774,132216640,833003,,0,04,2026
2,3009,28,5,1220,137656,257567,1500,,0,04,2026
2,3009,31,5,1220,251520,430856,5975,,0,04,2026
2,3009,32,5,1220,128177,80148,2341,,0,04,2026
2,3009,33,5,1220,116032,46809,2381,,0,04,2026
2,3009,34,5,1220,18712,5150,80,,0,04,2026
2,3009,35,5,1220,26489,19699,100,,0,04,2026
2,3009,38,5,1220,8124,25200,197,,0,04,2026
2,3009,38,5,1220,4392,8000,1,,1,04,2026
2,3009,39,5,1220,3745155,1162278,54723,,0,04,2026
2,3009,40,5,1220,235387,261820,5911,,0,04,2026
2,3009,41,5,1220,1416,19336,750,,0,04,2026
2,3009,42,5,1220,50839,2486,847,,0,04,2026
2,3009,43,5,1220,1140,30,12,,0,04,2026
2,3009,44,5,1220,38450855,56924052,1595156,,0,04,2026
2,3009,44,5,1220,384878,327671,11550,,1,04,2026
2,3009,44,6,1220,809878,1438112,18000,,0,04,2026
2,3009,44,6,1220,60450,21000,50,,1,04,2026
2,3009,47,5,1220,184825,902181,5721,,0,04,2026
2,3009,48,5,1220,1087575,920784,126215,,0,04,2026
2,3009,49,5,1220,92343,14541,100,,0,04,2026
2,3009,62,5,1220,480,7,6,,0,04,2026
2,3009,63,5,1220,262380,7705,514,,0,04,2026
2,3009,65,5,1220,300,18,6,,0,04,2026
2,3009,66,5,1220,520,7,7,,0,04,2026
2,3009,68,5,1220,4826059,11512497,174902,,0,04,2026
2,3009,68,5,1220,7385,24854,6,,1,04,2026
2,3009,69,5,1220,8972,882,24,,0,04,2026
2,3009,70,5,1220,785903,434183,19566,,0,04,2026
2,3009,72,5,1220,1152994,1373084,16099,,0,04,2026
2,3009,73,5,1220,1307081,242439,28597,,0,04,2026
2,3009,76,5,1220,5887948,1144770,105962,,0,04,2026
2,3009,82,5,1220,194588,23952,1562,,0,04,2026
2,3009,83,5,1220,569203,106777,12261,,0,04,2026
2,3009,84,5,1220,11981731,910094,106964,,0,04,2026
2,3009,85,5,1220,5491846,412662,133545,,0,04,2026
2,3009,86,5,1220,46934,15698,302,,0,04,2026
2,3009,87,5,1220,5263761,1407538,60136,,0,04,2026
2,3009,88,5,1220,490347,1569,1401,,0,04,2026
2,3009,88,5,1220,35846,254,6543,,1,04,2026
2,3009,89,5,1220,311713,29187,470,,0,04,2026
2,3009,90,5,1220,227263,44612,1803,,0,04,2026
2,3009,93,5,1220,1083638,79949,196,,0,04,2026
2,3009,94,5,1220,2809624,301057,121297,,0,04,2026
2,3009,95,5,1220,61113,2944,183,,0,04,2026
2,3009,98,5,1220,9797054,1111065,35034,,0,04,2026
2,3009,98,5,1220,747171,21596,600,,1,04,2026
2,3009,98,8,1220,268380,28765,35099,,0,04,2026
2,3010,27,1,1220,12321751,22274344,239959,,0,04,2026
2,3010,27,7,1220,200585339,380188485,945348,,0,04,2026
2,3010,89,8,1220,545000,46147,100,,0,04,2026
2,3010,94,1,1220,10811,40822,50,,0,04,2026
2,3012,44,5,1220,11178,26779,200,,0,04,2026
2,3014,89,8,1220,279960,17237,200,,0,04,2026
2,3015,26,6,1220,48158,1723301,1800,,0,04,2026
2,3015,28,6,1220,138600,2949969,33,,0,04,2026
2,3015,31,6,1220,1555942,5849803,66,,0,04,2026
2,3015,39,5,1220,1495,28,30,,0,04,2026
2,3015,44,6,1220,3334844,9085516,18501,,0,04,2026
2,3015,44,6,1220,65344,94853,50,,1,04,2026
2,3015,78,6,1220,12888391,5552836,68000,,0,04,2026
2,3015,79,6,1220,45021015,12183224,29400,,0,04,2026
2,3015,84,5,1220,413024,33213,1300,,0,04,2026
2,3016,26,6,1220,64022,2785305,4050,,1,04,2026
2,3016,44,5,1220,445410,1172507,8800,,0,04,2026
2,3016,44,6,1220,1152609,2807300,6002,,0,04,2026
2,3016,68,5,1220,439122,316810,12715,,0,04,2026
2,3017,22,7,1220,53538,403740,50,,0,04,2026
2,3017,39,5,1220,380,163,8,,0,04,2026
2,3017,85,5,1220,2403,11,3,,0,04,2026
2,3017,89,8,1220,764571,55786,298,,0,04,2026
2,3017,94,5,1220,34340,1901,838,,0,04,2026
2,3019,01,5,1220,798357,84513,302,,0,04,2026
2,3019,06,5,1220,2229566,803584,16102,,0,04,2026
2,3019,07,5,1220,41433,11376,493,,0,04,2026
2,3019,10,5,1220,11000,13608,200,,0,04,2026
2,3019,11,5,1220,180325,270729,2798,,0,04,2026
2,3019,12,5,1220,123980,57153,600,,0,04,2026
2,3019,19,5,1220,130231,48371,7000,,0,04,2026
2,3019,20,5,1220,214130,12581,2002,,0,04,2026
2,3019,21,5,1220,42397,23293,250,,0,04,2026
2,3019,22,5,1220,30312,19008,1200,,0,04,2026
2,3019,23,5,1220,1656427,1729631,11799,,0,04,2026
2,3019,25,5,1220,46252,30854,5087,,0,04,2026
2,3019,27,5,1220,11650,41509,2900,,0,04,2026
2,3019,29,5,1220,20985,1237,55,,0,04,2026
2,3019,33,5,1220,22645,19705,4036,,0,04,2026
2,3019,38,5,1220,9199,2119,32,,0,04,2026
2,3019,39,5,1220,1881683,229856,38656,,0,04,2026
2,3019,40,5,1220,3144,1371,12,,0,04,2026
2,3019,41,5,1220,1136,76,2,,0,04,2026
2,3019,42,5,1220,27975,508,38,,0,04,2026
2,3019,44,5,1220,8334389,10078969,95948,,0,04,2026
2,3019,47,5,1220,41238,271018,2640,,0,04,2026
2,3019,48,5,1220,16776,1260,325,,0,04,2026
2,3019,59,5,1220,41812,13462,1250,,0,04,2026
2,3019,68,5,1220,361851,392803,9055,,0,04,2026
2,3019,70,5,1220,31747,25585,400,,0,04,2026
2,3019,72,5,1220,11213,46793,50,,0,04,2026
2,3019,73,5,1220,525726,132349,3362,,0,04,2026
2,3019,76,5,1220,1591050,294021,4173,,0,04,2026
2,3019,84,5,1220,2244899,202055,4109,,0,04,2026
2,3019,85,5,1220,466817,15163,1260,,0,04,2026
2,3019,86,5,1220,2816,109,204,,1,04,2026
2,3019,87,5,1220,2599320,167778,4477,,0,04,2026
2,3019,88,5,1220,31568,1990,400,,0,04,2026
2,3019,89,5,1220,289876,24544,703,,0,04,2026
2,3019,94,5,1220,184356,30119,3030,,0,04,2026
2,3019,95,5,1220,741736,28777,1324,,0,04,2026
2,3019,98,5,1220,7971104,832761,38588,,0,04,2026
2,3020,28,5,1220,6779379,2486606,17423,,0,04,2026
2,3020,28,6,1220,4358,89393,1,,0,04,2026
2,3020,31,5,1220,2342581,8686710,274,,0,04,2026
2,3020,38,5,1220,2129,12000,43,,0,04,2026
2,3020,39,5,1220,11504,18680,200,,0,04,2026
2,3020,44,5,1220,355413,631173,4502,,0,04,2026
2,3020,78,5,1220,1403910,557352,7250,,0,04,2026
2,3020,79,5,1220,513676,137297,1400,,0,04,2026
2,3022,24,9,1220,662550,60411,5928,,0,04,2026
2,3022,27,8,1220,27638938,0,4,,0,04,2026
2,3022,39,3,1220,259,1,26,,0,04,2026
2,3022,71,3,1220,3143,0,150,,0,04,2026
2,3022,82,3,1220,10162,83,500,,0,04,2026
2,3022,84,3,1220,79961,181,1000,,0,04,2026
2,3022,85,3,1220,23965,148,2216,,0,04,2026
2,3022,88,3,1220,21100000,42000,110000,,0,04,2026
2,3022,90,3,1220,14769,27,140,,0,04,2026
2,3022,98,3,1220,1450259,5980,2600,,0,04,2026
2,3023,06,5,1220,312363,128498,2759,,0,04,2026
2,3023,08,5,1220,18098,20022,250,,0,04,2026
2,3023,22,5,1220,3092,7845,3,,0,04,2026
2,3023,44,5,1220,32424,33761,838,,0,04,2026
2,3023,63,5,1220,2811,77,5,,0,04,2026
2,3023,83,5,1220,29998,6078,400,,0,04,2026
2,3023,84,5,1220,99000,7253,100,,0,04,2026
2,3023,93,5,1220,113687,1201,221,,0,04,2026
2,3023,94,5,1220,1000,73,105,,0,04,2026
2,3023,97,5,1220,9000,16,12,,0,04,2026
2,3023,98,5,1220,137356,105176,689,,0,04,2026
2,3025,44,5,1220,70003,54446,100,,0,04,2026
2,3029,09,5,1220,3189,100,850,,0,04,2026
2,3029,21,5,1220,22475,251,469,,0,04,2026
2,3029,24,5,1220,57893,785,300,,0,04,2026
2,3029,25,5,1220,15217,55052,699,,0,04,2026
2,3029,33,3,1220,10952,85,70,,0,04,2026
2,3029,33,5,1220,137919,3431,5911,,0,04,2026
2,3029,34,5,1220,11420,588,888,,0,04,2026
2,3029,35,5,1220,50323,274,490,,0,04,2026
2,3029,38,3,1220,44366,12,600,,0,04,2026
2,3029,38,5,1220,503521,721,2652,,0,04,2026
2,3029,39,3,1220,13235,553,634,,0,04,2026
2,3029,39,5,1220,364810,13869,26000,,0,04,2026
2,3029,40,3,1220,5136,11,19,,0,04,2026
2,3029,40,5,1220,48760,326,1761,,0,04,2026
2,3029,42,3,1220,4412,7,15,,0,04,2026
2,3029,42,5,1220,28911,1622,1453,,0,04,2026
2,3029,43,5,1220,4717,280,156,,0,04,2026
2,3029,44,5,1220,2450,596,17,,0,04,2026
2,3029,48,5,1220,72134,1905,5847,,0,04,2026
2,3029,49,5,1220,258765,11918,18543,,0,04,2026
2,3029,50,5,1220,2612,52,63,,0,04,2026
2,3029,51,5,1220,1600,2,85,,0,04,2026
2,3029,52,5,1220,7146,282,462,,0,04,2026
2,3029,53,5,1220,832,17,39,,0,04,2026
2,3029,56,5,1220,401,13,107,,0,04,2026
2,3029,57,5,1220,650,24,50,,0,04,2026
2,3029,58,5,1220,882,26,24,,0,04,2026
2,3029,59,5,1220,6851,100,574,,0,04,2026
2,3029,61,5,1220,16243,137,556,,0,04,2026
2,3029,62,5,1220,36677,254,1114,,0,04,2026
2,3029,63,3,1220,13864,41,180,,0,04,2026
2,3029,63,5,1220,77253,1581,5156,,0,04,2026
2,3029,64,5,1220,10227,542,567,,0,04,2026
2,3029,65,5,1220,4808,139,407,,0,04,2026
2,3029,66,5,1220,2128,464,246,,0,04,2026
2,3029,67,5,1220,1314,358,48,,0,04,2026
2,3029,68,5,1220,14833,7875,774,,0,04,2026
2,3029,70,5,1220,17088,1100,1509,,0,04,2026
2,3029,71,5,1220,7812,0,52,,0,04,2026
2,3029,73,5,1220,49517,133,645,,0,04,2026
2,3029,74,5,1220,6186,3,2,,0,04,2026
2,3029,75,5,1220,7059,16,25,,0,04,2026
2,3029,76,3,1220,36599,22,405,,0,04,2026
2,3029,76,5,1220,48271,285,1000,,0,04,2026
2,3029,82,3,1220,7462,25,3315,,0,04,2026
2,3029,82,5,1220,468245,90126,16038,,0,04,2026
2,3029,83,3,1220,155003,3522,598,,0,04,2026
2,3029,83,5,1220,26592,443,1141,,0,04,2026
2,3029,84,3,1220,402008,628,5300,,0,04,2026
2,3029,84,5,1220,1533207,87535,38483,,0,04,2026
2,3029,85,3,1220,4121732,9573,19140,,0,04,2026
2,3029,85,5,1220,3859049,97523,35197,,0,04,2026
2,3029,86,5,1220,3780,2,200,,0,04,2026
2,3029,87,5,1220,185586,44539,9553,,0,04,2026
2,3029,88,3,1220,1095338,2998,27382,,0,04,2026
2,3029,88,5,1220,86580,405,683,,0,04,2026
2,3029,90,3,1220,2302080,14552,14551,,0,04,2026
2,3029,90,5,1220,3208270,48782,18952,,0,04,2026
2,3029,92,5,1220,39813,7093,527,,0,04,2026
2,3029,94,3,1220,6466,26,114,,0,04,2026
2,3029,94,5,1220,720841,25599,26025,,0,04,2026
2,3029,95,5,1220,279333,28245,5370,,0,04,2026
2,3029,96,5,1220,11282,1620,361,,0,04,2026
2,3029,97,5,1220,104157,7584,2087,,0,04,2026
2,3029,98,3,1220,956321,174,2644,,0,04,2026
2,3029,98,5,1220,702988,4531,11017,,0,04,2026
2,30XX,07,5,2010,109395,37754,523,,0,04,2026
2,30XX,08,1,2010,33794,24762,3200,,1,04,2026
2,30XX,08,5,2010,103500,37093,140,,0,04,2026
2,30XX,09,1,2010,1427088,154156,18915,,1,04,2026
2,30XX,09,5,2010,1003464,94275,1212,,0,04,2026
2,30XX,17,5,2010,3820,420,50,,0,04,2026
2,30XX,22,1,2010,501722,90018,14799,,1,04,2026
2,30XX,22,5,2010,5526,691,2,,0,04,2026
2,30XX,25,1,2010,680415,31300000,921238,,0,04,2026
2,30XX,39,1,2010,2049,4,2,,1,04,2026
2,30XX,39,3,2010,1116,90,383,,0,04,2026
2,30XX,39,5,2010,46325,4334,361,,0,04,2026
2,30XX,40,5,2010,8155,1143,48,,0,04,2026
2,30XX,42,5,2010,1523,56,109,,0,04,2026
2,30XX,44,1,2010,78044,18900,7804,,1,04,2026
2,30XX,44,3,2010,27019,625,3428,,0,04,2026
2,30XX,54,5,2010,890,11,15,,0,04,2026
2,30XX,61,5,2010,45096,1484,4800,,0,04,2026
2,30XX,62,3,2010,35963,631,145,,0,04,2026
2,30XX,63,5,2010,795,11,42,,0,04,2026
2,30XX,64,5,2010,1555,132,29,,0,04,2026
2,30XX,65,5,2010,1147,30,76,,0,04,2026
2,30XX,73,1,2010,194839,9022,940,,1,04,2026
2,30XX,73,5,2010,23949,1487,1053,,0,04,2026
2,30XX,83,1,2010,2417,2,1,,1,04,2026
2,30XX,83,3,2010,7185,363,2180,,0,04,2026
2,30XX,83,5,2010,247159,6400,1169,,0,04,2026
2,30XX,84,1,2010,10362,191,310,,1,04,2026
2,30XX,84,3,2010,92738,732,1859,,0,04,2026
2,30XX,84,5,2010,401829,13082,3820,,0,04,2026
2,30XX,84,5,2010,101957,7850,3,,1,04,2026
2,30XX,85,1,2010,219898,7688,3225,,1,04,2026
2,30XX,85,3,2010,1501456,1356,2565,,0,04,2026
2,30XX,85,5,2010,1546395,16225,46198,,0,04,2026
2,30XX,85,5,2010,7262,15,119,,1,04,2026
2,30XX,87,5,2010,46320,9147,2428,,0,04,2026
2,30XX,88,3,2010,17280,23,10,,0,04,2026
2,30XX,90,3,2010,9673,50,10,,0,04,2026
2,30XX,90,5,2010,279571,11187,4949,,0,04,2026
2,30XX,94,3,2010,2822,858,9,,0,04,2026
2,30XX,94,5,2010,11674,872,657,,0,04,2026
2,30XX,94,9,2010,36205,6784,470,,0,04,2026
2,30XX,98,1,2010,304311,98042,2056,,0,04,2026
2,30XX,98,3,2010,34816,33,818,,0,04,2026
2,30XX,98,5,2010,155166,15603,1163,,0,04,2026
2,3101,27,1,1220,1724769,1265771,10000,,0,04,2026
2,3102,27,1,1220,11614365,9097592,20000,,0,04,2026
2,3103,26,5,1220,819998,279451,24716,,0,04,2026
2,3103,27,1,1220,114493,98181,10000,,0,04,2026
2,3103,27,5,1220,622878,1273479,50200,,0,04,2026
2,3103,71,5,1220,412427,4,100,,0,04,2026
2,3103,84,5,1220,28829,9958,500,,0,04,2026
2,3103,85,5,1220,30766,265,265,,0,04,2026
2,3103,87,5,1220,18000,1804,500,,0,04,2026
2,3104,01,5,1220,75239,17770,2300,,0,04,2026
2,3104,06,5,1220,265838,81117,549,,0,04,2026
2,3104,10,5,1220,18750,66668,2550,,0,04,2026
2,3104,27,5,1220,905851,1841668,150457,,0,04,2026
2,3104,28,5,1220,6696,22120,500,,0,04,2026
2,3104,29,5,1220,152886,50400,8658,,0,04,2026
2,3104,31,5,1220,272177,325366,41821,,0,04,2026
2,3104,34,5,1220,19100,7110,144,,0,04,2026
2,3104,36,5,1220,230899,8304,565,,0,04,2026
2,3104,38,5,1220,101124,33327,15200,,0,04,2026
2,3104,39,5,1220,185650,46101,974,,0,04,2026
2,3104,39,5,1220,15036,302,16,,1,04,2026
2,3104,40,5,1220,6500,370,106,,0,04,2026
2,3104,40,5,1220,153714,4153,170,,1,04,2026
2,3104,44,5,1220,145103,129186,5273,,0,04,2026
2,3104,44,5,1220,40107,8085,569,,1,04,2026
2,3104,59,5,1220,6614,226,9,,0,04,2026
2,3104,59,5,1220,15581,512,863,,1,04,2026
2,3104,63,5,1220,3447,88,80,,0,04,2026
2,3104,63,5,1220,5680,95,5,,1,04,2026
2,3104,65,5,1220,298,3,15,,0,04,2026
2,3104,68,5,1220,8625,7711,173,,1,04,2026
2,3104,72,5,1220,5199,239,67,,1,04,2026
2,3104,73,5,1220,552298,197519,8199,,0,04,2026
2,3104,73,5,1220,750523,238070,3369,,1,04,2026
2,3104,76,5,1220,25504,165,155,,1,04,2026
2,3104,82,5,1220,42500,430,1046,,0,04,2026
2,3104,84,5,1220,4428230,206718,47444,,0,04,2026
2,3104,84,5,1220,910921,22788,12660,,1,04,2026
2,3104,85,5,1220,343021,20403,8513,,0,04,2026
2,3104,85,5,1220,182365,1484,347,,1,04,2026
2,3104,87,5,1220,953043,62766,14219,,0,04,2026
2,3104,89,5,1220,26634,411,200,,0,04,2026
2,3104,90,5,1220,132351,4378,1357,,0,04,2026
2,3104,90,5,1220,134005,4388,214,,1,04,2026
2,3104,94,5,1220,227063,36604,21063,,0,04,2026
2,3104,98,5,1220,1593584,78774,22871,,0,04,2026
2,3104,98,5,1220,1231739,15900,1439,,1,04,2026
2,3106,27,5,1220,14484,24416,200,,0,04,2026
2,3106,36,5,1220,174926,79930,3137,,0,04,2026
2,3106,39,5,1220,664,10,3,,0,04,2026
2,3106,73,5,1220,2724,200,317,,0,04,2026
2,3106,98,5,1220,27876,7899,109,,0,04,2026
2,3126,27,1,1220,28066461,63922703,697708,,0,04,2026
2,3126,39,3,1220,28676,2338,701,,0,04,2026
2,3126,40,3,1220,498,1,0,,0,04,2026
2,3126,61,3,1220,674,2,0,,0,04,2026
2,3126,63,3,1220,264,1,0,,0,04,2026
2,3126,68,1,1220,1500000,1676000,10000,,0,04,2026
2,3126,73,3,1220,3099,1,450,,0,04,2026
2,3126,83,3,1220,5238,6,176,,0,04,2026
2,3126,84,3,1220,2219946,2564,23001,,0,04,2026
2,3126,85,3,1220,169302,91,4071,,0,04,2026
2,3126,87,3,1220,122179,24878,1088,,0,04,2026
2,3126,87,5,1220,43870,15876,7501,,0,04,2026
2,3126,88,3,1220,285202,242,5028,,0,04,2026
2,3126,90,3,1220,147409,1302,2066,,0,04,2026
2,3126,94,3,1220,1583,22,0,,0,04,2026
2,3126,95,3,1220,3000,34,550,,0,04,2026
2,3126,98,3,1220,103137,3801,14085,,0,04,2026
2,31XX,25,1,2010,1872400,62000000,15000,,0,04,2026
2,31XX,36,5,2010,13818,527,15,,0,04,2026
2,31XX,40,3,2010,1863,2,43,,0,04,2026
2,31XX,84,3,2010,307492,3083,6178,,0,04,2026
2,31XX,84,5,2010,11649,691,7,,0,04,2026
2,31XX,85,3,2010,763989,2490,12362,,0,04,2026
2,31XX,85,5,2010,8684,200,7,,1,04,2026
2,31XX,90,3,2010,118532,306,2989,,0,04,2026
2,31XX,94,3,2010,1398,28,0,,0,04,2026
2,31XX,94,5,2010,117013,7189,477,,1,04,2026
2,31XX,98,3,2010,3049,1,75,,0,04,2026
2,32XX,03,3,1220,13933,1581,1700,,0,04,2026
2,32XX,06,3,1220,2220,543,1083,,0,04,2026
2,32XX,15,1,1220,14175773,10010927,154240,,0,04,2026
2,32XX,27,1,1220,5759606,6618944,6,,1,04,2026
2,32XX,39,1,1220,7912,2250,1500,,1,04,2026
2,32XX,40,3,1220,17376,162,750,,0,04,2026
2,32XX,44,5,1220,219328,2404,3000,,0,04,2026
2,32XX,84,1,1220,11150,331,1155,,1,04,2026
2,32XX,84,3,1220,45447,293,1666,,0,04,2026
2,32XX,84,3,2010,273928,811,3654,,0,04,2026
2,32XX,85,3,1220,12045,144,182,,0,04,2026
2,32XX,85,3,2010,85925,442,2770,,0,04,2026
2,32XX,87,1,2010,13153525,790414,18954,,0,04,2026
2,32XX,88,3,1220,3892,107,300,,0,04,2026
2,32XX,88,3,2010,8394,5,98,,0,04,2026
2,32XX,90,1,1220,39621,2112,2500,,1,04,2026
2,32XX,90,3,1220,27493,62,757,,0,04,2026
2,32XX,90,3,2010,432092,4234,6469,,0,04,2026
2,32XX,94,1,1220,15750,840,1500,,0,04,2026
2,32XX,94,3,1220,6750,214,500,,0,04,2026
2,32XX,97,3,2010,13520,580,1500,,0,04,2026
2,32XX,98,3,1220,68689,26,261,,0,04,2026
2,3301,01,5,1220,2551421,248099,7200,,0,04,2026
2,3301,05,5,1220,220935,13824,1100,,0,04,2026
2,3301,07,5,1220,1132410,2736305,10065,,0,04,2026
2,3301,10,5,1220,277106,596453,2770,,0,04,2026
2,3301,11,5,1220,1150034,1098843,8550,,0,04,2026
2,3301,11,5,1220,29189,30000,100,,1,04,2026
2,3301,12,5,1220,676284,533315,14240,,0,04,2026
2,3301,12,5,1220,143700,60000,200,,1,04,2026
2,3301,20,5,1220,23846,4238,300,,0,04,2026
2,3301,23,5,1220,244451,86788,400,,0,04,2026
2,3301,25,5,1220,51970,155544,2700,,0,04,2026
2,3301,27,5,1220,4438924,7432157,97874,,0,04,2026
2,3301,27,7,1220,20251341,33294149,200,,0,04,2026
2,3301,28,5,1220,4654954,22703029,15550,,0,04,2026
2,3301,29,5,1220,186537,48996,5552,,0,04,2026
2,3301,31,5,1220,6160811,12417745,81910,,0,04,2026
2,3301,38,5,1220,1450500,876569,8301,,0,04,2026
2,3301,39,5,1220,756258,313399,6968,,0,04,2026
2,3301,40,5,1220,40041,20532,4114,,0,04,2026
2,3301,40,5,1220,35292,19095,4000,,1,04,2026
2,3301,44,5,1220,841701,2049395,76704,,0,04,2026
2,3301,70,5,1220,18512,14778,200,,0,04,2026
2,3301,71,5,1220,4303432,27603,400,,0,04,2026
2,3301,73,5,1220,506615,208744,2463,,0,04,2026
2,3301,84,5,1220,3272849,543939,38420,,0,04,2026
2,3301,85,5,1220,85797,6234,900,,0,04,2026
2,3301,87,5,1220,317673,11566,400,,0,04,2026
2,3301,94,5,1220,26202,2977,201,,0,04,2026
2,3301,97,5,1220,12100,41,1000,,0,04,2026
2,3301,98,5,1220,8067389,942345,13473,,0,04,2026
2,3301,98,5,1220,3334942,4879,300,,1,04,2026
2,3302,01,5,1220,49452860,8943898,32850,,0,04,2026
2,3302,02,5,1220,45636,18483,75,,0,04,2026
2,3302,06,5,1220,1044196,353141,3021,,0,04,2026
2,3302,07,5,1220,3259028,6377040,42169,,0,04,2026
2,3302,10,5,1220,183712,414754,1717,,0,04,2026
2,3302,10,6,1220,170733,578016,1100,,0,04,2026
2,3302,11,5,1220,3330136,3721859,33551,,0,04,2026
2,3302,11,6,1220,575525,1100860,8486,,0,04,2026
2,3302,12,5,1220,1536649,850545,21137,,0,04,2026
2,3302,15,5,1220,1092709,557011,3489,,0,04,2026
2,3302,15,6,1220,17893711,12432357,18700,,0,04,2026
2,3302,15,6,1220,7609516,4624147,26000,,1,04,2026
2,3302,17,5,1220,300067,343131,3914,,0,04,2026
2,3302,18,5,1220,121413,19370,414,,0,04,2026
2,3302,19,5,1220,529407,136012,8828,,0,04,2026
2,3302,20,5,1220,4112486,1914564,56235,,0,04,2026
2,3302,21,5,1220,514327,515113,13515,,0,04,2026
2,3302,22,5,1220,34920,33073,750,,0,04,2026
2,3302,23,5,1220,163720,126249,711,,0,04,2026
2,3302,23,6,1220,3223621,21011034,23500,,0,04,2026
2,3302,23,6,1220,16418412,67122339,337000,,1,04,2026
2,3302,25,5,1220,191767,368525,1500,,0,04,2026
2,3302,25,6,1220,4921309,12990047,131651,,0,04,2026
2,3302,25,6,1220,10120184,31572887,32900,,1,04,2026
2,3302,27,5,1220,1113428,2978828,60866,,0,04,2026
2,3302,27,6,1220,12151555,23020546,206900,,0,04,2026
2,3302,27,6,1220,23381992,30538908,1062604,,1,04,2026
2,3302,27,7,1220,84813887,0,12673339,,0,04,2026
2,3302,28,5,1220,709021,961322,11876,,0,04,2026
2,3302,28,6,1220,1274269,7766207,46506,,0,04,2026
2,3302,28,6,1220,9240920,41387789,939100,,1,04,2026
2,3302,29,5,1220,28782,10635,3,,0,04,2026
2,3302,29,6,1220,2096524,3844704,9400,,0,04,2026
2,3302,29,6,1220,25414,90280,8768,,1,04,2026
2,3302,31,5,1220,920309,2722673,5802,,0,04,2026
2,3302,31,6,1220,144998470,576333087,70705,,0,04,2026
2,3302,31,6,1220,2553946,8327324,178550,,1,04,2026
2,3302,32,5,1220,237224,62840,587,,0,04,2026
2,3302,34,5,1220,62809,27178,378,,0,04,2026
2,3302,35,5,1220,295110,53100,4100,,0,04,2026
2,3302,38,5,1220,411702,229383,1200,,0,04,2026
2,3302,39,5,1220,6707335,1868121,61531,,0,04,2026
2,3302,39,6,1220,431379,271050,1200,,0,04,2026
2,3302,39,6,1220,2839773,2642901,4200,,1,04,2026
2,3302,40,5,1220,5711,1193,40,,0,04,2026
2,3302,44,5,1220,8904615,11601946,188764,,0,04,2026
2,3302,44,5,1220,447690,24015,1579,,1,04,2026
2,3302,44,6,1220,10535496,27639697,1964860,,0,04,2026
2,3302,44,6,1220,1360920,2074531,91,,1,04,2026
2,3302,47,5,1220,223818,767796,8664,,0,04,2026
2,3302,47,6,1220,1204325,1787403,9400,,0,04,2026
2,3302,48,5,1220,1534712,885212,48959,,0,04,2026
2,3302,53,5,1220,11676,10410,200,,0,04,2026
2,3302,54,5,1220,5893,1383,54,,0,04,2026
2,3302,59,5,1220,8572,356,48,,0,04,2026
2,3302,63,5,1220,115698,22424,1403,,0,04,2026
2,3302,68,5,1220,1011864,2047177,58999,,0,04,2026
2,3302,70,5,1220,4057350,2886087,74740,,0,04,2026
2,3302,72,5,1220,64644,158545,2523,,0,04,2026
2,3302,72,6,1220,1400914,1896075,4601,,0,04,2026
2,3302,72,6,1220,18580466,24033140,58803,,1,04,2026
2,3302,73,5,1220,478119,327619,9479,,0,04,2026
2,3302,73,5,1220,209086,22851,759,,1,04,2026
2,3302,74,5,1220,195092,14412,571,,0,04,2026
2,3302,75,5,1220,126240,1659,200,,0,04,2026
2,3302,76,5,1220,177505,29436,576,,0,04,2026
2,3302,79,6,1220,327941,83298,200,,0,04,2026
2,3302,83,5,1220,9553,649,183,,0,04,2026
2,3302,84,5,1220,2056364,211518,12612,,0,04,2026
2,3302,84,5,1220,19685,4445,1500,,1,04,2026
2,3302,85,5,1220,567048,39297,3348,,0,04,2026
2,3302,87,5,1220,2897117,397080,3141,,0,04,2026
2,3302,88,5,1220,15000,8,11,,0,04,2026
2,3302,90,5,1220,505567,9129,12220,,0,04,2026
2,3302,94,5,1220,1034998,76581,7836,,0,04,2026
2,3302,95,5,1220,46826,3653,300,,0,04,2026
2,3302,98,5,1220,59828457,6376731,247799,,0,04,2026
2,3303,33,3,1220,54201,218,130,,0,04,2026
2,3303,39,3,1220,2310,2,44,,0,04,2026
2,3303,42,3,1220,83012,65,200,,0,04,2026
2,3303,71,3,1220,72027,6,9042,,0,04,2026
2,3303,75,3,1220,6800,32,680,,0,04,2026
2,3303,84,1,1220,57687,11781,2428,,1,04,2026
2,3303,84,3,1220,1225029,420,2226,,0,04,2026
2,3303,85,3,1220,257880,1563,2486,,0,04,2026
2,3303,88,3,1220,90222,91,19,,0,04,2026
2,3303,90,3,1220,4232222,2581,3100,,0,04,2026
2,3303,90,5,1220,192000,112,160,,0,04,2026
2,3303,94,3,1220,21225,89,1240,,0,04,2026
2,3303,94,5,1220,13118,59,500,,1,04,2026
2,3303,97,3,1220,4595,7,3,,0,04,2026
2,3303,98,3,1220,83231,76,486,,0,04,2026
2,3303,98,5,1220,168445,20062,3203,,0,04,2026
2,3304,23,5,1220,15743,88392,5848,,0,04,2026
2,3304,27,7,1220,154450755,253963764,6119698,,0,04,2026
2,3304,88,3,1220,12323,23,1500,,0,04,2026
2,3304,98,3,1220,3584,25,650,,0,04,2026
2,3306,31,5,1220,191250,289296,2000,,0,04,2026
2,3306,39,5,1220,8870,2753,200,,0,04,2026
2,3306,84,5,1220,5673,220,188,,0,04,2026
2,3307,05,3,1220,50000,88,15,,0,04,2026
2,3307,21,3,1220,43506,70,350,,0,04,2026
2,3307,27,7,1220,422005930,808166378,18838637,,0,04,2026
2,3307,39,1,2010,9028,1574,7870,,1,04,2026
2,3307,39,3,1220,49692,1284,285,,0,04,2026
2,3307,40,3,1220,822,4,31,,0,04,2026
2,3307,40,3,2010,5560,329,508,,0,04,2026
2,3307,59,3,1220,968,1,2,,0,04,2026
2,3307,61,3,2010,2547,66,402,,0,04,2026
2,3307,71,3,1220,181312,195,486,,0,04,2026
2,3307,73,3,1220,103828,40,547,,0,04,2026
2,3307,84,3,1220,58449,89,621,,0,04,2026
2,3307,84,3,2010,244800,651,740,,0,04,2026
2,3307,85,3,1220,2992436,2505,17415,,0,04,2026
2,3307,87,3,2010,3555,84,80,,0,04,2026
2,3307,87,8,2010,2144,647,500,,0,04,2026
2,3307,88,3,1220,208320,413,3405,,0,04,2026
2,3307,90,3,1220,3969,21,450,,0,04,2026
2,3307,90,3,2010,54423,543,1943,,0,04,2026
2,3307,94,3,1220,1711,16,144,,0,04,2026
2,3307,94,3,2010,8580,100,800,,0,04,2026
2,3307,97,3,2010,323900,99,150,,0,04,2026
2,3307,98,3,1220,435785,128,1892,,0,04,2026
2,3307,98,3,2010,19255,87,717,,0,04,2026
2,3307,98,8,1220,30000,3129,1500,,0,04,2026
2,3308,12,5,1220,4990,41958,250,,0,04,2026
2,3309,07,5,1220,21374,33700,100,,0,04,2026
2,3309,10,5,1220,40980,126270,400,,0,04,2026
2,3309,31,5,1220,10340,27190,100,,0,04,2026
2,3310,01,5,1220,40949415,9574949,47194,,0,04,2026
2,3310,01,5,1220,51996,648,100,,1,04,2026
2,3310,02,5,1220,191557400,24141564,720353,,0,04,2026
2,3310,04,5,1220,330932,119404,1833,,0,04,2026
2,3310,05,5,1220,2105260,432993,17190,,0,04,2026
2,3310,06,5,1220,833597,443868,4547,,0,04,2026
2,3310,07,5,1220,8556439,9531562,115905,,0,04,2026
2,3310,09,5,1220,77678,30379,536,,0,04,2026
2,3310,10,5,1220,4835439,10604327,41793,,0,04,2026
2,3310,10,6,1220,83253,196986,200,,0,04,2026
2,3310,11,5,1220,4464393,6808962,51921,,0,04,2026
2,3310,11,6,1220,358399,1209186,2000,,0,04,2026
2,3310,12,5,1220,4330969,4065021,39167,,0,04,2026
2,3310,12,6,1220,59002,89827,100,,0,04,2026
2,3310,15,5,1220,4331750,3989361,14800,,0,04,2026
2,3310,15,6,1220,3170780,2185545,2500,,0,04,2026
2,3310,15,6,1220,8260179,5021377,28000,,1,04,2026
2,3310,16,5,1220,1595820,506973,18348,,0,04,2026
2,3310,17,5,1220,304254,361986,5400,,0,04,2026
2,3310,18,5,1220,310388,22580,400,,0,04,2026
2,3310,19,5,1220,7139889,1571428,62434,,0,04,2026
2,3310,20,5,1220,16166354,8781222,324545,,0,04,2026
2,3310,21,5,1220,478119,352623,7659,,0,04,2026
2,3310,22,5,1220,40048,12539,45,,0,04,2026
2,3310,23,5,1220,1437407,1404596,13031,,0,04,2026
2,3310,23,6,1220,11475490,51061910,51400,,0,04,2026
2,3310,23,6,1220,2585540,9954986,50000,,1,04,2026
2,3310,25,5,1220,929250,3420284,14659,,0,04,2026
2,3310,25,6,1220,1827416,9189732,24500,,1,04,2026
2,3310,26,5,1220,5941,33950,100,,0,04,2026
2,3310,27,5,1220,2642700,8449495,194920,,0,04,2026
2,3310,27,6,1220,4654242,8610082,76900,,0,04,2026
2,3310,27,6,1220,6763118,19729997,616399,,1,04,2026
2,3310,27,7,1220,188519168,367812598,5090375,,0,04,2026
2,3310,27,8,1220,739459,0,6,,0,04,2026
2,3310,28,5,1220,3066491,3012735,55043,,0,04,2026
2,3310,28,6,1220,1413333,2778948,75000,,0,04,2026
2,3310,28,6,1220,843833,4069200,83200,,1,04,2026
2,3310,29,5,1220,3663589,1148271,42677,,0,04,2026
2,3310,29,6,1220,3481185,5799168,15100,,0,04,2026
2,3310,29,6,1220,524607,1026844,15120,,1,04,2026
2,3310,30,5,1220,461805,3720,11039,,0,04,2026
2,3310,31,5,1220,10159603,20869560,475310,,0,04,2026
2,3310,31,6,1220,5721888,14958617,69706,,0,04,2026
2,3310,31,6,1220,1440172,3887496,74400,,1,04,2026
2,3310,32,5,1220,335013,62058,12842,,0,04,2026
2,3310,33,5,1220,500174,43475,14734,,0,04,2026
2,3310,34,5,1220,374313,57444,4425,,0,04,2026
2,3310,35,5,1220,47741,4900,855,,0,04,2026
2,3310,36,5,1220,39420,1701,200,,0,04,2026
2,3310,38,5,1220,8224398,3294718,54194,,0,04,2026
2,3310,39,5,1220,18420584,5786968,223494,,0,04,2026
2,3310,39,6,1220,491059,463529,1150,,0,04,2026
2,3310,39,6,1220,1862666,2145450,4500,,1,04,2026
2,3310,40,5,1220,974835,969499,13592,,0,04,2026
2,3310,41,5,1220,288,22,6,,0,04,2026
2,3310,42,5,1220,13150,260,243,,0,04,2026
2,3310,43,5,1220,10382,525,205,,0,04,2026
2,3310,43,5,1220,3732,209,700,,1,04,2026
2,3310,44,5,1220,12876636,20474164,857816,,0,04,2026
2,3310,44,6,1220,3246607,7517191,675657,,0,04,2026
2,3310,44,6,1220,425902,263860,52,,1,04,2026
2,3310,46,5,1220,37700,19731,2,,0,04,2026
2,3310,47,5,1220,1661693,2615642,51698,,0,04,2026
2,3310,48,5,1220,5825074,5886726,578414,,0,04,2026
2,3310,49,5,1220,147807,4591,2516,,0,04,2026
2,3310,51,5,1220,23490,1922,3404,,0,04,2026
2,3310,53,5,1220,6994,86919,600,,0,04,2026
2,3310,54,5,1220,92007,8174,8,,0,04,2026
2,3310,56,5,1220,24031,1026,1170,,0,04,2026
2,3310,58,5,1220,11356,59,228,,0,04,2026
2,3310,59,5,1220,538048,19736,17653,,0,04,2026
2,3310,61,5,1220,7818,361,1715,,0,04,2026
2,3310,62,5,1220,49221,785,1289,,0,04,2026
2,3310,63,5,1220,410960,77335,4697,,0,04,2026
2,3310,64,5,1220,25418,2478,21980,,0,04,2026
2,3310,65,5,1220,674,15,13,,0,04,2026
2,3310,67,5,1220,4555,90,91,,0,04,2026
2,3310,68,5,1220,2635227,5578657,46234,,0,04,2026
2,3310,69,5,1220,41551,5542,521,,0,04,2026
2,3310,70,5,1220,4865072,3152645,95776,,0,04,2026
2,3310,71,5,1220,94024,3371,562,,0,04,2026
2,3310,72,5,1220,50232,31553,1105,,0,04,2026
2,3310,73,5,1220,6380865,1144442,66413,,0,04,2026
2,3310,73,5,1220,17390,295,350,,1,04,2026
2,3310,74,5,1220,124556,11916,263,,0,04,2026
2,3310,75,5,1220,1891131,34764,9072,,0,04,2026
2,3310,76,5,1220,2116368,194667,13879,,0,04,2026
2,3310,76,6,1220,757098,191964,3174,,0,04,2026
2,3310,81,5,1220,1785662,15668,1157,,0,04,2026
2,3310,82,5,1220,1465680,38580,37532,,0,04,2026
2,3310,83,5,1220,434033,48179,11055,,0,04,2026
2,3310,84,3,1220,1802725,826,1500,,0,04,2026
2,3310,84,5,1220,143917435,6316267,569185,,0,04,2026
2,3310,84,5,1220,1019519,70887,12550,,1,04,2026
2,3310,85,5,1220,28457941,942134,171923,,0,04,2026
2,3310,86,5,1220,123080,18980,3700,,0,04,2026
2,3310,87,5,1220,32365061,2358323,75171,,0,04,2026
2,3310,87,5,1220,2300,136,200,,1,04,2026
2,3310,88,5,1220,306104,1193,3834,,0,04,2026
2,3310,90,5,1220,14214622,264887,104034,,0,04,2026
2,3310,92,5,1220,61448,1294,400,,0,04,2026
2,3310,93,5,1220,22213,114,1709,,0,04,2026
2,3310,94,5,1220,15388183,1694827,119008,,0,04,2026
2,3310,95,5,1220,167830,10079,1747,,0,04,2026
2,3310,96,5,1220,448008,64503,1258,,0,04,2026
2,3310,97,5,1220,77478,596,330,,0,04,2026
2,3310,97,5,1220,10000,98,183,,1,04,2026
2,3310,98,5,1220,100168707,9434149,363200,,0,04,2026
2,3310,98,5,1220,3800739,6904,3195,,1,04,2026
2,3316,12,5,1220,27400,152204,500,,0,04,2026
2,3316,27,5,1220,649366,1532360,13600,,0,04,2026
2,3316,27,7,1220,1118529,0,167137,,0,04,2026
2,3317,31,5,1220,15122,28286,100,,0,04,2026
2,3318,12,5,1220,16422,70776,300,,0,04,2026
2,3318,25,5,1220,7560,20200,200,,0,04,2026
2,3318,27,5,1220,1347825,3464986,25100,,0,04,2026
2,3318,28,5,1220,69813,95961,3768,,0,04,2026
2,3318,31,5,1220,218270,422497,12252,,0,04,2026
2,3318,39,5,1220,75027,13254,1697,,0,04,2026
2,3318,44,5,1220,5279194,11443666,151983,,0,04,2026
2,3318,59,5,1220,3391,153,21,,0,04,2026
2,3318,68,5,1220,14193,22508,185,,0,04,2026
2,3318,70,5,1220,22729,2863,56,,0,04,2026
2,3318,73,5,1220,104469,63097,2267,,0,04,2026
2,3318,76,5,1220,95070,2028,276,,0,04,2026
2,3318,84,5,1220,279907,41642,2357,,0,04,2026
2,3318,85,5,1220,36757,18461,252,,0,04,2026
2,3318,87,5,1220,4090,104,100,,0,04,2026
2,3318,90,5,1220,97405,4351,546,,0,04,2026
2,3318,94,5,1220,18800,1913,68,,0,04,2026
2,3318,97,5,1220,6000,57,200,,0,04,2026
2,3318,98,5,1220,22462,33241,469,,0,04,2026
2,3321,27,7,1220,161752,0,24170,,0,04,2026
2,3322,12,5,1220,13890,58537,200,,0,04,2026
2,3322,39,5,1220,402,11,10,,0,04,2026
2,3322,39,8,1220,1418,28,40,,0,04,2026
2,3322,44,5,1220,88081,5881,1949,,0,04,2026
2,3322,70,5,1220,59251,2391,1401,,0,04,2026
2,3322,94,5,1220,602,52,82,,0,04,2026
2,3322,96,8,1220,2017,14,20,,0,04,2026
2,3323,31,5,1220,1103288,2102375,51852,,0,04,2026
2,33XX,22,5,2010,5796,3984,2699,,0,04,2026
2,33XX,24,9,2010,239116,18860,3109,,1,04,2026
2,33XX,39,5,2010,45067,1975,1041,,0,04,2026
2,33XX,40,5,2010,2507,66,205,,0,04,2026
2,33XX,54,3,2010,16737,1132,5000,,0,04,2026
2,33XX,61,5,2010,4324,10,21,,0,04,2026
2,33XX,62,5,2010,7310,123,400,,0,04,2026
2,33XX,64,5,2010,395,59,395,,0,04,2026
2,33XX,68,5,2010,2880,3882,160,,0,04,2026
2,33XX,71,3,2010,71268160,1320,5275,,0,04,2026
2,33XX,73,5,2010,25765,11867,1218,,0,04,2026
2,33XX,84,1,2010,5011,319,325,,1,04,2026
2,33XX,84,5,2010,137565,13050,1252,,0,04,2026
2,33XX,85,3,2010,2147,15,250,,0,04,2026
2,33XX,85,5,2010,222094,4740,2866,,0,04,2026
2,33XX,87,5,2010,1427745,75801,1011,,0,04,2026
2,33XX,90,3,2010,92250,1355,9375,,0,04,2026
2,33XX,90,5,2010,2332,28,11,,0,04,2026
2,33XX,94,5,2010,22246,545,251,,0,04,2026
2,33XX,95,5,2010,16400,269,104,,0,04,2026
2,33XX,98,5,2010,3088,68,199,,0,04,2026
2,3401,01,5,1220,20929453,5142422,37315,,0,04,2026
2,3401,02,5,1220,27973618,6649987,72837,,0,04,2026
2,3401,03,5,1220,1350932,113569,2975,,0,04,2026
2,3401,04,5,1220,5362884,1778387,96854,,0,04,2026
2,3401,05,5,1220,3016480,990577,14827,,0,04,2026
2,3401,06,5,1220,817193,741892,7542,,0,04,2026
2,3401,07,5,1220,12767735,20424712,369818,,0,04,2026
2,3401,07,6,1220,1129734,2242317,3200,,0,04,2026
2,3401,08,5,1220,211498,60406,168,,0,04,2026
2,3401,09,5,1220,116854,60168,750,,0,04,2026
2,3401,10,5,1220,5447036,17743162,141977,,0,04,2026
2,3401,10,6,1220,11620861,51998663,54100,,0,04,2026
2,3401,10,6,1220,2262687,10036427,41600,,1,04,2026
2,3401,11,5,1220,16497036,22966820,160326,,0,04,2026
2,3401,11,6,1220,1892990,4085445,7011,,0,04,2026
2,3401,12,5,1220,19492975,24260572,405470,,0,04,2026
2,3401,12,5,1220,57514,19051,100,,1,04,2026
2,3401,12,6,1220,6994444,12759195,15228,,0,04,2026
2,3401,12,6,1220,52191,98213,500,,1,04,2026
2,3401,13,5,1220,2100,24,124,,0,04,2026
2,3401,14,5,1220,13409,15889,262,,0,04,2026
2,3401,15,5,1220,1385524,1263696,15829,,0,04,2026
2,3401,15,6,1220,86610579,60106883,147300,,0,04,2026
2,3401,15,6,1220,36643053,22341272,122500,,1,04,2026
2,3401,16,5,1220,2423333,377923,8531,,0,04,2026
2,3401,17,5,1220,197112,46477,14227,,0,04,2026
2,3401,18,5,1220,312969,28384,475,,0,04,2026
2,3401,19,5,1220,6029130,1512410,71546,,0,04,2026
2,3401,20,5,1220,30379944,26870863,354467,,0,04,2026
2,3401,20,6,1220,11318901,12075007,24650,,1,04,2026
2,3401,21,5,1220,557081,151502,9000,,0,04,2026
2,3401,22,5,1220,1229138,1860717,10947,,0,04,2026
2,3401,22,6,1220,792555,496829,3000,,1,04,2026
2,3401,23,5,1220,4842453,13383118,76710,,0,04,2026
2,3401,23,6,1220,8891978,67412595,69300,,0,04,2026
2,3401,23,6,1220,1202678,3888581,20950,,1,04,2026
2,3401,25,5,1220,559190,1080551,41319,,0,04,2026
2,3401,25,6,1220,1327025,5319137,35600,,0,04,2026
2,3401,27,5,1220,5186372,11549843,271567,,0,04,2026
2,3401,27,6,1220,7536459,19793590,204601,,0,04,2026
2,3401,27,6,1220,91196150,183796655,11108722,,1,04,2026
2,3401,27,7,1220,27616466,52313371,3000,,0,04,2026
2,3401,27,8,1220,20052099,0,0,,0,04,2026
2,3401,28,5,1220,1803941,1269889,12278,,0,04,2026
2,3401,28,5,1220,29440,7439,1000,,1,04,2026
2,3401,28,6,1220,3790610,8636896,33400,,0,04,2026
2,3401,28,6,1220,298996,1412992,16624,,1,04,2026
2,3401,29,5,1220,1239238,33627,1016,,0,04,2026
2,3401,30,5,1220,1535389,196633,15306,,0,04,2026
2,3401,31,5,1220,1882539,2094274,32154,,0,04,2026
2,3401,31,6,1220,55781700,199710746,898915,,0,04,2026
2,3401,31,6,1220,13087310,43388570,946800,,1,04,2026
2,3401,32,5,1220,234833,31505,3045,,0,04,2026
2,3401,33,5,1220,193920,41643,6575,,0,04,2026
2,3401,34,5,1220,419801,136502,5274,,0,04,2026
2,3401,35,5,1220,4584738,1007942,36755,,0,04,2026
2,3401,37,5,1220,20900,273,129,,0,04,2026
2,3401,38,5,1220,2294876,1060989,21142,,0,04,2026
2,3401,38,5,1220,70285,22126,100,,1,04,2026
2,3401,38,6,1220,152111,95385,3042,,1,04,2026
2,3401,39,5,1220,44120923,10557264,408205,,0,04,2026
2,3401,39,5,1220,7154,1279,1183,,1,04,2026
2,3401,39,6,1220,207766,279600,1200,,0,04,2026
2,3401,39,6,1220,553544,613884,1050,,1,04,2026
2,3401,40,5,1220,6768610,1852136,48937,,0,04,2026
2,3401,40,5,1220,5345,21873,1600,,1,04,2026
2,3401,41,5,1220,2800,53,1,,0,04,2026
2,3401,42,5,1220,29182,1100,1779,,0,04,2026
2,3401,43,5,1220,59721,2673,5850,,0,04,2026
2,3401,44,5,1220,17071380,24550737,1173254,,0,04,2026
2,3401,44,5,1220,240172,763762,43864,,1,04,2026
2,3401,44,6,1220,9899156,23883307,886676,,0,04,2026
2,3401,44,6,1220,4098025,5339456,802,,1,04,2026
2,3401,46,5,1220,205451,215868,30,,0,04,2026
2,3401,47,5,1220,629495,4085729,88705,,0,04,2026
2,3401,47,6,1220,27600,117826,500,,0,04,2026
2,3401,47,6,1220,938658,1792984,12918,,1,04,2026
2,3401,48,5,1220,15566831,10085039,694316,,0,04,2026
2,3401,49,5,1220,8369983,925905,14886,,0,04,2026
2,3401,52,5,1220,43589,2762,400,,0,04,2026
2,3401,53,5,1220,16398,9072,200,,0,04,2026
2,3401,54,5,1220,107932,3889,3453,,0,04,2026
2,3401,56,5,1220,76005,16298,2485,,0,04,2026
2,3401,57,5,1220,505,15,10,,0,04,2026
2,3401,58,5,1220,1456711,97876,10893,,0,04,2026
2,3401,59,5,1220,28455,2859,1102,,0,04,2026
2,3401,60,5,1220,1636,1,33,,0,04,2026
2,3401,61,5,1220,69762,22835,3542,,0,04,2026
2,3401,62,5,1220,440371,1271,1954,,0,04,2026
2,3401,63,5,1220,950201,61551,13642,,0,04,2026
2,3401,64,5,1220,2908,170,136,,0,04,2026
2,3401,65,5,1220,14549,162,254,,0,04,2026
2,3401,66,5,1220,289059,27902,7843,,0,04,2026
2,3401,67,5,1220,7054,1225,281,,0,04,2026
2,3401,68,5,1220,349631,462769,9669,,0,04,2026
2,3401,69,5,1220,219099,3628,250,,0,04,2026
2,3401,70,5,1220,964861,276728,14674,,0,04,2026
2,3401,71,5,1220,7870925,4734,4645,,0,04,2026
2,3401,72,5,1220,5749719,5108297,55452,,0,04,2026
2,3401,72,6,1220,6855345,8487927,19322,,0,04,2026
2,3401,72,6,1220,1477109,3709884,8851,,1,04,2026
2,3401,73,5,1220,7065260,1880289,91958,,0,04,2026
2,3401,74,5,1220,742660,72113,2119,,0,04,2026
2,3401,75,5,1220,113970,4902,2511,,0,04,2026
2,3401,76,5,1220,3798407,1095081,73622,,0,04,2026
2,3401,76,5,1220,6144,721,987,,1,04,2026
2,3401,76,6,1220,3874851,1085421,102934,,0,04,2026
2,3401,79,5,1220,14190,1341,3,,0,04,2026
2,3401,80,5,1220,2211,126,40,,0,04,2026
2,3401,81,5,1220,2495298,38336,1398,,0,04,2026
2,3401,82,5,1220,456947,22220,18295,,0,04,2026
2,3401,83,5,1220,1367295,90196,13048,,0,04,2026
2,3401,84,5,1220,106751133,9519349,688730,,0,04,2026
2,3401,84,5,1220,312800,4081,4114,,1,04,2026
2,3401,84,6,1220,423553,14818,383,,1,04,2026
2,3401,85,5,1220,32155703,2357041,435582,,0,04,2026
2,3401,85,5,1220,268122,17262,13186,,1,04,2026
2,3401,85,6,1220,6427,227,12,,1,04,2026
2,3401,86,5,1220,1204279,315252,27151,,0,04,2026
2,3401,86,6,1220,48042,56880,200,,0,04,2026
2,3401,86,6,1220,3427895,1644088,147000,,1,04,2026
2,3401,87,5,1220,84470719,5901679,213204,,0,04,2026
2,3401,87,5,1220,35591,1027,669,,1,04,2026
2,3401,87,6,1220,473917,15180,345,,1,04,2026
2,3401,88,5,1220,11263733,41923,10224,,0,04,2026
2,3401,89,5,1220,81424,1682,185,,0,04,2026
2,3401,90,5,1220,9702321,286023,33862,,0,04,2026
2,3401,91,5,1220,13874,0,15,,0,04,2026
2,3401,92,5,1220,142212,3125,465,,0,04,2026
2,3401,93,5,1220,6150,12,3,,0,04,2026
2,3401,94,5,1220,17146608,1874314,306300,,0,04,2026
2,3401,94,5,1220,10000,5270,4167,,1,04,2026
2,3401,95,5,1220,689184,119296,4510,,0,04,2026
2,3401,96,5,1220,305868,30838,2601,,0,04,2026
2,3401,97,5,1220,62414,2101,2579,,0,04,2026
2,3401,98,5,1220,119580457,6666691,291755,,0,04,2026
2,3401,98,5,1220,740240,45939,18121,,1,04,2026
2,3401,98,8,1220,7500,4536,750,,0,04,2026
2,3403,01,5,1220,14820712,2148041,25250,,0,04,2026
2,3403,04,5,1220,2011126,518776,20551,,0,04,2026
2,3403,05,5,1220,869208,330731,13450,,0,04,2026
2,3403,05,6,1220,502254,451713,1800,,1,04,2026
2,3403,06,5,1220,525557,318785,10509,,0,04,2026
2,3403,07,5,1220,5333526,10107550,103463,,0,04,2026
2,3403,07,5,1220,84700,116000,1267,,1,04,2026
2,3403,07,6,1220,166331,226115,1400,,0,04,2026
2,3403,09,5,1220,192730,15769,3499,,0,04,2026
2,3403,10,5,1220,2335113,5583450,25930,,0,04,2026
2,3403,10,6,1220,16641155,55741279,55700,,0,04,2026
2,3403,11,5,1220,2697132,3141503,25701,,0,04,2026
2,3403,11,6,1220,811423,1188667,4149,,0,04,2026
2,3403,11,6,1220,137292,228136,12000,,1,04,2026
2,3403,12,5,1220,3785736,4723613,73871,,0,04,2026
2,3403,12,6,1220,10555576,20403067,45500,,0,04,2026
2,3403,12,6,1220,61156,64847,1000,,1,04,2026
2,3403,15,5,1220,1154469,281697,2797,,0,04,2026
2,3403,15,6,1220,1030572,744837,800,,0,04,2026
2,3403,15,6,1220,12252973,14942197,84650,,1,04,2026
2,3403,17,5,1220,194243,266051,4950,,0,04,2026
2,3403,17,6,1220,150642,278751,800,,0,04,2026
2,3403,17,6,1220,257358,361000,8650,,1,04,2026
2,3403,18,5,1220,222804,10750,1500,,0,04,2026
2,3403,19,5,1220,1780003,658570,27465,,0,04,2026
2,3403,19,6,1220,26384,2740,2,,0,04,2026
2,3403,19,6,1220,34734,8706,4,,1,04,2026
2,3403,20,5,1220,2523360,1963779,136484,,0,04,2026
2,3403,20,6,1220,7694751,5075262,177500,,0,04,2026
2,3403,20,6,1220,1967130,1381991,4800,,1,04,2026
2,3403,21,5,1220,600712,277603,7084,,0,04,2026
2,3403,22,5,1220,84781,43419,3000,,0,04,2026
2,3403,23,5,1220,943835,1040468,6652,,0,04,2026
2,3403,23,6,1220,3433578,11707793,12600,,0,04,2026
2,3403,23,6,1220,326656,281250,2712,,1,04,2026
2,3403,25,5,1220,960830,1012941,118201,,0,04,2026
2,3403,25,6,1220,1620874,6160260,43100,,0,04,2026
2,3403,25,6,1220,10597251,24435861,441250,,1,04,2026
2,3403,26,5,1220,60000,639963,500,,0,04,2026
2,3403,26,6,1220,738203,0,15300,,0,04,2026
2,3403,27,5,1220,2002354,4308438,59391,,0,04,2026
2,3403,27,6,1220,12754464,31022160,349700,,0,04,2026
2,3403,27,6,1220,44205822,116752896,3109293,,1,04,2026
2,3403,27,8,1220,2148302,0,0,,0,04,2026
2,3403,28,5,1220,82560291,1457580,9889,,0,04,2026
2,3403,28,5,1220,122223,21666,202,,1,04,2026
2,3403,28,6,1220,57069147,63786404,3164290,,0,04,2026
2,3403,28,6,1220,1882534,8075145,157800,,1,04,2026
2,3403,29,5,1220,639427,114954,15155,,0,04,2026
2,3403,29,6,1220,7206589,15948709,69570,,0,04,2026
2,3403,29,6,1220,20322616,35834384,3259624,,1,04,2026
2,3403,30,5,1220,734753,109055,1700,,0,04,2026
2,3403,31,5,1220,2914070,4457309,43712,,0,04,2026
2,3403,31,6,1220,27707879,113475143,447810,,0,04,2026
2,3403,31,6,1220,679920,2387928,59400,,1,04,2026
2,3403,32,5,1220,8995,5219,540,,0,04,2026
2,3403,33,5,1220,29645,20717,3835,,0,04,2026
2,3403,34,5,1220,349960,128620,1408,,0,04,2026
2,3403,34,6,1220,83434,17425,4426,,1,04,2026
2,3403,38,5,1220,7507542,4527890,67692,,0,04,2026
2,3403,38,5,1220,26757,8651,50,,1,04,2026
2,3403,38,6,1220,1106335,1322945,8710,,0,04,2026
2,3403,38,6,1220,68212,192003,35071,,1,04,2026
2,3403,39,5,1220,12756353,4815240,145256,,0,04,2026
2,3403,39,5,1220,170873,87227,400,,1,04,2026
2,3403,39,6,1220,35734053,50148463,369600,,0,04,2026
2,3403,39,6,1220,49679392,46708639,86228,,1,04,2026
2,3403,40,5,1220,1045983,770305,16721,,0,04,2026
2,3403,40,6,1220,48662,9759,233,,0,04,2026
2,3403,41,5,1220,4744,417,2373,,0,04,2026
2,3403,43,5,1220,16134,664,515,,0,04,2026
2,3403,44,5,1220,12306877,23651561,1942795,,0,04,2026
2,3403,44,5,1220,21095,19000,50,,1,04,2026
2,3403,44,6,1220,27307280,55512577,1972109,,0,04,2026
2,3403,44,6,1220,6424631,6013901,72498,,1,04,2026
2,3403,46,5,1220,26136,10206,150,,0,04,2026
2,3403,47,5,1220,161472,436644,38818,,0,04,2026
2,3403,47,6,1220,11054499,17881330,77650,,0,04,2026
2,3403,48,5,1220,5382587,5873773,629355,,0,04,2026
2,3403,48,6,1220,2723811,2189602,6404,,0,04,2026
2,3403,48,6,1220,288560,300791,5503,,1,04,2026
2,3403,49,5,1220,9083,36756,2850,,0,04,2026
2,3403,59,5,1220,472,22,1,,0,04,2026
2,3403,63,5,1220,51308,2517,268,,0,04,2026
2,3403,68,5,1220,543618,954657,11910,,0,04,2026
2,3403,68,6,1220,19248,32879,300,,1,04,2026
2,3403,70,5,1220,1030914,539615,20371,,0,04,2026
2,3403,72,5,1220,445408,530086,18509,,0,04,2026
2,3403,72,5,1220,23328,97320,404,,1,04,2026
2,3403,72,6,1220,225511,582517,8992,,0,04,2026
2,3403,72,6,1220,5330002,13120264,137084,,1,04,2026
2,3403,73,5,1220,4385711,1921562,61992,,0,04,2026
2,3403,73,6,1220,294928,88105,883,,1,04,2026
2,3403,74,5,1220,186000,84368,10000,,0,04,2026
2,3403,74,6,1220,18337,19504,360,,0,04,2026
2,3403,75,6,1220,24779,19416,200,,0,04,2026
2,3403,76,5,1220,3832759,707338,20292,,0,04,2026
2,3403,76,6,1220,97742,36958,202,,0,04,2026
2,3403,76,6,1220,971333,378924,9202,,1,04,2026
2,3403,78,6,1220,473680,490542,1500,,0,04,2026
2,3403,79,6,1220,9063806,2478200,6000,,0,04,2026
2,3403,82,5,1220,473502,16856,6388,,0,04,2026
2,3403,83,5,1220,91701,75573,1336,,0,04,2026
2,3403,84,5,1220,97418349,5429968,357057,,0,04,2026
2,3403,84,5,1220,93700,37017,8001,,1,04,2026
2,3403,85,5,1220,9397076,363039,91071,,0,04,2026
2,3403,86,5,1220,7500,19958,150,,0,04,2026
2,3403,87,5,1220,16306913,1615094,46541,,0,04,2026
2,3403,87,6,1220,43400,8526,7,,0,04,2026
2,3403,89,5,1220,71454,1429,138,,0,04,2026
2,3403,90,5,1220,2830788,43425,6069,,0,04,2026
2,3403,90,6,1220,155797,12043,89,,1,04,2026
2,3403,94,5,1220,5428311,504952,51202,,0,04,2026
2,3403,95,5,1220,94405,6291,1456,,0,04,2026
2,3403,97,5,1220,34900,69,1573,,0,04,2026
2,3403,98,5,1220,35873339,4995941,266810,,0,04,2026
2,3403,98,5,1220,450158,49864,13000,,1,04,2026
2,3403,98,6,1220,314190,61734,3700,,0,04,2026
2,3403,98,6,1220,264794,115433,4414,,1,04,2026
2,3404,07,5,1220,65205,92532,300,,0,04,2026
2,3404,27,5,1220,3426052,3500340,13500,,0,04,2026
2,3404,27,6,1220,23079,78683,72,,1,04,2026
2,3404,27,7,1220,456075,1028099,500,,0,04,2026
2,3404,98,5,1220,261830,21905,1600,,0,04,2026
2,3406,10,5,1220,647930,3585905,8300,,0,04,2026
2,3406,10,6,1220,5731633,15456801,15900,,0,04,2026
2,3406,27,6,1220,467948,1513252,4300,,0,04,2026
2,3406,27,6,1220,953544,2127633,7600,,1,04,2026
2,3406,44,6,1220,392451,1330405,8000,,0,04,2026
2,3406,44,6,1220,81357,171001,100,,1,04,2026
2,3406,98,6,1220,44000,13809,500,,0,04,2026
2,3406,98,6,1220,220000,1000,250,,1,04,2026
2,3407,07,5,1220,1278014,2523182,8800,,0,04,2026
2,3407,31,5,1220,86490,175790,19800,,0,04,2026
2,3407,87,5,1220,67000,45550,1000,,0,04,2026
2,3407,98,5,1220,300000,182200,4000,,0,04,2026
2,3408,07,5,1220,12288,50549,800,,0,04,2026
2,3409,10,5,1220,281666,1485479,5000,,0,04,2026
2,3411,39,3,1220,1234,42,2,,0,04,2026
2,3411,39,5,1220,31115,3526,1039,,0,04,2026
2,3411,40,3,1220,295,27,1,,0,04,2026
2,3411,40,5,1220,16099,1131,316,,0,04,2026
2,3411,58,5,1220,45685,3885,971,,0,04,2026
2,3411,73,5,1220,4864,132,150,,0,04,2026
2,3411,75,5,1220,88740,1150,1,,0,04,2026
2,3411,76,5,1220,58989,64,226,,0,04,2026
2,3411,84,3,1220,43785,35,302,,0,04,2026
2,3411,84,5,1220,160830,9588,2508,,0,04,2026
2,3411,84,5,1220,6435,736,193,,1,04,2026
2,3411,85,3,1220,47330,4,866,,0,04,2026
2,3411,85,5,1220,64075,911,2167,,0,04,2026
2,3411,87,5,1220,89420,10840,1346,,0,04,2026
2,3411,88,5,1220,12383,13,46,,0,04,2026
2,3411,90,3,1220,2100,9,97,,0,04,2026
2,3411,90,5,1220,22545,747,20,,0,04,2026
2,3411,94,5,1220,3524,193,541,,0,04,2026
2,3411,95,5,1220,14273,82,153,,0,04,2026
2,3411,98,3,1220,154788,24,1601,,0,04,2026
2,3411,98,5,1220,113820,5405,2031,,0,04,2026
2,3413,10,5,1220,60420,402792,60,,0,04,2026
2,3414,10,5,1220,430688,2094536,46380,,0,04,2026
2,3414,27,5,1220,312406,603525,2700,,0,04,2026
2,3417,27,5,1220,1904805,3035621,94989,,0,04,2026
2,3419,25,5,1220,8045,63000,400,,0,04,2026
2,3419,31,5,1220,25225,94000,2850,,0,04,2026
2,3419,84,5,1220,308776,30108,496,,0,04,2026
2,3419,94,5,1220,34590,26036,1456,,0,04,2026
2,3422,01,5,1220,13899525,2457550,19833,,0,04,2026
2,3422,05,5,1220,2058,3,100,,0,04,2026
2,3422,06,5,1220,83647,18690,2711,,0,04,2026
2,3422,07,5,1220,1418110,4231538,19461,,0,04,2026
2,3422,10,5,1220,1724739,5761423,32790,,0,04,2026
2,3422,11,5,1220,519976,920467,4000,,0,04,2026
2,3422,12,5,1220,3046996,6391378,67037,,0,04,2026
2,3422,15,6,1220,149613,94051,200,,0,04,2026
2,3422,19,5,1220,864044,157035,12300,,0,04,2026
2,3422,20,5,1220,1761164,1757782,12735,,0,04,2026
2,3422,22,5,1220,62000,112334,246,,0,04,2026
2,3422,23,5,1220,199313,385128,1850,,0,04,2026
2,3422,25,5,1220,163365,1007478,5487,,0,04,2026
2,3422,27,5,1220,630464,1357296,26960,,0,04,2026
2,3422,28,5,1220,813631,1697929,17464,,0,04,2026
2,3422,29,5,1220,86700,18012,1,,0,04,2026
2,3422,31,5,1220,5471794,10389070,117816,,0,04,2026
2,3422,35,5,1220,202599,23558,665,,0,04,2026
2,3422,38,5,1220,5228,165,44,,0,04,2026
2,3422,39,5,1220,630255,110368,2562,,0,04,2026
2,3422,44,5,1220,578204,760206,7023,,0,04,2026
2,3422,48,5,1220,51388,17421,1,,0,04,2026
2,3422,49,5,1220,25817,2388,53,,0,04,2026
2,3422,68,5,1220,20297,45040,3288,,0,04,2026
2,3422,72,5,1220,65602,49194,600,,0,04,2026
2,3422,73,5,1220,411746,145720,1573,,0,04,2026
2,3422,76,5,1220,51200,18144,500,,0,04,2026
2,3422,84,5,1220,3029920,331292,6422,,0,04,2026
2,3422,85,5,1220,145057,22569,572,,0,04,2026
2,3422,87,5,1220,1388039,118222,3634,,0,04,2026
2,3422,89,5,1220,110762,9379,141,,0,04,2026
2,3422,94,5,1220,258915,144196,7494,,0,04,2026
2,3422,98,5,1220,4133190,411007,36679,,0,04,2026
2,3423,10,5,1220,5268,24240,100,,0,04,2026
2,3423,27,5,1220,985530,4063667,94962,,0,04,2026
2,3423,28,5,1220,33656,91408,800,,0,04,2026
2,3423,39,5,1220,589,22,2,,0,04,2026
2,3423,40,5,1220,2253,78,2,,0,04,2026
2,3423,44,5,1220,515081,452465,928,,0,04,2026
2,3423,70,5,1220,9525,462,6,,0,04,2026
2,3423,73,5,1220,16088,6855,316,,0,04,2026
2,3423,76,5,1220,7719,279,9,,0,04,2026
2,3423,84,5,1220,141353,43573,1470,,0,04,2026
2,3423,87,5,1220,42840,7321,500,,0,04,2026
2,3423,98,5,1220,22423,2703,393,,0,04,2026
2,3424,12,5,1220,666697,1692056,6500,,0,04,2026
2,3426,23,5,1220,474903,1410408,7300,,0,04,2026
2,3426,27,5,1220,294438,1876611,43857,,0,04,2026
2,3426,44,5,1220,17701,41567,3700,,0,04,2026
2,3426,73,5,1220,688533,173440,1723,,0,04,2026
2,3427,88,3,1220,900000,5669,1000,,0,04,2026
2,3430,12,5,1220,9298,51125,200,,0,04,2026
2,3430,98,8,1220,3796217,406883,293237,,0,04,2026
2,3433,98,3,1220,136000,1000,2500,,0,04,2026
2,3434,88,3,1220,172000,852,1000,,0,04,2026
2,3434,98,3,1220,235000,1160,25000,,0,04,2026
2,34XX,39,3,2010,1980,18,450,,0,04,2026
2,34XX,39,5,2010,26200,1905,476,,0,04,2026
2,34XX,39,6,2010,3419,267,2,,1,04,2026
2,34XX,40,5,2010,77745,2708,819,,0,04,2026
2,34XX,42,5,2010,1820,198,39,,0,04,2026
2,34XX,56,5,2010,357,29,46,,0,04,2026
2,34XX,61,5,2010,22189,633,247,,0,04,2026
2,34XX,62,5,2010,87555,1004,2218,,0,04,2026
2,34XX,64,5,2010,850,79,58,,0,04,2026
2,34XX,65,5,2010,1217,14,222,,0,04,2026
2,34XX,70,5,2010,6173,162,200,,0,04,2026
2,34XX,72,5,2010,13560,21007,1,,0,04,2026
2,34XX,73,5,2010,41074,5737,69,,0,04,2026
2,34XX,83,5,2010,4941,136,400,,0,04,2026
2,34XX,84,5,2010,729775,45707,6575,,0,04,2026
2,34XX,84,6,2010,2975,207,2,,1,04,2026
2,34XX,85,3,2010,2910,18,75,,0,04,2026
2,34XX,85,5,2010,646092,10868,3250,,0,04,2026
2,34XX,85,6,2010,12239,853,7,,1,04,2026
2,34XX,87,5,2010,109234,7768,734,,0,04,2026
2,34XX,87,5,2010,9170,258,104,,1,04,2026
2,34XX,90,5,2010,67638,957,704,,0,04,2026
2,34XX,94,5,2010,26231,3023,460,,0,04,2026
2,34XX,97,5,2010,3243,150,67,,0,04,2026
2,34XX,98,5,2010,158480,2290,2507,,0,04,2026
2,3501,27,7,1220,894620389,1668995915,27196017,,0,04,2026
2,3501,33,3,1220,2335,140,2,,0,04,2026
2,3501,33,5,1220,118750,4601,484,,0,04,2026
2,3501,38,3,1220,654990,3199,3098,,0,04,2026
2,3501,39,3,1220,1127,165,74,,0,04,2026
2,3501,40,1,1220,111068,23079,10694,,1,04,2026
2,3501,67,5,1220,427,16,3,,0,04,2026
2,3501,71,3,1220,78678,2,3593,,0,04,2026
2,3501,76,3,1220,37248,17,500,,0,04,2026
2,3501,84,3,1220,18427,13,697,,1,04,2026
2,3501,85,3,1220,162350,1427,2885,,0,04,2026
2,3501,87,1,1220,13176,367,1029,,1,04,2026
2,3501,88,3,1220,44470,27,74,,0,04,2026
2,3501,90,3,1220,480769,3004,7678,,0,04,2026
2,3501,94,3,1220,2441,5,500,,0,04,2026
2,3501,98,3,1220,329692,820,3419,,0,04,2026
2,3501,98,5,1220,15022,97,3,,0,04,2026
2,35XX,09,1,2010,883040,117930,13000,,1,04,2026
2,35XX,21,1,2010,47828,772,122,,1,04,2026
2,35XX,21,3,1220,14114,42,1500,,0,04,2026
2,35XX,21,3,2010,2791,42,258,,0,04,2026
2,35XX,22,5,2010,154457,60811,1300,,0,04,2026
2,35XX,23,3,1220,29518,1898,2899,,0,04,2026
2,35XX,25,1,1220,692414,22093020,20000,,0,04,2026
2,35XX,27,7,1220,16226107,25727562,198354,,0,04,2026
2,35XX,40,1,2010,10191,976,929,,1,04,2026
2,35XX,40,6,2010,55040,9632,3000,,1,04,2026
2,35XX,64,3,2010,11173,242,594,,0,04,2026
2,35XX,65,3,2010,7626,166,406,,0,04,2026
2,35XX,70,1,2010,2982,83,233,,1,04,2026
2,35XX,82,3,1220,13823,59,250,,0,04,2026
2,35XX,83,1,2010,2175,5,7,,1,04,2026
2,35XX,84,1,2010,16806,41,57,,1,04,2026
2,35XX,84,3,1220,17080,21,131,,0,04,2026
2,35XX,85,1,2010,35185,175,827,,1,04,2026
2,35XX,85,3,1220,17603,46,1000,,0,04,2026
2,35XX,85,3,2010,2077096,4201,11413,,0,04,2026
2,35XX,87,1,2010,9809,273,766,,1,04,2026
2,35XX,90,3,1220,126990,803,844,,0,04,2026
2,35XX,90,3,2010,264467,438,1785,,0,04,2026
2,35XX,96,3,1220,23666,582,480,,0,04,2026
2,35XX,98,3,1220,18461,4,125,,0,04,2026
2,35XX,98,3,2010,20786,17,1488,,0,04,2026
2,35XX,98,5,1220,24000,2000,1,,0,04,2026
2,3604,07,6,1220,204499,364620,506,,0,04,2026
2,3604,07,6,1220,221086,489976,801,,1,04,2026
2,3604,10,5,1220,255571,1007722,6100,,0,04,2026
2,3604,10,6,1220,6397721,28425345,32800,,0,04,2026
2,3604,10,6,1220,2473061,10170664,62800,,1,04,2026
2,3604,11,6,1220,11266311,21639145,79900,,0,04,2026
2,3604,11,6,1220,401943,683990,32110,,1,04,2026
2,3604,12,5,1220,136052,336000,1200,,0,04,2026
2,3604,12,6,1220,510248,1422331,19656,,0,04,2026
2,3604,12,6,1220,1402661,2431229,20744,,1,04,2026
2,3604,15,6,1220,48169077,37657818,47100,,0,04,2026
2,3604,15,6,1220,7105200,4816527,25502,,1,04,2026
2,3604,23,6,1220,6459176,33273157,33900,,0,04,2026
2,3604,23,6,1220,2074632,7860186,46975,,1,04,2026
2,3604,25,5,1220,64550,237736,8434,,0,04,2026
2,3604,25,6,1220,20543179,50771172,467051,,0,04,2026
2,3604,25,6,1220,1569281,3897139,63250,,1,04,2026
2,3604,26,5,1220,1500000,17878,100,,0,04,2026
2,3604,26,6,1220,196015,0,10000,,0,04,2026
2,3604,27,5,1220,61362,17600,350,,0,04,2026
2,3604,27,5,1220,49739,178685,400,,1,04,2026
2,3604,27,6,1220,45830701,96838946,931920,,0,04,2026
2,3604,27,6,1220,123740259,223462089,4072511,,1,04,2026
2,3604,27,7,1220,888502,0,132765,,0,04,2026
2,3604,28,5,1220,16444,52749,300,,0,04,2026
2,3604,28,6,1220,5002657,12014065,44144,,0,04,2026
2,3604,28,6,1220,3399701,15539392,381724,,1,04,2026
2,3604,29,6,1220,22315213,31414406,196715,,0,04,2026
2,3604,29,6,1220,2648978,3689559,308949,,1,04,2026
2,3604,31,5,1220,40061,130437,500,,0,04,2026
2,3604,31,6,1220,23038202,88627992,59800,,0,04,2026
2,3604,31,6,1220,94343780,345419225,6985350,,1,04,2026
2,3604,38,6,1220,102800,494128,1250,,0,04,2026
2,3604,38,6,1220,295406,195536,6000,,1,04,2026
2,3604,39,5,1220,367098,183466,1461,,0,04,2026
2,3604,39,5,1220,1858586,1231514,5600,,1,04,2026
2,3604,39,6,1220,29600161,28555849,149150,,0,04,2026
2,3604,39,6,1220,34946429,34272047,76350,,1,04,2026
2,3604,40,6,1220,54940,12268,234,,0,04,2026
2,3604,40,6,1220,129155,13891,204,,1,04,2026
2,3604,43,5,1220,77340,7672,250,,0,04,2026
2,3604,44,5,1220,6046699,7941228,227318,,0,04,2026
2,3604,44,5,1220,49945,11386,3000,,1,04,2026
2,3604,44,6,1220,86991235,199623176,17270487,,0,04,2026
2,3604,44,6,1220,4192602,10138875,16414,,1,04,2026
2,3604,47,5,1220,1263960,2291070,80256,,0,04,2026
2,3604,47,6,1220,24923610,43489768,726915,,0,04,2026
2,3604,47,6,1220,6370870,10142250,627429,,1,04,2026
2,3604,48,5,1220,39435,20857,200,,0,04,2026
2,3604,48,6,1220,4723278,4295451,77716,,0,04,2026
2,3604,48,6,1220,5992154,5795201,19514,,1,04,2026
2,3604,68,5,1220,435993,334291,12485,,0,04,2026
2,3604,70,5,1220,16286,8801,400,,1,04,2026
2,3604,70,6,1220,19024,10080,400,,1,04,2026
2,3604,72,5,1220,37437,86182,3155,,0,04,2026
2,3604,72,6,1220,6922679,13377694,93573,,0,04,2026
2,3604,72,6,1220,1622367,5033060,25000,,1,04,2026
2,3604,73,5,1220,59920,6691,293,,0,04,2026
2,3604,73,6,1220,82845,11301,350,,0,04,2026
2,3604,76,6,1220,33674845,7575664,552236,,0,04,2026
2,3604,76,6,1220,2203157,829338,21700,,1,04,2026
2,3604,83,5,1220,2400,10,101,,0,04,2026
2,3604,83,6,1220,232908,37231,854,,1,04,2026
2,3604,84,5,1220,624592,210441,3700,,0,04,2026
2,3604,84,6,1220,1254010,41943,1324,,1,04,2026
2,3604,85,6,1220,35419,1164,61,,1,04,2026
2,3604,86,6,1220,305719,690283,10000,,0,04,2026
2,3604,87,5,1220,33921,1569,250,,0,04,2026
2,3604,87,6,1220,178986,7378,199,,1,04,2026
2,3604,94,5,1220,4895,431,200,,0,04,2026
2,3604,98,5,1220,854885,52531,3640,,0,04,2026
2,3604,98,6,1220,491961,480218,20447,,0,04,2026
2,3604,98,6,1220,757467,1061726,157338,,1,04,2026
2,3613,20,5,1220,14337,24964,249,,0,04,2026
2,3613,22,5,1220,11850,30064,6,,0,04,2026
2,3613,27,5,1220,31689,107863,3037,,0,04,2026
2,3613,28,5,1220,154202,245400,3300,,0,04,2026
2,3613,32,5,1220,23833,3698,313,,0,04,2026
2,3613,33,5,1220,10351,198,1200,,0,04,2026
2,3613,34,5,1220,3227,223,26,,0,04,2026
2,3613,35,5,1220,18530,64,1036,,0,04,2026
2,3613,39,5,1220,118580,17093,2689,,0,04,2026
2,3613,40,5,1220,5336,167,174,,0,04,2026
2,3613,44,5,1220,834494,1072487,29772,,0,04,2026
2,3613,47,5,1220,2046615,3404688,233921,,0,04,2026
2,3613,48,5,1220,792876,900301,26448,,0,04,2026
2,3613,48,5,1220,6393,1123,1000,,1,04,2026
2,3613,49,5,1220,37631,3977,521,,0,04,2026
2,3613,68,5,1220,7992,68,350,,0,04,2026
2,3613,70,5,1220,9242,652,200,,0,04,2026
2,3613,73,5,1220,216397,99231,3753,,0,04,2026
2,3613,76,5,1220,5945,513,600,,0,04,2026
2,3613,82,5,1220,57820,3112,437,,0,04,2026
2,3613,84,5,1220,1405558,84695,20396,,0,04,2026
2,3613,85,5,1220,38965,1266,135,,0,04,2026
2,3613,86,5,1220,68560,6450,1500,,0,04,2026
2,3613,87,5,1220,85813,24786,83,,0,04,2026
2,3613,88,5,1220,10328,154,250,,0,04,2026
2,3613,90,5,1220,538150,1126,456,,0,04,2026
2,3613,94,5,1220,1241,320,90,,0,04,2026
2,3613,97,5,1220,2181,162,140,,0,04,2026
2,3613,98,5,1220,420299,28452,22060,,0,04,2026
2,36XX,73,6,2010,266817,31040,26681,,1,04,2026
2,36XX,84,6,2010,90316,11604,8698,,1,04,2026
2,36XX,85,5,2010,12448,148,400,,0,04,2026
2,3701,39,3,1220,1211,4,159,,0,04,2026
2,3701,56,3,1220,5455,28,250,,0,04,2026
2,3701,76,9,1220,47205,2766,161,,0,04,2026
2,3701,83,9,1220,13346,817,45,,0,04,2026
2,3701,84,3,1220,24372,137,1079,,0,04,2026
2,3701,84,9,1220,183171,1344,635,,0,04,2026
2,3701,85,3,1220,38483,48,9,,0,04,2026
2,3701,85,5,1220,22458,689,745,,0,04,2026
2,3701,90,3,1220,153661,745,6254,,0,04,2026
2,3701,94,3,1220,989,16,108,,0,04,2026
2,3701,95,5,1220,44211,5120,236,,0,04,2026
2,3701,98,3,1220,56461,218,1415,,0,04,2026
2,3701,98,5,1220,9500,381,336,,0,04,2026
2,37XX,39,3,2010,6178,1028,6168,,0,04,2026
2,37XX,39,9,2010,87055,1001,301,,0,04,2026
2,37XX,40,3,2010,51363,729,1279,,0,04,2026
2,37XX,40,9,2010,126738,2077,441,,0,04,2026
2,37XX,64,3,2010,49471,3147,8405,,0,04,2026
2,37XX,68,3,2010,14874,91,910,,0,04,2026
2,37XX,73,9,2010,8800,870,31,,0,04,2026
2,37XX,83,9,2010,2302,51,33,,0,04,2026
2,37XX,84,1,2010,194638,7730,675,,1,04,2026
2,37XX,84,3,2010,153974,1620,3682,,0,04,2026
2,37XX,84,9,2010,4998776,387825,29181,,0,04,2026
2,37XX,85,3,2010,347332,4102,10074,,0,04,2026
2,37XX,85,9,2010,481898,4793,4208,,0,04,2026
2,37XX,90,3,2010,5911,159,250,,0,04,2026
2,37XX,90,9,2010,128157,2151,443,,0,04,2026
2,37XX,98,3,2010,43835,120,575,,0,04,2026
2,37XX,98,9,2010,3069,68,45,,0,04,2026
2,3801,01,5,1220,10851788,5324634,59991,,0,04,2026
2,3801,02,5,1220,39576251,7869655,601990,,0,04,2026
2,3801,03,5,1220,11466405,1001847,71190,,0,04,2026
2,3801,04,5,1220,1810563,804880,14202,,0,04,2026
2,3801,05,5,1220,593205,865519,18880,,0,04,2026
2,3801,06,5,1220,14741331,3296147,1591949,,0,04,2026
2,3801,07,5,1220,153551117,62185309,1615381,,0,04,2026
2,3801,07,5,2010,14174243,4138839,97837,,0,04,2026
2,3801,08,5,1220,7061381,1786511,168646,,0,04,2026
2,3801,08,5,2010,60451,13960,14,,0,04,2026
2,3801,09,5,1220,7426726,596870,74244,,0,04,2026
2,3801,09,5,2010,10362,1001,42,,0,04,2026
2,3801,10,5,1220,2481969,8122166,124454,,0,04,2026
2,3801,11,5,1220,1380970,1938436,23392,,0,04,2026
2,3801,12,5,1220,1299812,2246456,29494,,0,04,2026
2,3801,12,6,1220,6901,19500,200,,0,04,2026
2,3801,12,6,1220,738422,1097420,37586,,1,04,2026
2,3801,14,5,1220,67761,35199,1800,,0,04,2026
2,3801,15,5,1220,4441050,2608622,71482,,0,04,2026
2,3801,15,6,1220,26268164,21354880,267868,,0,04,2026
2,3801,16,5,1220,34532192,4641636,226889,,0,04,2026
2,3801,17,5,1220,16953545,7159732,121355,,0,04,2026
2,3801,17,5,2010,94126,117888,12679,,0,04,2026
2,3801,18,5,1220,49547739,8432129,289685,,0,04,2026
2,3801,18,5,2010,50132,10082,90,,0,04,2026
2,3801,19,5,1220,153710815,39103527,1747859,,0,04,2026
2,3801,19,6,1220,92146,48280,998,,0,04,2026
2,3801,20,5,1220,21649156,10533375,259052,,0,04,2026
2,3801,21,1,2010,67650,13865,7586,,1,04,2026
2,3801,21,5,1220,41524601,16848035,392201,,0,04,2026
2,3801,21,5,1220,29478,18644,200,,1,04,2026
2,3801,22,5,1220,35368788,13994747,270346,,0,04,2026
2,3801,22,5,2010,11391,2025,406,,0,04,2026
2,3801,22,6,1220,2800438,3022957,37714,,0,04,2026
2,3801,22,6,1220,276857,164124,1000,,1,04,2026
2,3801,22,9,1220,147812,70719,1400,,0,04,2026
2,3801,23,5,1220,10265348,17402531,380699,,0,04,2026
2,3801,23,6,1220,329950,1548980,45698,,0,04,2026
2,3801,23,6,1220,389809,717913,3400,,1,04,2026
2,3801,24,5,1220,10140,558,200,,0,04,2026
2,3801,25,1,1220,6469788,82946000,50000,,0,04,2026
2,3801,25,5,1220,5609508,26608076,232325,,0,04,2026
2,3801,25,5,1220,57237,75300,7500,,1,04,2026
2,3801,25,6,1220,1067200,12337984,50229,,0,04,2026
2,3801,25,6,1220,6116534,47863646,374632,,1,04,2026
2,3801,26,1,1220,1596443,32998000,10000,,0,04,2026
2,3801,26,5,1220,1138374,527033,55739,,0,04,2026
2,3801,26,6,1220,111897,272882,750,,0,04,2026
2,3801,26,6,1220,75697,192277,4000,,1,04,2026
2,3801,27,1,1220,18003150,61750782,106081,,0,04,2026
2,3801,27,5,1220,11442053,12289231,320989,,0,04,2026
2,3801,27,6,1220,1062817,1831473,14450,,0,04,2026
2,3801,27,6,1220,245035,793913,6000,,1,04,2026
2,3801,27,7,1220,2070074,4350428,69887,,0,04,2026
2,3801,28,5,1220,9223421,3934369,101071,,0,04,2026
2,3801,28,6,1220,665742,6540307,22400,,0,04,2026
2,3801,28,6,1220,138171,1524590,41387,,1,04,2026
2,3801,29,5,1220,8593138,750003,102119,,0,04,2026
2,3801,30,5,1220,61534926,1330277,180458,,0,04,2026
2,3801,30,5,1220,758858,31780,11201,,1,04,2026
2,3801,31,5,1220,1317705,1706442,28763,,0,04,2026
2,3801,32,5,1220,16540103,2755470,107208,,0,04,2026
2,3801,32,5,2010,74309,3317,284,,0,04,2026
2,3801,33,5,1220,29979636,2922912,337214,,0,04,2026
2,3801,33,5,2010,30574,1603,35,,0,04,2026
2,3801,34,5,1220,19560089,5977393,236298,,0,04,2026
2,3801,34,6,1220,136892,77996,250,,1,04,2026
2,3801,35,5,1220,1618815,506205,17200,,0,04,2026
2,3801,38,5,1220,35116363,6286029,174065,,0,04,2026
2,3801,38,5,1220,116757,187,2500,,1,04,2026
2,3801,38,6,1220,12227,76940,3073,,0,04,2026
2,3801,39,5,1220,142668431,41960697,2266106,,0,04,2026
2,3801,39,5,1220,659988,260965,21028,,1,04,2026
2,3801,39,5,2010,282369,37523,3297,,0,04,2026
2,3801,39,6,1220,3527088,2599042,4500,,1,04,2026
2,3801,39,6,2010,292,371,9,,1,04,2026
2,3801,40,5,1220,67541041,14752169,838398,,0,04,2026
2,3801,40,5,1220,7404,497,179,,1,04,2026
2,3801,40,5,2010,372055,40930,14262,,0,04,2026
2,3801,40,6,1220,76243,13452,262,,1,04,2026
2,3801,40,6,2010,1002,14,4,,1,04,2026
2,3801,41,5,1220,16203,20035,309,,0,04,2026
2,3801,42,5,1220,459487,9102,7192,,0,04,2026
2,3801,42,5,2010,1207,35,99,,0,04,2026
2,3801,43,5,1220,6724,286,135,,0,04,2026
2,3801,44,5,1220,24852180,24344574,711134,,0,04,2026
2,3801,44,5,1220,110872,38745,1498,,1,04,2026
2,3801,44,6,1220,11639105,24692350,262927,,0,04,2026
2,3801,44,6,1220,1071082,1087831,6752,,1,04,2026
2,3801,47,5,1220,423728,2046994,85054,,0,04,2026
2,3801,47,6,1220,44864,88044,704,,0,04,2026
2,3801,47,6,1220,5261031,9578205,265544,,1,04,2026
2,3801,48,5,1220,65850552,41544054,1593616,,0,04,2026
2,3801,48,5,1220,339072,52599,12551,,1,04,2026
2,3801,48,5,2010,35111,19682,954,,0,04,2026
2,3801,48,6,1220,2218490,1824287,12211,,0,04,2026
2,3801,48,6,1220,16388,40159,650,,1,04,2026
2,3801,49,5,1220,11559850,1711353,357996,,0,04,2026
2,3801,49,5,1220,25020,2704,4000,,1,04,2026
2,3801,51,5,1220,3725,591,123,,0,04,2026
2,3801,52,5,1220,16357,53551,546,,0,04,2026
2,3801,53,5,1220,30934,583,142,,0,04,2026
2,3801,54,5,1220,700526,116328,11153,,0,04,2026
2,3801,55,5,1220,104353,6496,2362,,0,04,2026
2,3801,56,5,1220,1176599,97884,9513,,0,04,2026
2,3801,56,5,1220,34122,2587,5,,1,04,2026
2,3801,57,5,1220,560774,168444,6031,,0,04,2026
2,3801,58,5,1220,41398,7859,1093,,0,04,2026
2,3801,59,5,1220,2438277,309604,26414,,0,04,2026
2,3801,59,5,1220,30674,1451,4700,,1,04,2026
2,3801,60,5,1220,209868,52315,3364,,0,04,2026
2,3801,61,5,1220,154542,1943,5762,,0,04,2026
2,3801,61,5,2010,15417,305,346,,0,04,2026
2,3801,62,5,1220,745509,22429,26393,,0,04,2026
2,3801,63,5,1220,1473356,344549,38308,,0,04,2026
2,3801,64,5,1220,165560,6858,5119,,0,04,2026
2,3801,64,5,1220,151094,13494,1500,,1,04,2026
2,3801,65,5,1220,206009,16246,9870,,0,04,2026
2,3801,65,5,2010,1086,129,87,,0,04,2026
2,3801,66,5,1220,498,72,14,,0,04,2026
2,3801,67,5,1220,31941,470,1930,,0,04,2026
2,3801,68,5,1220,11718026,14575238,218866,,0,04,2026
2,3801,68,5,1220,8085,662,621,,1,04,2026
2,3801,68,5,2010,4262,210,250,,0,04,2026
2,3801,68,6,1220,8711,38164,200,,0,04,2026
2,3801,68,6,1220,1392672,7995583,8900,,1,04,2026
2,3801,69,1,2010,18174,21386,3500,,1,04,2026
2,3801,69,5,1220,677110,314948,13864,,0,04,2026
2,3801,69,5,2010,9583,8366,800,,0,04,2026
2,3801,70,5,1220,6400637,3898892,158927,,0,04,2026
2,3801,70,5,1220,2645,131,300,,1,04,2026
2,3801,70,5,2010,3364,588,22,,0,04,2026
2,3801,70,6,1220,62676,359373,2000,,0,04,2026
2,3801,70,6,1220,77771,96193,12365,,1,04,2026
2,3801,70,6,2010,12541,216,68,,1,04,2026
2,3801,71,5,1220,99160123,40784,9212,,0,04,2026
2,3801,72,5,1220,73759318,90022022,1307839,,0,04,2026
2,3801,72,6,1220,5646748,13106536,43550,,0,04,2026
2,3801,72,6,1220,6061028,14791779,70300,,1,04,2026
2,3801,73,5,1220,59284654,33674059,1121372,,0,04,2026
2,3801,73,5,1220,61186,7398,5829,,1,04,2026
2,3801,73,5,2010,93341,31354,2246,,0,04,2026
2,3801,73,6,1220,82442,83210,500,,0,04,2026
2,3801,73,6,1220,3514,180,86,,1,04,2026
2,3801,73,9,1220,5642,261,459,,1,04,2026
2,3801,74,5,1220,14335804,1695971,72502,,0,04,2026
2,3801,74,5,1220,24996427,1991774,27570,,1,04,2026
2,3801,74,5,2010,2553,6,42,,0,04,2026
2,3801,74,6,1220,49801,100720,200,,0,04,2026
2,3801,75,5,1220,16469478,989760,23550,,0,04,2026
2,3801,76,5,1220,122656921,26042630,2067614,,0,04,2026
2,3801,76,5,1220,3780,158,2072,,1,04,2026
2,3801,76,6,1220,17458125,4820313,79694,,0,04,2026
2,3801,78,5,1220,4380285,1910592,26377,,0,04,2026
2,3801,79,5,1220,30007155,8757741,133332,,0,04,2026
2,3801,80,5,1220,25800,88305,300,,0,04,2026
2,3801,81,5,1220,6915325,217519,11075,,0,04,2026
2,3801,82,5,1220,4199369,184154,35999,,0,04,2026
2,3801,82,5,1220,96467,145,900,,1,04,2026
2,3801,83,5,1220,54257304,8847590,1554844,,0,04,2026
2,3801,83,5,1220,7440,136,600,,1,04,2026
2,3801,83,5,2010,8577,281,246,,0,04,2026
2,3801,84,1,2010,64697,1303,1918,,1,04,2026
2,3801,84,5,1220,705768469,45666409,3266436,,0,04,2026
2,3801,84,5,1220,2107107,99654,44861,,1,04,2026
2,3801,84,5,2010,2885997,87888,17803,,0,04,2026
2,3801,85,5,1220,237070200,12258718,1456685,,0,04,2026
2,3801,85,5,1220,193807,821188,4168,,1,04,2026
2,3801,85,5,2010,3280160,259950,40706,,0,04,2026
2,3801,85,5,2010,11836,93,505,,1,04,2026
2,3801,85,6,2010,257662,69,465,,1,04,2026
2,3801,86,5,1220,1918664,309356,116414,,0,04,2026
2,3801,86,5,1220,5500,21494,300,,1,04,2026
2,3801,86,6,1220,168698,6604,550,,1,04,2026
2,3801,87,5,1220,943248596,162421094,13968439,,0,04,2026
2,3801,87,5,1220,264027,27593,2878,,1,04,2026
2,3801,87,5,2010,644255,58782,12794,,0,04,2026
2,3801,87,6,1220,1352119426,120461949,7016325,,0,04,2026
2,3801,87,6,2010,7897,2003,17,,1,04,2026
2,3801,88,5,1220,14082542,108301,45138,,0,04,2026
2,3801,89,5,1220,1372012,124352,11294,,0,04,2026
2,3801,90,5,1220,24515924,528266,224240,,0,04,2026
2,3801,90,5,1220,131360,7138,4398,,1,04,2026
2,3801,90,5,2010,332010,19104,2592,,0,04,2026
2,3801,91,5,1220,15882,54,286,,0,04,2026
2,3801,92,5,1220,327923,6721,3542,,0,04,2026
2,3801,92,5,1220,7560,138,460,,1,04,2026
2,3801,93,5,1220,408029,26324,804,,0,04,2026
2,3801,94,5,1220,77730474,11399592,2069739,,0,04,2026
2,3801,94,5,1220,45679,5565,2609,,1,04,2026
2,3801,94,5,2010,465612,70565,19539,,0,04,2026
2,3801,94,5,2010,18394,892,816,,1,04,2026
2,3801,95,5,1220,2990533,384510,40611,,0,04,2026
2,3801,96,5,1220,24517570,4954842,127084,,0,04,2026
2,3801,97,5,1220,1453687,6505,2548,,0,04,2026
2,3801,97,5,1220,20000,926,150,,1,04,2026
2,3801,98,5,1220,89924706,21722008,1789235,,0,04,2026
2,3801,98,5,1220,286856,28728,19963,,1,04,2026
2,3801,98,5,2010,393316,13341,2758,,0,04,2026
2,3801,98,6,1220,64200,72802,3500,,0,04,2026
2,3801,98,6,1220,4224180,862242,2200,,1,04,2026
2,3801,98,8,1220,440934,926657,14886,,0,04,2026
2,3802,01,5,1220,36663378,18235640,249081,,0,04,2026
2,3802,02,5,1220,1990134,384867,6050,,0,04,2026
2,3802,03,5,1220,5844107,560195,18789,,0,04,2026
2,3802,04,5,1220,4684426,1621842,38554,,0,04,2026
2,3802,05,5,1220,2192204,716665,7765,,0,04,2026
2,3802,06,5,1220,12572900,3465676,315135,,0,04,2026
2,3802,07,5,1220,6997337,6430925,111651,,0,04,2026
2,3802,07,5,2010,29100,9574,143,,0,04,2026
2,3802,08,5,1220,5775328,2054082,66938,,0,04,2026
2,3802,08,5,2010,54295,3884,67,,0,04,2026
2,3802,09,5,1220,8933576,833171,34335,,0,04,2026
2,3802,09,5,2010,3142,297,9,,0,04,2026
2,3802,09,5,2010,28367,4623,31,,1,04,2026
2,3802,10,5,1220,1603329,2468580,25721,,0,04,2026
2,3802,10,6,1220,209184,189720,140,,0,04,2026
2,3802,11,5,1220,3709740,4809153,55183,,0,04,2026
2,3802,11,5,1220,22595,18960,2,,1,04,2026
2,3802,11,6,1220,700403,463511,61648,,0,04,2026
2,3802,11,6,1220,212000,303038,9106,,1,04,2026
2,3802,12,5,1220,4823844,5191801,60555,,0,04,2026
2,3802,12,5,2010,11600,1814,200,,0,04,2026
2,3802,12,6,1220,1229428,1555436,7659,,0,04,2026
2,3802,12,6,1220,191149,200866,2650,,1,04,2026
2,3802,13,5,1220,500760,45559,6771,,0,04,2026
2,3802,14,5,1220,194474,134615,6076,,0,04,2026
2,3802,15,5,1220,3623358,1402796,51371,,0,04,2026
2,3802,15,6,1220,4625851,6512193,40345,,0,04,2026
2,3802,15,6,1220,9580680,7516761,104460,,1,04,2026
2,3802,16,5,1220,1411782,271939,8503,,0,04,2026
2,3802,17,5,1220,34960847,7927677,317188,,0,04,2026
2,3802,17,5,2010,94461,89369,8620,,0,04,2026
2,3802,17,6,1220,1070137,581261,8800,,0,04,2026
2,3802,17,6,1220,6092630,8714695,87083,,1,04,2026
2,3802,18,5,1220,55490098,9055424,267169,,0,04,2026
2,3802,18,5,2010,12254,2471,20,,0,04,2026
2,3802,18,6,1220,966409,175666,5500,,1,04,2026
2,3802,19,5,1220,165459437,42744397,2127113,,0,04,2026
2,3802,19,6,1220,538774,293722,7775,,0,04,2026
2,3802,19,6,1220,1372603,726489,20060,,1,04,2026
2,3802,20,5,1220,35652004,14675322,374921,,0,04,2026
2,3802,20,5,2010,2587,2245,30,,0,04,2026
2,3802,20,6,1220,151194,60690,750,,0,04,2026
2,3802,20,6,1220,152151,68360,1247,,1,04,2026
2,3802,21,5,1220,54790183,16384413,606862,,0,04,2026
2,3802,21,5,2010,3030,1000,5,,0,04,2026
2,3802,21,6,1220,199776,112260,3000,,0,04,2026
2,3802,21,6,1220,23951,17771,250,,1,04,2026
2,3802,22,5,1220,32055356,24854819,504634,,0,04,2026
2,3802,22,6,1220,735944,859805,7748,,0,04,2026
2,3802,22,6,1220,852135,557427,11900,,1,04,2026
2,3802,23,5,1220,19279390,10673815,162855,,0,04,2026
2,3802,23,6,1220,173078,663074,900,,0,04,2026
2,3802,23,6,1220,50000,37500,360,,1,04,2026
2,3802,24,5,1220,58134,768,5812,,0,04,2026
2,3802,25,1,1220,312932,34353219,18000,,0,04,2026
2,3802,25,5,1220,6622777,22131436,355653,,0,04,2026
2,3802,25,5,1220,32694,59187,10850,,1,04,2026
2,3802,25,6,1220,4059131,21437242,113664,,0,04,2026
2,3802,25,6,1220,2128158,7182667,106203,,1,04,2026
2,3802,26,5,1220,561515,1124647,20904,,0,04,2026
2,3802,26,6,1220,250337,588402,900,,1,04,2026
2,3802,27,5,1220,19190443,25829614,466369,,0,04,2026
2,3802,27,5,1220,70385,28062,3221,,1,04,2026
2,3802,27,6,1220,27874206,31610963,598371,,0,04,2026
2,3802,27,6,1220,43582790,62755751,596702,,1,04,2026
2,3802,27,7,1220,496609983,774549987,28839935,,0,04,2026
2,3802,28,5,1220,52850279,25222045,960863,,0,04,2026
2,3802,28,5,1220,1273028,663583,5564,,1,04,2026
2,3802,28,5,2010,7600,1814,250,,0,04,2026
2,3802,28,6,1220,16031907,47743032,214429,,0,04,2026
2,3802,28,6,1220,18648603,91548718,2158274,,1,04,2026
2,3802,29,5,1220,18600409,2660409,334141,,0,04,2026
2,3802,29,5,1220,180000,191500,10,,1,04,2026
2,3802,29,6,1220,8516969,14420755,185502,,0,04,2026
2,3802,29,6,1220,38758981,44999110,1276219,,1,04,2026
2,3802,29,7,1220,3719479,7338030,1393,,0,04,2026
2,3802,30,5,1220,45124125,954713,147788,,0,04,2026
2,3802,30,5,1220,2198047,262406,20790,,1,04,2026
2,3802,30,5,2010,110650,9020,152,,0,04,2026
2,3802,30,6,1220,28142,5618,288,,1,04,2026
2,3802,31,5,1220,5353256,13559217,69232,,0,04,2026
2,3802,31,6,1220,3825562,9298845,26200,,0,04,2026
2,3802,32,5,1220,24334121,6632614,585492,,0,04,2026
2,3802,32,5,1220,2482958,1075847,7640,,1,04,2026
2,3802,32,5,2010,64468,2177,200,,0,04,2026
2,3802,32,6,1220,2085532,1051831,5501,,0,04,2026
2,3802,32,6,1220,556294,208162,5499,,1,04,2026
2,3802,33,5,1220,31467521,3870784,294278,,0,04,2026
2,3802,33,5,1220,182181,18258,7082,,1,04,2026
2,3802,33,5,2010,8164,6,159,,0,04,2026
2,3802,33,6,1220,17372,18614,1,,0,04,2026
2,3802,33,6,1220,1998998,74296,11822,,1,04,2026
2,3802,34,5,1220,28463723,8405257,422256,,0,04,2026
2,3802,34,5,1220,5000,4136,2,,1,04,2026
2,3802,34,5,2010,41764,25607,148,,0,04,2026
2,3802,34,6,1220,84481,15268,300,,0,04,2026
2,3802,34,6,1220,85825,15327,300,,1,04,2026
2,3802,35,5,1220,4716363,1693206,45148,,0,04,2026
2,3802,35,5,1220,2775,147,1000,,1,04,2026
2,3802,35,6,1220,414606,259007,2150,,1,04,2026
2,3802,36,5,1220,29284,2136,2036,,0,04,2026
2,3802,37,5,1220,129229,716,567,,0,04,2026
2,3802,38,5,1220,37498926,11056405,408230,,0,04,2026
2,3802,38,5,1220,152631,48444,2757,,1,04,2026
2,3802,38,5,2010,44989,77,200,,0,04,2026
2,3802,38,6,1220,8369181,3496298,16456,,0,04,2026
2,3802,38,6,1220,8561461,4709178,68400,,1,04,2026
2,3802,39,5,1220,269523173,88373807,4423489,,0,04,2026
2,3802,39,5,1220,2122333,1461009,44227,,1,04,2026
2,3802,39,5,2010,295761,51363,4399,,0,04,2026
2,3802,39,5,2010,1062,26,19,,1,04,2026
2,3802,39,6,1220,4433280,3967683,35935,,0,04,2026
2,3802,39,6,1220,65523622,58002728,230585,,1,04,2026
2,3802,40,5,1220,80816627,16013405,470416,,0,04,2026
2,3802,40,5,1220,58025,20096,328,,1,04,2026
2,3802,40,5,2010,171410,11112,7226,,0,04,2026
2,3802,40,6,1220,7821244,1617426,191491,,0,04,2026
2,3802,40,6,1220,18287574,2458753,40251,,1,04,2026
2,3802,41,5,1220,272483,257284,6526,,0,04,2026
2,3802,42,5,1220,1700966,33689,30192,,0,04,2026
2,3802,42,6,1220,80300,7260,5000,,0,04,2026
2,3802,43,5,1220,1431280,5082,250,,0,04,2026
2,3802,44,5,1220,40157565,39407272,1213977,,0,04,2026
2,3802,44,5,1220,146911,43725,1102,,1,04,2026
2,3802,44,5,2010,5227,1704,60,,0,04,2026
2,3802,44,6,1220,45568904,108236769,3618861,,0,04,2026
2,3802,44,6,1220,19031010,31339917,620843,,1,04,2026
2,3802,45,5,1220,26491,3608,1212,,0,04,2026
2,3802,47,5,1220,1273631,5665903,394814,,0,04,2026
2,3802,47,6,1220,134251,534864,12376,,0,04,2026
2,3802,47,6,1220,5743331,8592664,75882,,1,04,2026
2,3802,48,5,1220,133145213,93147899,3627021,,0,04,2026
2,3802,48,5,1220,739049,176628,33203,,1,04,2026
2,3802,48,5,2010,6880,745,688,,0,04,2026
2,3802,48,6,1220,20864561,22036515,934066,,0,04,2026
2,3802,48,6,1220,18603196,19636662,1188714,,1,04,2026
2,3802,49,5,1220,9966851,2104546,160497,,0,04,2026
2,3802,49,5,1220,13613,790,5618,,1,04,2026
2,3802,50,5,1220,8759,117,131,,0,04,2026
2,3802,51,5,1220,46974,2766,729,,0,04,2026
2,3802,52,5,1220,24275,1587,171,,0,04,2026
2,3802,53,5,1220,3075,6477,83,,0,04,2026
2,3802,54,5,1220,1353992,206805,28825,,0,04,2026
2,3802,55,5,1220,755959,93727,14099,,0,04,2026
2,3802,56,5,1220,4462663,740209,120269,,0,04,2026
2,3802,56,5,1220,298971,22976,1212,,1,04,2026
2,3802,56,6,1220,339543,45661,615,,0,04,2026
2,3802,57,5,1220,891300,231642,6557,,0,04,2026
2,3802,58,5,1220,623070,94206,52265,,0,04,2026
2,3802,59,5,1220,5748080,620634,54672,,0,04,2026
2,3802,59,5,1220,129704,26251,2400,,1,04,2026
2,3802,59,5,2010,3971,259,45,,0,04,2026
2,3802,60,5,1220,977032,145291,39366,,0,04,2026
2,3802,61,5,1220,475609,6305,29325,,0,04,2026
2,3802,61,5,2010,2964,31,67,,0,04,2026
2,3802,62,5,1220,566159,4680,21994,,0,04,2026
2,3802,62,5,1220,53500,581,200,,1,04,2026
2,3802,62,5,2010,1148,81,3,,0,04,2026
2,3802,63,5,1220,2328096,586698,61846,,0,04,2026
2,3802,63,5,2010,15833,1163,649,,0,04,2026
2,3802,64,5,1220,93999,3996,1318,,0,04,2026
2,3802,64,5,1220,195619,17583,2000,,1,04,2026
2,3802,64,6,1220,212059,31208,750,,1,04,2026
2,3802,65,5,1220,680427,40546,35042,,0,04,2026
2,3802,66,5,1220,11720,674,43,,0,04,2026
2,3802,67,5,1220,13959,217,437,,0,04,2026
2,3802,68,5,1220,24345359,28400264,327486,,0,04,2026
2,3802,68,5,2010,83200,8041,543,,0,04,2026
2,3802,68,6,1220,97444,54026,1585,,0,04,2026
2,3802,68,6,1220,2510087,13217778,15780,,1,04,2026
2,3802,69,5,1220,1419424,624616,20747,,0,04,2026
2,3802,69,5,2010,158413,117654,2821,,0,04,2026
2,3802,70,5,1220,10081250,4890880,211851,,0,04,2026
2,3802,70,5,1220,3057,113,500,,1,04,2026
2,3802,70,5,2010,704023,96002,5969,,0,04,2026
2,3802,70,6,1220,15306,88605,500,,0,04,2026
2,3802,70,6,1220,494648,315960,31414,,1,04,2026
2,3802,71,5,1220,4502901,42927,8336,,0,04,2026
2,3802,72,5,1220,39324571,37129778,1267859,,0,04,2026
2,3802,72,5,1220,4497,6952,2,,1,04,2026
2,3802,72,6,1220,41076315,91652361,213477,,0,04,2026
2,3802,72,6,1220,42848066,67532489,658663,,1,04,2026
2,3802,73,5,1220,53595234,14778797,923802,,0,04,2026
2,3802,73,5,1220,728472,69426,19076,,1,04,2026
2,3802,73,5,2010,174358,31986,5251,,0,04,2026
2,3802,73,6,1220,262760,233907,1504,,0,04,2026
2,3802,73,6,1220,5826107,2937688,16656,,1,04,2026
2,3802,73,6,2010,91529,11393,9153,,1,04,2026
2,3802,74,5,1220,19752894,1680098,110712,,0,04,2026
2,3802,74,5,1220,3841084,299979,10019,,1,04,2026
2,3802,74,6,1220,327219,689843,1400,,0,04,2026
2,3802,74,6,1220,61749265,4900991,55538,,1,04,2026
2,3802,75,5,1220,15545582,807858,35673,,0,04,2026
2,3802,75,6,1220,1476220,1252400,155000,,1,04,2026
2,3802,76,5,1220,96833842,24295608,1813048,,0,04,2026
2,3802,76,5,1220,162518,11543,11255,,1,04,2026
2,3802,76,6,1220,255130267,66070633,4958516,,0,04,2026
2,3802,76,6,1220,16710986,4074892,41685,,1,04,2026
2,3802,78,5,1220,1804066,829888,13790,,0,04,2026
2,3802,79,5,1220,4832743,1507445,92272,,0,04,2026
2,3802,79,6,1220,11939564,3453564,115706,,1,04,2026
2,3802,80,5,1220,197646,4395,1092,,0,04,2026
2,3802,81,5,1220,11618724,745192,61786,,0,04,2026
2,3802,81,5,1220,70393,823,192,,1,04,2026
2,3802,82,5,1220,5184127,224577,58155,,0,04,2026
2,3802,82,5,1220,34277,1609,252,,1,04,2026
2,3802,82,5,2010,3781,537,22,,0,04,2026
2,3802,83,5,1220,39368626,5559700,877452,,0,04,2026
2,3802,83,5,1220,73702,10122,7055,,1,04,2026
2,3802,83,5,2010,145057,4651,4081,,0,04,2026
2,3802,83,6,1220,3163,412,225,,0,04,2026
2,3802,83,6,1220,84464,4691,289,,1,04,2026
2,3802,84,1,1220,427500,15215,597,,0,04,2026
2,3802,84,5,1220,559430597,35686183,6015356,,0,04,2026
2,3802,84,5,1220,2941867,128903,50733,,1,04,2026
2,3802,84,5,2010,8548753,561538,42273,,0,04,2026
2,3802,84,6,1220,5454019,997663,21142,,0,04,2026
2,3802,84,6,1220,7804703,520646,16146,,1,04,2026
2,3802,84,6,2010,40500,3895,1147,,0,04,2026
2,3802,84,6,2010,833974,105015,65740,,1,04,2026
2,3802,85,5,1220,257365527,12530345,2260543,,0,04,2026
2,3802,85,5,1220,3432337,119662,67162,,1,04,2026
2,3802,85,5,2010,5530250,117442,33390,,0,04,2026
2,3802,85,5,2010,2162,341,367,,1,04,2026
2,3802,85,6,1220,46329,142939,1100,,0,04,2026
2,3802,85,6,1220,192636,8682,328,,1,04,2026
2,3802,86,5,1220,2071197,309142,63234,,0,04,2026
2,3802,87,5,1220,347288619,69472148,7646372,,0,04,2026
2,3802,87,5,1220,128688,51038,9401,,1,04,2026
2,3802,87,5,2010,1828467,484436,21726,,0,04,2026
2,3802,87,6,1220,281190990,36816270,1986775,,0,04,2026
2,3802,87,6,1220,4791100,833425,10747,,1,04,2026
2,3802,87,6,2010,53005,4875,1772,,0,04,2026
2,3802,87,6,2010,159233,41654,586,,1,04,2026
2,3802,88,3,1220,3194540,4531,448,,0,04,2026
2,3802,88,5,1220,41899362,228218,590017,,0,04,2026
2,3802,88,5,1220,14614,54,2232,,1,04,2026
2,3802,88,5,2010,9961,88,815,,0,04,2026
2,3802,89,5,1220,2467126,254262,20511,,0,04,2026
2,3802,89,6,1220,190379,19203,2092,,0,04,2026
2,3802,90,5,1220,48794456,948174,404936,,0,04,2026
2,3802,90,5,1220,8242,934,1556,,1,04,2026
2,3802,90,5,2010,626764,21954,4093,,0,04,2026
2,3802,90,6,1220,90358,4604,750,,0,04,2026
2,3802,90,6,1220,254720,9435,5251,,1,04,2026
2,3802,91,5,1220,152426,2647,353,,0,04,2026
2,3802,92,5,1220,490198,7194,7176,,0,04,2026
2,3802,93,5,1220,13180678,697331,32066,,0,04,2026
2,3802,94,5,1220,113857138,14886194,2151426,,0,04,2026
2,3802,94,5,1220,246911,37495,14741,,1,04,2026
2,3802,94,5,2010,205145,25058,4016,,0,04,2026
2,3802,94,6,1220,14729,7084,455,,0,04,2026
2,3802,94,6,1220,199420,13162,483,,1,04,2026
2,3802,95,5,1220,10561539,1088978,149034,,0,04,2026
2,3802,95,5,2010,6187,12,2,,0,04,2026
2,3802,95,6,1220,8844,2048,100,,1,04,2026
2,3802,96,5,1220,25642465,5070837,161240,,0,04,2026
2,3802,96,5,2010,71192,10131,244,,0,04,2026
2,3802,97,5,1220,436718,3501,3338,,0,04,2026
2,3802,98,3,1220,45000,998,1000,,0,04,2026
2,3802,98,5,1220,573958072,86846390,2796125,,0,04,2026
2,3802,98,5,1220,1652463,226382,61974,,1,04,2026
2,3802,98,5,2010,478095,20045,4340,,0,04,2026
2,3802,98,6,1220,3171645,605343,5406,,0,04,2026
2,3802,98,6,1220,3566205,196607,21280,,1,04,2026
2,3803,03,5,1220,59634,6401,1005,,0,04,2026
2,3803,04,5,1220,1076468,591831,14600,,0,04,2026
2,3803,06,5,1220,40877,3718,350,,0,04,2026
2,3803,07,5,1220,11219,19572,300,,0,04,2026
2,3803,09,5,1220,23746,1623,632,,0,04,2026
2,3803,10,5,1220,45082,21095,100,,1,04,2026
2,3803,12,5,1220,27748,70000,3150,,0,04,2026
2,3803,17,5,1220,147142,19360,978,,0,04,2026
2,3803,19,5,1220,32944,14716,2619,,0,04,2026
2,3803,20,5,1220,80563,24496,550,,0,04,2026
2,3803,21,5,1220,15228,2250,1876,,0,04,2026
2,3803,25,6,1220,18168,161263,750,,0,04,2026
2,3803,27,1,1220,7295820,6804000,1000,,0,04,2026
2,3803,27,5,1220,172103,166961,1605,,0,04,2026
2,3803,28,5,1220,321219,132338,1275,,0,04,2026
2,3803,29,5,1220,62092,40824,700,,0,04,2026
2,3803,30,5,1220,7632,63,200,,0,04,2026
2,3803,32,5,1220,224469,76131,3450,,0,04,2026
2,3803,33,5,1220,507171,657558,9199,,0,04,2026
2,3803,34,5,1220,129360,19958,200,,0,04,2026
2,3803,35,5,1220,103112,37783,480,,0,04,2026
2,3803,36,5,1220,2520,63,12,,0,04,2026
2,3803,38,5,1220,185358,108351,4921,,0,04,2026
2,3803,39,5,1220,1206704,380588,48725,,0,04,2026
2,3803,40,5,1220,553826,348459,5419,,0,04,2026
2,3803,42,5,1220,19717,1446,1100,,0,04,2026
2,3803,44,5,1220,17218462,22131786,999332,,0,04,2026
2,3803,44,6,1220,2816096,7690679,49100,,0,04,2026
2,3803,47,5,1220,40595,102334,1675,,0,04,2026
2,3803,48,5,1220,792402,505245,8605,,0,04,2026
2,3803,48,5,1220,5411,1188,777,,1,04,2026
2,3803,49,5,1220,1784589,133216,271,,0,04,2026
2,3803,56,5,1220,1975,886,17,,0,04,2026
2,3803,59,5,1220,95160,5173,488,,0,04,2026
2,3803,62,5,1220,132523,634,13836,,0,04,2026
2,3803,63,5,1220,2345,80,95,,0,04,2026
2,3803,68,5,1220,69740,47555,1707,,0,04,2026
2,3803,70,5,1220,171795,40123,2412,,0,04,2026
2,3803,72,5,1220,4457486,5849058,33413,,0,04,2026
2,3803,72,6,1220,5584479,7379500,14381,,1,04,2026
2,3803,73,5,1220,263413,95193,6114,,0,04,2026
2,3803,73,6,1220,2166760,1601261,19000,,0,04,2026
2,3803,74,5,1220,4300,2268,213,,0,04,2026
2,3803,76,5,1220,1960237,512364,12918,,0,04,2026
2,3803,82,5,1220,58083,388,400,,0,04,2026
2,3803,83,5,1220,18907,480,366,,0,04,2026
2,3803,84,5,1220,8573666,399928,63793,,0,04,2026
2,3803,85,5,1220,497268,29967,2404,,0,04,2026
2,3803,85,8,1220,8950,18,100,,0,04,2026
2,3803,86,5,1220,596477,155041,48984,,0,04,2026
2,3803,87,5,1220,6023632,371816,11940,,0,04,2026
2,3803,89,5,1220,445489,47670,1824,,0,04,2026
2,3803,90,5,1220,36364,1896,530,,0,04,2026
2,3803,94,5,1220,976108,100137,5916,,0,04,2026
2,3803,95,5,1220,39038,1548,406,,0,04,2026
2,3803,98,5,1220,5942772,627179,13080,,0,04,2026
2,3804,27,1,1220,1280000,4000000,100000,,0,04,2026
2,3806,27,7,1220,208106,0,31096,,0,04,2026
2,3806,29,3,1220,26940,98,2694,,0,04,2026
2,3806,44,6,1220,36900,91183,150,,1,04,2026
2,3806,76,3,1220,162909,1518,850,,0,04,2026
2,3806,83,3,1220,32287,347,400,,0,04,2026
2,3806,84,3,1220,44124,136,2278,,0,04,2026
2,3806,85,3,1220,131754,170,679,,0,04,2026
2,3806,90,3,1220,55200,2132,150,,0,04,2026
2,3806,94,3,1220,1766,37,111,,0,04,2026
2,3806,98,3,1220,108893,84,12317,,0,04,2026
2,3807,27,5,1220,19540,7550,951,,0,04,2026
2,3807,28,3,1220,437142,27851,17998,,0,04,2026
2,3807,32,5,1220,290912,35167,7986,,0,04,2026
2,3807,33,3,1220,10418,61,304,,0,04,2026
2,3807,33,5,1220,58022,2532,1250,,0,04,2026
2,3807,34,5,1220,30511,6443,336,,0,04,2026
2,3807,35,5,1220,18416,360,227,,0,04,2026
2,3807,38,3,1220,11997,122,756,,0,04,2026
2,3807,38,5,1220,4576,1583,2100,,0,04,2026
2,3807,39,3,1220,1350,5,97,,0,04,2026
2,3807,39,5,1220,588480,112902,11304,,0,04,2026
2,3807,39,5,1220,2940,580,600,,1,04,2026
2,3807,40,3,1220,563,15,250,,0,04,2026
2,3807,40,5,1220,166015,14529,4716,,0,04,2026
2,3807,44,5,1220,13343,22443,550,,0,04,2026
2,3807,48,5,1220,4621,192,600,,0,04,2026
2,3807,49,5,1220,2210,118,44,,0,04,2026
2,3807,54,3,1220,1303,60,500,,0,04,2026
2,3807,59,5,1220,10877,313,800,,0,04,2026
2,3807,64,5,1220,2436,55,80,,0,04,2026
2,3807,68,5,1220,6337,390,100,,0,04,2026
2,3807,70,5,1220,56410,5335,4167,,0,04,2026
2,3807,71,3,1220,10500,11,62,,0,04,2026
2,3807,72,5,1220,42934,6885,5842,,0,04,2026
2,3807,73,5,1220,395182,26273,19713,,0,04,2026
2,3807,74,5,1220,66694,2650,1194,,0,04,2026
2,3807,76,5,1220,41919,2389,603,,0,04,2026
2,3807,82,3,1220,5081,21,3000,,0,04,2026
2,3807,82,5,1220,11701,232,200,,0,04,2026
2,3807,83,3,1220,9074,42,283,,0,04,2026
2,3807,83,5,1220,126342,16290,1013,,0,04,2026
2,3807,84,3,1220,237088,1532,4822,,0,04,2026
2,3807,84,5,1220,3797675,156514,49203,,0,04,2026
2,3807,84,6,1220,219048,3158,2260,,1,04,2026
2,3807,85,3,1220,813093,3522,76740,,0,04,2026
2,3807,85,5,1220,1804590,47854,23378,,0,04,2026
2,3807,86,5,1220,51300,96,36,,0,04,2026
2,3807,87,3,1220,10183,1206,1018,,0,04,2026
2,3807,87,5,1220,328876,43615,23197,,0,04,2026
2,3807,88,3,1220,26500,75,1466,,0,04,2026
2,3807,90,3,1220,773041,2060,66381,,0,04,2026
2,3807,90,5,1220,1319122,16383,3926,,0,04,2026
2,3807,94,3,1220,11535,10,1025,,0,04,2026
2,3807,94,5,1220,190501,8703,4597,,0,04,2026
2,3807,95,5,1220,4810,275,128,,0,04,2026
2,3807,96,5,1220,30936,598,2462,,0,04,2026
2,3807,98,3,1220,387505,260,5141,,0,04,2026
2,3807,98,5,1220,624897,25967,14867,,0,04,2026
2,3882,84,3,1220,14529,504,5000,,0,04,2026
2,3882,87,3,1220,2703,320,1000,,0,04,2026
2,38XX,01,3,2010,63760,669,15500,,0,04,2026
2,38XX,39,3,2010,41652,366,3942,,0,04,2026
2,38XX,40,3,2010,1500,57,100,,0,04,2026
2,38XX,40,5,2010,11123,548,96,,0,04,2026
2,38XX,40,8,2010,2195,18,300,,0,04,2026
2,38XX,42,3,2010,88151,338,5001,,0,04,2026
2,38XX,56,3,2010,500,1,250,,0,04,2026
2,38XX,72,3,2010,2671,535,1295,,0,04,2026
2,38XX,73,1,2010,2521,44,252,,1,04,2026
2,38XX,73,3,2010,6743,102,431,,0,04,2026
2,38XX,73,5,2010,29940,10735,5277,,0,04,2026
2,38XX,83,3,2010,12015,44,174,,0,04,2026
2,38XX,84,3,2010,140362,1067,6118,,0,04,2026
2,38XX,84,5,2010,7793,174,100,,0,04,2026
2,38XX,85,3,2010,738263,3727,64201,,0,04,2026
2,38XX,85,5,2010,7012,35,28,,0,04,2026
2,38XX,87,3,2010,84379,15698,886,,0,04,2026
2,38XX,87,5,2010,16778,2942,15605,,0,04,2026
2,38XX,90,3,2010,69254,254,4066,,0,04,2026
2,38XX,90,5,2010,246068,4574,176,,0,04,2026
2,38XX,98,3,2010,307661,1108,32473,,0,04,2026
2,3901,07,3,2010,9060,933,2003,,0,04,2026
2,3901,08,5,2010,70593,37500,2400,,0,04,2026
2,3901,09,1,2010,134951,19250,3000,,1,04,2026
2,3901,09,3,2010,4903,607,1272,,0,04,2026
2,3901,09,5,2010,318403,71724,4800,,0,04,2026
2,3901,12,3,2010,136139,16222,41607,,0,04,2026
2,3901,22,1,2010,185284,24675,7201,,1,04,2026
2,3901,29,1,2010,39207,19760,300,,1,04,2026
2,3901,29,3,2010,147513,6429,1020,,0,04,2026
2,3901,33,3,2010,25265,843,4448,,0,04,2026
2,3901,35,3,2010,3035,142,850,,0,04,2026
2,3901,39,1,2010,2230199,1324981,177305,,1,04,2026
2,3901,39,3,2010,131761,3438,11344,,0,04,2026
2,3901,39,6,2010,1025,37,13,,1,04,2026
2,3901,40,1,2010,156013,21416,12146,,1,04,2026
2,3901,40,3,2010,37008,2195,7610,,0,04,2026
2,3901,40,3,2010,726,16130,54,,1,04,2026
2,3901,40,6,2010,6001,144,1205,,1,04,2026
2,3901,48,3,2010,160490,486,2236,,0,04,2026
2,3901,59,3,2010,6989,520,1,,0,04,2026
2,3901,62,3,2010,25364,396,950,,0,04,2026
2,3901,64,3,2010,19247,578,252,,0,04,2026
2,3901,70,3,2010,12273,35,2031,,0,04,2026
2,3901,71,3,2010,294543,10,2600,,0,04,2026
2,3901,73,1,2010,20624,546,456,,1,04,2026
2,3901,73,3,2010,20387,179,100,,0,04,2026
2,3901,73,6,2010,3719,7,22,,1,04,2026
2,3901,83,6,2010,2458,80,114,,1,04,2026
2,3901,84,1,2010,1114781,42630,15435,,1,04,2026
2,3901,84,3,2010,6027562,30475,86492,,0,04,2026
2,3901,84,5,2010,167000,2736,6948,,0,04,2026
2,3901,84,6,2010,186178,7354,5312,,1,04,2026
2,3901,84,8,2010,25202,8043,3238,,0,04,2026
2,3901,85,1,2010,849611,15279,14694,,1,04,2026
2,3901,85,3,2010,4637288,34808,108681,,0,04,2026
2,3901,85,5,2010,14268,40,105,,0,04,2026
2,3901,85,5,2010,13748,1267,14,,1,04,2026
2,3901,85,6,2010,53735,1494,609,,1,04,2026
2,3901,85,8,2010,313434,3417,18084,,0,04,2026
2,3901,85,9,2010,692376,47328,9000,,0,04,2026
2,3901,87,1,2010,491929,19401,4601,,1,04,2026
2,3901,87,3,2010,171907,5292,20690,,0,04,2026
2,3901,87,6,2010,24995,1464,473,,1,04,2026
2,3901,87,8,2010,20245,3120,1790,,0,04,2026
2,3901,88,3,2010,138343,142,841,,0,04,2026
2,3901,90,1,2010,15011,85,126,,1,04,2026
2,3901,90,3,2010,1953043,17883,43803,,0,04,2026
2,3901,90,3,2010,4598,75,21,,1,04,2026
2,3901,90,5,2010,4550,3,1,,0,04,2026
2,3901,94,3,2010,33047,626,1956,,0,04,2026
2,3901,94,8,2010,28403,735,3243,,0,04,2026
2,3901,96,3,2010,15335,1738,4500,,0,04,2026
2,3901,97,3,2010,34180,15,142,,0,04,2026
2,3901,98,1,2010,26688,277,214,,1,04,2026
2,3901,98,3,2010,513273,3180,4342,,0,04,2026
2,3901,98,5,2010,42426,233,233,,0,04,2026
2,39XX,03,3,1220,46561,1933,2000,,0,04,2026
2,39XX,27,1,1220,2688,172,39,,1,04,2026
2,39XX,27,7,1220,3677176432,7596084721,159219363,,0,04,2026
2,39XX,28,3,1220,43561,20,206,,0,04,2026
2,39XX,29,3,1220,7644,2,504,,0,04,2026
2,39XX,30,3,1220,707907,375,2397,,0,04,2026
2,39XX,32,3,1220,3918,40,380,,0,04,2026
2,39XX,33,3,1220,46821,583,2121,,0,04,2026
2,39XX,33,5,1220,7071,812,410,,0,04,2026
2,39XX,34,3,1220,5093,97,367,,0,04,2026
2,39XX,38,3,1220,37954,278,1995,,0,04,2026
2,39XX,39,1,1220,3743,426,142,,1,04,2026
2,39XX,39,1,2010,30496,522,426,,1,04,2026
2,39XX,39,3,1220,35653,166,2252,,0,04,2026
2,39XX,40,1,1220,6543,970,638,,1,04,2026
2,39XX,40,3,1220,3722,14,166,,0,04,2026
2,39XX,40,3,2010,356,4,6,,0,04,2026
2,39XX,40,6,1220,749,51,13,,1,04,2026
2,39XX,58,3,1220,10236,497,55,,0,04,2026
2,39XX,62,3,1220,381,1,0,,0,04,2026
2,39XX,63,3,1220,694,1,1,,0,04,2026
2,39XX,68,1,1220,99165,5717,2389,,1,04,2026
2,39XX,68,3,1220,13302,534,1873,,0,04,2026
2,39XX,70,3,1220,4979,53,133,,0,04,2026
2,39XX,71,3,1220,150390,17,1086,,0,04,2026
2,39XX,72,1,1220,3052587,6020000,316069,,0,04,2026
2,39XX,73,3,1220,17139,245,1574,,0,04,2026
2,39XX,73,5,1220,3098,29,259,,0,04,2026
2,39XX,73,6,1220,5066,5,86,,1,04,2026
2,39XX,76,3,1220,3797,1,150,,0,04,2026
2,39XX,76,5,1220,29315,1118,2500,,0,04,2026
2,39XX,82,3,1220,7741,149,42,,0,04,2026
2,39XX,83,1,1220,10104,215,112,,1,04,2026
2,39XX,83,3,1220,2250,15,0,,0,04,2026
2,39XX,84,1,1220,601755,13704,11494,,1,04,2026
2,39XX,84,3,1220,9362153,13545,164328,,0,04,2026
2,39XX,84,3,2010,34803,330,1314,,0,04,2026
2,39XX,84,5,1220,9518,5436,250,,0,04,2026
2,39XX,84,6,1220,79424,2576,1225,,1,04,2026
2,39XX,85,1,1220,15856,664,302,,1,04,2026
2,39XX,85,3,1220,668565,1457,13043,,0,04,2026
2,39XX,85,3,1220,2002,15,141,,1,04,2026
2,39XX,85,3,2010,67313,312,793,,0,04,2026
2,39XX,85,5,1220,330288,119,2100,,1,04,2026
2,39XX,85,6,1220,26424,773,490,,1,04,2026
2,39XX,87,1,1220,16665,628,339,,1,04,2026
2,39XX,87,3,1220,4026,158,69,,0,04,2026
2,39XX,87,3,2010,3258,16,63,,0,04,2026
2,39XX,87,6,1220,6027,2220,591,,1,04,2026
2,39XX,88,3,1220,379136,291,1474,,0,04,2026
2,39XX,90,1,1220,2735,55,60,,1,04,2026
2,39XX,90,3,1220,6224979,2076,35871,,0,04,2026
2,39XX,90,5,1220,1734405,210,700,,0,04,2026
2,39XX,90,5,1220,9898797,1644,5248,,1,04,2026
2,39XX,94,1,1220,265,7,2,,1,04,2026
2,39XX,94,3,1220,3324,11,88,,0,04,2026
2,39XX,94,5,1220,794,58,1,,1,04,2026
2,39XX,94,6,1220,16073,1361,149,,1,04,2026
2,39XX,96,3,1220,24804,610,150,,0,04,2026
2,39XX,98,1,1220,5966,151,223,,1,04,2026
2,39XX,98,3,1220,888065,3747,31072,,0,04,2026
2,39XX,98,3,1220,19967,75,100,,1,04,2026
2,39XX,98,3,2010,50068,1230,2746,,0,04,2026
2,39XX,98,5,1220,293448,9591,2309,,0,04,2026
2,39XX,98,6,1220,262049,33825,9230,,1,04,2026
2,4101,05,3,1220,3623,1,450,,0,04,2026
2,4101,06,3,1220,17689,102,1650,,0,04,2026
2,4101,07,3,1220,2549,29,197,,0,04,2026
2,4101,12,3,1220,4284,3,99,,0,04,2026
2,4101,17,3,1220,48575,16062,4563,,0,04,2026
2,4101,21,3,1220,12289,40,1518,,0,04,2026
2,4101,24,3,1220,2013,4,160,,0,04,2026
2,4101,25,1,1220,4786041,34834400,60000,,0,04,2026
2,4101,25,3,1220,18592,26580,3576,,0,04,2026
2,4101,27,3,1220,2062,1,0,,0,04,2026
2,4101,28,3,1220,480316,41263,18515,,0,04,2026
2,4101,29,3,1220,1035455,12738,20653,,0,04,2026
2,4101,30,3,1220,1359186,2219,18283,,0,04,2026
2,4101,31,3,1220,16879,2015,1423,,0,04,2026
2,4101,32,3,1220,52518,830,3146,,0,04,2026
2,4101,33,3,1220,287476,2582,11462,,0,04,2026
2,4101,34,3,1220,48535,3565,30707,,0,04,2026
2,4101,35,3,1220,8257,1,650,,0,04,2026
2,4101,37,3,1220,2970,1,450,,0,04,2026
2,4101,38,3,1220,1014814,1150,44805,,0,04,2026
2,4101,39,3,1220,2854378,72965,213123,,0,04,2026
2,4101,40,3,1220,1341301,30608,46757,,0,04,2026
2,4101,40,5,1220,435,47,6,,0,04,2026
2,4101,42,3,1220,456209,10218,19518,,0,04,2026
2,4101,43,3,1220,5147,34,208,,0,04,2026
2,4101,44,3,1220,23939,759,11219,,0,04,2026
2,4101,46,3,1220,24995,7717,1,,0,04,2026
2,4101,48,3,1220,379983,31355,22278,,0,04,2026
2,4101,49,3,1220,569716,22175,43487,,0,04,2026
2,4101,50,3,1220,573,4,384,,0,04,2026
2,4101,51,3,1220,445,7,0,,0,04,2026
2,4101,52,3,1220,2853,89,89,,0,04,2026
2,4101,54,3,1220,6944,253,1035,,0,04,2026
2,4101,55,3,1220,1995,26,644,,0,04,2026
2,4101,56,3,1220,83878,3339,5500,,0,04,2026
2,4101,57,3,1220,3056,38,540,,0,04,2026
2,4101,58,3,1220,74529,1155,16649,,0,04,2026
2,4101,59,3,1220,220211,3650,14993,,0,04,2026
2,4101,60,3,1220,14482,129,1188,,0,04,2026
2,4101,61,3,1220,415531,2697,24646,,0,04,2026
2,4101,62,3,1220,810881,2948,31295,,0,04,2026
2,4101,63,3,1220,748388,4904,71949,,0,04,2026
2,4101,64,3,1220,227600,7583,1693,,0,04,2026
2,4101,65,3,1220,67350,273,3150,,0,04,2026
2,4101,66,3,1220,1282,69,516,,0,04,2026
2,4101,67,3,1220,10982,289,428,,0,04,2026
2,4101,68,3,1220,166293,8346,5570,,0,04,2026
2,4101,69,3,1220,143491,23496,1875,,0,04,2026
2,4101,70,3,1220,192914,14530,13897,,0,04,2026
2,4101,71,3,1220,14010081,2197,133998,,0,04,2026
2,4101,73,3,1220,1318285,13469,35647,,0,04,2026
2,4101,74,3,1220,64792,114,960,,0,04,2026
2,4101,75,3,1220,465387,638,9044,,0,04,2026
2,4101,76,3,1220,509155,5424,14204,,0,04,2026
2,4101,80,3,1220,27478,920,1245,,0,04,2026
2,4101,81,3,1220,121284,302,3784,,0,04,2026
2,4101,82,3,1220,1386800,21107,53903,,0,04,2026
2,4101,83,3,1220,731706,17309,23382,,0,04,2026
2,4101,84,3,1220,52482598,423546,822307,,0,04,2026
2,4101,84,3,1220,10403,364,753,,1,04,2026
2,4101,84,5,1220,5714,552,131,,0,04,2026
2,4101,85,3,1220,49212655,775684,811579,,0,04,2026
2,4101,86,3,1220,151073,3749,3561,,0,04,2026
2,4101,86,5,1220,2520,271,36,,0,04,2026
2,4101,87,3,1220,649597,65313,35145,,0,04,2026
2,4101,88,3,1220,5452628,5374,100600,,0,04,2026
2,4101,89,3,1220,2830,11,75,,0,04,2026
2,4101,90,3,1220,37198889,215886,675660,,0,04,2026
2,4101,91,3,1220,56547,5,1848,,0,04,2026
2,4101,92,3,1220,377292,6589,10967,,0,04,2026
2,4101,93,3,1220,33699,610,659,,0,04,2026
2,4101,94,3,1220,3032287,51549,101520,,0,04,2026
2,4101,95,3,1220,739103,85720,27778,,0,04,2026
2,4101,96,3,1220,60498,4541,4957,,0,04,2026
2,4101,97,3,1220,648449,2544,11086,,0,04,2026
2,4101,98,3,1220,43976640,55106,695002,,0,04,2026
2,4101,98,5,1220,23250,2497,330,,0,04,2026
2,4102,34,3,1220,2907,90,53,,0,04,2026
2,4102,38,3,1220,17700,47,1095,,0,04,2026
2,4102,39,3,1220,1124,2,59,,0,04,2026
2,4102,40,3,1220,11316,25,425,,0,04,2026
2,4102,48,3,1220,5099,3,250,,0,04,2026
2,4102,70,1,1220,23752,1856,2072,,1,04,2026
2,4102,70,3,1220,3723,58,350,,0,04,2026
2,4102,73,3,1220,3221,3,75,,0,04,2026
2,4102,75,3,1220,28254,165,367,,0,04,2026
2,4102,76,1,1220,4552236,749993,200,,0,04,2026
2,4102,84,3,1220,224240,460,2633,,0,04,2026
2,4102,84,9,1220,62636,3,814,,0,04,2026
2,4102,85,3,1220,250792,1686,9645,,0,04,2026
2,4102,87,3,1220,15208,1245,1259,,0,04,2026
2,4102,88,3,1220,9143,13,600,,0,04,2026
2,4102,90,3,1220,163935,458,2468,,0,04,2026
2,4102,98,3,1220,405196,139,8132,,0,04,2026
2,4103,17,1,1220,6120,1183,702,,1,04,2026
2,4103,29,3,1220,19635,0,90,,0,04,2026
2,4103,39,1,1220,2960,8,11,,1,04,2026
2,4103,39,3,1220,3243,6,108,,0,04,2026
2,4103,73,9,1220,27484,944,357,,1,04,2026
2,4103,87,8,1220,12000,946,360,,0,04,2026
2,4103,90,3,1220,43114,24,350,,0,04,2026
2,4103,94,9,1220,3103,486,40,,0,04,2026
2,4103,94,9,1220,188930,24125,2458,,1,04,2026
2,4103,98,3,1220,538733,316,1375,,0,04,2026
2,4104,39,3,1220,5482,10,455,,0,04,2026
2,4104,40,3,1220,3081,34,7,,0,04,2026
2,4104,58,3,1220,1326,6,910,,0,04,2026
2,4104,84,3,1220,8711,211,860,,0,04,2026
2,4104,85,3,1220,56520,67,425,,0,04,2026
2,4104,88,3,1220,131856,366,3365,,0,04,2026
2,4104,88,8,1220,9270586,21845,20000,,0,04,2026
2,4104,90,3,1220,32032,13,458,,0,04,2026
2,4104,94,3,1220,540,5,36,,0,04,2026
2,4104,98,3,1220,377258,189,4611,,0,04,2026
2,4104,98,3,1220,17502,5,250,,1,04,2026
2,4105,10,1,1220,7504875,33934115,800,,0,04,2026
2,4105,25,1,1220,769205,209916,10000,,0,04,2026
2,4105,27,7,1220,211965728,364377083,18185221,,0,04,2026
2,4105,27,9,1220,19239373,47841133,696115,,0,04,2026
2,4105,72,1,1220,3123742,6006000,315334,,0,04,2026
2,4105,76,1,1220,32555012,6993929,120762,,0,04,2026
2,4105,84,1,1220,1459115,185799,6741,,0,04,2026
2,4105,87,9,1220,10875,916,1300,,1,04,2026
2,4105,98,3,1220,30000,460,750,,0,04,2026
2,4110,28,3,1220,39500,1,500,,0,04,2026
2,4110,33,3,1220,10788,270,1080,,0,04,2026
2,4110,38,3,1220,21290,36,500,,0,04,2026
2,4110,39,3,1220,6031,235,1638,,0,04,2026
2,4110,39,9,1220,5888,73,77,,0,04,2026
2,4110,39,9,1220,1295,281,16,,1,04,2026
2,4110,40,3,1220,1830,42,209,,0,04,2026
2,4110,40,9,1220,1839,78,10,,0,04,2026
2,4110,73,3,1220,3480,26,1047,,0,04,2026
2,4110,76,9,1220,22949,1587,299,,0,04,2026
2,4110,76,9,1220,38752,2251,502,,1,04,2026
2,4110,84,3,1220,75759,3211,549,,0,04,2026
2,4110,84,5,1220,27967,1513,1272,,0,04,2026
2,4110,84,9,1220,900199,65865,3865,,0,04,2026
2,4110,84,9,1220,27967,3,364,,1,04,2026
2,4110,85,3,1220,132263,961,3520,,0,04,2026
2,4110,85,9,1220,113956,985,1450,,0,04,2026
2,4110,85,9,1220,21651,987,282,,1,04,2026
2,4110,87,3,1220,3819,18,18,,0,04,2026
2,4110,87,9,1220,29703,693,121,,0,04,2026
2,4110,88,3,1220,8062,3,1500,,0,04,2026
2,4110,90,3,1220,51657,14,3913,,0,04,2026
2,4110,94,3,1220,364,1,50,,0,04,2026
2,4110,98,3,1220,1309997,6937,3458,,0,04,2026
2,4110,98,5,1220,42741,388,329,,0,04,2026
2,4110,98,6,1220,188063,8500,8000,,1,04,2026
2,4110,98,9,1220,315892,2124,4107,,0,04,2026
2,4110,98,9,1220,33826,1231,440,,1,04,2026
2,4115,22,5,1220,165920,76700,6,,0,04,2026
2,4115,22,6,1220,1428456,2067138,20418,,0,04,2026
2,4115,22,6,1220,782933,1772438,21,,1,04,2026
2,4115,39,3,1220,1946,19,125,,0,04,2026
2,4115,59,3,1220,453,8,0,,0,04,2026
2,4115,62,3,1220,60966,626,531,,0,04,2026
2,4115,82,3,1220,8710,216,510,,0,04,2026
2,4115,84,3,1220,486020,477,450,,0,04,2026
2,4115,85,1,1220,4199,215,76,,1,04,2026
2,4115,85,3,1220,5642,2,500,,0,04,2026
2,4115,88,3,1220,161648,25,292,,0,04,2026
2,4115,90,3,1220,12512,63,1124,,0,04,2026
2,4115,94,3,1220,20956,46,138,,0,04,2026
2,4115,98,3,1220,85172,377,497,,0,04,2026
2,4115,98,5,1220,7691,437,1,,0,04,2026
2,41XX,01,3,2010,2376,32,197,,0,04,2026
2,41XX,07,3,2010,3810,534,9400,,0,04,2026
2,41XX,10,3,2010,11107,5551,36377,,0,04,2026
2,41XX,12,3,2010,2111,1,75,,0,04,2026
2,41XX,21,3,2010,3638,570,75,,0,04,2026
2,41XX,22,1,2010,2591588,432001,64801,,1,04,2026
2,41XX,22,5,2010,666301,161067,7504,,0,04,2026
2,41XX,22,5,2010,1363691,462640,22,,1,04,2026
2,41XX,22,6,1220,507860,1641573,40,,0,04,2026
2,41XX,22,6,2010,795328,163076,2584,,0,04,2026
2,41XX,22,6,2010,713957,146715,12000,,1,04,2026
2,41XX,22,9,2010,97697,38373,3000,,0,04,2026
2,41XX,24,9,2010,1366737,103079,17767,,1,04,2026
2,41XX,25,1,1220,304066,23867000,10000,,0,04,2026
2,41XX,30,3,2010,1167266,946,2690,,0,04,2026
2,41XX,30,9,2010,2277626,52328,29609,,0,04,2026
2,41XX,32,3,2010,3325,178,948,,0,04,2026
2,41XX,33,3,2010,17130,358,1245,,0,04,2026
2,41XX,34,1,2010,151320,78000,8,,0,04,2026
2,41XX,38,3,2010,17335,19,292,,0,04,2026
2,41XX,39,1,2010,69444,38580,6,,0,04,2026
2,41XX,39,1,2010,682968,348280,45250,,1,04,2026
2,41XX,39,3,2010,874327,27969,96086,,0,04,2026
2,41XX,39,9,2010,3177,75,42,,1,04,2026
2,41XX,40,1,2010,6737,91,135,,1,04,2026
2,41XX,40,3,2010,540823,6190,44162,,0,04,2026
2,41XX,40,3,2010,4550,1,532,,1,04,2026
2,41XX,40,9,2010,2180,1,28,,0,04,2026
2,41XX,40,9,2010,560,7,7,,1,04,2026
2,41XX,41,3,2010,2711,242,914,,0,04,2026
2,41XX,42,3,2010,366326,3986,23006,,0,04,2026
2,41XX,43,3,2010,3011,23,494,,0,04,2026
2,41XX,44,3,2010,5232,306,75,,0,04,2026
2,41XX,48,3,2010,53780,2245,6781,,0,04,2026
2,41XX,49,3,2010,93255,3728,6065,,0,04,2026
2,41XX,51,3,2010,1660,14,157,,0,04,2026
2,41XX,52,3,2010,280,1,1,,0,04,2026
2,41XX,53,3,2010,6373,1275,1,,0,04,2026
2,41XX,54,3,2010,1340,57,744,,0,04,2026
2,41XX,55,3,2010,3666,52,405,,0,04,2026
2,41XX,56,3,2010,11689,88,1151,,0,04,2026
2,41XX,57,3,2010,12762,122,2146,,0,04,2026
2,41XX,58,3,2010,95389,874,5972,,0,04,2026
2,41XX,59,3,2010,37393,541,4253,,0,04,2026
2,41XX,60,3,2010,2254,888,2562,,0,04,2026
2,41XX,61,3,2010,217747,7171,38365,,0,04,2026
2,41XX,62,3,2010,597530,7558,86272,,0,04,2026
2,41XX,63,3,2010,233550,2530,22087,,0,04,2026
2,41XX,64,3,2010,158739,4227,22181,,0,04,2026
2,41XX,65,1,2010,100455,2515,6400,,1,04,2026
2,41XX,65,3,2010,40795,653,10039,,0,04,2026
2,41XX,67,3,2010,3738,17,150,,0,04,2026
2,41XX,68,3,2010,833064,21677,19513,,0,04,2026
2,41XX,69,3,2010,25990,970,441,,0,04,2026
2,41XX,70,3,2010,303609,18246,12834,,0,04,2026
2,41XX,71,3,2010,33057257,874,35577,,0,04,2026
2,41XX,72,3,2010,24269,9949,14785,,0,04,2026
2,41XX,73,3,2010,438731,8479,24092,,0,04,2026
2,41XX,74,3,2010,62419,598,3954,,0,04,2026
2,41XX,75,3,2010,37666,110,458,,0,04,2026
2,41XX,76,1,1220,31430740,8557049,487054,,0,04,2026
2,41XX,76,3,2010,97105,401,8042,,0,04,2026
2,41XX,76,5,1220,17000,204,500,,0,04,2026
2,41XX,81,3,2010,3435,25,350,,0,04,2026
2,41XX,82,3,2010,271020,1018,7107,,0,04,2026
2,41XX,83,3,2010,964169,5563,47313,,0,04,2026
2,41XX,84,1,2010,159201,4035,3561,,1,04,2026
2,41XX,84,3,2010,28146283,176814,584882,,0,04,2026
2,41XX,84,3,2010,2522,63,250,,1,04,2026
2,41XX,84,9,2010,44035,913,573,,0,04,2026
2,41XX,84,9,2010,381772,41124,4964,,1,04,2026
2,41XX,85,1,2010,42551,600,2157,,1,04,2026
2,41XX,85,3,2010,30087257,310084,1352613,,0,04,2026
2,41XX,85,5,2010,245283,10869,2635,,0,04,2026
2,41XX,85,9,2010,1852821,36570,24084,,0,04,2026
2,41XX,85,9,2010,4197393,91865,54560,,1,04,2026
2,41XX,87,1,2010,81009,2004,7810,,1,04,2026
2,41XX,87,3,2010,1171607,100224,130412,,0,04,2026
2,41XX,88,3,2010,507729,1367,21141,,0,04,2026
2,41XX,89,3,2010,8632,5691,2162,,0,04,2026
2,41XX,90,1,2010,18641,158,473,,1,04,2026
2,41XX,90,3,2010,25928287,102545,362990,,0,04,2026
2,41XX,90,5,2010,2141,9,8,,0,04,2026
2,41XX,90,9,2010,51959,220,674,,0,04,2026
2,41XX,90,9,2010,76677,445,995,,1,04,2026
2,41XX,91,3,2010,2580,0,64,,0,04,2026
2,41XX,94,3,2010,411274,28513,95056,,0,04,2026
2,41XX,95,3,2010,64546,7017,2288,,0,04,2026
2,41XX,96,3,2010,692,2,0,,0,04,2026
2,41XX,97,3,2010,459510,2295,4090,,0,04,2026
2,41XX,98,3,2010,14621801,41490,169417,,0,04,2026
2,41XX,98,9,2010,503719,2531,6549,,0,04,2026
2,41XX,98,9,2010,221591,3780,2881,,1,04,2026
2,4504,39,3,1220,88084,3338,920,,0,04,2026
2,4504,40,3,1220,17992,17,492,,0,04,2026
2,4504,70,3,1220,2541,1,50,,0,04,2026
2,4504,83,3,1220,2392,1,55,,0,04,2026
2,4504,84,3,1220,770353,5498,1582,,0,04,2026
2,4504,85,3,1220,204038,390,1269,,0,04,2026
2,4504,86,3,1220,2500,2,1,,0,04,2026
2,4504,88,3,1220,135488,224,985,,0,04,2026
2,4504,90,3,1220,1959721,2477,1031,,0,04,2026
2,4504,90,5,1220,12690,1461,55,,0,04,2026
2,4504,94,3,1220,105918,5447,495,,0,04,2026
2,4504,98,3,1220,1563262,1396,5090,,0,04,2026
2,45XX,09,1,2010,1232840,134951,21000,,1,04,2026
2,45XX,22,5,2010,288128,65732,3200,,0,04,2026
2,45XX,22,6,2010,508744,169300,2400,,1,04,2026
2,45XX,27,9,1220,128840808,287036831,1982165,,0,04,2026
2,45XX,28,3,1220,5718,6,100,,0,04,2026
2,45XX,32,3,1220,4120,40,412,,0,04,2026
2,45XX,39,3,1220,3641,4,857,,0,04,2026
2,45XX,39,3,2010,542,1,2,,0,04,2026
2,45XX,40,1,2010,3636,40,51,,1,04,2026
2,45XX,40,3,1220,2911,2,450,,0,04,2026
2,45XX,40,3,2010,37313,1775,6610,,0,04,2026
2,45XX,56,3,1220,1350,1,343,,0,04,2026
2,45XX,67,1,1220,90195,1414,2500,,1,04,2026
2,45XX,71,3,1220,11394,1,150,,0,04,2026
2,45XX,76,1,2010,72816,19764,3500,,1,04,2026
2,45XX,82,3,1220,6173,33,275,,0,04,2026
2,45XX,83,1,2010,302377,25036,7552,,1,04,2026
2,45XX,83,3,1220,4460,33,556,,0,04,2026
2,45XX,84,1,2010,23352,364,421,,1,04,2026
2,45XX,84,3,1220,37169,643,2836,,0,04,2026
2,45XX,85,1,2010,55844,729,716,,1,04,2026
2,45XX,85,3,1220,72798,241,731,,0,04,2026
2,45XX,85,3,2010,254094,1084,9033,,0,04,2026
2,45XX,87,3,1220,2802,69,75,,0,04,2026
2,45XX,87,3,2010,12657,798,1089,,0,04,2026
2,45XX,87,5,1220,52152,5576,200,,0,04,2026
2,45XX,88,3,1220,44420,30,41,,0,04,2026
2,45XX,88,3,2010,39154,128,130,,0,04,2026
2,45XX,88,5,2010,116800,122,75,,0,04,2026
2,45XX,90,1,2010,4967,1522,75,,1,04,2026
2,45XX,90,3,1220,194468,519,1886,,0,04,2026
2,45XX,90,3,2010,65367,326,3464,,0,04,2026
2,45XX,94,3,1220,21355,576,536,,0,04,2026
2,45XX,98,3,1220,693544,3692,3809,,0,04,2026
2,45XX,98,3,2010,259310,257,3130,,0,04,2026
2,45XX,98,8,2010,5000,1724,500,,0,04,2026
2,49XX,02,1,1220,3396770,1408452,154496,,1,04,2026
2,49XX,03,1,1220,116735,10458,5240,,1,04,2026
2,49XX,04,1,1220,39600,11311,2500,,1,04,2026
2,49XX,04,1,2010,147858,77040,16500,,1,04,2026
2,49XX,07,1,1220,2628030,2968820,128695,,1,04,2026
2,49XX,09,1,2010,11704580,1364665,54300,,1,04,2026
2,49XX,11,1,1220,23412,170808,1200,,0,04,2026
2,49XX,12,1,2010,31782,50030,3500,,1,04,2026
2,49XX,12,3,2010,8764,590,2,,0,04,2026
2,49XX,15,1,1220,822415,762050,47293,,1,04,2026
2,49XX,16,1,1220,299160,168541,26500,,1,04,2026
2,49XX,16,1,2010,67335,19340,6,,1,04,2026
2,49XX,17,1,1220,141401,12579,11647,,1,04,2026
2,49XX,17,1,2010,265250,19980,2502,,1,04,2026
2,49XX,18,1,1220,1439078,294229,113633,,1,04,2026
2,49XX,18,1,2010,31200,4766,4500,,1,04,2026
2,49XX,19,1,1220,1245020,173293,85960,,1,04,2026
2,49XX,19,1,2010,179331,98247,21836,,1,04,2026
2,49XX,20,1,1220,3293546,2229381,260904,,1,04,2026
2,49XX,20,1,2010,624787,273019,21246,,1,04,2026
2,49XX,21,1,2010,1161166,261964,61266,,1,04,2026
2,49XX,22,1,1220,20612,20173,3736,,1,04,2026
2,49XX,22,1,2010,5389983,2541786,92638,,1,04,2026
2,49XX,23,1,1220,19279,22314,4200,,1,04,2026
2,49XX,24,1,2010,157500,2941,1500,,1,04,2026
2,49XX,25,1,1220,60966,129528,15000,,1,04,2026
2,49XX,25,1,2010,44374,131928,9684,,1,04,2026
2,49XX,27,1,1220,85274701,72384615,1040668,,0,04,2026
2,49XX,27,1,1220,394200,340755,17718,,1,04,2026
2,49XX,27,1,2010,14933213,38172452,250000,,0,04,2026
2,49XX,29,1,1220,48724,25143,4316,,1,04,2026
2,49XX,29,1,2010,63875,25522,2,,1,04,2026
2,49XX,31,1,2010,122364,62298,5431,,1,04,2026
2,49XX,32,1,1220,11958,2305,1500,,0,04,2026
2,49XX,32,1,2010,30432,51940,3881,,1,04,2026
2,49XX,33,1,2010,521191,143659,17363,,1,04,2026
2,49XX,33,3,2010,32489,2061,5002,,0,04,2026
2,49XX,34,1,2010,2075263,1551558,108730,,1,04,2026
2,49XX,35,1,2010,2505,806,71,,1,04,2026
2,49XX,38,1,2010,244463,149652,4377,,1,04,2026
2,49XX,39,1,1220,1973,1015,450,,0,04,2026
2,49XX,39,1,1220,498089,95676,13102,,1,04,2026
2,49XX,39,1,2010,3058236,1903014,157778,,1,04,2026
2,49XX,39,3,1220,634,45,1,,0,04,2026
2,49XX,39,3,2010,34107,2394,4277,,0,04,2026
2,49XX,39,5,1220,149415,81397,5,,0,04,2026
2,49XX,39,6,1220,75907,19836,1100,,0,04,2026
2,49XX,39,6,1220,141993,39617,2200,,1,04,2026
2,49XX,40,1,2010,302344,52362,12138,,1,04,2026
2,49XX,42,3,2010,16263,283,1094,,0,04,2026
2,49XX,44,1,1220,41425,40394,6620,,1,04,2026
2,49XX,44,1,2010,4569,790,674,,1,04,2026
2,49XX,45,3,2010,3348,100,470,,0,04,2026
2,49XX,48,1,1220,509607,713249,85126,,1,04,2026
2,49XX,48,1,2010,1219352,426269,76457,,1,04,2026
2,49XX,48,3,1220,26210,2155,313,,0,04,2026
2,49XX,49,3,2010,32849,2978,2000,,0,04,2026
2,49XX,56,1,2010,440367,33641,3800,,1,04,2026
2,49XX,57,1,2010,891,42,65,,1,04,2026
2,49XX,60,1,2010,64304,10123,1244,,1,04,2026
2,49XX,62,1,2010,778,218,126,,1,04,2026
2,49XX,64,3,2010,27291,598,416,,0,04,2026
2,49XX,65,1,2010,15846,1666,1175,,1,04,2026
2,49XX,65,3,2010,1360,12,250,,0,04,2026
2,49XX,68,1,2010,4303,5203,1,,0,04,2026
2,49XX,68,1,2010,506182,1167592,64406,,1,04,2026
2,49XX,69,1,2010,9628,2017,2,,1,04,2026
2,49XX,70,1,2010,1690114,1696819,205698,,1,04,2026
2,49XX,72,1,2010,122401,121256,9767,,1,04,2026
2,49XX,73,1,1220,31973,8606,250,,1,04,2026
2,49XX,73,1,2010,1000942,310001,68308,,1,04,2026
2,49XX,73,3,2010,2126,36,54,,0,04,2026
2,49XX,74,1,2010,15394,962,286,,1,04,2026
2,49XX,76,1,2010,1200433,247825,108245,,1,04,2026
2,49XX,76,5,1220,30052,1109,1500,,1,04,2026
2,49XX,82,1,2010,23117,3630,824,,1,04,2026
2,49XX,83,1,2010,142246,19554,3,,0,04,2026
2,49XX,83,1,2010,599262,60124,7482,,1,04,2026
2,49XX,83,3,1220,7350,134,250,,0,04,2026
2,49XX,84,1,1220,2147228,33820,24200,,1,04,2026
2,49XX,84,1,2010,6714866,835989,458943,,1,04,2026
2,49XX,84,3,1220,14985,127,1779,,0,04,2026
2,49XX,84,3,2010,106083,1866,1239,,0,04,2026
2,49XX,84,5,1220,662501,8498,10933,,0,04,2026
2,49XX,85,1,1220,50319,4485,2887,,1,04,2026
2,49XX,85,1,2010,6852262,772687,131024,,1,04,2026
2,49XX,85,3,1220,66929,713,2976,,0,04,2026
2,49XX,85,3,2010,169433,404,1861,,0,04,2026
2,49XX,85,5,1220,19896,145,327,,0,04,2026
2,49XX,85,5,1220,22384,336,1200,,1,04,2026
2,49XX,87,1,2010,17703905,1332866,412460,,0,04,2026
2,49XX,87,1,2010,247094,27971,23550,,1,04,2026
2,49XX,87,5,2010,221141,17009,13500,,0,04,2026
2,49XX,88,3,1220,4450,1,100,,0,04,2026
2,49XX,89,1,1220,44642,6008,4500,,1,04,2026
2,49XX,89,5,2010,687640,22538,13359,,0,04,2026
2,49XX,90,1,2010,10208,1755,549,,1,04,2026
2,49XX,90,3,1220,2685000,24642,5270,,0,04,2026
2,49XX,90,3,2010,8964,42,900,,0,04,2026
2,49XX,94,1,1220,19760,16059,7,,0,04,2026
2,49XX,94,1,1220,967621,114576,72172,,1,04,2026
2,49XX,94,1,2010,22560,2059,1267,,1,04,2026
2,49XX,94,3,1220,25906,2332,13324,,0,04,2026
2,49XX,96,1,2010,2392,519,110,,1,04,2026
2,49XX,98,1,1220,5699,620,393,,1,04,2026
2,49XX,98,1,2010,1209537,79822,24339,,1,04,2026
2,49XX,98,3,1220,11885,177,1075,,0,04,2026
2,49XX,98,3,2010,7000,4,49,,0,04,2026
2,51XX,20,1,1220,76756,39682,14817,,1,04,2026
2,51XX,22,1,1220,26405,21740,4681,,1,04,2026
2,51XX,22,1,2010,483737,391802,37580,,1,04,2026
2,51XX,40,1,1220,9185,9212,1935,,1,04,2026
2,51XX,61,3,2010,5590,111,2,,0,04,2026
2,51XX,71,3,1220,24297,1,75,,0,04,2026
2,51XX,84,3,2010,27644,101,1,,0,04,2026
2,51XX,85,1,2010,15960,681,1,,0,04,2026
2,51XX,85,3,2010,16272,21,450,,0,04,2026
2,51XX,98,1,1220,2061,32,491,,1,04,2026
2,5201,03,1,2010,130953,15932,6093,,1,04,2026
2,5201,08,1,2010,325825,132564,35000,,1,04,2026
2,5201,09,1,2010,105000,125330,250,,1,04,2026
2,5201,13,1,2010,73014,77280,5000,,1,04,2026
2,5201,17,1,2010,81709,5973,753,,1,04,2026
2,5201,17,9,1220,143986,17010,1,,0,04,2026
2,5201,19,1,2010,412283,262451,13500,,1,04,2026
2,5201,20,1,1220,572300,177793,11,,1,04,2026
2,5201,20,1,2010,563560,350949,3214,,1,04,2026
2,5201,22,1,2010,2693,322,456,,0,04,2026
2,5201,22,1,2010,4400327,3394062,70790,,1,04,2026
2,5201,22,3,2010,97486,2122,200,,0,04,2026
2,5201,22,5,1220,146849,14081,469,,0,04,2026
2,5201,22,5,2010,631986,115510,75643,,0,04,2026
2,5201,22,9,1220,62390,19073,1,,0,04,2026
2,5201,22,9,2010,41639,12341,2,,0,04,2026
2,5201,24,5,1220,358044,31556,3650,,0,04,2026
2,5201,29,1,1220,17131,2175,3026,,1,04,2026
2,5201,29,1,2010,5908,166,1043,,1,04,2026
2,5201,33,1,1220,153730,2126,1469,,1,04,2026
2,5201,33,1,2010,2162694,309125,36864,,1,04,2026
2,5201,33,5,1220,5663,521,999,,0,04,2026
2,5201,34,1,2010,1837746,911393,86661,,1,04,2026
2,5201,34,9,1220,281730,112775,10,,0,04,2026
2,5201,38,1,2010,21260,20800,1971,,1,04,2026
2,5201,39,1,2010,1698414,788155,32638,,1,04,2026
2,5201,39,5,1220,23458,4793,342,,0,04,2026
2,5201,39,9,2010,1536,7,140,,0,04,2026
2,5201,40,1,1220,15666,3638,1235,,1,04,2026
2,5201,40,1,2010,3608,670,231,,1,04,2026
2,5201,40,9,2010,2248,8,212,,0,04,2026
2,5201,44,1,2010,148875,264613,17427,,1,04,2026
2,5201,63,1,2010,6489,427,2,,1,04,2026
2,5201,64,1,2010,49863,1540,1500,,1,04,2026
2,5201,68,1,2010,20465,19170,4634,,1,04,2026
2,5201,69,1,2010,229483,671513,65001,,1,04,2026
2,5201,70,1,2010,109979,292380,6011,,1,04,2026
2,5201,70,5,2010,8385,1095,1,,0,04,2026
2,5201,73,1,2010,55830,11440,8377,,1,04,2026
2,5201,73,3,2010,6400,636,1,,0,04,2026
2,5201,76,5,1220,3772,712,250,,0,04,2026
2,5201,76,9,1220,52574,2419,250,,0,04,2026
2,5201,82,5,1220,79576,1085,1500,,0,04,2026
2,5201,84,1,1220,3373,191,99,,1,04,2026
2,5201,84,1,2010,6195,760,200,,0,04,2026
2,5201,84,1,2010,256593,16292,6171,,1,04,2026
2,5201,84,3,2010,10000,1011,100,,0,04,2026
2,5201,84,5,1220,7043,417,92,,0,04,2026
2,5201,84,5,2010,7390,474,1742,,0,04,2026
2,5201,84,9,1220,31034,14095,4,,0,04,2026
2,5201,84,9,2010,290398,37280,13259,,0,04,2026
2,5201,85,1,1220,12058,6590,123,,1,04,2026
2,5201,85,1,2010,573527,18573,4690,,1,04,2026
2,5201,85,3,2010,128800,1283,10535,,0,04,2026
2,5201,85,5,2010,313105,45170,7991,,0,04,2026
2,5201,85,9,1220,10976,67,2,,0,04,2026
2,5201,85,9,2010,142081,9599,13029,,0,04,2026
2,5201,87,8,1220,7870,2050,1,,0,04,2026
2,5201,87,8,2010,12100,2434,100,,0,04,2026
2,5201,87,9,2010,136255,11798,11327,,0,04,2026
2,5201,89,1,2010,24512,2451,2,,0,04,2026
2,5201,89,1,2010,94438,7260,5,,1,04,2026
2,5201,90,1,1220,10800,220,199,,1,04,2026
2,5201,90,1,2010,324977,14720,4847,,1,04,2026
2,5201,90,5,2010,8946,43,500,,0,04,2026
2,5201,94,1,2010,15382,1603,1800,,0,04,2026
2,5201,95,1,2010,3531,12,9,,1,04,2026
2,5201,95,5,1220,24667,3178,250,,0,04,2026
2,5201,98,1,2010,202648,51324,2834,,0,04,2026
2,5201,98,1,2010,8500,15423,288,,1,04,2026
2,5201,98,3,2010,2030,5,38,,0,04,2026
2,5201,98,5,1220,25200,1012,100,,0,04,2026
2,5201,98,5,2010,6759266,2067029,898715,,0,04,2026
2,5201,98,8,1220,177740,19640,500,,0,04,2026
2,5203,03,1,2010,655058,71217,16584,,1,04,2026
2,5203,22,1,2010,144424,164613,17149,,1,04,2026
2,5203,25,1,2010,891315,7503918,252207,,0,04,2026
2,5203,30,1,2010,14885,425,0,,1,04,2026
2,5203,33,1,2010,132577,33330,4000,,1,04,2026
2,5203,34,1,2010,96716,37077,0,,1,04,2026
2,5203,39,1,2010,42818,997,108,,1,04,2026
2,5203,40,1,2010,86595,17018,5132,,1,04,2026
2,5203,56,1,2010,3081,202,0,,1,04,2026
2,5203,62,1,2010,499,7,0,,1,04,2026
2,5203,63,1,2010,128079,2884,0,,1,04,2026
2,5203,68,1,2010,337568,69650,17036,,1,04,2026
2,5203,84,1,2010,3000,18,54,,0,04,2026
2,5203,84,1,2010,102284,12549,1349,,1,04,2026
2,5203,84,9,2010,354630,6273,7092,,0,04,2026
2,5203,85,1,2010,13841,9,188,,0,04,2026
2,5203,85,1,2010,92676,10108,2019,,1,04,2026
2,5203,87,1,2010,17213,3821,822,,1,04,2026
2,5203,90,1,2010,145361,9489,94,,1,04,2026
2,5203,98,1,2010,25736,1781,1781,,0,04,2026
2,5203,98,3,2010,19237,7,7,,0,04,2026
2,52XX,01,3,2010,2388,45,1740,,0,04,2026
2,52XX,01,8,2010,2500,25,1000,,0,04,2026
2,52XX,03,3,1220,320954,29514,13000,,0,04,2026
2,52XX,03,3,2010,7058610,517377,759324,,0,04,2026
2,52XX,06,3,2010,232743,5102,23526,,0,04,2026
2,52XX,07,1,1220,18900,26234,5501,,1,04,2026
2,52XX,07,3,2010,37050,5179,6278,,0,04,2026
2,52XX,09,3,2010,83097,4260,26911,,0,04,2026
2,52XX,12,3,2010,746768,90094,227701,,0,04,2026
2,52XX,16,3,1220,64958,727,2918,,0,04,2026
2,52XX,16,3,2010,25560,1040,1674,,0,04,2026
2,52XX,17,9,1220,353071,36287,900,,0,04,2026
2,52XX,18,3,1220,3764,776,375,,0,04,2026
2,52XX,20,1,1220,6327186,3728321,143825,,1,04,2026
2,52XX,22,1,2010,265932,36630,3,,1,04,2026
2,52XX,22,5,2010,45700,6296,350,,0,04,2026
2,52XX,24,3,2010,8645,105,1784,,0,04,2026
2,52XX,24,5,2010,99156,1143,1697,,0,04,2026
2,52XX,27,1,1220,265905,1657824,170375,,1,04,2026
2,52XX,30,8,1220,34093,2,1500,,0,04,2026
2,52XX,32,3,1220,2361,18,500,,0,04,2026
2,52XX,33,3,1220,78499,2537,7137,,0,04,2026
2,52XX,33,5,1220,124678,9954,2424,,0,04,2026
2,52XX,34,5,1220,68221,5446,1326,,0,04,2026
2,52XX,38,3,1220,18777,2,200,,0,04,2026
2,52XX,39,1,1220,625,14,42,,1,04,2026
2,52XX,39,3,1220,6397,21,652,,0,04,2026
2,52XX,39,3,2010,39625,1652,3756,,0,04,2026
2,52XX,40,1,1220,332,30,5,,1,04,2026
2,52XX,40,3,2010,12506,140,2983,,0,04,2026
2,52XX,42,3,2010,10286,40,0,,0,04,2026
2,52XX,48,3,2010,87038,3543,11086,,0,04,2026
2,52XX,49,3,2010,15475,431,2153,,0,04,2026
2,52XX,56,3,2010,315,10,0,,0,04,2026
2,52XX,58,3,2010,3551,31,500,,0,04,2026
2,52XX,61,3,1220,649,3,597,,0,04,2026
2,52XX,61,3,2010,2777643,49154,158877,,0,04,2026
2,52XX,62,3,2010,7191,317,429,,0,04,2026
2,52XX,63,3,2010,17867,668,2049,,0,04,2026
2,52XX,64,3,2010,1880,6,34,,0,04,2026
2,52XX,65,3,2010,23419,797,3895,,0,04,2026
2,52XX,67,3,1220,32640,779,10,,0,04,2026
2,52XX,68,3,2010,271481,1227,4565,,0,04,2026
2,52XX,69,3,2010,540566,10519,37287,,0,04,2026
2,52XX,70,3,2010,27985,508,1046,,0,04,2026
2,52XX,71,3,1220,258508,4,1304,,0,04,2026
2,52XX,71,3,2010,56673083,1036,99747,,0,04,2026
2,52XX,71,8,2010,22052,6,1119,,0,04,2026
2,52XX,73,3,1220,24021,14,320,,0,04,2026
2,52XX,74,3,2010,7695,1,5,,0,04,2026
2,52XX,75,3,1220,5260,18,104,,0,04,2026
2,52XX,76,3,1220,10879,440,432,,0,04,2026
2,52XX,76,3,2010,3428,1,69,,0,04,2026
2,52XX,82,3,1220,56465,229,170,,0,04,2026
2,52XX,83,3,1220,21915,40,171,,0,04,2026
2,52XX,83,3,2010,2710,12,450,,0,04,2026
2,52XX,84,1,1220,4950,8,100,,0,04,2026
2,52XX,84,3,1220,30663666,19318,139314,,0,04,2026
2,52XX,84,3,2010,10076118,17837,141128,,0,04,2026
2,52XX,84,5,1220,2158,125,50,,0,04,2026
2,52XX,85,3,1220,1771702,1437,7672,,0,04,2026
2,52XX,85,3,1220,14173,6,408,,1,04,2026
2,52XX,85,3,2010,1767739,20632,84358,,0,04,2026
2,52XX,85,8,2010,12752,70,400,,0,04,2026
2,52XX,87,1,1220,2178,178,24,,1,04,2026
2,52XX,87,1,2010,6429,335,448,,1,04,2026
2,52XX,87,3,1220,22740,601,2203,,0,04,2026
2,52XX,87,3,2010,185608,13167,35194,,0,04,2026
2,52XX,87,8,1220,22670,6197,2500,,0,04,2026
2,52XX,87,8,2010,7210,1657,502,,0,04,2026
2,52XX,88,3,1220,863869,1240,21573,,0,04,2026
2,52XX,88,3,2010,268345,215,1311,,0,04,2026
2,52XX,88,8,1220,9000000,12473,20000,,0,04,2026
2,52XX,89,1,1220,60000,10659,1000,,0,04,2026
2,52XX,90,3,1220,1257622,6093,4853,,0,04,2026
2,52XX,90,3,2010,605863,1242,10518,,0,04,2026
2,52XX,90,5,1220,17492,26,30,,0,04,2026
2,52XX,94,3,1220,10226,1103,46,,0,04,2026
2,52XX,94,3,2010,59160,2934,5769,,0,04,2026
2,52XX,95,1,1220,2517,280,280,,1,04,2026
2,52XX,96,1,1220,34958,6649,1,,1,04,2026
2,52XX,96,3,2010,16264,2219,34,,0,04,2026
2,52XX,97,3,1220,688096,80,1,,0,04,2026
2,52XX,98,1,1220,12000,1551,1000,,0,04,2026
2,52XX,98,1,1220,70514,8910,678,,1,04,2026
2,52XX,98,1,2010,33250,1912,2,,0,04,2026
2,52XX,98,3,1220,5490210,14981,43735,,0,04,2026
2,52XX,98,3,2010,37095423,33280,142704,,0,04,2026
2,52XX,98,5,1220,333266,1,1060,,0,04,2026
2,52XX,98,5,2010,37320,1101,341,,0,04,2026
2,52XX,98,8,1220,22660,5080,752,,0,04,2026
2,52XX,98,8,2010,2864077,5,110,,0,04,2026
2,5301,03,1,2010,186048,16547,5000,,0,04,2026
2,5301,03,1,2010,1364058,140787,42739,,1,04,2026
2,5301,04,1,2010,147100,59677,1863,,1,04,2026
2,5301,09,1,2010,7843908,1071243,85482,,1,04,2026
2,5301,12,3,2010,89255,6431,8,,0,04,2026
2,5301,15,1,2010,40051,40430,5000,,1,04,2026
2,5301,17,1,2010,1999462,18176923,1,,0,04,2026
2,5301,20,1,2010,5600,4069,1207,,1,04,2026
2,5301,22,1,2010,3272080,3575593,404595,,1,04,2026
2,5301,22,5,2010,26896,19440,25,,0,04,2026
2,5301,25,1,2010,3812520,8132775,63364,,0,04,2026
2,5301,27,1,1220,30217361,52175190,3515351,,0,04,2026
2,5301,27,1,1220,2034,476,114,,1,04,2026
2,5301,27,1,2010,286499902,472932298,15240837,,0,04,2026
2,5301,27,7,1220,124430310,207959716,12708177,,0,04,2026
2,5301,29,1,2010,5382384,6663917,240003,,0,04,2026
2,5301,29,1,2010,878750,826481,81508,,1,04,2026
2,5301,39,1,1220,5015,12465,1986,,1,04,2026
2,5301,39,1,2010,39178,46693,5034,,1,04,2026
2,5301,39,9,1220,158464,200245,3170,,0,04,2026
2,5301,40,1,1220,397,1,7,,1,04,2026
2,5301,40,1,2010,765,20,12,,1,04,2026
2,5301,63,1,1220,255,46,101,,1,04,2026
2,5301,68,1,2010,37595,13000,1250,,1,04,2026
2,5301,69,1,2010,34282,102149,6999,,1,04,2026
2,5301,70,1,2010,21301,41099,14010,,1,04,2026
2,5301,72,9,1220,43095,12400,2500,,0,04,2026
2,5301,73,1,1220,3343,15,60,,1,04,2026
2,5301,73,1,2010,7489788,4897214,171260,,0,04,2026
2,5301,73,1,2010,1021592,294725,30512,,1,04,2026
2,5301,73,9,1220,3230525,155708,64610,,0,04,2026
2,5301,73,9,1220,68161,20630,886,,1,04,2026
2,5301,73,9,2010,94096,11526,1301,,0,04,2026
2,5301,76,1,2010,74659,19920,4393,,1,04,2026
2,5301,83,1,2010,5504,52,63,,1,04,2026
2,5301,84,1,1220,29494,2542,1373,,1,04,2026
2,5301,84,1,2010,122636,14104,2238,,1,04,2026
2,5301,84,9,1220,10439572,714045,208792,,0,04,2026
2,5301,84,9,2010,465205,17527,2206,,0,04,2026
2,5301,85,1,1220,1830522,124601,31900,,1,04,2026
2,5301,85,1,2010,324727,3015,2705,,1,04,2026
2,5301,86,8,1220,9840,1,50,,0,04,2026
2,5301,87,1,2010,2779,361,52,,1,04,2026
2,5301,87,5,1220,43970,3665,50,,0,04,2026
2,5301,87,8,1220,23910,3665,50,,0,04,2026
2,5301,87,8,2010,12186,2226,50,,0,04,2026
2,5301,94,1,1220,1251,23,19,,1,04,2026
2,5301,94,1,2010,541678,310119,64271,,1,04,2026
2,5301,98,1,2010,6614613,10220842,220000,,0,04,2026
2,5301,98,5,1220,20000,1500,2500,,0,04,2026
2,5301,98,5,2010,142090,28603,150,,0,04,2026
2,53XX,03,3,1220,39420,2107,6750,,0,04,2026
2,53XX,09,3,2010,20257,4105,4711,,0,04,2026
2,53XX,12,3,2010,79524,10611,24343,,0,04,2026
2,53XX,26,1,1220,27049228,217441960,3531627,,0,04,2026
2,53XX,27,1,1220,11277,358000,2255,,0,04,2026
2,53XX,27,1,2010,178182303,357413519,7483163,,0,04,2026
2,53XX,28,3,1220,1941277,77,1000,,0,04,2026
2,53XX,30,3,2010,167835,3983,3000,,0,04,2026
2,53XX,30,8,2010,87120,4,3000,,0,04,2026
2,53XX,33,3,1220,30691,95,528,,0,04,2026
2,53XX,39,3,1220,67019,182,1775,,0,04,2026
2,53XX,39,3,2010,435759,3438,44400,,0,04,2026
2,53XX,40,3,1220,16340,35,152,,0,04,2026
2,53XX,40,3,2010,15232,2194,11020,,0,04,2026
2,53XX,40,8,2010,10283,153,3400,,0,04,2026
2,53XX,42,8,2010,1280,10,400,,0,04,2026
2,53XX,49,3,1220,23501,26,67,,0,04,2026
2,53XX,49,3,2010,177313,5655,14387,,0,04,2026
2,53XX,56,8,2010,13358,34,300,,0,04,2026
2,53XX,70,3,1220,6790,1209,300,,0,04,2026
2,53XX,71,3,2010,12515,3,833,,0,04,2026
2,53XX,71,8,2010,344895,5,350,,0,04,2026
2,53XX,73,3,1220,11978,678,1049,,0,04,2026
2,53XX,73,5,1220,24650,461,1266,,0,04,2026
2,53XX,73,5,2010,189555,21306,4500,,0,04,2026
2,53XX,73,8,2010,5822,12,500,,0,04,2026
2,53XX,82,3,2010,3000,83,100,,0,04,2026
2,53XX,83,3,1220,5720,54,150,,0,04,2026
2,53XX,83,8,2010,11630,250,5000,,0,04,2026
2,53XX,84,3,1220,3468613,6707,110713,,0,04,2026
2,53XX,84,3,2010,25068432,44056,25109,,0,04,2026
2,53XX,84,5,1220,29888,200,200,,0,04,2026
2,53XX,84,8,2010,5932,109,500,,0,04,2026
2,53XX,85,1,2010,2334,11,21,,0,04,2026
2,53XX,85,3,1220,1336790,3261,10066,,0,04,2026
2,53XX,85,3,2010,28622741,62406,2734336,,0,04,2026
2,53XX,85,8,2010,508387,7916,48346,,0,04,2026
2,53XX,87,1,2010,34279541,2327026,554884,,0,04,2026
2,53XX,87,8,2010,98505,28724,11718,,0,04,2026
2,53XX,88,3,2010,8000,177,1002,,0,04,2026
2,53XX,90,3,1220,1246500,1885,30735,,0,04,2026
2,53XX,90,3,1220,183875,2249,16618,,1,04,2026
2,53XX,90,3,2010,222641,623,13702,,0,04,2026
2,53XX,94,3,2010,1242,60,1500,,0,04,2026
2,53XX,94,5,1220,61021,1398,200,,0,04,2026
2,53XX,94,8,2010,68365,6508,8041,,0,04,2026
2,53XX,97,3,2010,12200,136,2198,,0,04,2026
2,53XX,98,1,2010,1854995,713266,12914,,0,04,2026
2,53XX,98,1,2010,3900,6,300,,1,04,2026
2,53XX,98,3,1220,2168028,1650,6763,,0,04,2026
2,53XX,98,3,2010,747503,2985,8847,,0,04,2026
2,53XX,98,5,1220,2880,87,148,,0,04,2026
2,53XX,98,8,2010,27418,48,1000,,0,04,2026
2,54XX,05,3,1220,44682,30,1723,,0,04,2026
2,54XX,12,3,2010,9880,1423,2777,,0,04,2026
2,54XX,29,3,1220,2573,11,250,,0,04,2026
2,54XX,30,3,1220,88000,534,1502,,0,04,2026
2,54XX,30,8,1220,34093,2,1500,,0,04,2026
2,54XX,38,3,1220,5341,17,117,,0,04,2026
2,54XX,39,3,1220,29716,1308,525,,0,04,2026
2,54XX,40,3,1220,748,2,150,,0,04,2026
2,54XX,40,3,2010,3200,5,5,,0,04,2026
2,54XX,76,3,1220,2593,5,10,,0,04,2026
2,54XX,82,3,1220,50090,101,250,,0,04,2026
2,54XX,84,3,1220,10891765,7821,7585,,0,04,2026
2,54XX,84,3,2010,85948,1989,3439,,0,04,2026
2,54XX,84,8,2010,4584,2,138,,0,04,2026
2,54XX,85,3,1220,1043140,2762,12681,,0,04,2026
2,54XX,85,3,2010,154137,1080,1839,,0,04,2026
2,54XX,85,5,1220,5320,16,150,,0,04,2026
2,54XX,85,8,2010,10226,130,900,,0,04,2026
2,54XX,88,3,1220,741949,198,2385,,0,04,2026
2,54XX,90,3,1220,137665,646,422,,0,04,2026
2,54XX,94,3,1220,1270,11,158,,0,04,2026
2,54XX,97,3,1220,4930,11,3,,0,04,2026
2,54XX,98,3,1220,138023,474,1180,,0,04,2026
2,54XX,98,3,2010,379575,662,888,,0,04,2026
2,5501,07,3,2010,55166,2740,9022,,0,04,2026
2,5501,09,3,2010,6660,750,1759,,0,04,2026
2,5501,12,3,2010,276884,38572,83269,,0,04,2026
2,5501,22,5,2010,19487,2684,1052,,0,04,2026
2,5501,24,5,2010,142598,1487,1500,,0,04,2026
2,5501,30,8,2010,92320,4,3000,,0,04,2026
2,5501,39,3,2010,8514,134,864,,0,04,2026
2,5501,39,5,2010,243537,9617,2504,,0,04,2026
2,5501,39,9,2010,141082,47524,9055,,0,04,2026
2,5501,40,3,2010,20473,78,3288,,0,04,2026
2,5501,40,5,2010,68283,2821,2863,,0,04,2026
2,5501,41,5,2010,14070,1142,130,,0,04,2026
2,5501,42,5,2010,1872,10,80,,0,04,2026
2,5501,48,9,2010,327180,368426,16500,,0,04,2026
2,5501,55,3,2010,19163,1138,3500,,0,04,2026
2,5501,55,5,2010,9142,175,186,,0,04,2026
2,5501,58,5,2010,16847,294,313,,0,04,2026
2,5501,58,5,2010,9789,14,1,,1,04,2026
2,5501,61,3,2010,20310,213,3,,1,04,2026
2,5501,62,5,2010,25929,8869,728,,0,04,2026
2,5501,63,5,2010,189740,1850,2300,,0,04,2026
2,5501,64,3,2010,1220,47,0,,0,04,2026
2,5501,64,3,2010,1811,20,1,,1,04,2026
2,5501,64,5,2010,100824,2035,6416,,0,04,2026
2,5501,65,3,2010,3174,3,450,,0,04,2026
2,5501,65,5,2010,51572,5088,4497,,0,04,2026
2,5501,70,1,2010,2568,493,1,,1,04,2026
2,5501,70,3,2010,5461,11,136,,0,04,2026
2,5501,70,5,2010,303013,966,1645,,0,04,2026
2,5501,71,3,2010,49587,2,1400,,0,04,2026
2,5501,73,3,2010,9698,5,27,,0,04,2026
2,5501,73,5,2010,35093,791,2482,,0,04,2026
2,5501,75,3,2010,10966,2,3,,0,04,2026
2,5501,76,5,2010,17300,550,2750,,0,04,2026
2,5501,83,3,2010,11142,42,101,,0,04,2026
2,5501,83,5,2010,14749,2298,1565,,0,04,2026
2,5501,84,1,2010,97250,1827,23,,1,04,2026
2,5501,84,3,2010,3722891,20823,40459,,0,04,2026
2,5501,84,5,2010,3194038,19537,23951,,0,04,2026
2,5501,84,5,2010,26600,57,500,,1,04,2026
2,5501,85,1,2010,5853,13,122,,1,04,2026
2,5501,85,3,2010,2711037,16358,117096,,0,04,2026
2,5501,85,3,2010,6408,41,387,,1,04,2026
2,5501,85,5,2010,2384616,72184,29458,,0,04,2026
2,5501,85,9,2010,5333211,3884372,6678,,0,04,2026
2,5501,87,1,2010,5759,216,208,,1,04,2026
2,5501,87,3,2010,19495,3409,15759,,0,04,2026
2,5501,88,3,2010,314673,84,5280,,0,04,2026
2,5501,88,5,2010,762535,4235,3763,,0,04,2026
2,5501,88,8,2010,4457,5,55,,0,04,2026
2,5501,90,1,2010,2766,69,53,,1,04,2026
2,5501,90,3,2010,192720,1460,7547,,0,04,2026
2,5501,90,5,2010,691120,18082,7761,,0,04,2026
2,5501,90,9,2010,12705,38,150,,0,04,2026
2,5501,94,3,2010,58108,7375,14026,,0,04,2026
2,5501,94,5,2010,52295,2151,2250,,0,04,2026
2,5501,94,8,2010,361,5,50,,0,04,2026
2,5501,94,9,2010,7416,48,149,,0,04,2026
2,5501,95,9,2010,102272217,9971229,1854249,,0,04,2026
2,5501,96,5,2010,3851,369,1005,,0,04,2026
2,5501,97,3,2010,104583,311,2472,,0,04,2026
2,5501,98,3,2010,620356,3497,23467,,0,04,2026
2,5501,98,5,2010,92632,1437,1941,,0,04,2026
2,5501,98,8,2010,57814,32,100,,0,04,2026
2,5501,98,9,2010,838201,24058,1309,,0,04,2026
2,55XX,22,5,1220,39610,62209,6000,,0,04,2026
2,55XX,22,5,2010,44246,18200,800,,0,04,2026
2,55XX,27,7,1220,972267887,1783270480,47330097,,0,04,2026
2,55XX,32,5,1220,373440,441,1279,,0,04,2026
2,55XX,33,1,1220,12534,141,166,,1,04,2026
2,55XX,33,3,1220,19651,81,316,,0,04,2026
2,55XX,34,3,1220,37555,15388,750,,0,04,2026
2,55XX,39,3,1220,130652,5767,5720,,0,04,2026
2,55XX,39,5,1220,50294,834,2882,,0,04,2026
2,55XX,39,5,2010,15132,1301,35,,0,04,2026
2,55XX,40,3,1220,98932,2327,7024,,0,04,2026
2,55XX,40,3,2010,13466,133,202,,0,04,2026
2,55XX,40,5,1220,198582,12920,168,,0,04,2026
2,55XX,59,3,1220,663,3,50,,0,04,2026
2,55XX,61,3,1220,272,1,0,,0,04,2026
2,55XX,62,3,1220,1441,9,20,,0,04,2026
2,55XX,63,3,1220,1606,2,161,,0,04,2026
2,55XX,70,5,1220,10910,511,484,,0,04,2026
2,55XX,71,3,2010,126647,5,2500,,0,04,2026
2,55XX,73,3,1220,110956,51,2753,,0,04,2026
2,55XX,73,5,1220,35920,25,17,,0,04,2026
2,55XX,74,3,1220,5256,134,1,,0,04,2026
2,55XX,75,3,2010,2190,3,16,,0,04,2026
2,55XX,76,3,1220,102782,5430,3232,,0,04,2026
2,55XX,76,5,1220,65802,1516,1620,,0,04,2026
2,55XX,81,3,1220,7600,11,100,,0,04,2026
2,55XX,82,3,1220,6988,1996,2932,,0,04,2026
2,55XX,83,3,1220,164564,154,2652,,0,04,2026
2,55XX,83,3,1220,17552,17,500,,1,04,2026
2,55XX,83,3,2010,2926,1,292,,0,04,2026
2,55XX,83,5,1220,211755,1187,129,,0,04,2026
2,55XX,84,1,1220,2306,29,48,,1,04,2026
2,55XX,84,3,1220,51224041,36876,264900,,0,04,2026
2,55XX,84,3,1220,18204,1,250,,1,04,2026
2,55XX,84,3,2010,541653,4298,12230,,0,04,2026
2,55XX,84,5,1220,853742,2571,938,,0,04,2026
2,55XX,85,3,1220,2663231,2700,23305,,0,04,2026
2,55XX,85,3,2010,108954,838,11535,,0,04,2026
2,55XX,85,5,1220,322412,2182,1693,,0,04,2026
2,55XX,85,5,2010,2770222,16944,5720,,0,04,2026
2,55XX,85,9,1220,6968,333,150,,0,04,2026
2,55XX,87,3,2010,40760,4525,4459,,0,04,2026
2,55XX,87,8,2010,37500,3318,100,,0,04,2026
2,55XX,88,1,1220,5410,1,16,,1,04,2026
2,55XX,88,3,1220,6499702,4775,30535,,0,04,2026
2,55XX,88,3,1220,4568,1,500,,1,04,2026
2,55XX,88,5,1220,2007419,1890,5672,,0,04,2026
2,55XX,90,3,1220,20389986,79730,58040,,0,04,2026
2,55XX,90,3,1220,91160,422,500,,1,04,2026
2,55XX,90,3,2010,149258,419,2106,,0,04,2026
2,55XX,90,5,1220,564819,106,111,,0,04,2026
2,55XX,90,5,2010,103543,1223,245,,0,04,2026
2,55XX,93,3,1220,79628,300,1728,,0,04,2026
2,55XX,93,5,1220,27276,289,100,,0,04,2026
2,55XX,94,3,1220,30549,779,3696,,0,04,2026
2,55XX,94,5,1220,494,76,1,,0,04,2026
2,55XX,96,3,1220,6950,7,5000,,0,04,2026
2,55XX,98,3,1220,4889411,8260,71371,,0,04,2026
2,55XX,98,3,2010,943162,5212,65721,,0,04,2026
2,55XX,98,5,1220,9690352,17925,4972,,0,04,2026
2,55XX,98,5,2010,17528,67473,5,,0,04,2026
2,55XX,98,8,1220,4000,310,1000,,0,04,2026
2,55XX,98,8,2010,11300000,8029,15000,,0,04,2026
2,60XX,89,8,1220,593059,40217,3994,,0,04,2026
2,70XX,99,8,1220,236916626,0,0,,0,04,2026
2,70XX,99,8,2010,238089668,0,0,,0,04,2026
