TRDTYPE,DEPE,COMMODITY2,DISAGMOT,COUNTRY,VALUE,SHIPWT,FREIGHT_CHARGES,DF,CONTCODE,MONTH,YEAR
1,0101,26,5,1220,22052,0,2943,1,X,01,2026
1,0101,27,5,1220,2854,0,230,1,X,01,2026
1,0101,29,5,1220,7083,0,857,1,X,01,2026
1,0101,32,5,1220,39246,0,3600,1,X,01,2026
1,0101,32,5,1220,9815,0,260,2,X,01,2026
1,0101,34,5,1220,2950,0,222,1,X,01,2026
1,0101,35,5,1220,168171,0,15904,1,X,01,2026
1,0101,39,5,1220,236501,0,15860,1,X,01,2026
1,0101,39,5,1220,22630,0,1831,2,X,01,2026
1,0101,40,5,1220,710095,0,35593,1,X,01,2026
1,0101,44,5,1220,19962,0,2110,1,X,01,2026
1,0101,45,5,1220,5294,0,129,2,X,01,2026
1,0101,47,5,1220,23889,0,2227,1,X,01,2026
1,0101,48,5,1220,121646,0,6746,1,X,01,2026
1,0101,48,5,1220,6553,0,752,2,X,01,2026
1,0101,49,5,1220,7120,0,240,1,X,01,2026
1,0101,56,5,1220,6826,0,664,1,X,01,2026
1,0101,56,5,1220,9223,0,688,2,X,01,2026
1,0101,57,5,1220,25772,0,952,1,X,01,2026
1,0101,58,5,1220,6195,0,566,1,X,01,2026
1,0101,59,5,1220,10016,0,538,1,X,01,2026
1,0101,61,5,1220,35292,0,2104,2,X,01,2026
1,0101,62,5,1220,30122,0,1445,2,X,01,2026
1,0101,68,5,1220,287757,0,31193,1,X,01,2026
1,0101,68,5,1220,3422,0,130,2,X,01,2026
1,0101,70,5,1220,29189,0,1558,1,X,01,2026
1,0101,71,5,1220,21543,0,260,1,X,01,2026
1,0101,72,5,1220,24475,0,2956,1,X,01,2026
1,0101,73,5,1220,513304,0,36668,1,X,01,2026
1,0101,73,5,1220,166006,0,9671,2,X,01,2026
1,0101,74,5,1220,8442,0,260,1,X,01,2026
1,0101,74,5,1220,10591,0,260,2,X,01,2026
1,0101,76,5,1220,132135,0,14609,1,X,01,2026
1,0101,81,5,1220,5393,0,0,2,X,01,2026
1,0101,82,5,1220,14071,0,131,1,X,01,2026
1,0101,83,5,1220,5706,0,260,1,X,01,2026
1,0101,84,5,1220,692617,0,22801,1,X,01,2026
1,0101,84,5,1220,788436,0,28555,2,X,01,2026
1,0101,85,5,1220,472549,0,6567,1,X,01,2026
1,0101,85,5,1220,368310,0,4620,2,X,01,2026
1,0101,86,5,1220,2793,0,205,1,X,01,2026
1,0101,87,5,1220,52797,0,1677,1,X,01,2026
1,0101,87,5,1220,13955,0,563,2,X,01,2026
1,0101,88,5,1220,2184238,0,6488,1,X,01,2026
1,0101,88,5,1220,70957,0,1885,2,X,01,2026
1,0101,90,5,1220,79357,0,1374,1,X,01,2026
1,0101,90,5,1220,21920,0,128,2,X,01,2026
1,0101,94,5,1220,6602,0,260,1,X,01,2026
1,0101,95,5,1220,4438,0,130,1,X,01,2026
1,0102,72,6,1220,78728,0,1957,1,X,01,2026
1,0103,03,8,1220,22194,0,486,1,X,01,2026
1,0103,69,5,1220,3433,0,121,1,X,01,2026
1,0103,84,5,1220,6726,0,200,1,X,01,2026
1,0104,01,5,1220,223241,0,4320,1,X,01,2026
1,0104,08,5,1220,36795,0,2344,1,X,01,2026
1,0104,17,5,1220,211984,0,10534,1,X,01,2026
1,0104,19,5,1220,46155,0,2285,1,X,01,2026
1,0104,21,5,1220,252647,0,251,1,X,01,2026
1,0104,25,5,1220,17995,0,350,1,X,01,2026
1,0104,28,5,1220,49889,0,6534,1,X,01,2026
1,0104,29,5,1220,31337,0,614,1,X,01,2026
1,0104,31,5,1220,23507,0,2951,1,X,01,2026
1,0104,32,5,1220,2693,0,94,1,X,01,2026
1,0104,35,5,1220,2788,0,138,1,X,01,2026
1,0104,38,5,1220,75978,0,1356,1,X,01,2026
1,0104,39,5,1220,162564,0,3376,1,X,01,2026
1,0104,39,5,1220,9836,0,334,2,X,01,2026
1,0104,40,5,1220,11471,0,245,1,X,01,2026
1,0104,40,5,1220,5905,0,126,2,X,01,2026
1,0104,44,5,1220,11025066,0,213624,1,X,01,2026
1,0104,44,6,1220,35055,0,216,1,X,01,2026
1,0104,47,5,1220,566750,0,10422,1,X,01,2026
1,0104,48,5,1220,3931346,0,251205,1,X,01,2026
1,0104,48,5,1220,2605,0,83,2,X,01,2026
1,0104,48,6,1220,177527,0,2134,1,X,01,2026
1,0104,54,5,1220,25409,0,363,1,X,01,2026
1,0104,55,5,1220,7588,0,99,1,X,01,2026
1,0104,59,5,1220,26331,0,515,1,X,01,2026
1,0104,68,5,1220,329476,0,15666,1,X,01,2026
1,0104,69,5,1220,10811,0,314,1,X,01,2026
1,0104,70,5,1220,3224,0,76,2,X,01,2026
1,0104,72,5,1220,140914,0,3876,1,X,01,2026
1,0104,72,6,1220,634051,0,15751,1,X,01,2026
1,0104,73,5,1220,19287,0,378,1,X,01,2026
1,0104,74,5,1220,103893,0,2312,1,X,01,2026
1,0104,76,5,1220,3774,0,82,1,X,01,2026
1,0104,83,5,1220,8643,0,216,1,X,01,2026
1,0104,84,5,1220,169956,0,3662,1,X,01,2026
1,0104,84,5,1220,1102942,0,32076,2,X,01,2026
1,0104,85,5,1220,24828,0,508,1,X,01,2026
1,0104,85,5,1220,8163,0,153,2,X,01,2026
1,0104,87,5,1220,932859,0,24730,1,X,01,2026
1,0104,87,5,1220,18863,0,487,2,X,01,2026
1,0104,94,5,1220,14550,0,554,1,X,01,2026
1,0104,94,5,1220,2726,0,79,2,X,01,2026
1,0105,27,6,1220,340870,0,3373,1,X,01,2026
1,0105,28,6,1220,67690,0,144,1,X,01,2026
1,0105,38,6,1220,131781,0,2582,1,X,01,2026
1,0105,44,5,1220,7552,0,148,1,X,01,2026
1,0105,44,6,1220,521288,0,12384,1,X,01,2026
1,0105,48,5,1220,34169,0,2178,1,X,01,2026
1,0105,68,6,1220,1327219,0,63155,1,X,01,2026
1,0106,01,5,1220,109730,0,542,1,X,01,2026
1,0106,03,5,1220,246134,0,9264,1,X,01,2026
1,0106,03,5,1220,1104509,0,15140,2,X,01,2026
1,0106,04,5,1220,311637,0,2491,1,X,01,2026
1,0106,05,5,1220,494084,0,20467,1,X,01,2026
1,0106,06,5,1220,67330,0,63,1,X,01,2026
1,0106,06,5,1220,267151,0,240,2,X,01,2026
1,0106,07,5,1220,291403,0,12890,1,X,01,2026
1,0106,08,5,1220,251656,0,8028,1,X,01,2026
1,0106,08,5,1220,1681915,0,32602,2,X,01,2026
1,0106,09,5,1220,2810,0,55,1,X,01,2026
1,0106,12,5,1220,218015,0,25742,1,X,01,2026
1,0106,12,5,1220,51405,0,46,2,X,01,2026
1,0106,15,5,1220,61405,0,607,1,X,01,2026
1,0106,18,5,1220,6321,0,214,1,X,01,2026
1,0106,18,5,1220,6141,0,632,2,X,01,2026
1,0106,19,5,1220,1758445,0,121251,1,X,01,2026
1,0106,19,5,1220,19187,0,377,2,X,01,2026
1,0106,20,5,1220,175807,0,9487,1,X,01,2026
1,0106,21,5,1220,462415,0,19029,1,X,01,2026
1,0106,22,5,1220,205162,0,6656,1,X,01,2026
1,0106,25,5,1220,193521,0,9623,1,X,01,2026
1,0106,26,5,1220,14276,0,233,1,X,01,2026
1,0106,27,5,1220,1111578,0,22869,1,X,01,2026
1,0106,28,5,1220,1623562,0,43354,1,X,01,2026
1,0106,29,5,1220,305921,0,3659,1,X,01,2026
1,0106,29,5,1220,186539,0,7684,2,X,01,2026
1,0106,30,5,1220,6817,0,132,1,X,01,2026
1,0106,31,5,1220,113158,0,13033,1,X,01,2026
1,0106,32,5,1220,41154,0,1885,1,X,01,2026
1,0106,33,5,1220,18560,0,552,1,X,01,2026
1,0106,33,5,1220,2770,0,131,2,X,01,2026
1,0106,34,5,1220,244376,0,8998,1,X,01,2026
1,0106,35,5,1220,16588,0,821,1,X,01,2026
1,0106,38,5,1220,298890,0,13935,1,X,01,2026
1,0106,38,5,1220,19212,0,1447,2,X,01,2026
1,0106,39,5,1220,4237807,0,133028,1,X,01,2026
1,0106,39,5,1220,808001,0,8644,2,X,01,2026
1,0106,40,5,1220,3115574,0,160689,1,X,01,2026
1,0106,40,5,1220,130691,0,2947,2,X,01,2026
1,0106,44,5,1220,1504958,0,69431,1,X,01,2026
1,0106,44,5,1220,37469,0,1773,2,X,01,2026
1,0106,47,5,1220,486697,0,26016,1,X,01,2026
1,0106,47,5,1220,11172,0,165,2,X,01,2026
1,0106,48,5,1220,2229194,0,73820,1,X,01,2026
1,0106,48,5,1220,8915,0,72,2,X,01,2026
1,0106,49,5,1220,386433,0,3927,1,X,01,2026
1,0106,54,5,1220,62158,0,2178,2,X,01,2026
1,0106,55,5,1220,28174,0,552,1,X,01,2026
1,0106,56,5,1220,1772500,0,9696,1,X,01,2026
1,0106,57,5,1220,203295,0,2923,1,X,01,2026
1,0106,57,5,1220,5588,0,120,2,X,01,2026
1,0106,58,5,1220,12164,0,0,1,X,01,2026
1,0106,59,5,1220,105533,0,6511,1,X,01,2026
1,0106,62,5,1220,5078,0,165,1,X,01,2026
1,0106,63,5,1220,28556,0,1719,2,X,01,2026
1,0106,68,5,1220,1090652,0,45524,1,X,01,2026
1,0106,68,5,1220,4211,0,10,2,X,01,2026
1,0106,69,5,1220,34217,0,1208,1,X,01,2026
1,0106,69,5,1220,2721,0,95,2,X,01,2026
1,0106,70,5,1220,286727,0,6135,1,X,01,2026
1,0106,71,5,1220,31277,0,108,2,X,01,2026
1,0106,72,5,1220,107034,0,7390,1,X,01,2026
1,0106,73,5,1220,1900926,0,132504,1,X,01,2026
1,0106,73,5,1220,12673,0,348,2,X,01,2026
1,0106,74,5,1220,177534,0,1805,1,X,01,2026
1,0106,74,5,1220,55469,0,1663,2,X,01,2026
1,0106,76,5,1220,546282,0,20343,1,X,01,2026
1,0106,76,5,1220,7150,0,140,2,X,01,2026
1,0106,79,5,1220,5609,0,265,1,X,01,2026
1,0106,82,5,1220,53602,0,1384,1,X,01,2026
1,0106,83,5,1220,75784,0,1700,1,X,01,2026
1,0106,83,5,1220,7552,0,165,2,X,01,2026
1,0106,84,5,1220,4863773,0,83903,1,X,01,2026
1,0106,84,5,1220,3327958,0,48412,2,X,01,2026
1,0106,84,8,1220,22629,0,443,1,X,01,2026
1,0106,85,5,1220,1102918,0,17988,1,X,01,2026
1,0106,85,5,1220,109986,0,2850,2,X,01,2026
1,0106,87,5,1220,6521465,0,71272,1,X,01,2026
1,0106,87,5,1220,1049364,0,12194,2,X,01,2026
1,0106,88,5,1220,3437147,0,766,1,X,01,2026
1,0106,88,5,1220,258190,0,346,2,X,01,2026
1,0106,89,5,1220,796060,0,12957,1,X,01,2026
1,0106,89,5,1220,47944,0,468,2,X,01,2026
1,0106,90,5,1220,1162713,0,7047,1,X,01,2026
1,0106,90,5,1220,37998,0,1524,2,X,01,2026
1,0106,94,5,1220,481204,0,8589,1,X,01,2026
1,0106,94,5,1220,3992,0,488,2,X,01,2026
1,0106,95,5,1220,36492,0,124,1,X,01,2026
1,0106,96,5,1220,279706,0,2509,1,X,01,2026
1,0107,20,5,1220,159960,0,3131,1,X,01,2026
1,0107,39,5,1220,48626,0,936,1,X,01,2026
1,0107,44,5,1220,503367,0,5580,1,X,01,2026
1,0107,68,5,1220,3583,0,91,1,X,01,2026
1,0107,74,5,1220,104461,0,2326,1,X,01,2026
1,0107,76,5,1220,6405,0,139,1,X,01,2026
1,0107,94,5,1220,19385,0,752,1,X,01,2026
1,0108,07,5,1220,2782158,0,107152,1,X,01,2026
1,0108,10,5,1220,108309,0,3335,1,X,01,2026
1,0108,20,5,1220,110630,0,1115,1,X,01,2026
1,0108,39,5,1220,22695,0,311,1,X,01,2026
1,0108,44,5,1220,144715,0,1919,1,X,01,2026
1,0108,44,6,1220,277927,0,2664,1,X,01,2026
1,0108,48,5,1220,55811,0,1093,1,X,01,2026
1,0108,72,5,1220,81902,0,2032,1,X,01,2026
1,0108,76,5,1220,3028,0,66,1,X,01,2026
1,0108,84,5,1220,38409,0,1142,1,X,01,2026
1,0109,27,5,1220,259424,0,25363,1,X,01,2026
1,0109,28,5,1220,36832,0,5508,1,X,01,2026
1,0109,39,5,1220,5556,0,173,1,X,01,2026
1,0109,44,5,1220,13200,0,360,1,X,01,2026
1,0109,47,5,1220,92930,0,1810,1,X,01,2026
1,0109,48,5,1220,2196878,0,33279,1,X,01,2026
1,0109,54,5,1220,4729,0,331,1,X,01,2026
1,0109,72,5,1220,8289,0,206,1,X,01,2026
1,0109,84,5,1220,51702,0,3267,1,X,01,2026
1,0109,85,5,1220,5396,0,130,2,X,01,2026
1,0109,87,5,1220,10514,0,175,1,X,01,2026
1,0109,95,5,1220,4442,0,162,2,X,01,2026
1,0110,44,5,1220,285250,0,5555,1,X,01,2026
1,0110,48,5,1220,118906,0,1878,1,X,01,2026
1,0110,72,5,1220,4099,0,101,1,X,01,2026
1,0110,87,5,1220,6250,0,105,1,X,01,2026
1,0110,94,5,1220,7102,0,273,1,X,01,2026
1,0111,32,5,1220,4790,0,45,1,X,01,2026
1,0111,39,5,1220,28952,0,339,1,X,01,2026
1,0111,44,5,1220,95757,0,1061,1,X,01,2026
1,0111,76,5,1220,3180,0,30,1,X,01,2026
1,0115,03,5,1220,2480803,0,66591,1,X,01,2026
1,0115,03,5,1220,700767,0,10386,2,X,01,2026
1,0115,05,5,1220,128884,0,3586,1,X,01,2026
1,0115,05,5,1220,5598,0,373,2,X,01,2026
1,0115,07,5,1220,27297,0,1050,1,X,01,2026
1,0115,07,5,1220,12624,0,2085,2,X,01,2026
1,0115,08,5,1220,5816938,0,180233,1,X,01,2026
1,0115,08,5,1220,418831,0,8195,2,X,01,2026
1,0115,09,5,1220,2593,0,50,1,X,01,2026
1,0115,09,5,1220,9535,0,187,2,X,01,2026
1,0115,11,5,1220,12550,0,607,2,X,01,2026
1,0115,12,5,1220,75353,0,73,1,X,01,2026
1,0115,12,5,1220,138687,0,404,2,X,01,2026
1,0115,15,5,1220,52451,0,775,1,X,01,2026
1,0115,15,5,1220,3106,0,60,2,X,01,2026
1,0115,16,5,1220,57355,0,53,1,X,01,2026
1,0115,16,5,1220,34446,0,2287,2,X,01,2026
1,0115,17,5,1220,189645,0,8291,1,X,01,2026
1,0115,17,5,1220,2907,0,144,2,X,01,2026
1,0115,18,5,1220,5519,0,472,2,X,01,2026
1,0115,19,5,1220,641347,0,6781,1,X,01,2026
1,0115,20,5,1220,13093,0,1963,1,X,01,2026
1,0115,20,5,1220,53617,0,2178,2,X,01,2026
1,0115,21,5,1220,208236,0,2935,1,X,01,2026
1,0115,21,5,1220,25032,0,24,2,X,01,2026
1,0115,22,5,1220,3495,0,69,1,X,01,2026
1,0115,22,5,1220,8612,0,169,2,X,01,2026
1,0115,23,5,1220,10826,0,909,1,X,01,2026
1,0115,25,5,1220,49541,0,4678,1,X,01,2026
1,0115,27,5,1220,410537,0,9127,1,X,01,2026
1,0115,27,7,1220,22784640,0,0,1,X,01,2026
1,0115,28,5,1220,92957,0,4979,1,X,01,2026
1,0115,28,6,1220,184737,0,6534,1,X,01,2026
1,0115,29,5,1220,162092,0,3726,1,X,01,2026
1,0115,29,5,1220,13538,0,398,2,X,01,2026
1,0115,30,5,1220,632761,0,6555,1,X,01,2026
1,0115,30,5,1220,396386,0,4059,2,X,01,2026
1,0115,32,5,1220,388834,0,13850,1,X,01,2026
1,0115,32,5,1220,37948,0,1191,2,X,01,2026
1,0115,33,5,1220,399826,0,11191,1,X,01,2026
1,0115,34,5,1220,416073,0,10953,1,X,01,2026
1,0115,34,5,1220,43894,0,364,2,X,01,2026
1,0115,35,5,1220,52867,0,1453,1,X,01,2026
1,0115,35,5,1220,16818,0,947,2,X,01,2026
1,0115,37,5,1220,2723,0,2,1,X,01,2026
1,0115,38,5,1220,753516,0,22903,1,X,01,2026
1,0115,38,5,1220,34775,0,2607,2,X,01,2026
1,0115,39,5,1220,3302111,0,93492,1,X,01,2026
1,0115,39,5,1220,317289,0,8424,2,X,01,2026
1,0115,40,5,1220,571167,0,17864,1,X,01,2026
1,0115,40,5,1220,85598,0,4340,2,X,01,2026
1,0115,41,5,1220,9677,0,189,1,X,01,2026
1,0115,42,5,1220,2993,0,44,1,X,01,2026
1,0115,42,5,1220,63867,0,1226,2,X,01,2026
1,0115,44,5,1220,764425,0,26309,1,X,01,2026
1,0115,44,5,1220,2956,0,58,2,X,01,2026
1,0115,45,5,1220,6191,0,102,1,X,01,2026
1,0115,47,5,1220,333409,0,4895,1,X,01,2026
1,0115,48,5,1220,2917069,0,153526,1,X,01,2026
1,0115,48,5,1220,26211,0,389,2,X,01,2026
1,0115,49,5,1220,35633,0,2636,1,X,01,2026
1,0115,49,8,1220,15416,0,522,2,X,01,2026
1,0115,51,5,1220,3000,0,68,1,X,01,2026
1,0115,52,5,1220,3926,0,97,2,X,01,2026
1,0115,54,5,1220,7785,0,871,1,X,01,2026
1,0115,56,5,1220,268098,0,3362,1,X,01,2026
1,0115,56,5,1220,18979,0,723,2,X,01,2026
1,0115,58,5,1220,5458,0,72,1,X,01,2026
1,0115,59,5,1220,108849,0,2475,1,X,01,2026
1,0115,59,5,1220,2880,0,56,2,X,01,2026
1,0115,60,5,1220,3453,0,103,1,X,01,2026
1,0115,61,5,1220,57812,0,1592,2,X,01,2026
1,0115,62,5,1220,63267,0,376,2,X,01,2026
1,0115,63,5,1220,32116,0,631,1,X,01,2026
1,0115,63,5,1220,418810,0,13127,2,X,01,2026
1,0115,64,5,1220,13607,0,667,2,X,01,2026
1,0115,65,5,1220,18162,0,293,1,X,01,2026
1,0115,65,5,1220,6946,0,7,2,X,01,2026
1,0115,68,5,1220,201118,0,7661,1,X,01,2026
1,0115,68,5,1220,29170,0,896,2,X,01,2026
1,0115,69,5,1220,20057,0,434,2,X,01,2026
1,0115,70,5,1220,272126,0,603,1,X,01,2026
1,0115,70,5,1220,19249,0,550,2,X,01,2026
1,0115,72,5,1220,6349,0,5,1,X,01,2026
1,0115,72,5,1220,36786,0,720,2,X,01,2026
1,0115,73,5,1220,684581,0,30487,1,X,01,2026
1,0115,73,5,1220,134501,0,5818,2,X,01,2026
1,0115,74,5,1220,162617,0,2558,1,X,01,2026
1,0115,74,5,1220,14590,0,602,2,X,01,2026
1,0115,75,5,1220,8171,0,74,1,X,01,2026
1,0115,76,5,1220,230276,0,9615,1,X,01,2026
1,0115,76,5,1220,28983,0,901,2,X,01,2026
1,0115,79,5,1220,4368,0,300,1,X,01,2026
1,0115,80,5,1220,57490,0,3493,1,X,01,2026
1,0115,81,5,1220,7441,0,181,1,X,01,2026
1,0115,82,5,1220,19514,0,258,1,X,01,2026
1,0115,82,5,1220,82062,0,1207,2,X,01,2026
1,0115,83,5,1220,640111,0,9153,1,X,01,2026
1,0115,83,5,1220,55623,0,1075,2,X,01,2026
1,0115,84,5,1220,7599288,0,152024,1,X,01,2026
1,0115,84,5,1220,3193376,0,75801,2,X,01,2026
1,0115,85,5,1220,3966832,0,50870,1,X,01,2026
1,0115,85,5,1220,2358963,0,81077,2,X,01,2026
1,0115,85,8,1220,2952,0,334,1,X,01,2026
1,0115,86,5,1220,25799,0,435,1,X,01,2026
1,0115,87,5,1220,2644289,0,35365,1,X,01,2026
1,0115,87,5,1220,161533,0,3534,2,X,01,2026
1,0115,88,5,1220,719168,0,5052,1,X,01,2026
1,0115,88,5,1220,187826,0,1838,2,X,01,2026
1,0115,89,5,1220,906793,0,19436,1,X,01,2026
1,0115,89,5,1220,18848,0,968,2,X,01,2026
1,0115,90,5,1220,2005242,0,28232,1,X,01,2026
1,0115,90,5,1220,641703,0,10233,2,X,01,2026
1,0115,91,5,1220,6129,0,120,1,X,01,2026
1,0115,92,5,1220,9360,0,146,1,X,01,2026
1,0115,93,5,1220,6673,0,5,1,X,01,2026
1,0115,94,5,1220,942746,0,25299,1,X,01,2026
1,0115,94,5,1220,196466,0,8623,2,X,01,2026
1,0115,94,8,1220,4262,0,522,2,X,01,2026
1,0115,95,5,1220,144562,0,4937,1,X,01,2026
1,0115,95,5,1220,3223,0,63,2,X,01,2026
1,0115,95,8,1220,10510,0,168,1,X,01,2026
1,0115,96,5,1220,43561,0,1484,1,X,01,2026
1,0115,96,5,1220,21596,0,420,2,X,01,2026
1,0115,98,5,1220,4766,0,591,2,X,01,2026
1,0118,10,5,1220,8312,0,180,1,X,01,2026
1,0118,21,5,1220,3223,0,63,1,X,01,2026
1,0118,32,5,1220,10662,0,209,1,X,01,2026
1,0118,72,5,1220,35134,0,870,1,X,01,2026
1,0118,84,5,1220,6207,0,116,1,X,01,2026
1,0118,85,5,1220,14484,0,283,1,X,01,2026
1,0121,59,5,1220,61209,0,1293,2,X,01,2026
1,0127,07,5,1220,88866,0,3420,1,X,01,2026
1,0127,20,5,1220,943135,0,18463,1,X,01,2026
1,0127,27,5,1220,70119,0,4170,1,X,01,2026
1,0127,29,5,1220,4276,0,105,1,X,01,2026
1,0127,38,5,1220,24519,0,605,1,X,01,2026
1,0127,39,5,1220,62731,0,3974,1,X,01,2026
1,0127,44,5,1220,86750,0,1421,1,X,01,2026
1,0127,48,5,1220,12364,0,1555,1,X,01,2026
1,0127,62,5,1220,5568,0,181,1,X,01,2026
1,0127,84,5,1220,35314,0,581,1,X,01,2026
1,0127,87,5,1220,11359,0,222,1,X,01,2026
1,0127,90,5,1220,70701,0,219,1,X,01,2026
1,0131,68,5,1220,18561,0,363,1,X,01,2026
1,0131,85,5,1220,165636,0,1400,1,X,01,2026
1,01XX,03,1,1220,2387525,259194,32728,1,X,01,2026
1,01XX,27,1,1220,24942088,108380825,6534,1,X,01,2026
1,01XX,29,3,1220,6919,16,130,1,X,01,2026
1,01XX,38,3,1220,12434,29,232,1,X,01,2026
1,01XX,39,3,1220,5529,174,321,2,X,01,2026
1,01XX,39,5,2010,63295,0,0,1,0,01,2026
1,01XX,68,3,1220,4974,14152,452,1,X,01,2026
1,01XX,73,3,1220,9285,213,284,1,X,01,2026
1,01XX,81,3,1220,7816,14,36,1,X,01,2026
1,01XX,82,3,1220,14186,8,260,1,X,01,2026
1,01XX,83,3,1220,188317,2916,130,1,X,01,2026
1,01XX,84,1,1220,11633,356,307,1,X,01,2026
1,01XX,84,3,1220,711522,23250,7850,1,X,01,2026
1,01XX,84,3,1220,273851,1385,3171,2,X,01,2026
1,01XX,85,3,1220,13044,154,355,1,X,01,2026
1,01XX,85,3,1220,51683,141,1044,2,X,01,2026
1,01XX,88,3,1220,172270,213,1704,1,X,01,2026
1,01XX,89,3,1220,36258,138,498,1,X,01,2026
1,01XX,90,3,1220,57478,156,508,1,X,01,2026
1,01XX,94,3,1220,2652,51,143,1,X,01,2026
1,01XX,95,3,1220,19652,1365,719,1,X,01,2026
1,0201,23,5,1220,4251,0,83,1,X,01,2026
1,0201,84,5,1220,18312,0,358,1,X,01,2026
1,0201,87,5,1220,4915,0,72,1,X,01,2026
1,0201,98,5,1220,5528,0,119,2,X,01,2026
1,0203,10,5,1220,2972,0,254,1,X,01,2026
1,0203,11,6,1220,140091,0,1815,1,X,01,2026
1,0203,23,5,1220,111627,0,12435,1,X,01,2026
1,0203,44,5,1220,100439,0,1817,1,X,01,2026
1,0203,76,5,1220,124412,0,1452,1,X,01,2026
1,0203,83,5,1220,2601,0,66,1,X,01,2026
1,0203,85,5,1220,5001,0,175,2,X,01,2026
1,0203,95,5,1220,26576,0,971,2,X,01,2026
1,0206,11,5,1220,31705,0,4926,1,X,01,2026
1,0206,12,5,1220,21970,0,3090,1,X,01,2026
1,0206,13,5,1220,6919,0,256,1,X,01,2026
1,0206,15,5,1220,140084,0,3813,1,X,01,2026
1,0206,17,5,1220,9816,0,1314,1,X,01,2026
1,0206,18,5,1220,5164,0,594,1,X,01,2026
1,0206,19,5,1220,132391,0,12871,1,X,01,2026
1,0206,20,5,1220,30869,0,4876,1,X,01,2026
1,0206,21,5,1220,24524,0,2476,1,X,01,2026
1,0206,26,5,1220,3494,0,466,1,X,01,2026
1,0206,28,5,1220,38916,0,347,2,X,01,2026
1,0206,29,5,1220,173447,0,2314,1,X,01,2026
1,0206,31,5,1220,10582,0,1328,1,X,01,2026
1,0206,32,5,1220,36000,0,946,1,X,01,2026
1,0206,32,5,1220,23444,0,2153,2,X,01,2026
1,0206,33,5,1220,37347,0,3522,1,X,01,2026
1,0206,35,5,1220,6709,0,784,1,X,01,2026
1,0206,38,5,1220,4458,0,538,1,X,01,2026
1,0206,39,5,1220,266338,0,15086,1,X,01,2026
1,0206,39,5,1220,4899,0,130,2,X,01,2026
1,0206,40,5,1220,10957,0,399,1,X,01,2026
1,0206,40,5,1220,6846,0,140,2,X,01,2026
1,0206,44,5,1220,1935079,0,51910,1,X,01,2026
1,0206,48,5,1220,262123,0,23325,1,X,01,2026
1,0206,49,5,1220,35088,0,790,1,X,01,2026
1,0206,57,5,1220,8840,0,326,1,X,01,2026
1,0206,59,5,1220,31220,0,1081,1,X,01,2026
1,0206,65,5,1220,11405,0,403,2,X,01,2026
1,0206,69,5,1220,63005,0,847,1,X,01,2026
1,0206,70,5,1220,96511,0,1990,1,X,01,2026
1,0206,72,5,1220,114120,0,12687,1,X,01,2026
1,0206,73,5,1220,40198,0,1294,1,X,01,2026
1,0206,73,5,1220,19684,0,744,2,X,01,2026
1,0206,74,5,1220,7711,0,368,1,X,01,2026
1,0206,76,5,1220,31543,0,3596,1,X,01,2026
1,0206,82,5,1220,9101,0,239,1,X,01,2026
1,0206,82,5,1220,6152,0,167,2,X,01,2026
1,0206,84,5,1220,560410,0,16137,1,X,01,2026
1,0206,84,5,1220,251981,0,7957,2,X,01,2026
1,0206,85,5,1220,809820,0,14727,1,X,01,2026
1,0206,85,5,1220,96195,0,3227,2,X,01,2026
1,0206,87,5,1220,12978,0,151,1,X,01,2026
1,0206,88,5,1220,137388,0,440,1,X,01,2026
1,0206,90,5,1220,64735,0,582,1,X,01,2026
1,0206,90,5,1220,56708,0,392,2,X,01,2026
1,0206,94,5,1220,11334,0,542,1,X,01,2026
1,0209,07,5,1220,11235,0,433,1,X,01,2026
1,0209,08,5,1220,28477,0,558,1,X,01,2026
1,0209,08,5,1220,16750,0,328,2,X,01,2026
1,0209,13,5,1220,6382,0,124,2,X,01,2026
1,0209,15,5,1220,35689,0,582,2,X,01,2026
1,0209,16,5,1220,32910,0,1452,2,X,01,2026
1,0209,19,5,1220,27464,0,2285,1,X,01,2026
1,0209,20,5,1220,84729,0,656,1,X,01,2026
1,0209,21,5,1220,124063,0,4011,1,X,01,2026
1,0209,21,5,1220,4032,0,256,2,X,01,2026
1,0209,22,5,1220,38765,0,1542,1,X,01,2026
1,0209,23,5,1220,74971,0,837,1,X,01,2026
1,0209,25,5,1220,263505,0,7272,1,X,01,2026
1,0209,25,5,1220,30504,0,2412,2,X,01,2026
1,0209,26,5,1220,29954,0,1229,1,X,01,2026
1,0209,28,5,1220,139332,0,3555,1,X,01,2026
1,0209,28,5,1220,9761,0,249,2,X,01,2026
1,0209,29,5,1220,55820,0,3503,1,X,01,2026
1,0209,30,5,1220,100882,0,1270,1,X,01,2026
1,0209,31,5,1220,80036,0,2241,1,X,01,2026
1,0209,32,5,1220,28395,0,3267,1,X,01,2026
1,0209,33,5,1220,60318,0,762,1,X,01,2026
1,0209,33,5,1220,6820,0,202,2,X,01,2026
1,0209,34,5,1220,97673,0,729,1,X,01,2026
1,0209,37,5,1220,18880,0,209,1,X,01,2026
1,0209,38,5,1220,1868215,0,18517,1,X,01,2026
1,0209,38,5,1220,20787,0,514,2,X,01,2026
1,0209,39,5,1220,2957877,0,141548,1,X,01,2026
1,0209,39,5,1220,71369,0,914,2,X,01,2026
1,0209,40,5,1220,18118,0,1097,1,X,01,2026
1,0209,42,5,1220,3605,0,70,1,X,01,2026
1,0209,42,5,1220,17316,0,565,2,X,01,2026
1,0209,44,5,1220,3399186,0,70816,1,X,01,2026
1,0209,44,5,1220,183708,0,1815,2,X,01,2026
1,0209,47,5,1220,984875,0,18141,1,X,01,2026
1,0209,47,5,1220,100942,0,1653,2,X,01,2026
1,0209,48,5,1220,2028485,0,86532,1,X,01,2026
1,0209,49,5,1220,71826,0,864,1,X,01,2026
1,0209,54,5,1220,111344,0,1374,1,X,01,2026
1,0209,55,5,1220,94841,0,935,1,X,01,2026
1,0209,56,5,1220,154300,0,1549,1,X,01,2026
1,0209,57,5,1220,3170,0,62,1,X,01,2026
1,0209,59,5,1220,7476,0,145,1,X,01,2026
1,0209,62,5,1220,66571,0,1151,1,X,01,2026
1,0209,63,5,1220,15928,0,421,2,X,01,2026
1,0209,65,5,1220,980926,0,3628,1,X,01,2026
1,0209,65,8,1220,16042,0,314,1,X,01,2026
1,0209,68,5,1220,1280959,0,56016,1,X,01,2026
1,0209,68,5,1220,126906,0,9531,2,X,01,2026
1,0209,68,8,1220,11126,0,281,1,X,01,2026
1,0209,69,5,1220,11034,0,897,2,X,01,2026
1,0209,70,5,1220,29705,0,1891,1,X,01,2026
1,0209,70,5,1220,16310,0,42,2,X,01,2026
1,0209,71,5,1220,29956,0,587,1,X,01,2026
1,0209,71,5,1220,18622,0,231,2,X,01,2026
1,0209,72,5,1220,80519,0,1753,1,X,01,2026
1,0209,72,5,1220,64509,0,636,2,X,01,2026
1,0209,73,5,1220,466243,0,11450,1,X,01,2026
1,0209,73,5,1220,112605,0,2382,2,X,01,2026
1,0209,74,5,1220,295900,0,2929,1,X,01,2026
1,0209,75,5,1220,284271,0,688,1,X,01,2026
1,0209,75,5,1220,27691,0,541,2,X,01,2026
1,0209,76,5,1220,47579,0,930,1,X,01,2026
1,0209,78,5,1220,55926,0,1911,2,X,01,2026
1,0209,80,5,1220,148751,0,9038,1,X,01,2026
1,0209,80,5,1220,31249,0,1898,2,X,01,2026
1,0209,81,5,1220,12775,0,250,1,X,01,2026
1,0209,82,5,1220,3530,0,261,1,X,01,2026
1,0209,82,8,1220,18432,0,554,1,X,01,2026
1,0209,83,5,1220,13522,0,356,1,X,01,2026
1,0209,83,5,1220,46029,0,926,2,X,01,2026
1,0209,84,5,1220,1979657,0,30856,1,X,01,2026
1,0209,84,5,1220,876735,0,11403,2,X,01,2026
1,0209,84,8,1220,10371,0,308,1,X,01,2026
1,0209,84,8,1220,3009,0,89,2,X,01,2026
1,0209,85,5,1220,631706,0,10845,1,X,01,2026
1,0209,85,5,1220,80233,0,1302,2,X,01,2026
1,0209,87,5,1220,2611924,0,28179,1,X,01,2026
1,0209,87,5,1220,517888,0,5182,2,X,01,2026
1,0209,87,8,1220,4393,0,195,1,X,01,2026
1,0209,87,8,1220,111606,0,896,2,X,01,2026
1,0209,88,5,1220,12112559,0,13061,1,X,01,2026
1,0209,88,5,1220,361216,0,3580,2,X,01,2026
1,0209,89,5,1220,111220,0,1096,1,X,01,2026
1,0209,90,5,1220,48475,0,433,1,X,01,2026
1,0209,90,5,1220,36526,0,445,2,X,01,2026
1,0209,93,5,1220,15207,0,411,2,X,01,2026
1,0209,94,5,1220,36050,0,601,1,X,01,2026
1,0209,98,5,1220,13673,0,297,1,X,01,2026
1,0211,29,5,1220,40800,0,3267,2,X,01,2026
1,0211,38,6,1220,328961,0,3267,1,X,01,2026
1,0211,39,5,1220,145339,0,2847,1,X,01,2026
1,0211,44,5,1220,182675,0,3562,1,X,01,2026
1,0211,47,5,1220,4640,0,90,1,X,01,2026
1,0211,48,5,1220,31998,0,379,1,X,01,2026
1,0211,73,5,1220,2580,0,53,1,X,01,2026
1,0211,84,5,1220,5163,0,5,1,X,01,2026
1,0211,85,5,1220,21757,0,426,1,X,01,2026
1,0212,03,5,1220,517956,0,9119,1,X,01,2026
1,0212,03,5,1220,556825,0,10033,2,X,01,2026
1,0212,04,5,1220,1153517,0,34411,1,X,01,2026
1,0212,07,5,1220,16054,0,618,1,X,01,2026
1,0212,08,5,1220,70113,0,600,2,X,01,2026
1,0212,09,5,1220,121322,0,1945,1,X,01,2026
1,0212,11,5,1220,66960,0,14,2,X,01,2026
1,0212,13,5,1220,40067,0,1384,2,X,01,2026
1,0212,15,5,1220,261092,0,2477,1,X,01,2026
1,0212,15,5,1220,44961,0,665,2,X,01,2026
1,0212,16,5,1220,43081,0,46,1,X,01,2026
1,0212,16,5,1220,13161,0,154,2,X,01,2026
1,0212,17,5,1220,1640234,0,17629,1,X,01,2026
1,0212,18,5,1220,6112618,0,76892,1,X,01,2026
1,0212,18,5,1220,150082,0,1485,2,X,01,2026
1,0212,19,5,1220,1803750,0,1586,1,X,01,2026
1,0212,20,5,1220,13045,0,874,1,X,01,2026
1,0212,21,5,1220,653173,0,7144,1,X,01,2026
1,0212,21,5,1220,4038,0,79,2,X,01,2026
1,0212,23,5,1220,93544,0,1179,1,X,01,2026
1,0212,25,5,1220,145238,0,3292,1,X,01,2026
1,0212,25,5,1220,2918,0,57,2,X,01,2026
1,0212,25,6,1220,595942,0,8493,1,X,01,2026
1,0212,26,5,1220,12758,0,249,1,X,01,2026
1,0212,27,5,1220,33770,0,843,1,X,01,2026
1,0212,27,5,1220,9427,0,197,2,X,01,2026
1,0212,28,5,1220,499036,0,9669,1,X,01,2026
1,0212,29,5,1220,106414,0,866,1,X,01,2026
1,0212,29,5,1220,18063,0,87,2,X,01,2026
1,0212,30,5,1220,661282,0,4274,1,X,01,2026
1,0212,31,5,1220,46857,0,1648,1,X,01,2026
1,0212,32,5,1220,97925,0,3498,1,X,01,2026
1,0212,32,5,1220,56699,0,1154,2,X,01,2026
1,0212,33,5,1220,16493,0,421,1,X,01,2026
1,0212,33,5,1220,10249,0,201,2,X,01,2026
1,0212,34,5,1220,45561,0,1033,1,X,01,2026
1,0212,34,5,1220,15728,0,497,2,X,01,2026
1,0212,35,5,1220,50468,0,3484,1,X,01,2026
1,0212,36,5,1220,3000,0,44,1,X,01,2026
1,0212,37,5,1220,9832,0,625,1,X,01,2026
1,0212,38,5,1220,527302,0,8836,1,X,01,2026
1,0212,38,5,1220,13045,0,323,2,X,01,2026
1,0212,39,5,1220,3964274,0,70656,1,X,01,2026
1,0212,39,5,1220,38147,0,682,2,X,01,2026
1,0212,40,5,1220,102620,0,1796,1,X,01,2026
1,0212,40,5,1220,226285,0,4400,2,X,01,2026
1,0212,42,5,1220,176576,0,1739,1,X,01,2026
1,0212,44,5,1220,1181753,0,26527,1,X,01,2026
1,0212,44,5,1220,11927,0,85,2,X,01,2026
1,0212,47,5,1220,381337,0,8142,1,X,01,2026
1,0212,48,5,1220,6397687,0,122715,1,X,01,2026
1,0212,48,5,1220,6022,0,150,2,X,01,2026
1,0212,49,5,1220,165781,0,1828,1,X,01,2026
1,0212,54,5,1220,613337,0,3547,1,X,01,2026
1,0212,54,5,1220,16589,0,806,2,X,01,2026
1,0212,56,5,1220,45457,0,856,1,X,01,2026
1,0212,58,5,1220,22534,0,441,1,X,01,2026
1,0212,59,5,1220,18151,0,633,1,X,01,2026
1,0212,59,5,1220,8623,0,17,2,X,01,2026
1,0212,60,5,1220,58359,0,991,1,X,01,2026
1,0212,63,5,1220,10626,0,312,1,X,01,2026
1,0212,63,5,1220,12198,0,125,2,X,01,2026
1,0212,64,5,1220,9735,0,190,1,X,01,2026
1,0212,64,5,1220,24934,0,487,2,X,01,2026
1,0212,68,5,1220,478297,0,17911,1,X,01,2026
1,0212,68,5,1220,72103,0,641,2,X,01,2026
1,0212,69,5,1220,17689,0,13,1,X,01,2026
1,0212,69,8,1220,3858,0,136,2,X,01,2026
1,0212,70,5,1220,97189,0,1922,1,X,01,2026
1,0212,70,5,1220,20483,0,162,2,X,01,2026
1,0212,71,5,1220,888913,0,9180,1,X,01,2026
1,0212,71,5,1220,331754,0,1174,2,X,01,2026
1,0212,72,5,1220,393097,0,13356,1,X,01,2026
1,0212,72,5,1220,52346,0,1018,2,X,01,2026
1,0212,73,5,1220,244701,0,4814,1,X,01,2026
1,0212,73,5,1220,78821,0,1198,2,X,01,2026
1,0212,74,5,1220,652425,0,5990,1,X,01,2026
1,0212,75,5,1220,120638,0,1004,1,X,01,2026
1,0212,75,5,1220,98385,0,259,2,X,01,2026
1,0212,76,5,1220,467109,0,5957,1,X,01,2026
1,0212,76,5,1220,68129,0,812,2,X,01,2026
1,0212,78,5,1220,3968,0,145,1,X,01,2026
1,0212,81,5,1220,309858,0,3833,1,X,01,2026
1,0212,81,5,1220,76383,0,1283,2,X,01,2026
1,0212,82,5,1220,5525,0,53,1,X,01,2026
1,0212,82,8,1220,14223,0,324,1,X,01,2026
1,0212,83,5,1220,115010,0,1656,1,X,01,2026
1,0212,83,5,1220,253472,0,177,2,X,01,2026
1,0212,84,5,1220,9520571,0,105859,1,X,01,2026
1,0212,84,5,1220,3124315,0,20692,2,X,01,2026
1,0212,84,8,1220,5151,0,153,2,X,01,2026
1,0212,85,5,1220,5934200,0,128354,1,X,01,2026
1,0212,85,5,1220,1407787,0,1892,2,X,01,2026
1,0212,86,5,1220,8786,0,75,1,X,01,2026
1,0212,87,5,1220,1683520,0,25180,1,X,01,2026
1,0212,87,5,1220,466166,0,4978,2,X,01,2026
1,0212,88,5,1220,9842908,0,31674,1,X,01,2026
1,0212,88,5,1220,9753436,0,26633,2,X,01,2026
1,0212,90,5,1220,7507551,0,27017,1,X,01,2026
1,0212,90,5,1220,168815,0,1641,2,X,01,2026
1,0212,94,5,1220,290507,0,5580,1,X,01,2026
1,0212,94,5,1220,20098,0,201,2,X,01,2026
1,0212,95,5,1220,366288,0,10353,1,X,01,2026
1,0212,95,5,1220,115804,0,2240,2,X,01,2026
1,0212,98,5,1220,11614,0,228,1,X,01,2026
1,02XX,26,3,1220,3494,28000,466,1,X,01,2026
1,02XX,28,3,1220,15955,34,71,1,X,01,2026
1,02XX,30,3,1220,21414,10,143,2,X,01,2026
1,02XX,35,3,1220,17437,27,58,2,X,01,2026
1,02XX,38,3,1220,3086,4,130,1,X,01,2026
1,02XX,40,3,1220,3825,1,130,1,X,01,2026
1,02XX,48,3,1220,19114,13323,899,1,X,01,2026
1,02XX,59,3,1220,4731,40,147,1,X,01,2026
1,02XX,73,3,1220,4827,16,130,1,X,01,2026
1,02XX,76,5,2010,22725,0,0,1,0,01,2026
1,02XX,84,3,1220,13370,73,406,1,X,01,2026
1,02XX,84,3,1220,11685,11,142,2,X,01,2026
1,02XX,85,3,1220,866660,335,340,1,X,01,2026
1,02XX,85,3,1220,99384,226,687,2,X,01,2026
1,02XX,88,3,1220,53778,41,546,1,X,01,2026
1,02XX,90,3,1220,14427,48,141,1,X,01,2026
1,02XX,90,3,1220,20738,20,137,2,X,01,2026
1,0417,03,3,1220,54144,3721,1057,1,X,01,2026
1,0417,03,3,1220,9771,391,320,2,X,01,2026
1,0417,30,3,1220,76320,9,753,1,X,01,2026
1,0417,30,3,1220,6430,14,125,2,X,01,2026
1,0417,39,3,1220,2533,88,49,2,X,01,2026
1,0417,63,3,1220,23039,1752,451,1,X,01,2026
1,0417,84,3,1220,23399,603,564,1,X,01,2026
1,0417,84,3,1220,18664,143,365,2,X,01,2026
1,0417,85,3,1220,73336,93,4977,1,X,01,2026
1,0417,85,3,1220,26743,162,2067,2,X,01,2026
1,0417,88,3,1220,2917,3,0,1,X,01,2026
1,0417,90,3,1220,481295,1469,11649,1,X,01,2026
1,0417,90,3,1220,252715,1166,8080,2,X,01,2026
1,04XX,35,3,2010,6829,10,0,1,0,01,2026
1,04XX,38,3,2010,37462,74,0,1,0,01,2026
1,04XX,39,3,2010,6460,60,0,2,0,01,2026
1,04XX,40,3,2010,3450,1,0,1,0,01,2026
1,04XX,73,3,2010,2990,1,0,1,0,01,2026
1,04XX,75,3,2010,5040,34,0,1,0,01,2026
1,04XX,83,3,2010,2880,73,0,1,0,01,2026
1,04XX,84,3,1220,15050,46,220,1,X,01,2026
1,04XX,84,3,1220,7071,2,101,2,X,01,2026
1,04XX,84,3,2010,922380,860,0,1,0,01,2026
1,04XX,84,3,2010,21926,126,0,2,0,01,2026
1,04XX,85,3,1220,17434,246,173,1,X,01,2026
1,04XX,85,3,2010,101067,483,0,1,0,01,2026
1,04XX,85,3,2010,164925,158,0,2,0,01,2026
1,04XX,88,3,1220,228991,128,2266,1,X,01,2026
1,04XX,89,3,1220,26390,49,517,1,X,01,2026
1,04XX,90,3,2010,68918,328,0,1,0,01,2026
1,04XX,90,3,2010,128156,620,0,2,0,01,2026
1,04XX,98,8,2010,73536,0,0,1,X,01,2026
1,0701,04,5,1220,1705241,0,98554,1,X,01,2026
1,0701,05,5,1220,418214,0,14258,1,X,01,2026
1,0701,08,5,1220,13020,0,0,1,X,01,2026
1,0701,08,5,1220,11856,0,232,2,X,01,2026
1,0701,09,5,1220,80310,0,1287,2,X,01,2026
1,0701,11,5,1220,3704,0,179,2,X,01,2026
1,0701,12,5,1220,28536,0,3267,1,X,01,2026
1,0701,17,5,1220,353326,0,2713,1,X,01,2026
1,0701,19,5,1220,21899,0,840,1,X,01,2026
1,0701,19,8,1220,199025,0,7634,1,X,01,2026
1,0701,20,5,1220,1770418,0,13603,1,X,01,2026
1,0701,20,5,1220,3174,0,212,2,X,01,2026
1,0701,21,5,1220,45842,0,5097,1,X,01,2026
1,0701,23,5,1220,536963,0,21986,1,X,01,2026
1,0701,25,5,1220,45309,0,2649,1,X,01,2026
1,0701,25,5,1220,19149,0,565,2,X,01,2026
1,0701,26,5,1220,3621158,0,35812,1,X,01,2026
1,0701,27,5,1220,246237,0,4375,1,X,01,2026
1,0701,27,8,1220,256313,0,12269,1,X,01,2026
1,0701,28,5,1220,254288,0,5079,1,X,01,2026
1,0701,29,5,1220,75387,0,1775,1,X,01,2026
1,0701,29,8,1220,203616,0,3991,1,X,01,2026
1,0701,30,5,1220,10568,0,278,1,X,01,2026
1,0701,32,5,1220,7803,0,273,1,X,01,2026
1,0701,33,5,1220,117308,0,313,1,X,01,2026
1,0701,34,5,1220,18104,0,769,1,X,01,2026
1,0701,35,5,1220,1073378,0,53337,1,X,01,2026
1,0701,36,5,1220,4791,0,17,2,X,01,2026
1,0701,38,5,1220,146685,0,3590,1,X,01,2026
1,0701,38,5,1220,12931,0,320,2,X,01,2026
1,0701,39,5,1220,362177,0,10199,1,X,01,2026
1,0701,39,5,1220,80758,0,2563,2,X,01,2026
1,0701,40,5,1220,144000,0,1833,1,X,01,2026
1,0701,42,5,1220,67676,0,1681,1,X,01,2026
1,0701,44,5,1220,1609840,0,47671,1,X,01,2026
1,0701,47,5,1220,64082,0,3870,1,X,01,2026
1,0701,48,5,1220,2452227,0,53744,1,X,01,2026
1,0701,48,5,1220,2754,0,111,2,X,01,2026
1,0701,55,5,1220,191620,0,2061,1,X,01,2026
1,0701,56,5,1220,83158,0,2144,1,X,01,2026
1,0701,56,5,1220,14020,0,360,2,X,01,2026
1,0701,58,5,1220,4110,0,123,1,X,01,2026
1,0701,59,5,1220,32412,0,1548,1,X,01,2026
1,0701,60,5,1220,34013,0,1014,1,X,01,2026
1,0701,60,5,1220,6226,0,185,2,X,01,2026
1,0701,61,5,1220,6124,0,190,1,X,01,2026
1,0701,61,5,1220,2584,0,80,2,X,01,2026
1,0701,62,5,1220,12896,0,419,2,X,01,2026
1,0701,63,5,1220,21564,0,815,1,X,01,2026
1,0701,63,5,1220,23912,0,905,2,X,01,2026
1,0701,64,5,1220,5171,0,105,1,X,01,2026
1,0701,65,5,1220,12303,0,368,2,X,01,2026
1,0701,68,5,1220,42845,0,2342,1,X,01,2026
1,0701,69,5,1220,37711,0,895,1,X,01,2026
1,0701,70,5,1220,421482,0,15452,1,X,01,2026
1,0701,70,5,1220,3219,0,76,2,X,01,2026
1,0701,72,5,1220,234653,0,3270,1,X,01,2026
1,0701,72,5,1220,66094,0,1293,2,X,01,2026
1,0701,73,5,1220,266656,0,11371,1,X,01,2026
1,0701,73,5,1220,84773,0,1244,2,X,01,2026
1,0701,74,5,1220,1028586,0,8780,1,X,01,2026
1,0701,74,5,1220,2826,0,9,2,X,01,2026
1,0701,75,5,1220,276910,0,4373,1,X,01,2026
1,0701,76,5,1220,2633240,0,21408,1,X,01,2026
1,0701,76,5,1220,244783,0,244,2,X,01,2026
1,0701,79,5,1220,5418,0,159,1,X,01,2026
1,0701,81,5,1220,121251,0,1337,1,X,01,2026
1,0701,81,5,1220,27433,0,184,2,X,01,2026
1,0701,83,5,1220,4736,0,121,1,X,01,2026
1,0701,83,5,1220,10397,0,264,2,X,01,2026
1,0701,84,5,1220,3298202,0,48163,1,X,01,2026
1,0701,84,5,1220,3287171,0,61718,2,X,01,2026
1,0701,84,8,1220,7979,0,181,1,X,01,2026
1,0701,85,5,1220,1721900,0,30958,1,X,01,2026
1,0701,85,5,1220,916055,0,20366,2,X,01,2026
1,0701,86,5,1220,22918,0,449,1,X,01,2026
1,0701,87,5,1220,1290989,0,20794,1,X,01,2026
1,0701,87,5,1220,3418224,0,31875,2,X,01,2026
1,0701,88,5,1220,34571,0,749,1,X,01,2026
1,0701,88,5,1220,2201532,0,21152,2,X,01,2026
1,0701,89,5,1220,179024,0,2116,1,X,01,2026
1,0701,90,5,1220,495206,0,12552,1,X,01,2026
1,0701,90,5,1220,83766,0,2134,2,X,01,2026
1,0701,93,5,1220,483319,0,23401,1,X,01,2026
1,0701,93,5,1220,12145,0,587,2,X,01,2026
1,0701,94,5,1220,115926,0,4410,1,X,01,2026
1,0701,94,5,1220,10918,0,423,2,X,01,2026
1,0701,95,5,1220,24676,0,460,1,X,01,2026
1,0701,95,5,1220,59215,0,2063,2,X,01,2026
1,0701,95,8,1220,4406,0,161,2,X,01,2026
1,0701,96,5,1220,7692,0,234,2,X,01,2026
1,0701,98,5,1220,45598,0,1554,1,X,01,2026
1,0701,98,5,1220,12353,0,267,2,X,01,2026
1,0704,04,5,1220,1661403,0,99764,1,X,01,2026
1,0704,04,5,1220,165031,0,9912,2,X,01,2026
1,0704,08,5,1220,4531,0,0,1,X,01,2026
1,0704,12,5,1220,24114,0,1815,1,X,01,2026
1,0704,23,5,1220,50827,0,2698,1,X,01,2026
1,0704,25,5,1220,231711,0,2937,1,X,01,2026
1,0704,26,5,1220,42820,0,424,1,X,01,2026
1,0704,27,7,1220,5996137,0,0,1,X,01,2026
1,0704,29,5,1220,16289,0,317,1,X,01,2026
1,0704,32,5,1220,6070,0,143,1,X,01,2026
1,0704,35,5,1220,51445,0,2403,1,X,01,2026
1,0704,38,5,1220,6305,0,90,1,X,01,2026
1,0704,39,5,1220,115485,0,1267,1,X,01,2026
1,0704,40,5,1220,9173,0,1172,2,X,01,2026
1,0704,44,5,1220,366855,0,6968,1,X,01,2026
1,0704,48,5,1220,519521,0,42170,1,X,01,2026
1,0704,48,8,1220,15076,0,613,1,X,01,2026
1,0704,49,5,1220,3150,0,61,1,X,01,2026
1,0704,54,5,1220,134536,0,2627,1,X,01,2026
1,0704,59,5,1220,10949,0,213,1,X,01,2026
1,0704,62,5,1220,2608,0,50,1,X,01,2026
1,0704,69,5,1220,54681,0,1071,1,X,01,2026
1,0704,70,5,1220,6523,0,127,1,X,01,2026
1,0704,72,5,1220,3056,0,59,1,X,01,2026
1,0704,72,5,1220,5770,0,59,2,X,01,2026
1,0704,73,5,1220,132949,0,2364,1,X,01,2026
1,0704,74,5,1220,260358,0,2577,1,X,01,2026
1,0704,76,5,1220,27684,0,542,1,X,01,2026
1,0704,82,5,1220,6575,0,129,1,X,01,2026
1,0704,82,5,1220,25407,0,33,2,X,01,2026
1,0704,83,5,1220,84456,0,698,1,X,01,2026
1,0704,84,5,1220,394762,0,5995,1,X,01,2026
1,0704,84,5,1220,149466,0,493,2,X,01,2026
1,0704,84,8,1220,3197,0,95,1,X,01,2026
1,0704,85,5,1220,42164,0,693,1,X,01,2026
1,0704,85,5,1220,44900,0,778,2,X,01,2026
1,0704,87,5,1220,21395,0,418,1,X,01,2026
1,0704,87,5,1220,2722,0,21,2,X,01,2026
1,0704,88,5,1220,14197,0,278,1,X,01,2026
1,0704,88,8,1220,39637,0,860,1,X,01,2026
1,0704,90,8,1220,21931,0,557,1,X,01,2026
1,0704,90,8,1220,173385,0,4425,2,X,01,2026
1,0704,94,5,1220,17156,0,448,1,X,01,2026
1,0704,94,5,1220,9117,0,720,2,X,01,2026
1,0704,95,5,1220,6705,0,245,1,X,01,2026
1,0704,95,5,1220,45495,0,670,2,X,01,2026
1,0708,01,5,1220,6760617,0,71645,1,X,01,2026
1,0708,01,5,1220,10304,0,201,2,X,01,2026
1,0708,01,8,1220,5164,0,145,1,X,01,2026
1,0708,02,5,1220,5517507,0,77457,1,X,01,2026
1,0708,03,5,1220,13565,0,775,1,X,01,2026
1,0708,03,5,1220,2157265,0,46694,2,X,01,2026
1,0708,04,5,1220,2358347,0,114689,1,X,01,2026
1,0708,05,5,1220,4032,0,79,1,X,01,2026
1,0708,06,5,1220,32135,0,4290,1,X,01,2026
1,0708,07,5,1220,3681377,0,215318,1,X,01,2026
1,0708,07,5,1220,942082,0,45047,2,X,01,2026
1,0708,08,5,1220,2329406,0,84878,1,X,01,2026
1,0708,08,5,1220,4709373,0,157201,2,X,01,2026
1,0708,09,5,1220,1272101,0,22370,1,X,01,2026
1,0708,09,5,1220,598798,0,10004,2,X,01,2026
1,0708,11,5,1220,65441,0,2570,1,X,01,2026
1,0708,11,5,1220,213487,0,6083,2,X,01,2026
1,0708,12,5,1220,2932977,0,318125,1,X,01,2026
1,0708,12,5,1220,236022,0,4627,2,X,01,2026
1,0708,13,5,1220,75434,0,1748,1,X,01,2026
1,0708,13,5,1220,52522,0,1008,2,X,01,2026
1,0708,15,5,1220,507505,0,10619,1,X,01,2026
1,0708,15,5,1220,402778,0,13940,2,X,01,2026
1,0708,16,5,1220,881409,0,19786,1,X,01,2026
1,0708,16,5,1220,115443,0,1190,2,X,01,2026
1,0708,17,5,1220,685905,0,29713,1,X,01,2026
1,0708,17,5,1220,46509,0,1196,2,X,01,2026
1,0708,18,5,1220,4679224,0,86465,1,X,01,2026
1,0708,18,5,1220,54610,0,540,2,X,01,2026
1,0708,19,5,1220,4803279,0,103950,1,X,01,2026
1,0708,19,5,1220,4008,0,145,2,X,01,2026
1,0708,19,8,1220,25690,0,985,1,X,01,2026
1,0708,20,5,1220,5329843,0,160117,1,X,01,2026
1,0708,20,5,1220,214731,0,7487,2,X,01,2026
1,0708,21,5,1220,5365251,0,152218,1,X,01,2026
1,0708,21,5,1220,547099,0,10735,2,X,01,2026
1,0708,22,5,1220,658226,0,23099,1,X,01,2026
1,0708,22,5,1220,6727,0,132,2,X,01,2026
1,0708,23,5,1220,3185067,0,54770,1,X,01,2026
1,0708,25,5,1220,1047775,0,36036,1,X,01,2026
1,0708,25,5,1220,52979,0,3230,2,X,01,2026
1,0708,26,5,1220,665547,0,16302,1,X,01,2026
1,0708,26,5,1220,4227,0,564,2,X,01,2026
1,0708,27,5,1220,5371246,0,118222,1,X,01,2026
1,0708,27,5,1220,206036,0,4099,2,X,01,2026
1,0708,28,5,1220,2845948,0,60639,1,X,01,2026
1,0708,28,5,1220,1546667,0,10788,2,X,01,2026
1,0708,29,5,1220,4868837,0,117516,1,X,01,2026
1,0708,29,5,1220,1064805,0,19338,2,X,01,2026
1,0708,30,5,1220,13035692,0,23448,1,X,01,2026
1,0708,30,5,1220,76548,0,1106,2,X,01,2026
1,0708,31,5,1220,135255,0,2505,1,X,01,2026
1,0708,31,5,1220,39628,0,392,2,X,01,2026
1,0708,32,5,1220,4877097,0,85028,1,X,01,2026
1,0708,32,5,1220,225690,0,2772,2,X,01,2026
1,0708,33,5,1220,2943554,0,33839,1,X,01,2026
1,0708,33,5,1220,1451703,0,9793,2,X,01,2026
1,0708,34,5,1220,3883713,0,41649,1,X,01,2026
1,0708,34,5,1220,295002,0,5578,2,X,01,2026
1,0708,35,5,1220,1770459,0,47563,1,X,01,2026
1,0708,35,5,1220,79759,0,2888,2,X,01,2026
1,0708,36,5,1220,772765,0,26195,1,X,01,2026
1,0708,38,5,1220,7579382,0,190901,1,X,01,2026
1,0708,38,5,1220,576782,0,11874,2,X,01,2026
1,0708,39,5,1220,32516991,0,960078,1,X,01,2026
1,0708,39,5,1220,2512408,0,78819,2,X,01,2026
1,0708,39,8,1220,17351,0,72,1,X,01,2026
1,0708,40,5,1220,3974514,0,91618,1,X,01,2026
1,0708,40,5,1220,1625757,0,30779,2,X,01,2026
1,0708,42,5,1220,3342,0,29,1,X,01,2026
1,0708,42,5,1220,175272,0,2576,2,X,01,2026
1,0708,44,5,1220,9838043,0,265355,1,X,01,2026
1,0708,44,5,1220,322595,0,12022,2,X,01,2026
1,0708,46,5,1220,16582,0,482,1,X,01,2026
1,0708,47,5,1220,1945776,0,123282,1,X,01,2026
1,0708,47,5,1220,2845790,0,51202,2,X,01,2026
1,0708,47,8,1220,35609,0,3318,1,X,01,2026
1,0708,48,5,1220,22949753,0,726986,1,X,01,2026
1,0708,48,5,1220,797522,0,14217,2,X,01,2026
1,0708,49,5,1220,3490050,0,6488,1,X,01,2026
1,0708,49,5,1220,3104814,0,4119,2,X,01,2026
1,0708,52,5,1220,34139,0,824,1,X,01,2026
1,0708,52,5,1220,53469,0,525,2,X,01,2026
1,0708,53,5,1220,47374,0,910,1,X,01,2026
1,0708,54,5,1220,1893483,0,30962,1,X,01,2026
1,0708,54,5,1220,151090,0,2862,2,X,01,2026
1,0708,55,5,1220,2532225,0,51304,1,X,01,2026
1,0708,55,5,1220,165347,0,4592,2,X,01,2026
1,0708,56,5,1220,2829624,0,102751,1,X,01,2026
1,0708,56,5,1220,626350,0,6970,2,X,01,2026
1,0708,56,8,1220,54584,0,363,1,X,01,2026
1,0708,57,5,1220,101283,0,2145,1,X,01,2026
1,0708,57,5,1220,5033,0,35,2,X,01,2026
1,0708,58,5,1220,76976,0,2201,1,X,01,2026
1,0708,58,5,1220,7946,0,144,2,X,01,2026
1,0708,59,5,1220,6112707,0,110869,1,X,01,2026
1,0708,59,5,1220,253845,0,9413,2,X,01,2026
1,0708,60,5,1220,6830,0,204,1,X,01,2026
1,0708,60,5,1220,4351,0,74,2,X,01,2026
1,0708,61,5,1220,116922,0,1515,1,X,01,2026
1,0708,61,5,1220,555760,0,6108,2,X,01,2026
1,0708,62,5,1220,655410,0,3890,1,X,01,2026
1,0708,62,5,1220,184029,0,2928,2,X,01,2026
1,0708,63,5,1220,97550,0,2095,1,X,01,2026
1,0708,63,5,1220,129680,0,2886,2,X,01,2026
1,0708,64,5,1220,2996,0,44,1,X,01,2026
1,0708,64,5,1220,443777,0,1858,2,X,01,2026
1,0708,65,5,1220,77760,0,993,1,X,01,2026
1,0708,65,5,1220,23723,0,209,2,X,01,2026
1,0708,67,5,1220,6161,0,120,2,X,01,2026
1,0708,68,5,1220,3490284,0,110540,1,X,01,2026
1,0708,68,5,1220,82230,0,1835,2,X,01,2026
1,0708,68,8,1220,2687,0,128,1,X,01,2026
1,0708,69,5,1220,936224,0,22658,1,X,01,2026
1,0708,69,5,1220,99448,0,1252,2,X,01,2026
1,0708,70,5,1220,8735085,0,252842,1,X,01,2026
1,0708,70,5,1220,134423,0,3386,2,X,01,2026
1,0708,71,5,1220,48944422,0,207488,1,X,01,2026
1,0708,71,5,1220,144628292,0,504363,2,X,01,2026
1,0708,72,5,1220,8469903,0,160074,1,X,01,2026
1,0708,72,5,1220,555552,0,23904,2,X,01,2026
1,0708,73,5,1220,7494801,0,164112,1,X,01,2026
1,0708,73,5,1220,568591,0,17482,2,X,01,2026
1,0708,74,5,1220,19246146,0,305672,1,X,01,2026
1,0708,74,5,1220,1066973,0,22470,2,X,01,2026
1,0708,75,5,1220,2196961,0,11189,1,X,01,2026
1,0708,76,5,1220,7967153,0,145701,1,X,01,2026
1,0708,76,5,1220,1198237,0,12011,2,X,01,2026
1,0708,78,5,1220,170288,0,11042,1,X,01,2026
1,0708,79,5,1220,372737,0,4334,1,X,01,2026
1,0708,81,5,1220,3482613,0,33780,1,X,01,2026
1,0708,82,5,1220,134962,0,3025,1,X,01,2026
1,0708,82,5,1220,484658,0,5379,2,X,01,2026
1,0708,83,5,1220,878407,0,21484,1,X,01,2026
1,0708,83,5,1220,505857,0,5925,2,X,01,2026
1,0708,84,5,1220,29145152,0,475158,1,X,01,2026
1,0708,84,5,1220,12187393,0,154229,2,X,01,2026
1,0708,85,5,1220,23552854,0,456940,1,X,01,2026
1,0708,85,5,1220,4971550,0,86558,2,X,01,2026
1,0708,85,8,1220,14348,0,682,1,X,01,2026
1,0708,86,5,1220,1495469,0,31054,1,X,01,2026
1,0708,86,5,1220,101046,0,1253,2,X,01,2026
1,0708,87,5,1220,32663807,0,392785,1,X,01,2026
1,0708,87,5,1220,9644469,0,196733,2,X,01,2026
1,0708,87,8,1220,51691,0,1815,1,X,01,2026
1,0708,88,5,1220,6023542,0,69089,1,X,01,2026
1,0708,88,5,1220,527498,0,2912,2,X,01,2026
1,0708,89,5,1220,2501638,0,27646,1,X,01,2026
1,0708,90,5,1220,1177805,0,7487,1,X,01,2026
1,0708,90,5,1220,855993,0,15917,2,X,01,2026
1,0708,91,5,1220,13395,0,133,2,X,01,2026
1,0708,93,5,1220,3091941,0,31919,1,X,01,2026
1,0708,93,5,1220,16554,0,670,2,X,01,2026
1,0708,94,5,1220,1644861,0,27038,1,X,01,2026
1,0708,94,5,1220,749075,0,10006,2,X,01,2026
1,0708,95,5,1220,955308,0,4751,1,X,01,2026
1,0708,95,5,1220,405070,0,6073,2,X,01,2026
1,0708,96,5,1220,2124997,0,65040,1,X,01,2026
1,0708,96,5,1220,76738,0,1193,2,X,01,2026
1,0708,97,5,1220,13446,0,293,2,X,01,2026
1,0708,98,5,1220,3222422,0,33036,1,X,01,2026
1,0708,98,5,1220,65119,0,1270,2,X,01,2026
1,0712,01,5,1220,1586129,0,23008,1,X,01,2026
1,0712,01,5,1220,1012976,0,0,2,X,01,2026
1,0712,02,5,1220,995995,0,12309,1,X,01,2026
1,0712,03,5,1220,286925,0,6920,1,X,01,2026
1,0712,03,5,1220,2396451,0,40701,2,X,01,2026
1,0712,04,5,1220,1367691,0,53281,1,X,01,2026
1,0712,04,5,1220,679946,0,12752,2,X,01,2026
1,0712,05,5,1220,738136,0,11191,1,X,01,2026
1,0712,05,5,1220,211827,0,2077,2,X,01,2026
1,0712,06,5,1220,258547,0,8577,1,X,01,2026
1,0712,06,5,1220,25212,0,484,2,X,01,2026
1,0712,07,5,1220,5540005,0,305553,1,X,01,2026
1,0712,07,5,1220,1796061,0,97110,2,X,01,2026
1,0712,08,5,1220,2091970,0,91794,1,X,01,2026
1,0712,08,5,1220,23139441,0,842421,2,X,01,2026
1,0712,09,5,1220,1295543,0,21439,1,X,01,2026
1,0712,09,5,1220,1743978,0,30268,2,X,01,2026
1,0712,09,6,1220,172600,0,2768,2,X,01,2026
1,0712,10,5,1220,36809,0,804,2,X,01,2026
1,0712,11,5,1220,83645,0,6042,1,X,01,2026
1,0712,11,5,1220,199960,0,9178,2,X,01,2026
1,0712,12,5,1220,913067,0,47144,1,X,01,2026
1,0712,12,5,1220,287361,0,6922,2,X,01,2026
1,0712,12,8,1220,13476,0,506,1,X,01,2026
1,0712,13,5,1220,293912,0,8486,1,X,01,2026
1,0712,13,5,1220,242697,0,7292,2,X,01,2026
1,0712,15,5,1220,616606,0,10910,1,X,01,2026
1,0712,15,5,1220,1996145,0,28652,2,X,01,2026
1,0712,15,8,1220,5676,0,22,2,X,01,2026
1,0712,16,5,1220,468067,0,6977,1,X,01,2026
1,0712,16,5,1220,15683,0,284,2,X,01,2026
1,0712,17,5,1220,1019418,0,45275,1,X,01,2026
1,0712,17,5,1220,1185216,0,15488,2,X,01,2026
1,0712,18,5,1220,15116954,0,230980,1,X,01,2026
1,0712,18,5,1220,4789671,0,50024,2,X,01,2026
1,0712,19,5,1220,7463478,0,210793,1,X,01,2026
1,0712,19,5,1220,159401,0,3133,2,X,01,2026
1,0712,20,5,1220,2156883,0,94253,1,X,01,2026
1,0712,20,5,1220,829077,0,24795,2,X,01,2026
1,0712,21,5,1220,4576720,0,138565,1,X,01,2026
1,0712,21,5,1220,656373,0,32579,2,X,01,2026
1,0712,22,5,1220,2908545,0,63901,1,X,01,2026
1,0712,22,5,1220,180367,0,3748,2,X,01,2026
1,0712,22,6,1220,14662,0,1138,1,X,01,2026
1,0712,23,5,1220,516660,0,17527,1,X,01,2026
1,0712,23,5,1220,10930,0,213,2,X,01,2026
1,0712,23,6,1220,217459,0,14232,1,X,01,2026
1,0712,24,5,1220,193249,0,2851,1,X,01,2026
1,0712,25,5,1220,745271,0,37316,1,X,01,2026
1,0712,25,5,1220,92053,0,1690,2,X,01,2026
1,0712,25,6,1220,796204,0,15499,1,X,01,2026
1,0712,25,6,1220,72445,0,6841,2,X,01,2026
1,0712,26,5,1220,30977,0,1751,1,X,01,2026
1,0712,26,5,1220,36023,0,928,2,X,01,2026
1,0712,27,5,1220,3282483,0,77417,1,X,01,2026
1,0712,27,5,1220,327828,0,4853,2,X,01,2026
1,0712,27,6,1220,282564,0,11869,1,X,01,2026
1,0712,27,7,1220,1118195,0,0,2,X,01,2026
1,0712,27,8,1220,124700072,0,0,1,X,01,2026
1,0712,28,5,1220,4543048,0,130678,1,X,01,2026
1,0712,28,5,1220,530425,0,19462,2,X,01,2026
1,0712,28,6,1220,498229,0,8333,1,X,01,2026
1,0712,28,6,1220,318228,0,3150,2,X,01,2026
1,0712,29,5,1220,3465064,0,111813,1,X,01,2026
1,0712,29,5,1220,3797360,0,89416,2,X,01,2026
1,0712,30,5,1220,14460305,0,60323,1,X,01,2026
1,0712,30,5,1220,8260940,0,80543,2,X,01,2026
1,0712,31,5,1220,134901,0,3075,1,X,01,2026
1,0712,31,5,1220,495156,0,49418,2,X,01,2026
1,0712,31,6,1220,851310,0,16327,1,X,01,2026
1,0712,32,5,1220,5261434,0,105458,1,X,01,2026
1,0712,32,5,1220,1126270,0,20688,2,X,01,2026
1,0712,32,6,1220,113251,0,3267,1,X,01,2026
1,0712,33,5,1220,11064890,0,159561,1,X,01,2026
1,0712,33,5,1220,2358316,0,34986,2,X,01,2026
1,0712,34,5,1220,3068108,0,74097,1,X,01,2026
1,0712,34,5,1220,278457,0,6877,2,X,01,2026
1,0712,35,5,1220,3339805,0,131602,1,X,01,2026
1,0712,35,5,1220,1006484,0,26867,2,X,01,2026
1,0712,36,5,1220,4794179,0,48937,1,X,01,2026
1,0712,36,5,1220,791600,0,23681,2,X,01,2026
1,0712,37,5,1220,171176,0,7291,1,X,01,2026
1,0712,37,5,1220,113928,0,4936,2,X,01,2026
1,0712,38,5,1220,6171274,0,153236,1,X,01,2026
1,0712,38,5,1220,907011,0,27690,2,X,01,2026
1,0712,38,6,1220,1084776,0,22816,1,X,01,2026
1,0712,39,5,1220,31837705,0,922882,1,X,01,2026
1,0712,39,5,1220,4451966,0,127446,2,X,01,2026
1,0712,39,6,1220,755839,0,16651,1,X,01,2026
1,0712,40,5,1220,4051294,0,145116,1,X,01,2026
1,0712,40,5,1220,1908872,0,45512,2,X,01,2026
1,0712,40,6,1220,130153,0,3267,1,X,01,2026
1,0712,41,5,1220,1026231,0,13688,1,X,01,2026
1,0712,41,5,1220,17004,0,800,2,X,01,2026
1,0712,42,5,1220,175329,0,2915,1,X,01,2026
1,0712,42,5,1220,639225,0,12975,2,X,01,2026
1,0712,43,5,1220,16617,0,182,1,X,01,2026
1,0712,43,5,1220,16371,0,132,2,X,01,2026
1,0712,44,5,1220,7195334,0,198063,1,X,01,2026
1,0712,44,5,1220,330570,0,14821,2,X,01,2026
1,0712,44,6,1220,339046,0,8459,1,X,01,2026
1,0712,44,6,1220,87895,0,870,2,X,01,2026
1,0712,47,5,1220,1782263,0,45080,1,X,01,2026
1,0712,47,5,1220,2702456,0,51576,2,X,01,2026
1,0712,47,6,1220,2265762,0,120274,1,X,01,2026
1,0712,47,6,1220,1710874,0,37702,2,X,01,2026
1,0712,48,5,1220,15563942,0,366265,1,X,01,2026
1,0712,48,5,1220,1253969,0,27289,2,X,01,2026
1,0712,48,6,1220,256070,0,1248,1,X,01,2026
1,0712,49,5,1220,1045136,0,16599,1,X,01,2026
1,0712,49,5,1220,419267,0,1901,2,X,01,2026
1,0712,49,8,1220,45570,0,1540,1,X,01,2026
1,0712,51,5,1220,168808,0,2591,1,X,01,2026
1,0712,51,5,1220,20144,0,339,2,X,01,2026
1,0712,52,5,1220,59543,0,1250,1,X,01,2026
1,0712,52,5,1220,84767,0,1579,2,X,01,2026
1,0712,54,5,1220,1310457,0,21703,1,X,01,2026
1,0712,54,5,1220,230872,0,5543,2,X,01,2026
1,0712,55,5,1220,1303065,0,29708,1,X,01,2026
1,0712,55,5,1220,154009,0,5333,2,X,01,2026
1,0712,56,5,1220,3051841,0,56313,1,X,01,2026
1,0712,56,5,1220,291708,0,7594,2,X,01,2026
1,0712,57,5,1220,74568,0,972,1,X,01,2026
1,0712,57,5,1220,107488,0,620,2,X,01,2026
1,0712,58,5,1220,198386,0,5330,1,X,01,2026
1,0712,58,5,1220,25127,0,501,2,X,01,2026
1,0712,59,5,1220,1445040,0,21595,1,X,01,2026
1,0712,59,5,1220,263171,0,8460,2,X,01,2026
1,0712,60,5,1220,141733,0,2428,1,X,01,2026
1,0712,60,5,1220,23038,0,474,2,X,01,2026
1,0712,61,5,1220,46589,0,1233,1,X,01,2026
1,0712,61,5,1220,1242236,0,24304,2,X,01,2026
1,0712,62,5,1220,147042,0,2568,1,X,01,2026
1,0712,62,5,1220,921103,0,20107,2,X,01,2026
1,0712,63,5,1220,310220,0,5533,1,X,01,2026
1,0712,63,5,1220,218671,0,4243,2,X,01,2026
1,0712,64,5,1220,22828,0,72,1,X,01,2026
1,0712,64,5,1220,97133,0,2452,2,X,01,2026
1,0712,65,5,1220,515958,0,1838,1,X,01,2026
1,0712,65,5,1220,113839,0,2072,2,X,01,2026
1,0712,66,5,1220,8101,0,515,2,X,01,2026
1,0712,67,5,1220,15744,0,388,2,X,01,2026
1,0712,68,5,1220,3875360,0,234084,1,X,01,2026
1,0712,68,5,1220,279325,0,8211,2,X,01,2026
1,0712,68,6,1220,99836,0,4748,1,X,01,2026
1,0712,69,5,1220,500370,0,11129,1,X,01,2026
1,0712,69,5,1220,143034,0,3184,2,X,01,2026
1,0712,70,5,1220,1649910,0,43130,1,X,01,2026
1,0712,70,5,1220,563994,0,10755,2,X,01,2026
1,0712,71,5,1220,24041605,0,207721,1,X,01,2026
1,0712,71,5,1220,30825880,0,130553,2,X,01,2026
1,0712,72,5,1220,4861323,0,280095,1,X,01,2026
1,0712,72,5,1220,839511,0,21547,2,X,01,2026
1,0712,72,6,1220,1535962,0,21544,1,X,01,2026
1,0712,73,5,1220,6574480,0,176198,1,X,01,2026
1,0712,73,5,1220,1572112,0,45092,2,X,01,2026
1,0712,73,6,1220,36358,0,711,1,X,01,2026
1,0712,74,5,1220,14737050,0,204559,1,X,01,2026
1,0712,74,5,1220,2151557,0,45150,2,X,01,2026
1,0712,74,6,1220,27443530,0,703876,1,X,01,2026
1,0712,74,6,1220,1343552,0,122141,2,X,01,2026
1,0712,75,5,1220,368046,0,6446,1,X,01,2026
1,0712,75,5,1220,269695,0,6501,2,X,01,2026
1,0712,76,5,1220,7852148,0,541574,1,X,01,2026
1,0712,76,5,1220,388492,0,10492,2,X,01,2026
1,0712,78,5,1220,77714,0,1960,1,X,01,2026
1,0712,79,5,1220,678303,0,9993,1,X,01,2026
1,0712,80,5,1220,1145061,0,65698,1,X,01,2026
1,0712,80,5,1220,1089750,0,66221,2,X,01,2026
1,0712,81,5,1220,565961,0,11943,1,X,01,2026
1,0712,81,5,1220,554363,0,12323,2,X,01,2026
1,0712,82,5,1220,965762,0,21787,1,X,01,2026
1,0712,82,5,1220,537604,0,10895,2,X,01,2026
1,0712,82,6,1220,6051,0,119,2,X,01,2026
1,0712,83,5,1220,1576816,0,35878,1,X,01,2026
1,0712,83,5,1220,1264358,0,28324,2,X,01,2026
1,0712,83,6,1220,17783,0,348,2,X,01,2026
1,0712,84,5,1220,52362928,0,637230,1,X,01,2026
1,0712,84,5,1220,45480527,0,609795,2,X,01,2026
1,0712,84,5,2010,6426,0,0,1,0,01,2026
1,0712,84,5,2010,5745,0,0,2,0,01,2026
1,0712,84,6,1220,33210,0,474,2,X,01,2026
1,0712,84,8,1220,29870,0,886,2,X,01,2026
1,0712,85,5,1220,33248437,0,756721,1,X,01,2026
1,0712,85,5,1220,18607366,0,413635,2,X,01,2026
1,0712,85,8,1220,103928,0,2049,2,X,01,2026
1,0712,86,5,1220,1146135,0,19022,1,X,01,2026
1,0712,86,5,1220,331779,0,4110,2,X,01,2026
1,0712,87,5,1220,40837576,0,482353,1,X,01,2026
1,0712,87,5,1220,13549953,0,164327,2,X,01,2026
1,0712,87,8,1220,226656,0,4822,1,X,01,2026
1,0712,87,8,1220,17377,0,291,2,X,01,2026
1,0712,88,5,1220,46528857,0,213126,1,X,01,2026
1,0712,88,5,1220,11404748,0,174197,2,X,01,2026
1,0712,89,5,1220,2142106,0,13465,1,X,01,2026
1,0712,89,5,1220,5256,0,103,2,X,01,2026
1,0712,89,8,1220,40231,0,593,1,X,01,2026
1,0712,90,5,1220,10878938,0,156787,1,X,01,2026
1,0712,90,5,1220,6115253,0,96265,2,X,01,2026
1,0712,90,5,2010,10186,0,0,1,0,01,2026
1,0712,90,5,2010,273198,0,0,2,0,01,2026
1,0712,90,8,1220,21137,0,320,1,X,01,2026
1,0712,90,8,1220,7217,0,96,2,X,01,2026
1,0712,91,5,1220,32611,0,600,1,X,01,2026
1,0712,91,5,1220,20416,0,741,2,X,01,2026
1,0712,92,5,1220,22804,0,398,1,X,01,2026
1,0712,92,5,1220,60781,0,791,2,X,01,2026
1,0712,93,5,1220,1217807,0,13053,1,X,01,2026
1,0712,93,5,1220,105522,0,1254,2,X,01,2026
1,0712,93,8,1220,17269,0,834,1,X,01,2026
1,0712,94,5,1220,2426731,0,38364,1,X,01,2026
1,0712,94,5,1220,1891837,0,47469,2,X,01,2026
1,0712,95,5,1220,1384020,0,33529,1,X,01,2026
1,0712,95,5,1220,842132,0,21207,2,X,01,2026
1,0712,95,8,1220,15265,0,559,2,X,01,2026
1,0712,96,5,1220,506565,0,8766,1,X,01,2026
1,0712,96,5,1220,1018182,0,18560,2,X,01,2026
1,0712,96,6,1220,61140,0,3009,1,X,01,2026
1,0712,97,5,1220,86235,0,1748,1,X,01,2026
1,0712,97,5,1220,98023,0,722,2,X,01,2026
1,0712,97,8,1220,89964,0,1766,2,X,01,2026
1,0712,98,5,1220,450097,0,5129,1,X,01,2026
1,0712,98,5,1220,144855,0,3462,2,X,01,2026
1,0712,98,8,1220,1005643,0,68,1,X,01,2026
1,0715,05,5,1220,15036,0,1462,1,X,01,2026
1,0715,08,5,1220,105346,0,19629,1,X,01,2026
1,0715,10,5,1220,15030,0,327,1,X,01,2026
1,0715,12,5,1220,10451,0,392,1,X,01,2026
1,0715,12,6,1220,473189,0,16633,1,X,01,2026
1,0715,20,6,1220,25454,0,498,2,X,01,2026
1,0715,22,6,1220,273731,0,10090,1,X,01,2026
1,0715,23,5,1220,36930,0,941,1,X,01,2026
1,0715,23,6,1220,52975,0,1676,1,X,01,2026
1,0715,25,6,1220,843298,0,9134,1,X,01,2026
1,0715,27,5,1220,374199,0,27225,1,X,01,2026
1,0715,27,6,1220,122477,0,7405,1,X,01,2026
1,0715,28,6,1220,190100,0,3723,1,X,01,2026
1,0715,29,6,1220,2423743,0,24408,1,X,01,2026
1,0715,31,6,1220,220378,0,4316,1,X,01,2026
1,0715,38,6,1220,100205,0,288,1,X,01,2026
1,0715,39,6,1220,87305,0,1247,1,X,01,2026
1,0715,44,5,1220,1194073,0,34511,1,X,01,2026
1,0715,44,6,1220,754422,0,10129,1,X,01,2026
1,0715,47,6,1220,99796,0,1475,2,X,01,2026
1,0715,48,6,1220,1900631,0,10859,1,X,01,2026
1,0715,62,5,1220,2587,0,84,2,X,01,2026
1,0715,72,5,1220,15570,0,385,1,X,01,2026
1,0715,84,5,1220,3605,0,107,1,X,01,2026
1,07XX,05,3,1220,2567,31,50,1,X,01,2026
1,07XX,12,3,1220,174917,8724,6581,2,X,01,2026
1,07XX,21,3,1220,11761,122,162,1,X,01,2026
1,07XX,27,1,1220,1326854,8080150,3266,1,X,01,2026
1,07XX,27,3,1220,2829,40,114,1,X,01,2026
1,07XX,28,1,1220,101986,40000,4856,1,X,01,2026
1,07XX,28,3,1220,39011,1431,520,1,X,01,2026
1,07XX,29,1,1220,29633,1000,580,2,X,01,2026
1,07XX,29,3,1220,17931,9,129,1,X,01,2026
1,07XX,30,3,1220,16613,13,323,2,X,01,2026
1,07XX,32,3,1220,2516,95,49,1,X,01,2026
1,07XX,32,3,1220,3652,100,130,2,X,01,2026
1,07XX,33,3,1220,8225,97,159,1,X,01,2026
1,07XX,33,5,2010,51735,0,0,2,0,01,2026
1,07XX,37,3,1220,8767,106,111,1,X,01,2026
1,07XX,38,3,1220,33041,28,669,1,X,01,2026
1,07XX,38,3,1220,2820,16,55,2,X,01,2026
1,07XX,39,1,1220,50803,19352,3267,2,X,01,2026
1,07XX,39,3,1220,166954,4111,3330,1,X,01,2026
1,07XX,39,3,1220,57256,5053,1243,2,X,01,2026
1,07XX,40,1,1220,23078,596,791,2,X,01,2026
1,07XX,40,3,1220,23596,977,520,1,X,01,2026
1,07XX,40,3,1220,3344,18,65,2,X,01,2026
1,07XX,41,3,1220,2642,20,51,1,X,01,2026
1,07XX,42,3,1220,3813,606,18,1,X,01,2026
1,07XX,42,3,1220,8486,66,185,2,X,01,2026
1,07XX,48,1,1220,17056,3190,334,1,X,01,2026
1,07XX,48,1,1220,17459,8811,341,2,X,01,2026
1,07XX,48,3,1220,105922,14528,3777,1,X,01,2026
1,07XX,49,3,1220,24903,177,844,2,X,01,2026
1,07XX,54,3,1220,5195,137,101,2,X,01,2026
1,07XX,59,3,1220,4217,41,82,1,X,01,2026
1,07XX,61,3,1220,2753,160,53,2,X,01,2026
1,07XX,62,3,1220,270709,23035,4597,1,X,01,2026
1,07XX,62,3,1220,3553,9,69,2,X,01,2026
1,07XX,64,3,1220,11125,92,217,1,X,01,2026
1,07XX,68,3,1220,9948,1132,904,1,X,01,2026
1,07XX,68,3,1220,7461,42224,677,2,X,01,2026
1,07XX,70,3,1220,7988,69,130,2,X,01,2026
1,07XX,71,3,1220,50576154,648,45,1,X,01,2026
1,07XX,71,3,1220,168174,10,3212,2,X,01,2026
1,07XX,72,3,1220,6125,22000,739,1,X,01,2026
1,07XX,73,1,1220,296145,98545,10381,2,X,01,2026
1,07XX,73,3,1220,34544,472,727,1,X,01,2026
1,07XX,74,3,1220,6338,220,188,1,X,01,2026
1,07XX,75,3,1220,7181,14,105,1,X,01,2026
1,07XX,76,3,1220,18957,3112,2241,1,X,01,2026
1,07XX,76,3,1220,3077,1246,66,2,X,01,2026
1,07XX,82,3,1220,51991,427,1144,1,X,01,2026
1,07XX,82,3,1220,12128,60,128,2,X,01,2026
1,07XX,83,3,1220,17487,1048,254,1,X,01,2026
1,07XX,83,3,1220,48665,728,951,2,X,01,2026
1,07XX,84,1,1220,534103,11080,3691,2,X,01,2026
1,07XX,84,3,1220,1280040,10611,20799,1,X,01,2026
1,07XX,84,3,1220,664637,6339,14789,2,X,01,2026
1,07XX,85,1,1220,95620,2851,1778,2,X,01,2026
1,07XX,85,3,1220,1281051,1808,17735,1,X,01,2026
1,07XX,85,3,1220,1411261,7228,13873,2,X,01,2026
1,07XX,86,1,1220,119047,6291,57,2,X,01,2026
1,07XX,86,3,1220,60246,8040,36,2,X,01,2026
1,07XX,87,3,1220,168001,7949,7237,1,X,01,2026
1,07XX,87,3,1220,5885,36,98,2,X,01,2026
1,07XX,88,3,1220,565282,3524,8214,1,X,01,2026
1,07XX,88,3,1220,71260,28,727,2,X,01,2026
1,07XX,90,3,1220,553324,1057,6989,1,X,01,2026
1,07XX,90,3,1220,1182286,5504,6508,2,X,01,2026
1,07XX,92,3,1220,3523,1,55,1,X,01,2026
1,07XX,93,3,1220,4110,11,80,1,X,01,2026
1,07XX,94,3,1220,18229,170,404,1,X,01,2026
1,07XX,94,3,1220,38430,791,973,2,X,01,2026
1,07XX,95,3,1220,68961,1703,5098,1,X,01,2026
1,07XX,97,3,1220,6364,45,363,1,X,01,2026
1,0901,01,5,1220,7622209,0,127000,1,X,01,2026
1,0901,01,5,1220,4084,0,79,2,X,01,2026
1,0901,02,5,1220,8158324,0,166641,1,X,01,2026
1,0901,03,5,1220,2009741,0,35073,1,X,01,2026
1,0901,03,5,1220,10132489,0,149195,2,X,01,2026
1,0901,04,5,1220,4732914,0,84833,1,X,01,2026
1,0901,04,5,1220,949473,0,35362,2,X,01,2026
1,0901,05,5,1220,1588969,0,25912,1,X,01,2026
1,0901,05,5,1220,48015,0,1055,2,X,01,2026
1,0901,06,5,1220,2918617,0,47027,1,X,01,2026
1,0901,06,5,1220,244885,0,5600,2,X,01,2026
1,0901,07,5,1220,9278197,0,409364,1,X,01,2026
1,0901,07,5,1220,5265766,0,230953,2,X,01,2026
1,0901,08,5,1220,3660887,0,95753,1,X,01,2026
1,0901,08,5,1220,39509616,0,990298,2,X,01,2026
1,0901,09,5,1220,18206736,0,345456,1,X,01,2026
1,0901,09,5,1220,6812407,0,128902,2,X,01,2026
1,0901,09,6,1220,826326,0,16335,2,X,01,2026
1,0901,10,5,1220,310595,0,5855,1,X,01,2026
1,0901,10,5,1220,417801,0,8167,2,X,01,2026
1,0901,10,6,1220,141785,0,1307,1,X,01,2026
1,0901,11,3,2010,7569,13086,0,1,0,01,2026
1,0901,11,5,1220,919984,0,20766,1,X,01,2026
1,0901,11,5,1220,548222,0,12081,2,X,01,2026
1,0901,11,6,1220,71616,0,1479,1,X,01,2026
1,0901,12,5,1220,4175251,0,77712,1,X,01,2026
1,0901,12,5,1220,2149161,0,25749,2,X,01,2026
1,0901,12,6,1220,81355,0,580,2,X,01,2026
1,0901,13,5,1220,1035710,0,19026,1,X,01,2026
1,0901,13,5,1220,1257680,0,26091,2,X,01,2026
1,0901,14,5,1220,9897,0,777,1,X,01,2026
1,0901,14,5,1220,13645,0,734,2,X,01,2026
1,0901,14,6,1220,27918,0,1853,1,X,01,2026
1,0901,15,5,1220,3826267,0,63997,1,X,01,2026
1,0901,15,5,1220,8828929,0,143702,2,X,01,2026
1,0901,15,6,1220,1479283,0,30198,1,X,01,2026
1,0901,15,6,1220,7375419,0,103576,2,X,01,2026
1,0901,15,8,1220,28521,0,943,2,X,01,2026
1,0901,16,5,1220,8245398,0,143412,1,X,01,2026
1,0901,16,5,1220,176552,0,1853,2,X,01,2026
1,0901,17,5,1220,8973787,0,190308,1,X,01,2026
1,0901,17,5,1220,1463798,0,20544,2,X,01,2026
1,0901,18,5,1220,31210537,0,351351,1,X,01,2026
1,0901,18,5,1220,10570521,0,176964,2,X,01,2026
1,0901,19,5,1220,31170078,0,960698,1,X,01,2026
1,0901,19,5,1220,938819,0,18479,2,X,01,2026
1,0901,19,6,1220,53002,0,1841,1,X,01,2026
1,0901,19,8,1220,16171,0,317,2,X,01,2026
1,0901,20,5,1220,19213773,0,772041,1,X,01,2026
1,0901,20,5,1220,3486668,0,194746,2,X,01,2026
1,0901,20,6,1220,138408,0,6534,1,X,01,2026
1,0901,20,8,1220,3466,0,336,2,X,01,2026
1,0901,21,5,1220,38392554,0,1034362,1,X,01,2026
1,0901,21,5,1220,1952458,0,33414,2,X,01,2026
1,0901,21,6,1220,360786,0,24260,1,X,01,2026
1,0901,21,6,1220,2634,0,51,2,X,01,2026
1,0901,22,5,1220,18081466,0,728935,1,X,01,2026
1,0901,22,5,1220,615662,0,17231,2,X,01,2026
1,0901,23,5,1220,23415848,0,520284,1,X,01,2026
1,0901,23,5,1220,27299,0,573,2,X,01,2026
1,0901,23,6,1220,59225,0,646,1,X,01,2026
1,0901,24,5,1220,1654876,0,18402,1,X,01,2026
1,0901,24,5,1220,1310790,0,39882,2,X,01,2026
1,0901,25,5,1220,4378107,0,204145,1,X,01,2026
1,0901,25,5,1220,567237,0,14041,2,X,01,2026
1,0901,25,6,1220,153068,0,3000,1,X,01,2026
1,0901,26,5,1220,2333388,0,27267,1,X,01,2026
1,0901,26,5,1220,432116,0,14383,2,X,01,2026
1,0901,26,6,1220,310169,0,12729,1,X,01,2026
1,0901,27,5,1220,26627084,0,700201,1,X,01,2026
1,0901,27,5,1220,205526,0,4536,2,X,01,2026
1,0901,27,6,1220,7814836,0,230772,1,X,01,2026
1,0901,27,7,1220,21364400,0,0,1,X,01,2026
1,0901,27,8,1220,104488,0,0,1,X,01,2026
1,0901,28,5,1220,14105849,0,418564,1,X,01,2026
1,0901,28,5,1220,3627853,0,92714,2,X,01,2026
1,0901,28,6,1220,2818297,0,37718,1,X,01,2026
1,0901,28,6,1220,3902063,0,2661,2,X,01,2026
1,0901,29,5,1220,16070113,0,303011,1,X,01,2026
1,0901,29,5,1220,8580287,0,175288,2,X,01,2026
1,0901,29,6,1220,1384797,0,72727,1,X,01,2026
1,0901,29,6,1220,303624,0,7625,2,X,01,2026
1,0901,30,5,1220,159780652,0,752915,1,X,01,2026
1,0901,30,5,1220,42762288,0,462340,2,X,01,2026
1,0901,30,8,1220,3734,0,121,2,X,01,2026
1,0901,31,5,1220,1054599,0,24195,1,X,01,2026
1,0901,31,5,1220,180301,0,3533,2,X,01,2026
1,0901,31,6,1220,3738197,0,108089,1,X,01,2026
1,0901,32,5,1220,30773525,0,682186,1,X,01,2026
1,0901,32,5,1220,3752947,0,70070,2,X,01,2026
1,0901,33,5,1220,60392565,0,1060102,1,X,01,2026
1,0901,33,5,1220,23331985,0,287388,2,X,01,2026
1,0901,33,6,1220,17124,0,1018,2,X,01,2026
1,0901,34,5,1220,45718759,0,1152945,1,X,01,2026
1,0901,34,5,1220,2051862,0,46247,2,X,01,2026
1,0901,34,8,1220,19339,0,379,1,X,01,2026
1,0901,35,5,1220,7933646,0,141860,1,X,01,2026
1,0901,35,5,1220,1115464,0,18282,2,X,01,2026
1,0901,35,6,1220,5966,0,100,1,X,01,2026
1,0901,36,5,1220,862251,0,31813,1,X,01,2026
1,0901,36,5,1220,36915,0,433,2,X,01,2026
1,0901,37,5,1220,987126,0,18632,1,X,01,2026
1,0901,37,5,1220,680460,0,7885,2,X,01,2026
1,0901,38,3,2010,301458,1289,0,1,0,01,2026
1,0901,38,5,1220,33483938,0,695231,1,X,01,2026
1,0901,38,5,1220,3756761,0,73262,2,X,01,2026
1,0901,38,5,2010,3560,0,0,1,0,01,2026
1,0901,38,6,1220,7013287,0,268635,1,X,01,2026
1,0901,38,6,1220,671353,0,9593,2,X,01,2026
1,0901,38,8,1220,51726,0,536,1,X,01,2026
1,0901,39,3,2010,16357,176,0,1,0,01,2026
1,0901,39,5,1220,125496403,0,3576545,1,X,01,2026
1,0901,39,5,1220,16726069,0,418100,2,X,01,2026
1,0901,39,5,2010,10728,0,0,1,0,01,2026
1,0901,39,6,1220,6598013,0,198276,1,X,01,2026
1,0901,39,6,1220,3096869,0,61663,2,X,01,2026
1,0901,39,8,1220,8897,0,1191,1,X,01,2026
1,0901,40,5,1220,21067623,0,489823,1,X,01,2026
1,0901,40,5,1220,6332473,0,148011,2,X,01,2026
1,0901,41,5,1220,88972,0,2298,1,X,01,2026
1,0901,41,5,1220,95470,0,2543,2,X,01,2026
1,0901,42,5,1220,417823,0,7431,1,X,01,2026
1,0901,42,5,1220,3134256,0,56181,2,X,01,2026
1,0901,42,8,1220,7422,0,37,1,X,01,2026
1,0901,43,5,1220,3840,0,46,2,X,01,2026
1,0901,44,5,1220,13168308,0,371795,1,X,01,2026
1,0901,44,5,1220,889077,0,16683,2,X,01,2026
1,0901,44,6,1220,46031,0,3267,1,X,01,2026
1,0901,45,5,1220,25478,0,476,1,X,01,2026
1,0901,46,5,1220,93196,0,1192,1,X,01,2026
1,0901,46,5,1220,9792,0,124,2,X,01,2026
1,0901,47,5,1220,1514918,0,83065,1,X,01,2026
1,0901,47,5,1220,805211,0,22786,2,X,01,2026
1,0901,47,6,1220,532243,0,25341,1,X,01,2026
1,0901,47,6,1220,2776325,0,65451,2,X,01,2026
1,0901,48,5,1220,74451088,0,2657279,1,X,01,2026
1,0901,48,5,1220,7166707,0,165428,2,X,01,2026
1,0901,48,6,1220,6143982,0,75485,1,X,01,2026
1,0901,49,5,1220,14879855,0,215059,1,X,01,2026
1,0901,49,5,1220,4702886,0,40720,2,X,01,2026
1,0901,49,5,2010,2592,0,0,1,0,01,2026
1,0901,49,6,1220,4882,0,95,1,X,01,2026
1,0901,50,5,1220,10106,0,186,2,X,01,2026
1,0901,51,5,1220,5759,0,82,1,X,01,2026
1,0901,51,5,1220,22652,0,426,2,X,01,2026
1,0901,52,5,1220,248277,0,5942,1,X,01,2026
1,0901,52,5,1220,183197,0,3729,2,X,01,2026
1,0901,53,5,1220,173518,0,3347,1,X,01,2026
1,0901,53,5,1220,10612,0,281,2,X,01,2026
1,0901,54,5,1220,1072346,0,23045,1,X,01,2026
1,0901,54,5,1220,181224,0,5945,2,X,01,2026
1,0901,55,5,1220,1453556,0,30199,1,X,01,2026
1,0901,55,5,1220,211843,0,5174,2,X,01,2026
1,0901,56,5,1220,9349769,0,251554,1,X,01,2026
1,0901,56,5,1220,1834095,0,35747,2,X,01,2026
1,0901,56,5,2010,2579,0,0,1,0,01,2026
1,0901,57,5,1220,1189880,0,30503,1,X,01,2026
1,0901,57,5,1220,370575,0,6267,2,X,01,2026
1,0901,57,6,1220,334382,0,190,2,X,01,2026
1,0901,58,5,1220,526092,0,11570,1,X,01,2026
1,0901,58,5,1220,113925,0,2380,2,X,01,2026
1,0901,59,5,1220,1878468,0,40915,1,X,01,2026
1,0901,59,5,1220,1200656,0,23262,2,X,01,2026
1,0901,60,5,1220,168716,0,4108,1,X,01,2026
1,0901,60,5,1220,83357,0,2036,2,X,01,2026
1,0901,61,5,1220,610028,0,22647,1,X,01,2026
1,0901,61,5,1220,5371237,0,103643,2,X,01,2026
1,0901,62,5,1220,392029,0,7680,1,X,01,2026
1,0901,62,5,1220,3627737,0,66077,2,X,01,2026
1,0901,63,5,1220,2212213,0,72433,1,X,01,2026
1,0901,63,5,1220,942957,0,19662,2,X,01,2026
1,0901,64,5,1220,206413,0,2599,1,X,01,2026
1,0901,64,5,1220,297578,0,5083,2,X,01,2026
1,0901,64,6,1220,24742,0,34,2,X,01,2026
1,0901,65,5,1220,728177,0,4504,1,X,01,2026
1,0901,65,5,1220,619014,0,11877,2,X,01,2026
1,0901,65,8,1220,3528,0,68,2,X,01,2026
1,0901,66,5,1220,229364,0,11801,1,X,01,2026
1,0901,66,5,1220,125052,0,6656,2,X,01,2026
1,0901,67,5,1220,64003,0,1180,1,X,01,2026
1,0901,67,5,1220,428767,0,9752,2,X,01,2026
1,0901,68,5,1220,6253379,0,236736,1,X,01,2026
1,0901,68,5,1220,1454101,0,24149,2,X,01,2026
1,0901,68,5,2010,23103,0,0,2,0,01,2026
1,0901,68,6,1220,402860,0,21299,1,X,01,2026
1,0901,69,5,1220,7013329,0,50683,1,X,01,2026
1,0901,69,5,1220,2224367,0,30147,2,X,01,2026
1,0901,69,5,2010,701494,0,0,1,0,01,2026
1,0901,69,6,1220,57565,0,1128,2,X,01,2026
1,0901,70,5,1220,11935115,0,234282,1,X,01,2026
1,0901,70,5,1220,1101877,0,25412,2,X,01,2026
1,0901,70,5,2010,55350,0,0,1,0,01,2026
1,0901,70,6,1220,14925,0,356,1,X,01,2026
1,0901,71,5,1220,472654527,0,2360235,1,X,01,2026
1,0901,71,5,1220,285771671,0,931951,2,X,01,2026
1,0901,72,5,1220,53236573,0,1631874,1,X,01,2026
1,0901,72,5,1220,6465708,0,105049,2,X,01,2026
1,0901,72,6,1220,1118772,0,12275,1,X,01,2026
1,0901,73,5,1220,51771739,0,948323,1,X,01,2026
1,0901,73,5,1220,6704304,0,145249,2,X,01,2026
1,0901,73,6,1220,15012,0,189,1,X,01,2026
1,0901,73,6,1220,6279,0,80,2,X,01,2026
1,0901,74,5,1220,48436072,0,641679,1,X,01,2026
1,0901,74,5,1220,2175308,0,40065,2,X,01,2026
1,0901,74,6,1220,3180738,0,70900,1,X,01,2026
1,0901,75,5,1220,5154310,0,47231,1,X,01,2026
1,0901,75,5,1220,7895675,0,83465,2,X,01,2026
1,0901,76,5,1220,54441323,0,1223038,1,X,01,2026
1,0901,76,5,1220,7072704,0,92795,2,X,01,2026
1,0901,78,5,1220,120164,0,1453,1,X,01,2026
1,0901,78,5,1220,3885,0,145,2,X,01,2026
1,0901,79,5,1220,2063331,0,28851,1,X,01,2026
1,0901,79,5,1220,191299,0,4306,2,X,01,2026
1,0901,80,5,1220,316454,0,8982,1,X,01,2026
1,0901,80,5,1220,665322,0,503,2,X,01,2026
1,0901,81,5,1220,3695747,0,29120,1,X,01,2026
1,0901,81,5,1220,202826,0,3339,2,X,01,2026
1,0901,82,5,1220,8771709,0,117389,1,X,01,2026
1,0901,82,5,1220,3489398,0,51473,2,X,01,2026
1,0901,83,5,1220,18776438,0,303349,1,X,01,2026
1,0901,83,5,1220,3410775,0,82698,2,X,01,2026
1,0901,83,5,2010,17796,0,0,1,0,01,2026
1,0901,84,3,2010,34409,65,0,1,0,01,2026
1,0901,84,5,1220,192264419,0,3766167,1,X,01,2026
1,0901,84,5,1220,132179074,0,1881748,2,X,01,2026
1,0901,84,5,2010,126978,0,0,1,0,01,2026
1,0901,84,5,2010,20073,0,0,2,0,01,2026
1,0901,84,6,1220,42773,0,818,1,X,01,2026
1,0901,84,6,1220,2882,0,56,2,X,01,2026
1,0901,84,8,1220,24244,0,590,1,X,01,2026
1,0901,84,8,1220,16197,0,348,2,X,01,2026
1,0901,85,3,2010,5571,36,0,1,0,01,2026
1,0901,85,3,2010,50437,436,0,2,0,01,2026
1,0901,85,5,1220,128525465,0,2561385,1,X,01,2026
1,0901,85,5,1220,64459172,0,1184868,2,X,01,2026
1,0901,85,5,2010,19931,0,0,1,0,01,2026
1,0901,85,5,2010,71295,0,0,2,0,01,2026
1,0901,85,6,1220,5287,0,103,1,X,01,2026
1,0901,85,8,1220,8230,0,180,2,X,01,2026
1,0901,86,5,1220,3259183,0,52838,1,X,01,2026
1,0901,86,5,1220,845478,0,12022,2,X,01,2026
1,0901,87,5,1220,73623776,0,913321,1,X,01,2026
1,0901,87,5,1220,21940962,0,344397,2,X,01,2026
1,0901,87,8,1220,353362,0,8269,1,X,01,2026
1,0901,88,5,1220,22245048,0,165527,1,X,01,2026
1,0901,88,5,1220,2203720,0,28687,2,X,01,2026
1,0901,89,5,1220,3071966,0,25887,1,X,01,2026
1,0901,89,5,1220,34020,0,672,2,X,01,2026
1,0901,90,3,2010,110990,137,0,1,0,01,2026
1,0901,90,5,1220,53969185,0,636018,1,X,01,2026
1,0901,90,5,1220,34817482,0,427386,2,X,01,2026
1,0901,90,5,2010,134112,0,0,1,0,01,2026
1,0901,90,5,2010,168034,0,0,2,0,01,2026
1,0901,90,6,1220,152833,0,1479,2,X,01,2026
1,0901,90,8,1220,18444,0,469,1,X,01,2026
1,0901,91,5,1220,60367,0,1100,1,X,01,2026
1,0901,91,5,1220,265562,0,5226,2,X,01,2026
1,0901,92,5,1220,592259,0,5673,1,X,01,2026
1,0901,92,5,1220,561704,0,1529,2,X,01,2026
1,0901,93,5,1220,2482056,0,38051,1,X,01,2026
1,0901,93,5,1220,275449,0,4916,2,X,01,2026
1,0901,94,5,1220,11948168,0,301435,1,X,01,2026
1,0901,94,5,1220,6924748,0,164713,2,X,01,2026
1,0901,94,5,2010,8700,0,0,1,0,01,2026
1,0901,94,8,1220,6447,0,73,2,X,01,2026
1,0901,95,5,1220,8039888,0,133795,1,X,01,2026
1,0901,95,5,1220,5106362,0,90246,2,X,01,2026
1,0901,96,5,1220,26592639,0,747581,1,X,01,2026
1,0901,96,5,1220,2155138,0,34438,2,X,01,2026
1,0901,97,5,1220,331142,0,3326,1,X,01,2026
1,0901,97,5,1220,106993,0,1714,2,X,01,2026
1,0901,98,5,1220,641915,0,6063,1,X,01,2026
1,0901,98,5,1220,755307,0,11342,2,X,01,2026
1,09XX,01,3,1220,25027,3887,500,1,X,01,2026
1,09XX,02,3,1220,29064,17752,512,1,X,01,2026
1,09XX,06,3,1220,7539,241,148,2,X,01,2026
1,09XX,09,3,1220,22997,1812,450,2,X,01,2026
1,09XX,12,3,1220,43429,458,1152,1,X,01,2026
1,09XX,12,3,1220,19131,4237,485,2,X,01,2026
1,09XX,13,3,1220,3773,965,145,1,X,01,2026
1,09XX,18,3,1220,2661,79,145,1,X,01,2026
1,09XX,19,3,1220,35325,8938,1355,1,X,01,2026
1,09XX,21,3,1220,10827,1807,72,1,X,01,2026
1,09XX,25,1,1220,82147,1090855,0,1,X,01,2026
1,09XX,25,3,1220,4313,6500,61,1,X,01,2026
1,09XX,26,1,1220,14272772,146453460,86619,1,X,01,2026
1,09XX,27,1,1220,69856042,193439748,2959184,1,X,01,2026
1,09XX,27,1,1220,6770,11455,50,2,X,01,2026
1,09XX,28,1,1220,473705,2064745,3267,1,X,01,2026
1,09XX,28,3,1220,1858531,72135,21278,1,X,01,2026
1,09XX,28,3,1220,39426,27,431,2,X,01,2026
1,09XX,29,3,1220,739710,15569,4816,1,X,01,2026
1,09XX,29,3,1220,95498,547,1770,2,X,01,2026
1,09XX,30,1,1220,65813,585,72,2,X,01,2026
1,09XX,30,3,1220,4271860,3507,93777,1,X,01,2026
1,09XX,30,3,1220,736564,843,36972,2,X,01,2026
1,09XX,32,3,1220,24187,858,382,1,X,01,2026
1,09XX,32,3,1220,4589,20,90,2,X,01,2026
1,09XX,33,3,1220,18031,662,353,1,X,01,2026
1,09XX,33,3,1220,68212,332,751,2,X,01,2026
1,09XX,34,1,1220,117078,19995,537,1,X,01,2026
1,09XX,34,3,1220,114367,868,722,1,X,01,2026
1,09XX,35,3,1220,16400,553,231,1,X,01,2026
1,09XX,37,3,1220,9595,343,80,1,X,01,2026
1,09XX,38,3,1220,295964,10207,3054,1,X,01,2026
1,09XX,38,3,1220,109373,6116,4250,2,X,01,2026
1,09XX,39,1,1220,51792,4877,1005,2,X,01,2026
1,09XX,39,3,1220,566239,74075,13838,1,X,01,2026
1,09XX,39,3,1220,71838,2042,1597,2,X,01,2026
1,09XX,40,3,1220,73102,172,1572,1,X,01,2026
1,09XX,40,3,1220,7889,38,405,2,X,01,2026
1,09XX,41,3,1220,267404,3155,4621,2,X,01,2026
1,09XX,42,1,1220,35551,10941,696,2,X,01,2026
1,09XX,42,3,1220,2855,75,71,1,X,01,2026
1,09XX,42,3,1220,105675,476,1056,2,X,01,2026
1,09XX,44,3,1220,65615,36171,15,1,X,01,2026
1,09XX,48,1,1220,16033,1350,314,2,X,01,2026
1,09XX,48,3,1220,50764,24998,2819,1,X,01,2026
1,09XX,48,3,1220,31067,10781,1187,2,X,01,2026
1,09XX,49,3,1220,217794,2192,4130,1,X,01,2026
1,09XX,49,3,1220,4991,152,98,2,X,01,2026
1,09XX,52,1,1220,41428,5251,1080,1,X,01,2026
1,09XX,55,3,1220,10623,1783,208,2,X,01,2026
1,09XX,56,3,1220,43987,24315,708,1,X,01,2026
1,09XX,58,3,1220,12075,243,236,2,X,01,2026
1,09XX,59,3,1220,3109,52,59,2,X,01,2026
1,09XX,60,3,1220,7321,188,104,1,X,01,2026
1,09XX,61,1,1220,3721,310,383,2,X,01,2026
1,09XX,61,3,1220,6201,35,170,1,X,01,2026
1,09XX,61,3,1220,146513,4427,1539,2,X,01,2026
1,09XX,62,1,1220,12179,594,36,2,X,01,2026
1,09XX,62,3,1220,34332,242,606,1,X,01,2026
1,09XX,62,3,1220,158363,3428,1697,2,X,01,2026
1,09XX,63,3,1220,24430,865,348,1,X,01,2026
1,09XX,64,3,1220,5410,15,77,2,X,01,2026
1,09XX,65,3,1220,100986,535,1073,1,X,01,2026
1,09XX,68,3,1220,14188,35,296,1,X,01,2026
1,09XX,68,3,1220,39188,27144,136,2,X,01,2026
1,09XX,69,1,1220,3851,1113,75,2,X,01,2026
1,09XX,69,3,1220,23532,985,421,1,X,01,2026
1,09XX,69,3,1220,11470,4157,270,2,X,01,2026
1,09XX,70,3,1220,29419,401,613,1,X,01,2026
1,09XX,70,3,1220,21143,507,1022,2,X,01,2026
1,09XX,71,3,1220,3642624,364,19119,1,X,01,2026
1,09XX,71,3,1220,308496,34,2645,2,X,01,2026
1,09XX,72,3,1220,42302,5073,398,1,X,01,2026
1,09XX,73,1,1220,3244,491,73,2,X,01,2026
1,09XX,73,3,1220,917104,23439,7056,1,X,01,2026
1,09XX,73,3,1220,98247,3058,1771,2,X,01,2026
1,09XX,74,3,1220,79561,1512,707,1,X,01,2026
1,09XX,75,3,1220,21024,11,166,1,X,01,2026
1,09XX,76,1,1220,122623,26040,1214,2,X,01,2026
1,09XX,76,3,1220,207518,7385,3626,1,X,01,2026
1,09XX,76,3,1220,3999,26,107,2,X,01,2026
1,09XX,81,3,1220,145216,336,1542,1,X,01,2026
1,09XX,81,3,1220,35009,15,406,2,X,01,2026
1,09XX,82,3,1220,244919,1655,1865,1,X,01,2026
1,09XX,82,3,1220,5672,20,169,2,X,01,2026
1,09XX,83,1,1220,21229,329,440,2,X,01,2026
1,09XX,83,3,1220,261486,4012,1502,1,X,01,2026
1,09XX,83,3,1220,60908,1670,2306,2,X,01,2026
1,09XX,84,1,1220,28959,18588,365,2,X,01,2026
1,09XX,84,3,1220,2956967,14367,36817,1,X,01,2026
1,09XX,84,3,1220,2698525,37884,50466,2,X,01,2026
1,09XX,85,1,1220,11665254,1270560,107,1,X,01,2026
1,09XX,85,1,1220,44134,449,271,2,X,01,2026
1,09XX,85,3,1220,3661352,12123,29214,1,X,01,2026
1,09XX,85,3,1220,3710927,9379,46494,2,X,01,2026
1,09XX,86,3,1220,19666,1822,36,1,X,01,2026
1,09XX,87,3,1220,34025,779,362,1,X,01,2026
1,09XX,87,3,1220,12778,190,228,2,X,01,2026
1,09XX,88,3,1220,2709141,2313,11893,1,X,01,2026
1,09XX,88,3,1220,199233,306,2183,2,X,01,2026
1,09XX,90,3,1220,4575485,6933,93867,1,X,01,2026
1,09XX,90,3,1220,2301455,4136,20851,2,X,01,2026
1,09XX,91,3,1220,8214,15,160,2,X,01,2026
1,09XX,92,3,1220,5149,70,100,2,X,01,2026
1,09XX,94,1,1220,14792,481,10,2,X,01,2026
1,09XX,94,3,1220,243985,8804,6146,1,X,01,2026
1,09XX,94,3,1220,83132,3306,3041,2,X,01,2026
1,09XX,95,1,1220,42442,2752,552,2,X,01,2026
1,09XX,95,3,1220,23091,111,562,1,X,01,2026
1,09XX,95,3,1220,52378,956,791,2,X,01,2026
1,09XX,96,3,1220,19763,148,258,1,X,01,2026
1,09XX,96,3,1220,7896,30,3,2,X,01,2026
1,09XX,97,3,1220,4885,40,95,1,X,01,2026
1,09XX,97,3,1220,23484,108,905,2,X,01,2026
1,09XX,98,3,1220,181756,36350,71,2,X,01,2026
1,1003,04,3,2010,5655,1912,0,2,0,01,2026
1,1003,09,1,2010,153230,19336,0,2,1,01,2026
1,1003,30,3,2010,58612,128,0,1,0,01,2026
1,1003,30,3,2010,14808,18,0,2,0,01,2026
1,1003,32,3,2010,9623,50,0,1,0,01,2026
1,1003,32,3,2010,11547,60,0,2,0,01,2026
1,1003,33,3,2010,6993,335,0,1,0,01,2026
1,1003,35,1,2010,67732,39096,0,1,1,01,2026
1,1003,38,3,2010,3301,32,0,1,0,01,2026
1,1003,39,1,2010,295735,58219,0,1,1,01,2026
1,1003,39,3,2010,8757,2,0,1,0,01,2026
1,1003,42,3,2010,5846,98,0,2,0,01,2026
1,1003,47,1,2010,479168,1875236,0,1,1,01,2026
1,1003,48,3,2010,8562,170,0,1,0,01,2026
1,1003,61,3,2010,13080,443,0,2,0,01,2026
1,1003,62,3,2010,10189,24,0,2,0,01,2026
1,1003,64,3,2010,29421,70,0,2,0,01,2026
1,1003,68,3,2010,6056,17,0,1,0,01,2026
1,1003,70,3,2010,37026,29,0,1,0,01,2026
1,1003,71,3,2010,280105,30,0,1,0,01,2026
1,1003,71,3,2010,9356,2,0,2,0,01,2026
1,1003,84,3,2010,354107,4740,0,1,0,01,2026
1,1003,84,3,2010,25200,9,0,2,0,01,2026
1,1003,85,1,2010,281850,14478,0,1,0,01,2026
1,1003,85,3,2010,22278,22,0,1,0,01,2026
1,1003,85,3,2010,42776,512,0,2,0,01,2026
1,1003,87,3,2010,61808,1047,0,2,0,01,2026
1,1003,88,3,2010,17646,18,0,1,0,01,2026
1,1003,88,3,2010,9504,32,0,2,0,01,2026
1,1003,90,3,2010,12793,181,0,1,0,01,2026
1,1003,90,3,2010,19883,10,0,2,0,01,2026
1,1003,96,3,2010,16030,13,0,1,0,01,2026
1,1003,96,3,2010,3899,27,0,2,0,01,2026
1,1012,30,3,1220,9023,10,294,1,X,01,2026
1,1012,39,3,1220,2664,17,0,1,X,01,2026
1,1012,39,3,1220,51202,2572,506,2,X,01,2026
1,1012,48,3,1220,2694,1760,109,1,X,01,2026
1,1012,57,3,1220,619326,25870,6127,1,X,01,2026
1,1012,62,3,1220,7055,55,138,2,X,01,2026
1,1012,70,3,1220,4937,10,118,1,X,01,2026
1,1012,71,3,1220,35825,1,702,1,X,01,2026
1,1012,71,3,1220,1690523,63,9196,2,X,01,2026
1,1012,84,3,1220,258705,265,2879,1,X,01,2026
1,1012,84,3,1220,637763,1693,6319,2,X,01,2026
1,1012,85,3,1220,8374,27,145,1,X,01,2026
1,1012,85,3,1220,17918,41,119,2,X,01,2026
1,1012,87,3,1220,3420,91,66,1,X,01,2026
1,1012,88,3,1220,57916,72,571,1,X,01,2026
1,1012,88,3,1220,7376,7,144,2,X,01,2026
1,1012,90,3,1220,102932,60,1157,1,X,01,2026
1,1012,90,3,1220,2458437,351,24407,2,X,01,2026
1,1012,91,3,1220,171988,10,949,2,X,01,2026
1,1012,96,3,1220,7228,45,13,2,X,01,2026
1,1012,97,3,1220,20875,19,409,1,X,01,2026
1,1012,97,3,1220,138793,100,145,2,X,01,2026
1,1012,98,8,1220,62540,0,619,1,X,01,2026
1,10XX,01,3,2010,5052,2,0,2,0,01,2026
1,10XX,19,3,2010,5207,784,0,1,0,01,2026
1,10XX,22,1,1220,3363381,5040154,35147,1,X,01,2026
1,10XX,29,1,2010,160020,36972,0,1,1,01,2026
1,10XX,29,3,2010,6600,24,0,1,0,01,2026
1,10XX,29,3,2010,230844,725,0,2,0,01,2026
1,10XX,30,3,2010,4134208,3715,0,1,0,01,2026
1,10XX,30,3,2010,346021,1337,0,2,0,01,2026
1,10XX,32,3,2010,76550,2055,0,1,0,01,2026
1,10XX,32,3,2010,120000,63,0,2,0,01,2026
1,10XX,33,3,1220,4672,190,124,2,X,01,2026
1,10XX,33,3,2010,98148,1287,0,2,0,01,2026
1,10XX,34,1,2010,125835,18600,0,1,1,01,2026
1,10XX,34,3,2010,674751,2896,0,1,0,01,2026
1,10XX,35,3,2010,72000,343,0,2,0,01,2026
1,10XX,38,3,2010,78675,710,0,1,0,01,2026
1,10XX,39,3,2010,114391,5620,0,1,0,01,2026
1,10XX,39,3,2010,35949,919,0,2,0,01,2026
1,10XX,40,3,2010,2791,13,0,1,0,01,2026
1,10XX,40,3,2010,6314,302,0,2,0,01,2026
1,10XX,42,3,2010,16373,247,0,2,0,01,2026
1,10XX,45,3,2010,2710,967,0,1,0,01,2026
1,10XX,47,1,2010,809859,3259303,0,1,1,01,2026
1,10XX,48,3,2010,3508,138,0,1,0,01,2026
1,10XX,49,3,2010,48000,1705,0,1,0,01,2026
1,10XX,49,3,2010,552000,1914,0,2,0,01,2026
1,10XX,52,3,2010,3263,73,0,2,0,01,2026
1,10XX,55,3,2010,17892,151,0,1,0,01,2026
1,10XX,57,3,2010,7117,168,0,1,0,01,2026
1,10XX,59,3,2010,3000,469,0,1,0,01,2026
1,10XX,59,3,2010,6492,60,0,2,0,01,2026
1,10XX,61,3,2010,60723,4427,0,2,0,01,2026
1,10XX,62,3,2010,17238,11,0,2,0,01,2026
1,10XX,65,3,2010,11000,842,0,1,0,01,2026
1,10XX,68,3,2010,4687,6,0,1,0,01,2026
1,10XX,68,3,2010,8863,152,0,2,0,01,2026
1,10XX,69,3,2010,32481,183,0,1,0,01,2026
1,10XX,69,3,2010,23065,47,0,2,0,01,2026
1,10XX,70,3,2010,2775,5,0,2,0,01,2026
1,10XX,71,3,2010,5844402,298,0,1,0,01,2026
1,10XX,71,3,2010,1884116,135,0,2,0,01,2026
1,10XX,71,8,2010,222711,0,0,1,X,01,2026
1,10XX,73,3,2010,323881,9488,0,1,0,01,2026
1,10XX,73,3,2010,54495,220,0,2,0,01,2026
1,10XX,82,3,2010,30621,76,0,1,0,01,2026
1,10XX,82,3,2010,2952,125,0,2,0,01,2026
1,10XX,83,3,2010,29384,3284,0,2,0,01,2026
1,10XX,84,1,2010,139258,4097,0,1,1,01,2026
1,10XX,84,3,2010,16031898,18922,0,1,0,01,2026
1,10XX,84,3,2010,29570,221,0,1,1,01,2026
1,10XX,84,3,2010,4112246,6245,0,2,0,01,2026
1,10XX,85,3,2010,2367051,8756,0,1,0,01,2026
1,10XX,85,3,2010,1768958,13168,0,2,0,01,2026
1,10XX,87,3,2010,20805,720,0,1,0,01,2026
1,10XX,88,3,2010,9599259,24875,0,1,0,01,2026
1,10XX,90,3,2010,4370482,18932,0,1,0,01,2026
1,10XX,90,3,2010,2955801,5347,0,2,0,01,2026
1,10XX,91,3,2010,616446,434,0,2,0,01,2026
1,10XX,94,3,2010,16895,447,0,1,0,01,2026
1,10XX,95,3,2010,7768,39,0,1,0,01,2026
1,10XX,97,3,2010,3922336,5207,0,1,0,01,2026
1,10XX,97,3,2010,7956835,4709,0,2,0,01,2026
1,11XX,27,1,1220,15120663,41076122,72615,1,X,01,2026
1,11XX,27,1,2010,8953487,21571380,0,1,0,01,2026
1,11XX,28,1,2010,3000,2907,0,1,1,01,2026
1,11XX,28,3,2010,5250,3,0,1,0,01,2026
1,11XX,29,3,1220,646326,1244,6398,1,X,01,2026
1,11XX,30,3,1220,128525,66,2723,1,X,01,2026
1,11XX,32,3,2010,3464,26000,0,1,0,01,2026
1,11XX,39,3,1220,31113,304,1198,1,X,01,2026
1,11XX,39,3,2010,12778,153,0,1,0,01,2026
1,11XX,47,1,2010,263732,1014312,0,1,1,01,2026
1,11XX,58,3,2010,93157,2037,0,1,0,01,2026
1,11XX,82,3,2010,21571,100,0,1,0,01,2026
1,11XX,83,3,2010,7054,46,0,1,0,01,2026
1,11XX,84,1,1220,7071,1458,336,1,X,01,2026
1,11XX,84,1,2010,28500,6139,0,1,1,01,2026
1,11XX,84,3,1220,7957,136,96,1,X,01,2026
1,11XX,84,3,2010,92857,1500,0,1,0,01,2026
1,11XX,85,3,1220,2994,2,72,2,X,01,2026
1,11XX,85,3,2010,87928,1169,0,1,0,01,2026
1,11XX,85,3,2010,1215941,2935,0,2,0,01,2026
1,11XX,87,3,2010,2995,205,0,2,0,01,2026
1,11XX,90,3,1220,35409,19,363,2,X,01,2026
1,11XX,90,3,2010,354472,1330,0,1,0,01,2026
1,11XX,90,3,2010,3884,12,0,2,0,01,2026
1,11XX,98,8,1220,370853,0,3671,1,X,01,2026
1,13XX,47,1,2010,647763,3024671,0,1,1,01,2026
1,13XX,72,1,2010,12355000,35000000,0,1,0,01,2026
1,13XX,82,3,2010,16350,1406,0,1,0,01,2026
1,13XX,84,1,2010,39942,2220,0,1,0,01,2026
1,13XX,84,3,2010,13309,119,0,1,0,01,2026
1,13XX,84,3,2010,14648,83,0,2,0,01,2026
1,13XX,85,1,1220,1419757,15537,14057,2,X,01,2026
1,13XX,87,1,2010,1297476,59536,0,1,0,01,2026
1,14XX,24,1,2010,186120,21146,0,1,0,01,2026
1,14XX,24,1,2010,1184040,148025,0,1,1,01,2026
1,14XX,39,1,2010,103176,46800,0,1,1,01,2026
1,14XX,44,1,2010,30336,72067,0,1,1,01,2026
1,14XX,47,1,2010,75820,278508,0,1,1,01,2026
1,14XX,48,1,2010,132516,271489,0,1,1,01,2026
1,14XX,72,1,2010,28577,44945,0,1,1,01,2026
1,14XX,84,1,2010,21960,16452,0,1,1,01,2026
1,14XX,85,3,1220,22049,222,58,1,X,01,2026
1,14XX,85,3,1220,96176,161,145,2,X,01,2026
1,15XX,31,1,2010,5877000,9000000,0,1,0,01,2026
1,15XX,39,3,2010,57895,2891,0,1,0,01,2026
1,15XX,40,3,2010,5210,1,0,2,0,01,2026
1,15XX,59,3,1220,26707,782,132,1,X,01,2026
1,15XX,62,3,1220,2691,281,265,1,X,01,2026
1,15XX,63,3,2010,4800,42,0,1,0,01,2026
1,15XX,72,3,2010,6983,40,0,1,0,01,2026
1,15XX,73,3,2010,2697,3,0,2,0,01,2026
1,15XX,76,3,2010,34202,1414,0,1,0,01,2026
1,15XX,81,3,2010,7384,19,0,1,0,01,2026
1,15XX,84,3,1220,11290,88,169,1,X,01,2026
1,15XX,84,3,1220,656238,1733,1049,2,X,01,2026
1,15XX,84,3,2010,16289,271,0,1,0,01,2026
1,15XX,84,3,2010,180184,1041,0,2,0,01,2026
1,15XX,85,3,1220,3750,55,24,1,X,01,2026
1,15XX,85,3,1220,6176,15,54,2,X,01,2026
1,15XX,85,3,2010,333729,234,0,1,0,01,2026
1,15XX,85,3,2010,53708,97,0,2,0,01,2026
1,15XX,88,3,1220,499393,1302,3616,1,X,01,2026
1,15XX,88,3,2010,3580,24,0,1,0,01,2026
1,15XX,90,3,2010,15209,4,0,1,0,01,2026
1,16XX,34,1,2010,178528,58920,0,1,0,01,2026
1,16XX,38,1,2010,18070,20384,0,1,0,01,2026
1,16XX,39,1,2010,107580,16500,0,1,1,01,2026
1,16XX,47,1,2010,29076,116302,0,1,1,01,2026
1,16XX,56,1,2010,24787,16500,0,1,1,01,2026
1,16XX,72,1,2010,30366235,29758548,0,1,0,01,2026
1,16XX,84,1,1220,40300,40100,400,2,X,01,2026
1,16XX,85,3,2010,5341,59,0,1,0,01,2026
1,16XX,88,3,2010,1780000,2310,0,1,0,01,2026
1,16XX,88,3,2010,6950000,8709,0,2,0,01,2026
1,1704,39,3,1220,35403,403,683,1,X,01,2026
1,1704,40,3,1220,7091,304,109,1,X,01,2026
1,1704,63,3,1220,4165,164,127,1,X,01,2026
1,1704,73,3,1220,6762,191,3,1,X,01,2026
1,1704,83,3,1220,2624,41,53,1,X,01,2026
1,1704,84,3,1220,679698,2204,4575,1,X,01,2026
1,1704,84,3,1220,96428,204,971,2,X,01,2026
1,1704,85,3,1220,517334,2814,14724,1,X,01,2026
1,1704,85,3,1220,124255,80,1229,2,X,01,2026
1,1704,88,3,1220,2930245,2524,52426,1,X,01,2026
1,1704,88,3,1220,4713,2,88,2,X,01,2026
1,1704,90,3,1220,798855,1896,7846,1,X,01,2026
1,1704,90,3,1220,8982,3,88,2,X,01,2026
1,1704,93,3,1220,14814,47,290,1,X,01,2026
1,17XX,01,3,2010,654578,1214,0,1,0,01,2026
1,17XX,30,3,2010,792754,6645,0,1,0,01,2026
1,17XX,30,3,2010,20525041,1274,0,2,0,01,2026
1,17XX,34,3,2010,32238,884,0,1,0,01,2026
1,17XX,38,3,2010,103130,792,0,1,0,01,2026
1,17XX,39,3,2010,3936,119,0,1,0,01,2026
1,17XX,39,3,2010,5807,30,0,2,0,01,2026
1,17XX,44,1,2010,60000,113654,0,1,0,01,2026
1,17XX,47,1,2010,377078,978235,0,1,1,01,2026
1,17XX,60,3,2010,4124,262,0,2,0,01,2026
1,17XX,61,3,2010,8318,263,0,1,0,01,2026
1,17XX,70,3,2010,3388,95,0,1,0,01,2026
1,17XX,73,3,2010,19704,12,0,1,0,01,2026
1,17XX,73,3,2010,7442,20,0,2,0,01,2026
1,17XX,84,1,2010,26541,715,0,1,1,01,2026
1,17XX,84,3,2010,121903,643,0,1,0,01,2026
1,17XX,84,3,2010,209635,997,0,2,0,01,2026
1,17XX,85,1,2010,15952,430,0,1,1,01,2026
1,17XX,85,3,2010,315376,987,0,1,0,01,2026
1,17XX,85,3,2010,1628775,3291,0,2,0,01,2026
1,17XX,85,8,2010,8128,0,0,2,X,01,2026
1,17XX,87,1,2010,26735417,1388543,0,1,0,01,2026
1,17XX,87,3,2010,3373,5,0,2,0,01,2026
1,17XX,88,3,2010,103371,157,0,1,0,01,2026
1,17XX,88,3,2010,20824,101,0,2,0,01,2026
1,17XX,89,3,2010,3300,1,0,1,0,01,2026
1,17XX,90,3,1220,12095,15,308,1,X,01,2026
1,17XX,90,3,2010,323417,816,0,1,0,01,2026
1,17XX,90,3,2010,943420,2139,0,2,0,01,2026
1,17XX,98,8,1220,786888,0,726,1,X,01,2026
1,18XX,02,1,2010,49692,5188,0,1,1,01,2026
1,18XX,03,3,1220,40490,2459,748,1,X,01,2026
1,18XX,04,1,2010,5649,883,0,1,1,01,2026
1,18XX,07,1,2010,3040,149,0,1,1,01,2026
1,18XX,09,1,2010,35555,26894,0,1,1,01,2026
1,18XX,16,1,2010,11544,1432,0,1,1,01,2026
1,18XX,19,1,2010,152537,40597,0,1,1,01,2026
1,18XX,20,1,2010,129242,28334,0,1,1,01,2026
1,18XX,21,1,2010,135134,38185,0,1,1,01,2026
1,18XX,22,1,2010,78066,73312,0,1,1,01,2026
1,18XX,22,1,2010,24818,16542,0,2,0,01,2026
1,18XX,25,1,2010,16832,5002,0,1,1,01,2026
1,18XX,31,1,1220,11708118,17911200,0,1,X,01,2026
1,18XX,31,1,2010,12801777,19249051,0,1,0,01,2026
1,18XX,33,1,2010,256533,15532,0,1,1,01,2026
1,18XX,34,1,2010,13146,751,0,1,1,01,2026
1,18XX,35,1,2010,36309,9049,0,1,1,01,2026
1,18XX,37,1,2010,1742883,23508,0,1,1,01,2026
1,18XX,38,1,2010,68132,17226,0,1,0,01,2026
1,18XX,38,1,2010,85313,29657,0,1,1,01,2026
1,18XX,39,1,2010,630007,76445,0,1,1,01,2026
1,18XX,40,1,2010,14400,2449,0,1,0,01,2026
1,18XX,40,1,2010,111846,24627,0,1,1,01,2026
1,18XX,40,1,2010,10073,391,0,2,1,01,2026
1,18XX,40,3,2010,7450,4,0,1,0,01,2026
1,18XX,41,1,2010,54405,7897,0,1,1,01,2026
1,18XX,42,1,1220,20346,882,1971,2,X,01,2026
1,18XX,44,1,2010,142362,150107,0,1,1,01,2026
1,18XX,47,1,2010,1261109,3274349,0,1,1,01,2026
1,18XX,47,1,2010,4512761,7598000,0,2,1,01,2026
1,18XX,48,1,2010,41365,16652,0,1,1,01,2026
1,18XX,52,1,2010,31750,2160,0,1,1,01,2026
1,18XX,54,1,2010,793899,31768,0,1,1,01,2026
1,18XX,54,1,2010,49018,2943,0,2,1,01,2026
1,18XX,55,1,2010,87106,4227,0,1,1,01,2026
1,18XX,55,1,2010,67157,5449,0,2,1,01,2026
1,18XX,56,1,2010,76968,2368,0,1,0,01,2026
1,18XX,56,1,2010,22413,3769,0,1,1,01,2026
1,18XX,56,1,2010,8203,581,0,2,1,01,2026
1,18XX,57,1,2010,31675,2714,0,1,1,01,2026
1,18XX,58,1,2010,38903,1812,0,1,1,01,2026
1,18XX,58,1,2010,74943,5882,0,2,1,01,2026
1,18XX,59,1,2010,202665,8207,0,1,1,01,2026
1,18XX,59,1,2010,3658,1,0,2,1,01,2026
1,18XX,60,1,2010,65022,5603,0,1,1,01,2026
1,18XX,60,1,2010,3128,271,0,2,1,01,2026
1,18XX,61,1,2010,19451,537,0,1,1,01,2026
1,18XX,64,1,2010,137554,3256,0,1,1,01,2026
1,18XX,67,1,2010,2625,835,0,1,1,01,2026
1,18XX,69,1,2010,260072,1088,0,1,1,01,2026
1,18XX,70,1,2010,267753,84991,0,1,1,01,2026
1,18XX,71,1,2010,3147,1341,0,1,1,01,2026
1,18XX,72,1,2010,55705,30283,0,1,1,01,2026
1,18XX,73,1,2010,86076,13491,0,1,1,01,2026
1,18XX,73,1,2010,2687,38,0,2,1,01,2026
1,18XX,74,1,2010,36243,1402,0,1,1,01,2026
1,18XX,74,1,2010,5970,181,0,2,1,01,2026
1,18XX,76,1,2010,26117,463,0,1,1,01,2026
1,18XX,82,3,2010,2658,32,0,2,0,01,2026
1,18XX,83,1,2010,2935,280,0,1,1,01,2026
1,18XX,83,3,1220,22854,354,446,1,X,01,2026
1,18XX,84,1,2010,183244,58821,0,1,0,01,2026
1,18XX,84,1,2010,1132189,63399,0,1,1,01,2026
1,18XX,84,1,2010,307154,31827,0,2,1,01,2026
1,18XX,84,3,1220,255512,662,16158,1,X,01,2026
1,18XX,84,3,1220,50001,200,1083,2,X,01,2026
1,18XX,84,3,2010,10225,54,0,1,0,01,2026
1,18XX,85,1,2010,509205,8258,0,1,1,01,2026
1,18XX,85,1,2010,7630,128,0,2,0,01,2026
1,18XX,85,3,1220,3006,5,21,1,X,01,2026
1,18XX,85,3,1220,20803,367,198,2,X,01,2026
1,18XX,85,3,2010,8153,2,0,1,0,01,2026
1,18XX,85,3,2010,9600,7,0,2,0,01,2026
1,18XX,87,1,2010,839839,695771,0,1,0,01,2026
1,18XX,87,1,2010,269689,17162,0,1,1,01,2026
1,18XX,87,1,2010,5560,2600,0,2,1,01,2026
1,18XX,87,3,2010,2701,13,0,2,0,01,2026
1,18XX,88,3,1220,6918,5,254,1,X,01,2026
1,18XX,88,3,1220,3498,24,72,2,X,01,2026
1,18XX,88,3,2010,28000,175,0,2,0,01,2026
1,18XX,89,1,2010,531087,15394,0,1,0,01,2026
1,18XX,89,1,2010,84000,4585,0,1,1,01,2026
1,18XX,90,1,2010,260600,2159,0,1,1,01,2026
1,18XX,90,3,1220,105178,255,467,1,X,01,2026
1,18XX,90,3,1220,1209923,125,12054,2,X,01,2026
1,18XX,90,3,2010,310150,765,0,1,0,01,2026
1,18XX,90,3,2010,622267,79,0,2,0,01,2026
1,18XX,94,1,2010,7335,1455,0,1,0,01,2026
1,18XX,94,1,2010,25744,3512,0,1,1,01,2026
1,18XX,94,1,2010,7495,1583,0,2,0,01,2026
1,18XX,96,1,2010,371967,16482,0,1,1,01,2026
1,18XX,96,1,2010,3000,259,0,2,1,01,2026
1,18XX,98,8,1220,1241531,0,84,1,X,01,2026
1,19XX,11,1,2010,455030,819246,0,1,1,01,2026
1,19XX,12,1,2010,21369645,49500000,0,1,0,01,2026
1,19XX,15,1,2010,414381,352716,0,1,0,01,2026
1,19XX,17,1,2010,5388739,13174011,0,1,1,01,2026
1,19XX,25,1,2010,35528,229250,0,1,0,01,2026
1,19XX,25,1,2010,176781,1992073,0,1,1,01,2026
1,19XX,25,1,2010,39256,189483,0,2,1,01,2026
1,19XX,28,1,2010,68261,154142,0,1,0,01,2026
1,19XX,28,1,2010,494338,704973,0,1,1,01,2026
1,19XX,29,1,2010,297605,336265,0,1,0,01,2026
1,19XX,29,1,2010,400390,310215,0,1,1,01,2026
1,19XX,39,1,2010,449266,168304,0,1,1,01,2026
1,19XX,39,3,2010,2628,50,0,2,0,01,2026
1,19XX,47,1,2010,5681758,6568653,0,1,0,01,2026
1,19XX,47,1,2010,1213765,1756789,0,1,1,01,2026
1,19XX,72,1,2010,44338751,38800198,0,1,0,01,2026
1,19XX,85,3,2010,16396,131,0,2,0,01,2026
1,2006,01,3,1220,55159,468,683,1,X,01,2026
1,2006,25,3,1220,49620,7175,0,1,X,01,2026
1,2006,27,3,1220,7430,6219,144,1,X,01,2026
1,2006,28,3,1220,5539,2494,107,1,X,01,2026
1,2006,29,3,1220,22326,9,437,1,X,01,2026
1,2006,30,3,1220,19834,22,457,1,X,01,2026
1,2006,30,3,1220,9000,73,176,2,X,01,2026
1,2006,33,3,1220,17841,298,349,1,X,01,2026
1,2006,38,3,1220,141521,227,1938,1,X,01,2026
1,2006,39,3,1220,28041,127,366,1,X,01,2026
1,2006,40,3,1220,147283,383,1955,1,X,01,2026
1,2006,40,3,1220,43291,1752,732,2,X,01,2026
1,2006,56,3,1220,3409,513,58,2,X,01,2026
1,2006,59,3,1220,9431,109,193,1,X,01,2026
1,2006,68,3,1220,4922,266,13,1,X,01,2026
1,2006,70,3,1220,10229,33,199,1,X,01,2026
1,2006,71,3,1220,6016,3,0,2,X,01,2026
1,2006,73,3,1220,544030,16926,631,1,X,01,2026
1,2006,73,3,1220,339271,5628,73,2,X,01,2026
1,2006,74,3,1220,2562,50,7,1,X,01,2026
1,2006,75,3,1220,545654,3773,65,1,X,01,2026
1,2006,75,3,1220,258035,3353,35,2,X,01,2026
1,2006,81,3,1220,26111,42,7,1,X,01,2026
1,2006,82,3,1220,23113,46,21,1,X,01,2026
1,2006,82,3,1220,5297,2,7,2,X,01,2026
1,2006,83,3,1220,61962,1323,29,1,X,01,2026
1,2006,83,3,1220,14174,286,7,2,X,01,2026
1,2006,84,3,1220,2531037,16921,2314,1,X,01,2026
1,2006,84,3,1220,717718,11247,3803,2,X,01,2026
1,2006,85,3,1220,666705,3068,1418,1,X,01,2026
1,2006,85,3,1220,355491,1981,3094,2,X,01,2026
1,2006,87,3,1220,29341,226,575,1,X,01,2026
1,2006,88,3,1220,62117848,9427,4282,1,X,01,2026
1,2006,88,3,1220,6263595,1206,715,2,X,01,2026
1,2006,90,3,1220,651139,1087,2024,1,X,01,2026
1,2006,90,3,1220,379407,1869,2947,2,X,01,2026
1,2007,32,3,2010,105646,455,0,1,0,01,2026
1,2007,39,3,2010,6819,141,0,2,0,01,2026
1,2007,82,3,2010,23841,26,0,1,0,01,2026
1,2007,84,3,2010,3068,20,0,1,0,01,2026
1,2007,84,3,2010,594567,609,0,2,0,01,2026
1,2007,85,3,2010,2056375,17404,0,2,0,01,2026
1,20XX,01,3,1220,11665,143,68,1,X,01,2026
1,20XX,01,3,1220,8607,145,782,2,X,01,2026
1,20XX,01,3,2010,694735,5518,0,1,0,01,2026
1,20XX,04,3,2010,127750,1746,0,1,0,01,2026
1,20XX,05,3,1220,23450,615,411,1,X,01,2026
1,20XX,06,3,1220,169261,3387,5257,1,X,01,2026
1,20XX,06,3,1220,5356,171,7,2,X,01,2026
1,20XX,07,3,1220,11676,1312,537,1,X,01,2026
1,20XX,10,1,2010,217686181,903214645,0,1,0,01,2026
1,20XX,11,3,1220,3518,59,68,1,X,01,2026
1,20XX,11,3,2010,3456,3906,0,2,0,01,2026
1,20XX,12,1,2010,24817137,59383489,0,1,0,01,2026
1,20XX,12,3,1220,251935,8605,3351,1,X,01,2026
1,20XX,12,3,1220,40530,483,288,2,X,01,2026
1,20XX,13,3,1220,47788,997,938,1,X,01,2026
1,20XX,13,3,1220,16327,174,294,2,X,01,2026
1,20XX,13,3,2010,5832,117,0,1,0,01,2026
1,20XX,15,1,2010,3582587,3001774,0,1,0,01,2026
1,20XX,15,3,1220,5038,73,72,1,X,01,2026
1,20XX,21,1,2010,38212,4718,0,1,0,01,2026
1,20XX,21,3,1220,215140,3400,2666,1,X,01,2026
1,20XX,21,3,1220,7321,177,250,2,X,01,2026
1,20XX,22,3,1220,8820,2562,144,2,X,01,2026
1,20XX,23,1,2010,18382894,44902007,0,1,0,01,2026
1,20XX,25,3,1220,230105,24307,187,1,X,01,2026
1,20XX,27,1,1220,39558283,95713622,1362296,1,X,01,2026
1,20XX,27,1,2010,68653699,107045642,0,1,0,01,2026
1,20XX,27,3,1220,7724,4511,287,1,X,01,2026
1,20XX,27,3,1220,2851,1970,22,2,X,01,2026
1,20XX,27,3,2010,20564,9040,0,1,0,01,2026
1,20XX,27,3,2010,6210,26,0,1,1,01,2026
1,20XX,28,1,1220,5222530,15481019,0,1,X,01,2026
1,20XX,28,1,2010,3295,1428,0,1,0,01,2026
1,20XX,28,3,1220,1973204,385045,9672,1,X,01,2026
1,20XX,28,3,1220,128931,62162,1146,2,X,01,2026
1,20XX,28,3,2010,2164024,3820,0,1,0,01,2026
1,20XX,28,3,2010,4301,3441,0,2,0,01,2026
1,20XX,29,1,2010,2910100,5000000,0,1,0,01,2026
1,20XX,29,3,1220,1218836,11950,14360,1,X,01,2026
1,20XX,29,3,1220,476965,7571,5745,2,X,01,2026
1,20XX,29,3,2010,263282,1258,0,1,0,01,2026
1,20XX,29,3,2010,2584,6,0,1,1,01,2026
1,20XX,29,3,2010,41207,5409,0,2,0,01,2026
1,20XX,30,3,1220,7179810,35000,72771,1,X,01,2026
1,20XX,30,3,1220,2276279,12767,28303,2,X,01,2026
1,20XX,30,3,2010,2283977,542,0,1,0,01,2026
1,20XX,30,3,2010,295868,307,0,2,0,01,2026
1,20XX,32,1,2010,6157,924,0,1,0,01,2026
1,20XX,32,1,2010,3511,242,0,2,0,01,2026
1,20XX,32,3,1220,550213,36589,8513,1,X,01,2026
1,20XX,32,3,1220,172971,1753,3151,2,X,01,2026
1,20XX,32,3,2010,196861,2035,0,1,0,01,2026
1,20XX,32,3,2010,36122,311,0,2,0,01,2026
1,20XX,33,3,1220,402551,5470,7015,1,X,01,2026
1,20XX,33,3,1220,76018,1915,778,2,X,01,2026
1,20XX,33,3,2010,13483,18,0,1,0,01,2026
1,20XX,34,3,1220,183899,9838,4132,1,X,01,2026
1,20XX,34,3,1220,59026,5830,1473,2,X,01,2026
1,20XX,34,3,2010,38845,189,0,1,0,01,2026
1,20XX,35,3,1220,659900,8038,4478,1,X,01,2026
1,20XX,35,3,1220,171657,1166,3012,2,X,01,2026
1,20XX,35,3,2010,151098,2996,0,1,0,01,2026
1,20XX,35,3,2010,80475,242,0,1,1,01,2026
1,20XX,35,3,2010,63581,503,0,2,0,01,2026
1,20XX,36,3,1220,14599,46,239,1,X,01,2026
1,20XX,36,3,1220,3425,8,36,2,X,01,2026
1,20XX,37,3,1220,76010,408,1135,1,X,01,2026
1,20XX,37,3,1220,33781,440,624,2,X,01,2026
1,20XX,38,3,1220,11439100,58683,160633,1,X,01,2026
1,20XX,38,3,1220,1629253,4873,16142,2,X,01,2026
1,20XX,38,3,2010,1748568,18283,0,1,0,01,2026
1,20XX,38,3,2010,16043,40,0,1,1,01,2026
1,20XX,38,3,2010,59331,337,0,2,0,01,2026
1,20XX,39,1,2010,13197,754,0,1,0,01,2026
1,20XX,39,1,2010,6483,150,0,2,0,01,2026
1,20XX,39,3,1220,3845352,75479,65684,1,X,01,2026
1,20XX,39,3,1220,1313055,28967,13695,2,X,01,2026
1,20XX,39,3,2010,6786899,116225,0,1,0,01,2026
1,20XX,39,3,2010,457762,2515,0,2,0,01,2026
1,20XX,40,1,2010,571071,13521,0,1,0,01,2026
1,20XX,40,1,2010,32603,2218,0,2,0,01,2026
1,20XX,40,3,1220,1410468,15162,24420,1,X,01,2026
1,20XX,40,3,1220,351178,4378,7722,2,X,01,2026
1,20XX,40,3,2010,885442,8252,0,1,0,01,2026
1,20XX,40,3,2010,214350,5375,0,2,0,01,2026
1,20XX,41,1,2010,238012,14302,0,1,1,01,2026
1,20XX,41,3,1220,139515,3645,1807,1,X,01,2026
1,20XX,41,3,1220,84315,869,1492,2,X,01,2026
1,20XX,42,3,1220,98417,1211,1561,1,X,01,2026
1,20XX,42,3,1220,227630,5019,3594,2,X,01,2026
1,20XX,42,3,2010,15582,10,0,1,0,01,2026
1,20XX,42,3,2010,3143,29,0,2,0,01,2026
1,20XX,43,3,1220,6613,6,74,2,X,01,2026
1,20XX,44,3,1220,32050,2106,514,1,X,01,2026
1,20XX,44,3,1220,5931,1609,116,2,X,01,2026
1,20XX,47,1,2010,74032,202844,0,1,1,01,2026
1,20XX,48,3,1220,336026,95127,10201,1,X,01,2026
1,20XX,48,3,1220,57426,6161,513,2,X,01,2026
1,20XX,48,3,2010,387600,40212,0,1,0,01,2026
1,20XX,48,3,2010,9510,1066,0,2,0,01,2026
1,20XX,49,3,1220,2089062,23402,52696,1,X,01,2026
1,20XX,49,3,1220,308804,3512,3698,2,X,01,2026
1,20XX,49,3,2010,202913,2762,0,1,0,01,2026
1,20XX,49,3,2010,30000,33,0,2,0,01,2026
1,20XX,50,3,1220,5075,13,53,2,X,01,2026
1,20XX,51,3,1220,15562,1367,47,1,X,01,2026
1,20XX,51,3,1220,32968,2583,264,2,X,01,2026
1,20XX,52,3,1220,15108,1160,134,1,X,01,2026
1,20XX,52,3,1220,17971,578,268,2,X,01,2026
1,20XX,54,3,1220,34991,596,574,1,X,01,2026
1,20XX,54,3,1220,23680,631,166,2,X,01,2026
1,20XX,55,3,1220,32831,1923,292,1,X,01,2026
1,20XX,55,3,1220,5785,45,23,2,X,01,2026
1,20XX,56,3,1220,119542,5277,2967,1,X,01,2026
1,20XX,56,3,1220,20059,245,266,2,X,01,2026
1,20XX,56,3,2010,42765,5402,0,1,0,01,2026
1,20XX,56,3,2010,7634,85,0,2,0,01,2026
1,20XX,57,3,1220,45015,645,716,1,X,01,2026
1,20XX,57,3,1220,22369,306,121,2,X,01,2026
1,20XX,57,3,2010,7060,15,0,2,0,01,2026
1,20XX,58,3,1220,5956,57,247,1,X,01,2026
1,20XX,58,3,1220,17204,308,267,2,X,01,2026
1,20XX,58,3,2010,10805,312,0,1,0,01,2026
1,20XX,59,3,1220,297658,7936,2764,1,X,01,2026
1,20XX,59,3,1220,55671,1345,597,2,X,01,2026
1,20XX,59,3,2010,61159,107,0,1,0,01,2026
1,20XX,59,3,2010,16863,99,0,2,0,01,2026
1,20XX,60,3,1220,25134,5550,40,1,X,01,2026
1,20XX,60,3,1220,3193,82,62,2,X,01,2026
1,20XX,61,3,1220,18256,142,382,1,X,01,2026
1,20XX,61,3,1220,295440,4634,2673,2,X,01,2026
1,20XX,62,1,2010,15656,90,0,1,0,01,2026
1,20XX,62,3,1220,197601,1634,2148,1,X,01,2026
1,20XX,62,3,1220,578828,7434,9320,2,X,01,2026
1,20XX,62,3,2010,23868,229,0,1,0,01,2026
1,20XX,62,3,2010,3320,36,0,2,0,01,2026
1,20XX,63,3,1220,435592,8081,4781,1,X,01,2026
1,20XX,63,3,1220,138887,8911,1235,2,X,01,2026
1,20XX,63,3,2010,43628,272,0,1,0,01,2026
1,20XX,64,3,1220,27647,931,357,2,X,01,2026
1,20XX,65,3,1220,144894,2121,3451,1,X,01,2026
1,20XX,65,3,1220,116193,3731,2319,2,X,01,2026
1,20XX,66,3,1220,2982,108,153,2,X,01,2026
1,20XX,67,3,1220,24094,428,472,1,X,01,2026
1,20XX,67,3,1220,33770,80,779,2,X,01,2026
1,20XX,68,3,1220,252113,1046,3972,1,X,01,2026
1,20XX,68,3,1220,131775,992,1055,2,X,01,2026
1,20XX,68,3,2010,204900,1795,0,1,0,01,2026
1,20XX,68,3,2010,186848,554,0,2,0,01,2026
1,20XX,68,3,2010,3271,2,0,2,1,01,2026
1,20XX,69,3,1220,616044,28554,3209,1,X,01,2026
1,20XX,69,3,1220,115724,1487,342,2,X,01,2026
1,20XX,69,3,2010,602225,687,0,1,0,01,2026
1,20XX,70,3,1220,604620,22337,7330,1,X,01,2026
1,20XX,70,3,1220,98923,2424,2274,2,X,01,2026
1,20XX,70,3,2010,259770,12223,0,1,0,01,2026
1,20XX,70,3,2010,10311,366,0,2,0,01,2026
1,20XX,71,3,1220,5610886,2159,47496,1,X,01,2026
1,20XX,71,3,1220,8464111,2728,57648,2,X,01,2026
1,20XX,71,3,2010,3749592,379,0,1,0,01,2026
1,20XX,71,3,2010,182481,27,0,2,0,01,2026
1,20XX,72,3,1220,116489,7501,2733,1,X,01,2026
1,20XX,72,3,1220,7734,38,181,2,X,01,2026
1,20XX,72,3,2010,187124,60038,0,1,0,01,2026
1,20XX,73,1,2010,62802,1028,0,1,0,01,2026
1,20XX,73,1,2010,195786,2462,0,2,0,01,2026
1,20XX,73,3,1220,7920514,384235,83536,1,X,01,2026
1,20XX,73,3,1220,1374854,86875,15009,2,X,01,2026
1,20XX,73,3,2010,3084171,84865,0,1,0,01,2026
1,20XX,73,3,2010,2697,16,0,1,1,01,2026
1,20XX,73,3,2010,702631,10756,0,2,0,01,2026
1,20XX,74,3,1220,301581,8633,3434,1,X,01,2026
1,20XX,74,3,1220,60615,2818,1033,2,X,01,2026
1,20XX,74,3,2010,184140,4234,0,1,0,01,2026
1,20XX,74,3,2010,16052,42,0,2,0,01,2026
1,20XX,75,3,1220,5702667,17873,13383,1,X,01,2026
1,20XX,75,3,1220,425883,574,3864,2,X,01,2026
1,20XX,75,3,2010,215355,81,0,1,0,01,2026
1,20XX,75,3,2010,76091,38,0,2,0,01,2026
1,20XX,76,1,2010,237037,7050,0,1,0,01,2026
1,20XX,76,3,1220,1780005,24561,19292,1,X,01,2026
1,20XX,76,3,1220,333355,7466,4002,2,X,01,2026
1,20XX,76,3,2010,393744,4520,0,1,0,01,2026
1,20XX,76,3,2010,56967,135,0,2,0,01,2026
1,20XX,78,3,2010,21300,291,0,1,0,01,2026
1,20XX,79,3,1220,9250,1871,73,1,X,01,2026
1,20XX,79,3,1220,11414,113,72,2,X,01,2026
1,20XX,80,3,1220,26551,573,520,1,X,01,2026
1,20XX,81,3,1220,1945214,4518,12077,1,X,01,2026
1,20XX,81,3,1220,674074,1977,6538,2,X,01,2026
1,20XX,81,3,2010,541276,436,0,1,0,01,2026
1,20XX,81,3,2010,74002,33,0,2,0,01,2026
1,20XX,82,1,2010,135727,2676,0,1,0,01,2026
1,20XX,82,3,1220,2394738,8851,42935,1,X,01,2026
1,20XX,82,3,1220,760043,3073,16103,2,X,01,2026
1,20XX,82,3,2010,647920,4052,0,1,0,01,2026
1,20XX,82,3,2010,209079,1324,0,2,0,01,2026
1,20XX,83,1,2010,8400,50,0,1,0,01,2026
1,20XX,83,3,1220,5427772,94511,52224,1,X,01,2026
1,20XX,83,3,1220,1001353,26695,14918,2,X,01,2026
1,20XX,83,3,2010,471318,14966,0,1,0,01,2026
1,20XX,83,3,2010,168805,257,0,2,0,01,2026
1,20XX,84,1,2010,2659822,111879,0,1,0,01,2026
1,20XX,84,1,2010,687265,5461,0,2,0,01,2026
1,20XX,84,3,1220,71048413,427628,681697,1,X,01,2026
1,20XX,84,3,1220,38381506,151416,430809,2,X,01,2026
1,20XX,84,3,2010,31229771,238827,0,1,0,01,2026
1,20XX,84,3,2010,685615,584,0,1,1,01,2026
1,20XX,84,3,2010,139729969,64827,0,2,0,01,2026
1,20XX,84,3,2010,54752,702,0,2,1,01,2026
1,20XX,85,1,2010,51302,313,0,1,0,01,2026
1,20XX,85,1,2010,457707,11319,0,2,0,01,2026
1,20XX,85,3,1220,93349785,256519,908033,1,X,01,2026
1,20XX,85,3,1220,64005692,133879,620886,2,X,01,2026
1,20XX,85,3,2010,81894008,229235,0,1,0,01,2026
1,20XX,85,3,2010,250244,1629,0,1,1,01,2026
1,20XX,85,3,2010,86413135,163958,0,2,0,01,2026
1,20XX,85,3,2010,309323,1480,0,2,1,01,2026
1,20XX,86,1,2010,566040,84268,0,1,0,01,2026
1,20XX,86,1,2010,231000,34925,0,2,0,01,2026
1,20XX,86,3,1220,15207,242,265,1,X,01,2026
1,20XX,86,3,1220,45352,5124,2243,2,X,01,2026
1,20XX,86,3,2010,76597,5365,0,1,0,01,2026
1,20XX,87,3,1220,586510,4109,10102,1,X,01,2026
1,20XX,87,3,1220,197278,3008,3909,2,X,01,2026
1,20XX,87,3,2010,159267,5218,0,1,0,01,2026
1,20XX,87,3,2010,49112,2992,0,2,0,01,2026
1,20XX,88,3,1220,112466587,64164,495246,1,X,01,2026
1,20XX,88,3,1220,23338289,19889,110152,2,X,01,2026
1,20XX,88,3,2010,23983053,54039,0,1,0,01,2026
1,20XX,88,3,2010,50835,5,0,1,1,01,2026
1,20XX,88,3,2010,4589873,3194,0,2,0,01,2026
1,20XX,89,1,2010,1200000,7500,0,1,0,01,2026
1,20XX,89,3,1220,86259,150,187,1,X,01,2026
1,20XX,89,3,1220,66891,732,1134,2,X,01,2026
1,20XX,89,3,2010,74285,148,0,1,0,01,2026
1,20XX,90,1,2010,12971,6,0,1,0,01,2026
1,20XX,90,1,2010,37872,866,0,2,0,01,2026
1,20XX,90,3,1220,59683312,95744,680241,1,X,01,2026
1,20XX,90,3,1220,38961312,77268,459166,2,X,01,2026
1,20XX,90,3,2010,18302075,27349,0,1,0,01,2026
1,20XX,90,3,2010,68966,179,0,1,1,01,2026
1,20XX,90,3,2010,6406879,12341,0,2,0,01,2026
1,20XX,90,3,2010,15677,70,0,2,1,01,2026
1,20XX,91,3,1220,182324,254,1263,1,X,01,2026
1,20XX,91,3,1220,771644,522,5012,2,X,01,2026
1,20XX,91,3,2010,9200,2,0,1,0,01,2026
1,20XX,91,3,2010,148441,74,0,2,0,01,2026
1,20XX,92,3,1220,95917,666,772,1,X,01,2026
1,20XX,92,3,1220,41203,494,166,2,X,01,2026
1,20XX,92,3,2010,6831,3,0,1,0,01,2026
1,20XX,93,3,1220,1319548,1097,14032,1,X,01,2026
1,20XX,94,1,2010,577000,13474,0,1,0,01,2026
1,20XX,94,1,2010,7298,820,0,2,0,01,2026
1,20XX,94,3,1220,2280653,74236,35707,1,X,01,2026
1,20XX,94,3,1220,647160,15440,10902,2,X,01,2026
1,20XX,94,3,2010,477957,9712,0,1,0,01,2026
1,20XX,94,3,2010,125308,896,0,2,0,01,2026
1,20XX,95,3,1220,906021,14504,9915,1,X,01,2026
1,20XX,95,3,1220,791685,9451,10580,2,X,01,2026
1,20XX,95,3,2010,28567,594,0,1,0,01,2026
1,20XX,95,3,2010,147866,1527,0,2,0,01,2026
1,20XX,96,3,1220,95760,2151,1642,1,X,01,2026
1,20XX,96,3,1220,45652,162,491,2,X,01,2026
1,20XX,96,3,2010,117115,1367,0,1,0,01,2026
1,20XX,96,3,2010,17324,88,0,2,0,01,2026
1,20XX,97,3,1220,751477,680,7920,1,X,01,2026
1,20XX,97,3,1220,373505,498,1328,2,X,01,2026
1,20XX,97,3,2010,37500,78,0,1,0,01,2026
1,20XX,97,3,2010,12201,24,0,2,0,01,2026
1,20XX,98,3,1220,5233,6,55,1,X,01,2026
1,20XX,98,3,1220,72985,4166,648,2,X,01,2026
1,20XX,98,8,1220,7585677,0,37509,1,X,01,2026
1,20XX,98,8,2010,215095,0,0,1,X,01,2026
1,21XX,27,1,1220,13048193,27000000,120047,1,X,01,2026
1,21XX,27,1,2010,304955148,491948397,0,1,0,01,2026
1,21XX,29,1,2010,10701384,11932455,0,1,1,01,2026
1,2301,01,5,2010,441034,0,0,1,0,01,2026
1,2301,01,5,2010,18420,0,0,2,0,01,2026
1,2301,02,5,2010,717943,0,0,1,0,01,2026
1,2301,03,5,2010,70020,0,0,1,0,01,2026
1,2301,07,5,2010,131065,0,0,1,0,01,2026
1,2301,09,5,2010,3720,0,0,2,0,01,2026
1,2301,11,5,2010,17640,0,0,1,0,01,2026
1,2301,11,6,2010,39705,0,0,1,0,01,2026
1,2301,12,1,2010,79899,149720,0,1,0,01,2026
1,2301,12,3,2010,12800,85,0,1,0,01,2026
1,2301,12,5,2010,1371495,0,0,1,0,01,2026
1,2301,13,5,2010,88600,0,0,2,0,01,2026
1,2301,15,5,2010,57672,0,0,1,0,01,2026
1,2301,15,5,2010,14328,0,0,1,1,01,2026
1,2301,15,5,2010,137627,0,0,2,0,01,2026
1,2301,15,6,2010,933619,0,0,1,0,01,2026
1,2301,17,5,2010,20607,0,0,1,0,01,2026
1,2301,17,6,2010,238391,0,0,1,0,01,2026
1,2301,18,5,2010,97039,0,0,1,0,01,2026
1,2301,19,5,2010,18525,0,0,1,0,01,2026
1,2301,20,5,2010,35375,0,0,1,0,01,2026
1,2301,21,5,2010,953522,0,0,1,0,01,2026
1,2301,22,5,2010,63578,0,0,1,0,01,2026
1,2301,22,5,2010,88234,0,0,1,1,01,2026
1,2301,22,6,2010,581252,0,0,1,0,01,2026
1,2301,23,5,2010,307881,0,0,1,0,01,2026
1,2301,23,6,2010,10987573,0,0,1,0,01,2026
1,2301,25,5,2010,1128016,0,0,1,0,01,2026
1,2301,25,5,2010,115696,0,0,2,0,01,2026
1,2301,25,6,2010,1414233,0,0,1,1,01,2026
1,2301,26,5,2010,341295,0,0,1,0,01,2026
1,2301,26,5,2010,87460,0,0,2,0,01,2026
1,2301,27,1,2010,14084400,52101060,0,1,0,01,2026
1,2301,27,5,2010,77495962,0,0,1,0,01,2026
1,2301,27,5,2010,6772978,0,0,1,1,01,2026
1,2301,27,5,2010,1725478,0,0,2,0,01,2026
1,2301,27,6,2010,5870798,0,0,1,0,01,2026
1,2301,27,7,2010,235481824,0,0,1,X,01,2026
1,2301,27,8,2010,11771,0,0,1,X,01,2026
1,2301,28,5,2010,1947740,0,0,1,0,01,2026
1,2301,28,5,2010,456001,0,0,2,0,01,2026
1,2301,28,6,2010,2463592,0,0,1,1,01,2026
1,2301,29,5,2010,5083185,0,0,1,0,01,2026
1,2301,29,5,2010,382213,0,0,1,1,01,2026
1,2301,29,5,2010,5247139,0,0,2,0,01,2026
1,2301,29,5,2010,592939,0,0,2,1,01,2026
1,2301,29,6,2010,5470083,0,0,1,0,01,2026
1,2301,30,5,2010,7319,0,0,2,0,01,2026
1,2301,31,5,2010,1670169,0,0,1,0,01,2026
1,2301,31,5,2010,85170,0,0,2,0,01,2026
1,2301,31,6,2010,377978,0,0,1,0,01,2026
1,2301,32,5,2010,4408509,0,0,1,0,01,2026
1,2301,32,5,2010,14256,0,0,1,1,01,2026
1,2301,32,5,2010,622690,0,0,2,0,01,2026
1,2301,33,5,2010,274178,0,0,1,0,01,2026
1,2301,33,5,2010,16497,0,0,2,0,01,2026
1,2301,34,5,2010,3991230,0,0,1,0,01,2026
1,2301,34,5,2010,417726,0,0,1,1,01,2026
1,2301,34,5,2010,841746,0,0,2,0,01,2026
1,2301,35,5,2010,2577517,0,0,1,0,01,2026
1,2301,35,5,2010,258331,0,0,2,0,01,2026
1,2301,35,6,2010,25627,0,0,1,0,01,2026
1,2301,36,5,2010,464474,0,0,1,0,01,2026
1,2301,37,5,2010,32547,0,0,1,0,01,2026
1,2301,38,5,2010,10569346,0,0,1,0,01,2026
1,2301,38,5,2010,4126349,0,0,1,1,01,2026
1,2301,38,5,2010,4997570,0,0,2,0,01,2026
1,2301,38,6,2010,1335696,0,0,1,0,01,2026
1,2301,38,6,2010,158652,0,0,1,1,01,2026
1,2301,39,5,2010,37793097,0,0,1,0,01,2026
1,2301,39,5,2010,8359607,0,0,1,1,01,2026
1,2301,39,5,2010,10175554,0,0,2,0,01,2026
1,2301,39,5,2010,254482,0,0,2,1,01,2026
1,2301,39,6,2010,8943874,0,0,1,0,01,2026
1,2301,39,6,2010,294938,0,0,1,1,01,2026
1,2301,40,5,2010,8694080,0,0,1,0,01,2026
1,2301,40,5,2010,1460993,0,0,1,1,01,2026
1,2301,40,5,2010,1269210,0,0,2,0,01,2026
1,2301,40,5,2010,53310,0,0,2,1,01,2026
1,2301,41,5,2010,18457,0,0,1,0,01,2026
1,2301,41,5,2010,20502,0,0,2,0,01,2026
1,2301,42,5,2010,275131,0,0,1,0,01,2026
1,2301,42,5,2010,86366,0,0,2,0,01,2026
1,2301,44,5,2010,492287,0,0,1,0,01,2026
1,2301,44,5,2010,76503,0,0,2,0,01,2026
1,2301,47,5,2010,185310,0,0,1,0,01,2026
1,2301,47,5,2010,197051,0,0,2,0,01,2026
1,2301,48,5,2010,6530831,0,0,1,0,01,2026
1,2301,48,5,2010,549133,0,0,2,0,01,2026
1,2301,48,6,2010,31513,0,0,1,1,01,2026
1,2301,49,5,2010,909665,0,0,1,0,01,2026
1,2301,49,5,2010,8631,0,0,2,0,01,2026
1,2301,51,5,2010,21319,0,0,1,0,01,2026
1,2301,51,5,2010,19523,0,0,2,0,01,2026
1,2301,52,5,2010,87137,0,0,1,0,01,2026
1,2301,52,5,2010,48022,0,0,2,0,01,2026
1,2301,53,5,2010,4941,0,0,1,0,01,2026
1,2301,54,5,2010,1333433,0,0,1,0,01,2026
1,2301,54,5,2010,307039,0,0,2,0,01,2026
1,2301,55,5,2010,912734,0,0,1,0,01,2026
1,2301,55,5,2010,115607,0,0,2,0,01,2026
1,2301,56,5,2010,431283,0,0,1,0,01,2026
1,2301,56,5,2010,90678,0,0,2,0,01,2026
1,2301,57,5,2010,71055,0,0,1,0,01,2026
1,2301,57,5,2010,7712,0,0,2,0,01,2026
1,2301,58,5,2010,276604,0,0,1,0,01,2026
1,2301,58,5,2010,145588,0,0,2,0,01,2026
1,2301,59,5,2010,916760,0,0,1,0,01,2026
1,2301,59,5,2010,799915,0,0,2,0,01,2026
1,2301,60,5,2010,219606,0,0,1,0,01,2026
1,2301,60,5,2010,11740,0,0,2,0,01,2026
1,2301,61,5,2010,2531,0,0,1,0,01,2026
1,2301,61,5,2010,7672,0,0,2,0,01,2026
1,2301,62,5,2010,131687,0,0,1,0,01,2026
1,2301,63,5,2010,1421421,0,0,1,0,01,2026
1,2301,63,5,2010,3209,0,0,1,1,01,2026
1,2301,65,1,2010,1811848,6466,0,1,0,01,2026
1,2301,65,5,2010,3582,0,0,2,0,01,2026
1,2301,68,5,2010,5041006,0,0,1,0,01,2026
1,2301,68,5,2010,78936,0,0,2,0,01,2026
1,2301,69,1,2010,355260,77700,0,1,0,01,2026
1,2301,69,5,2010,438936,0,0,1,0,01,2026
1,2301,69,5,2010,117958,0,0,2,0,01,2026
1,2301,69,6,2010,169336,0,0,1,0,01,2026
1,2301,70,5,2010,2612457,0,0,1,0,01,2026
1,2301,70,5,2010,133140,0,0,2,0,01,2026
1,2301,71,5,2010,1035603,0,0,1,0,01,2026
1,2301,71,5,2010,45760,0,0,2,0,01,2026
1,2301,72,5,2010,26720154,0,0,1,0,01,2026
1,2301,72,5,2010,542356,0,0,2,0,01,2026
1,2301,72,6,2010,21184911,0,0,1,0,01,2026
1,2301,72,6,2010,3602910,0,0,1,1,01,2026
1,2301,73,5,2010,28461982,0,0,1,0,01,2026
1,2301,73,5,2010,3744954,0,0,2,0,01,2026
1,2301,73,6,2010,634347,0,0,1,0,01,2026
1,2301,74,5,2010,2438892,0,0,1,0,01,2026
1,2301,74,5,2010,337347,0,0,2,0,01,2026
1,2301,75,5,2010,236710,0,0,1,0,01,2026
1,2301,75,5,2010,50753,0,0,2,0,01,2026
1,2301,75,5,2010,22380,0,0,2,1,01,2026
1,2301,76,5,2010,6793905,0,0,1,0,01,2026
1,2301,76,5,2010,690914,0,0,2,0,01,2026
1,2301,78,5,2010,3400,0,0,1,0,01,2026
1,2301,78,5,2010,4017,0,0,2,0,01,2026
1,2301,79,5,2010,31871,0,0,1,0,01,2026
1,2301,80,5,2010,184490,0,0,1,0,01,2026
1,2301,80,5,2010,74058,0,0,2,0,01,2026
1,2301,81,5,2010,5058695,0,0,1,0,01,2026
1,2301,81,5,2010,7981124,0,0,2,0,01,2026
1,2301,82,5,2010,2162595,0,0,1,0,01,2026
1,2301,82,5,2010,431647,0,0,2,0,01,2026
1,2301,83,5,2010,2767348,0,0,1,0,01,2026
1,2301,83,5,2010,739031,0,0,2,0,01,2026
1,2301,84,1,2010,24316,71,0,1,0,01,2026
1,2301,84,5,2010,31992808,0,0,1,0,01,2026
1,2301,84,5,2010,261743,0,0,1,1,01,2026
1,2301,84,5,2010,8614676,0,0,2,0,01,2026
1,2301,84,8,2010,35000,0,0,1,X,01,2026
1,2301,85,1,2010,186776,144,0,1,0,01,2026
1,2301,85,1,2010,329548,59,0,2,0,01,2026
1,2301,85,3,2010,93708,4745,0,1,0,01,2026
1,2301,85,5,2010,44935209,0,0,1,0,01,2026
1,2301,85,5,2010,65262397,0,0,2,0,01,2026
1,2301,85,6,2010,4594,0,0,1,1,01,2026
1,2301,86,5,2010,175000,0,0,1,0,01,2026
1,2301,86,5,2010,202269,0,0,2,0,01,2026
1,2301,86,6,2010,320456,0,0,1,1,01,2026
1,2301,87,5,2010,15850678,0,0,1,0,01,2026
1,2301,87,5,2010,2593511,0,0,2,0,01,2026
1,2301,87,8,2010,17277807,0,0,1,X,01,2026
1,2301,88,1,2010,229729,182,0,1,0,01,2026
1,2301,88,3,2010,1336700,1633,0,1,0,01,2026
1,2301,88,5,2010,2191018,0,0,1,0,01,2026
1,2301,88,5,2010,25493,0,0,1,1,01,2026
1,2301,88,5,2010,367587,0,0,2,0,01,2026
1,2301,89,5,2010,17200,0,0,1,0,01,2026
1,2301,89,5,2010,7845,0,0,2,0,01,2026
1,2301,90,1,2010,12087,6,0,1,0,01,2026
1,2301,90,5,2010,4241539,0,0,1,0,01,2026
1,2301,90,5,2010,65000,0,0,1,1,01,2026
1,2301,90,5,2010,4494278,0,0,2,0,01,2026
1,2301,91,5,2010,14904,0,0,1,0,01,2026
1,2301,93,1,2010,3820500,103980,0,1,0,01,2026
1,2301,93,5,2010,124298,0,0,1,0,01,2026
1,2301,94,3,2010,9453,160,0,2,0,01,2026
1,2301,94,5,2010,7456461,0,0,1,0,01,2026
1,2301,94,5,2010,682908,0,0,2,0,01,2026
1,2301,94,5,2010,32748,0,0,2,1,01,2026
1,2301,95,5,2010,8071,0,0,1,0,01,2026
1,2301,96,5,2010,989946,0,0,1,0,01,2026
1,2301,96,5,2010,235512,0,0,2,0,01,2026
1,2302,01,5,2010,127500,0,0,1,0,01,2026
1,2302,08,5,2010,1171786,0,0,1,0,01,2026
1,2302,10,5,2010,40932,0,0,1,0,01,2026
1,2302,12,5,2010,54580,0,0,1,0,01,2026
1,2302,20,5,2010,137400,0,0,1,0,01,2026
1,2302,23,5,2010,30144,0,0,1,0,01,2026
1,2302,25,5,2010,8958,0,0,1,0,01,2026
1,2302,27,5,2010,28810,0,0,1,0,01,2026
1,2302,27,5,2010,6840,0,0,2,0,01,2026
1,2302,28,5,2010,220589,0,0,1,0,01,2026
1,2302,28,5,2010,5120,0,0,2,0,01,2026
1,2302,29,5,2010,173893,0,0,1,0,01,2026
1,2302,29,5,2010,2782,0,0,2,0,01,2026
1,2302,32,5,2010,539597,0,0,1,0,01,2026
1,2302,32,5,2010,3622,0,0,1,1,01,2026
1,2302,32,5,2010,10096,0,0,2,0,01,2026
1,2302,34,5,2010,247915,0,0,1,0,01,2026
1,2302,34,5,2010,4564,0,0,2,0,01,2026
1,2302,35,5,2010,240690,0,0,1,0,01,2026
1,2302,35,5,2010,15980,0,0,2,0,01,2026
1,2302,38,5,2010,103727,0,0,1,0,01,2026
1,2302,38,5,2010,7338,0,0,2,0,01,2026
1,2302,39,5,2010,11379953,0,0,1,0,01,2026
1,2302,39,5,2010,665687,0,0,1,1,01,2026
1,2302,39,5,2010,4919953,0,0,2,0,01,2026
1,2302,39,5,2010,245333,0,0,2,1,01,2026
1,2302,40,5,2010,2107828,0,0,1,0,01,2026
1,2302,40,5,2010,723153,0,0,2,0,01,2026
1,2302,41,5,2010,124585,0,0,1,0,01,2026
1,2302,42,5,2010,17227,0,0,1,0,01,2026
1,2302,44,5,2010,120258,0,0,1,0,01,2026
1,2302,48,5,2010,594286,0,0,1,0,01,2026
1,2302,48,5,2010,418326,0,0,1,1,01,2026
1,2302,48,5,2010,85437,0,0,2,0,01,2026
1,2302,49,5,2010,61557,0,0,1,0,01,2026
1,2302,49,5,2010,52062,0,0,2,0,01,2026
1,2302,51,5,2010,8348,0,0,1,0,01,2026
1,2302,52,5,2010,56825,0,0,1,0,01,2026
1,2302,52,5,2010,16404,0,0,2,0,01,2026
1,2302,54,5,2010,445902,0,0,1,0,01,2026
1,2302,54,5,2010,59663,0,0,1,1,01,2026
1,2302,54,5,2010,13230,0,0,2,0,01,2026
1,2302,54,5,2010,59450,0,0,2,1,01,2026
1,2302,55,5,2010,27593,0,0,1,0,01,2026
1,2302,56,5,2010,999745,0,0,1,0,01,2026
1,2302,56,5,2010,1377687,0,0,1,1,01,2026
1,2302,56,5,2010,29302,0,0,2,0,01,2026
1,2302,56,5,2010,19510,0,0,2,1,01,2026
1,2302,57,5,2010,93420,0,0,1,0,01,2026
1,2302,58,5,2010,144188,0,0,1,0,01,2026
1,2302,58,5,2010,59928,0,0,1,1,01,2026
1,2302,58,5,2010,31298,0,0,2,0,01,2026
1,2302,59,5,2010,823162,0,0,1,0,01,2026
1,2302,59,5,2010,51660,0,0,2,0,01,2026
1,2302,59,5,2010,26697,0,0,2,1,01,2026
1,2302,60,5,2010,192849,0,0,1,0,01,2026
1,2302,60,5,2010,230959,0,0,1,1,01,2026
1,2302,60,5,2010,9417,0,0,2,0,01,2026
1,2302,61,5,2010,36281,0,0,2,0,01,2026
1,2302,63,5,2010,16371,0,0,1,0,01,2026
1,2302,64,5,2010,465293,0,0,1,0,01,2026
1,2302,68,5,2010,380820,0,0,1,0,01,2026
1,2302,68,5,2010,81028,0,0,2,0,01,2026
1,2302,69,5,2010,5340260,0,0,1,0,01,2026
1,2302,69,5,2010,152464,0,0,2,0,01,2026
1,2302,70,5,2010,186049,0,0,1,0,01,2026
1,2302,70,5,2010,4160,0,0,2,0,01,2026
1,2302,71,5,2010,3680,0,0,1,0,01,2026
1,2302,72,5,2010,2813970,0,0,1,0,01,2026
1,2302,72,5,2010,236786,0,0,2,0,01,2026
1,2302,73,5,2010,3909419,0,0,1,0,01,2026
1,2302,73,5,2010,71980,0,0,1,1,01,2026
1,2302,73,5,2010,1972191,0,0,2,0,01,2026
1,2302,74,5,2010,6261262,0,0,1,0,01,2026
1,2302,74,5,2010,186584,0,0,2,0,01,2026
1,2302,75,5,2010,453372,0,0,1,0,01,2026
1,2302,75,5,2010,244335,0,0,2,0,01,2026
1,2302,76,5,2010,190975,0,0,1,0,01,2026
1,2302,76,5,2010,18746,0,0,1,1,01,2026
1,2302,76,5,2010,61108,0,0,2,0,01,2026
1,2302,81,5,2010,888442,0,0,1,0,01,2026
1,2302,81,5,2010,12574,0,0,2,0,01,2026
1,2302,82,5,2010,563072,0,0,1,0,01,2026
1,2302,82,5,2010,1152390,0,0,2,0,01,2026
1,2302,83,5,2010,640027,0,0,1,0,01,2026
1,2302,83,5,2010,211247,0,0,2,0,01,2026
1,2302,84,5,2010,21156764,0,0,1,0,01,2026
1,2302,84,5,2010,50754,0,0,1,1,01,2026
1,2302,84,5,2010,2969738,0,0,2,0,01,2026
1,2302,84,5,2010,140351,0,0,2,1,01,2026
1,2302,85,5,2010,7445765,0,0,1,0,01,2026
1,2302,85,5,2010,64112,0,0,1,1,01,2026
1,2302,85,5,2010,12453663,0,0,2,0,01,2026
1,2302,85,5,2010,2562343,0,0,2,1,01,2026
1,2302,86,5,2010,279587,0,0,1,0,01,2026
1,2302,86,5,2010,177292,0,0,2,0,01,2026
1,2302,87,5,2010,7302494,0,0,1,0,01,2026
1,2302,87,5,2010,1544796,0,0,2,0,01,2026
1,2302,87,8,2010,68363,0,0,1,X,01,2026
1,2302,88,5,2010,42478067,0,0,1,0,01,2026
1,2302,90,5,2010,256695,0,0,1,0,01,2026
1,2302,90,5,2010,451315,0,0,2,0,01,2026
1,2302,94,5,2010,1126663,0,0,1,0,01,2026
1,2302,94,5,2010,2623,0,0,1,1,01,2026
1,2302,94,5,2010,346966,0,0,2,0,01,2026
1,2302,94,5,2010,929648,0,0,2,1,01,2026
1,2302,96,5,2010,412338,0,0,1,0,01,2026
1,2302,96,5,2010,2735,0,0,1,1,01,2026
1,2302,96,5,2010,177838,0,0,2,0,01,2026
1,2302,98,5,2010,3019,0,0,2,0,01,2026
1,2303,01,5,2010,177792,0,0,1,0,01,2026
1,2303,01,5,2010,91200,0,0,1,1,01,2026
1,2303,02,5,2010,891252,0,0,1,0,01,2026
1,2303,04,5,2010,121919,0,0,1,0,01,2026
1,2303,05,5,2010,37407,0,0,1,0,01,2026
1,2303,07,5,2010,158975,0,0,1,0,01,2026
1,2303,07,5,2010,67954,0,0,2,0,01,2026
1,2303,07,6,2010,758583,0,0,1,0,01,2026
1,2303,07,6,2010,142910,0,0,1,1,01,2026
1,2303,09,5,2010,33735,0,0,1,0,01,2026
1,2303,10,5,2010,12322,0,0,1,0,01,2026
1,2303,10,6,2010,94158662,0,0,1,0,01,2026
1,2303,10,6,2010,107518,0,0,1,1,01,2026
1,2303,11,5,2010,3141,0,0,1,0,01,2026
1,2303,11,6,2010,575684,0,0,1,0,01,2026
1,2303,11,6,2010,19828570,0,0,1,1,01,2026
1,2303,12,5,2010,12011,0,0,1,0,01,2026
1,2303,12,6,2010,61062373,0,0,1,0,01,2026
1,2303,13,5,2010,5232,0,0,1,0,01,2026
1,2303,13,6,2010,2474436,0,0,1,1,01,2026
1,2303,15,5,2010,3955,0,0,1,0,01,2026
1,2303,15,6,2010,7502166,0,0,1,0,01,2026
1,2303,15,6,2010,334603,0,0,2,0,01,2026
1,2303,17,5,2010,7355,0,0,1,0,01,2026
1,2303,17,6,2010,28620976,0,0,1,0,01,2026
1,2303,19,5,2010,52465,0,0,1,0,01,2026
1,2303,20,5,2010,187683,0,0,1,0,01,2026
1,2303,20,6,2010,188590,0,0,1,0,01,2026
1,2303,20,6,2010,1516680,0,0,1,1,01,2026
1,2303,21,5,2010,6319981,0,0,1,0,01,2026
1,2303,22,5,2010,136534,0,0,1,0,01,2026
1,2303,22,6,2010,4957587,0,0,1,0,01,2026
1,2303,22,6,2010,604818,0,0,1,1,01,2026
1,2303,22,6,2010,451741,0,0,2,0,01,2026
1,2303,22,8,2010,2520,0,0,2,X,01,2026
1,2303,23,5,2010,10406,0,0,1,0,01,2026
1,2303,23,6,2010,62494794,0,0,1,0,01,2026
1,2303,24,5,2010,29400,0,0,1,0,01,2026
1,2303,24,8,2010,70290,0,0,1,X,01,2026
1,2303,25,5,2010,329548,0,0,1,0,01,2026
1,2303,25,5,2010,12716,0,0,2,0,01,2026
1,2303,25,6,2010,1350787,0,0,1,0,01,2026
1,2303,25,6,2010,1094485,0,0,1,1,01,2026
1,2303,27,5,2010,27486612,0,0,1,0,01,2026
1,2303,27,5,2010,8009675,0,0,1,1,01,2026
1,2303,27,5,2010,17649,0,0,2,0,01,2026
1,2303,27,6,2010,32230001,0,0,1,0,01,2026
1,2303,27,6,2010,9814325,0,0,1,1,01,2026
1,2303,28,5,2010,309041,0,0,1,0,01,2026
1,2303,28,5,2010,33320,0,0,2,0,01,2026
1,2303,28,6,2010,11942644,0,0,1,0,01,2026
1,2303,28,6,2010,3923236,0,0,1,1,01,2026
1,2303,29,5,2010,1014478,0,0,1,0,01,2026
1,2303,29,5,2010,28778,0,0,2,0,01,2026
1,2303,29,6,2010,2238316,0,0,1,0,01,2026
1,2303,29,6,2010,127621,0,0,2,1,01,2026
1,2303,31,5,2010,185390,0,0,1,0,01,2026
1,2303,31,5,2010,510517,0,0,2,0,01,2026
1,2303,31,6,2010,5016707,0,0,1,0,01,2026
1,2303,32,5,2010,2433172,0,0,1,0,01,2026
1,2303,32,5,2010,3855,0,0,1,1,01,2026
1,2303,32,5,2010,232698,0,0,2,0,01,2026
1,2303,32,6,2010,218613,0,0,1,0,01,2026
1,2303,33,5,2010,155213,0,0,1,0,01,2026
1,2303,34,5,2010,481126,0,0,1,0,01,2026
1,2303,34,5,2010,3904,0,0,1,1,01,2026
1,2303,34,5,2010,53427,0,0,2,0,01,2026
1,2303,35,5,2010,854409,0,0,1,0,01,2026
1,2303,35,5,2010,75163,0,0,2,0,01,2026
1,2303,35,6,2010,63933,0,0,1,0,01,2026
1,2303,35,6,2010,19129,0,0,1,1,01,2026
1,2303,36,5,2010,333252,0,0,1,0,01,2026
1,2303,38,5,2010,866201,0,0,1,0,01,2026
1,2303,38,5,2010,3636,0,0,1,1,01,2026
1,2303,38,5,2010,280721,0,0,2,0,01,2026
1,2303,38,6,2010,913099,0,0,1,0,01,2026
1,2303,39,5,2010,30364114,0,0,1,0,01,2026
1,2303,39,5,2010,496227,0,0,1,1,01,2026
1,2303,39,5,2010,1310411,0,0,2,0,01,2026
1,2303,39,6,2010,38636490,0,0,1,0,01,2026
1,2303,39,6,2010,8907588,0,0,1,1,01,2026
1,2303,39,6,2010,393050,0,0,2,0,01,2026
1,2303,39,6,2010,165000,0,0,2,1,01,2026
1,2303,40,5,2010,6150766,0,0,1,0,01,2026
1,2303,40,5,2010,711025,0,0,2,0,01,2026
1,2303,40,6,2010,910819,0,0,1,0,01,2026
1,2303,40,6,2010,561512,0,0,1,1,01,2026
1,2303,40,6,2010,10869,0,0,2,0,01,2026
1,2303,41,5,2010,395916,0,0,1,0,01,2026
1,2303,42,5,2010,30500,0,0,1,0,01,2026
1,2303,42,5,2010,4159,0,0,1,1,01,2026
1,2303,44,5,2010,1003715,0,0,1,0,01,2026
1,2303,44,6,2010,1316239,0,0,1,0,01,2026
1,2303,47,5,2010,513427,0,0,1,0,01,2026
1,2303,47,5,2010,270803,0,0,2,0,01,2026
1,2303,47,6,2010,5998163,0,0,1,0,01,2026
1,2303,47,6,2010,244065,0,0,2,0,01,2026
1,2303,48,5,2010,2319839,0,0,1,0,01,2026
1,2303,48,5,2010,3360,0,0,1,1,01,2026
1,2303,48,5,2010,23281,0,0,2,0,01,2026
1,2303,48,6,2010,8441201,0,0,1,0,01,2026
1,2303,48,6,2010,18055,0,0,1,1,01,2026
1,2303,49,5,2010,481314,0,0,1,0,01,2026
1,2303,49,5,2010,36051,0,0,2,0,01,2026
1,2303,49,6,2010,13677,0,0,1,0,01,2026
1,2303,49,6,2010,10320,0,0,1,1,01,2026
1,2303,50,5,2010,24654,0,0,1,0,01,2026
1,2303,52,5,2010,5849953,0,0,1,0,01,2026
1,2303,52,5,2010,353438,0,0,2,0,01,2026
1,2303,54,5,2010,926836,0,0,1,0,01,2026
1,2303,54,5,2010,722479,0,0,2,0,01,2026
1,2303,55,5,2010,9080042,0,0,1,0,01,2026
1,2303,55,5,2010,223645,0,0,2,0,01,2026
1,2303,56,5,2010,842429,0,0,1,0,01,2026
1,2303,56,5,2010,12243,0,0,1,1,01,2026
1,2303,56,5,2010,485344,0,0,2,0,01,2026
1,2303,58,5,2010,1000177,0,0,1,0,01,2026
1,2303,58,5,2010,84193,0,0,2,0,01,2026
1,2303,59,5,2010,2956457,0,0,1,0,01,2026
1,2303,59,5,2010,7537,0,0,1,1,01,2026
1,2303,59,5,2010,160749,0,0,2,0,01,2026
1,2303,59,6,2010,63854,0,0,1,0,01,2026
1,2303,60,5,2010,2594462,0,0,1,0,01,2026
1,2303,61,5,2010,495665,0,0,1,0,01,2026
1,2303,62,5,2010,574000,0,0,1,0,01,2026
1,2303,62,5,2010,5243,0,0,1,1,01,2026
1,2303,62,5,2010,13973,0,0,2,0,01,2026
1,2303,63,5,2010,1468597,0,0,1,0,01,2026
1,2303,63,5,2010,137350,0,0,2,0,01,2026
1,2303,64,5,2010,218839,0,0,1,0,01,2026
1,2303,65,5,2010,401145,0,0,1,0,01,2026
1,2303,67,5,2010,10890,0,0,1,0,01,2026
1,2303,68,5,2010,32617,0,0,1,0,01,2026
1,2303,68,5,2010,3552,0,0,2,0,01,2026
1,2303,68,6,2010,116736,0,0,1,0,01,2026
1,2303,69,5,2010,372570,0,0,1,0,01,2026
1,2303,69,5,2010,77970,0,0,2,0,01,2026
1,2303,69,6,2010,54967,0,0,1,1,01,2026
1,2303,70,5,2010,1304006,0,0,1,0,01,2026
1,2303,70,5,2010,12580,0,0,2,0,01,2026
1,2303,70,6,2010,3806272,0,0,1,0,01,2026
1,2303,70,6,2010,1705069,0,0,1,1,01,2026
1,2303,71,5,2010,812511,0,0,1,0,01,2026
1,2303,71,5,2010,39872,0,0,2,0,01,2026
1,2303,72,5,2010,13886530,0,0,1,0,01,2026
1,2303,72,5,2010,405496,0,0,2,0,01,2026
1,2303,72,6,2010,11401339,0,0,1,0,01,2026
1,2303,72,6,2010,2428107,0,0,1,1,01,2026
1,2303,73,5,2010,62250302,0,0,1,0,01,2026
1,2303,73,5,2010,141456,0,0,1,1,01,2026
1,2303,73,5,2010,989806,0,0,2,0,01,2026
1,2303,73,6,2010,6665898,0,0,1,0,01,2026
1,2303,73,6,2010,2121576,0,0,1,1,01,2026
1,2303,73,6,2010,507503,0,0,2,0,01,2026
1,2303,74,5,2010,2982487,0,0,1,0,01,2026
1,2303,74,5,2010,26215,0,0,1,1,01,2026
1,2303,74,5,2010,258720,0,0,2,0,01,2026
1,2303,74,6,2010,2716,0,0,1,1,01,2026
1,2303,76,5,2010,6572547,0,0,1,0,01,2026
1,2303,76,5,2010,50211,0,0,2,0,01,2026
1,2303,76,6,2010,17820,0,0,1,0,01,2026
1,2303,79,5,2010,1455124,0,0,1,0,01,2026
1,2303,82,5,2010,294548,0,0,1,0,01,2026
1,2303,82,5,2010,13234,0,0,1,1,01,2026
1,2303,82,5,2010,26462,0,0,2,0,01,2026
1,2303,83,5,2010,1929686,0,0,1,0,01,2026
1,2303,83,5,2010,671982,0,0,2,0,01,2026
1,2303,83,6,2010,643186,0,0,1,0,01,2026
1,2303,83,6,2010,934158,0,0,1,1,01,2026
1,2303,83,6,2010,24408,0,0,2,0,01,2026
1,2303,84,5,2010,13802154,0,0,1,0,01,2026
1,2303,84,5,2010,44608,0,0,1,1,01,2026
1,2303,84,5,2010,3403848,0,0,2,0,01,2026
1,2303,84,6,2010,8250954,0,0,1,0,01,2026
1,2303,84,6,2010,1623017,0,0,1,1,01,2026
1,2303,84,6,2010,1726650,0,0,2,0,01,2026
1,2303,85,5,2010,19753277,0,0,1,0,01,2026
1,2303,85,5,2010,199806,0,0,1,1,01,2026
1,2303,85,5,2010,4720264,0,0,2,0,01,2026
1,2303,85,6,2010,14022197,0,0,1,0,01,2026
1,2303,85,6,2010,382170,0,0,1,1,01,2026
1,2303,85,6,2010,3626703,0,0,2,0,01,2026
1,2303,86,5,2010,7291345,0,0,1,0,01,2026
1,2303,86,5,2010,258609,0,0,2,0,01,2026
1,2303,86,6,2010,6537460,0,0,1,0,01,2026
1,2303,86,6,2010,3785314,0,0,1,1,01,2026
1,2303,87,5,2010,20558542,0,0,1,0,01,2026
1,2303,87,5,2010,2471522,0,0,2,0,01,2026
1,2303,87,6,2010,27110253,0,0,1,0,01,2026
1,2303,87,6,2010,64328540,0,0,1,1,01,2026
1,2303,87,6,2010,990563,0,0,2,0,01,2026
1,2303,87,8,2010,1416942,0,0,1,X,01,2026
1,2303,88,5,2010,116326,0,0,2,0,01,2026
1,2303,88,6,2010,4890,0,0,2,0,01,2026
1,2303,89,5,2010,151566,0,0,1,0,01,2026
1,2303,90,5,2010,610630,0,0,1,0,01,2026
1,2303,90,5,2010,5187,0,0,1,1,01,2026
1,2303,90,5,2010,385266,0,0,2,0,01,2026
1,2303,90,6,2010,1826824,0,0,1,0,01,2026
1,2303,90,6,2010,59970,0,0,1,1,01,2026
1,2303,90,6,2010,163284,0,0,2,0,01,2026
1,2303,91,5,2010,25950,0,0,1,0,01,2026
1,2303,93,5,2010,488893,0,0,1,0,01,2026
1,2303,94,5,2010,1092153,0,0,1,0,01,2026
1,2303,94,5,2010,3425766,0,0,2,0,01,2026
1,2303,94,6,2010,8580,0,0,1,0,01,2026
1,2303,95,5,2010,254433,0,0,1,0,01,2026
1,2303,96,5,2010,804454,0,0,1,0,01,2026
1,2303,96,5,2010,9670,0,0,2,0,01,2026
1,2303,98,5,2010,41300,0,0,1,0,01,2026
1,2303,98,5,2010,5032,0,0,2,0,01,2026
1,2304,01,5,2010,2372483,0,0,1,0,01,2026
1,2304,01,5,2010,44207,0,0,2,0,01,2026
1,2304,01,8,2010,563794,0,0,1,X,01,2026
1,2304,02,5,2010,253312644,0,0,1,0,01,2026
1,2304,02,5,2010,4439212,0,0,1,1,01,2026
1,2304,02,5,2010,613820,0,0,2,0,01,2026
1,2304,02,6,2010,1360753,0,0,1,1,01,2026
1,2304,02,8,2010,25919869,0,0,1,X,01,2026
1,2304,03,5,2010,624966,0,0,1,0,01,2026
1,2304,03,5,2010,159799,0,0,2,0,01,2026
1,2304,04,5,2010,57437324,0,0,1,0,01,2026
1,2304,04,5,2010,1271209,0,0,1,1,01,2026
1,2304,04,5,2010,4758,0,0,2,0,01,2026
1,2304,05,5,2010,13153289,0,0,1,0,01,2026
1,2304,05,5,2010,1424808,0,0,1,1,01,2026
1,2304,05,5,2010,149354,0,0,2,0,01,2026
1,2304,05,8,2010,737063,0,0,1,X,01,2026
1,2304,06,5,2010,788224,0,0,1,0,01,2026
1,2304,07,5,2010,6741847,0,0,1,0,01,2026
1,2304,07,5,2010,114156,0,0,1,1,01,2026
1,2304,07,5,2010,194667,0,0,2,0,01,2026
1,2304,07,6,2010,5148987,0,0,1,0,01,2026
1,2304,07,6,2010,369489,0,0,1,1,01,2026
1,2304,07,6,2010,110158,0,0,2,0,01,2026
1,2304,07,8,2010,151668,0,0,1,X,01,2026
1,2304,07,8,2010,32643,0,0,2,X,01,2026
1,2304,08,5,2010,10316779,0,0,1,0,01,2026
1,2304,08,5,2010,467350,0,0,2,0,01,2026
1,2304,09,5,2010,4168403,0,0,1,0,01,2026
1,2304,09,5,2010,613894,0,0,2,0,01,2026
1,2304,10,5,2010,16602746,0,0,1,0,01,2026
1,2304,10,5,2010,61386,0,0,1,1,01,2026
1,2304,10,6,2010,133156995,0,0,1,0,01,2026
1,2304,10,6,2010,145951,0,0,2,0,01,2026
1,2304,11,5,2010,4762140,0,0,1,0,01,2026
1,2304,11,5,2010,426384,0,0,2,0,01,2026
1,2304,11,6,2010,5796980,0,0,1,0,01,2026
1,2304,12,5,2010,12311865,0,0,1,0,01,2026
1,2304,12,5,2010,233982,0,0,1,1,01,2026
1,2304,12,5,2010,721149,0,0,2,0,01,2026
1,2304,12,6,2010,29670900,0,0,1,0,01,2026
1,2304,12,8,2010,730212,0,0,1,X,01,2026
1,2304,13,5,2010,3179881,0,0,1,0,01,2026
1,2304,13,5,2010,31932,0,0,1,1,01,2026
1,2304,13,5,2010,317855,0,0,2,0,01,2026
1,2304,14,5,2010,52724,0,0,1,0,01,2026
1,2304,14,5,2010,16637,0,0,2,0,01,2026
1,2304,15,5,2010,4092207,0,0,1,0,01,2026
1,2304,15,5,2010,30253,0,0,1,1,01,2026
1,2304,15,5,2010,1779333,0,0,2,0,01,2026
1,2304,15,6,2010,29692672,0,0,1,0,01,2026
1,2304,15,6,2010,4208949,0,0,1,1,01,2026
1,2304,15,6,2010,238392,0,0,2,0,01,2026
1,2304,16,5,2010,66548046,0,0,1,0,01,2026
1,2304,16,5,2010,393550,0,0,2,0,01,2026
1,2304,16,8,2010,260066,0,0,1,X,01,2026
1,2304,17,5,2010,15296889,0,0,1,0,01,2026
1,2304,17,5,2010,20872,0,0,1,1,01,2026
1,2304,17,5,2010,834733,0,0,2,0,01,2026
1,2304,17,6,2010,5527255,0,0,1,0,01,2026
1,2304,17,6,2010,410022,0,0,1,1,01,2026
1,2304,18,5,2010,21599590,0,0,1,0,01,2026
1,2304,18,5,2010,233835,0,0,1,1,01,2026
1,2304,18,5,2010,4337463,0,0,2,0,01,2026
1,2304,19,5,2010,36793535,0,0,1,0,01,2026
1,2304,19,5,2010,4671308,0,0,2,0,01,2026
1,2304,20,5,2010,32272068,0,0,1,0,01,2026
1,2304,20,5,2010,24777,0,0,1,1,01,2026
1,2304,20,5,2010,5585006,0,0,2,0,01,2026
1,2304,20,5,2010,26621,0,0,2,1,01,2026
1,2304,20,6,2010,429171,0,0,1,0,01,2026
1,2304,20,6,2010,1143100,0,0,1,1,01,2026
1,2304,20,8,2010,1193892,0,0,1,X,01,2026
1,2304,21,5,2010,82448568,0,0,1,0,01,2026
1,2304,21,5,2010,15617,0,0,1,1,01,2026
1,2304,21,5,2010,1898084,0,0,2,0,01,2026
1,2304,21,6,2010,448988,0,0,1,0,01,2026
1,2304,22,5,2010,14805226,0,0,1,0,01,2026
1,2304,22,5,2010,86968,0,0,1,1,01,2026
1,2304,22,5,2010,357606,0,0,2,0,01,2026
1,2304,22,6,2010,1158800,0,0,1,0,01,2026
1,2304,22,6,2010,110043,0,0,1,1,01,2026
1,2304,22,8,2010,9540,0,0,2,X,01,2026
1,2304,23,5,2010,28516712,0,0,1,0,01,2026
1,2304,23,5,2010,829937,0,0,1,1,01,2026
1,2304,23,5,2010,218531,0,0,2,0,01,2026
1,2304,23,6,2010,16773609,0,0,1,0,01,2026
1,2304,23,8,2010,156800,0,0,1,X,01,2026
1,2304,24,5,2010,9254765,0,0,1,0,01,2026
1,2304,24,8,2010,55123,0,0,1,X,01,2026
1,2304,25,5,2010,9595335,0,0,1,0,01,2026
1,2304,25,5,2010,227019,0,0,1,1,01,2026
1,2304,25,5,2010,891422,0,0,2,0,01,2026
1,2304,25,6,2010,2002655,0,0,1,0,01,2026
1,2304,25,6,2010,408547,0,0,1,1,01,2026
1,2304,25,6,2010,105090,0,0,2,0,01,2026
1,2304,25,8,2010,2956,0,0,1,X,01,2026
1,2304,26,5,2010,1323151,0,0,1,0,01,2026
1,2304,26,5,2010,118804,0,0,2,0,01,2026
1,2304,27,5,2010,44351793,0,0,1,0,01,2026
1,2304,27,5,2010,12904806,0,0,1,1,01,2026
1,2304,27,5,2010,730029,0,0,2,0,01,2026
1,2304,27,5,2010,207794,0,0,2,1,01,2026
1,2304,27,6,2010,80986214,0,0,1,0,01,2026
1,2304,27,6,2010,108095404,0,0,1,1,01,2026
1,2304,27,7,2010,255394856,0,0,1,X,01,2026
1,2304,27,8,2010,997135,0,0,1,X,01,2026
1,2304,28,5,2010,86264291,0,0,1,0,01,2026
1,2304,28,5,2010,2534746,0,0,1,1,01,2026
1,2304,28,5,2010,4094892,0,0,2,0,01,2026
1,2304,28,5,2010,12534,0,0,2,1,01,2026
1,2304,28,6,2010,34296927,0,0,1,0,01,2026
1,2304,28,6,2010,1421402,0,0,1,1,01,2026
1,2304,28,8,2010,94418,0,0,1,X,01,2026
1,2304,29,5,2010,50291288,0,0,1,0,01,2026
1,2304,29,5,2010,10835669,0,0,1,1,01,2026
1,2304,29,5,2010,6892754,0,0,2,0,01,2026
1,2304,29,5,2010,90475,0,0,2,1,01,2026
1,2304,29,6,2010,25273112,0,0,1,0,01,2026
1,2304,29,6,2010,9536980,0,0,1,1,01,2026
1,2304,29,6,2010,11575,0,0,2,0,01,2026
1,2304,30,5,2010,53534417,0,0,1,0,01,2026
1,2304,30,5,2010,3130564,0,0,1,1,01,2026
1,2304,30,5,2010,10448605,0,0,2,0,01,2026
1,2304,30,5,2010,3626,0,0,2,1,01,2026
1,2304,30,6,2010,95714,0,0,1,0,01,2026
1,2304,31,5,2010,636919,0,0,1,0,01,2026
1,2304,31,5,2010,139857,0,0,1,1,01,2026
1,2304,31,5,2010,146118,0,0,2,0,01,2026
1,2304,31,6,2010,222654,0,0,1,0,01,2026
1,2304,32,5,2010,65180950,0,0,1,0,01,2026
1,2304,32,5,2010,1527818,0,0,1,1,01,2026
1,2304,32,5,2010,4640829,0,0,2,0,01,2026
1,2304,32,5,2010,7348,0,0,2,1,01,2026
1,2304,32,6,2010,278181,0,0,1,0,01,2026
1,2304,32,6,2010,624200,0,0,1,1,01,2026
1,2304,32,8,2010,9873,0,0,1,X,01,2026
1,2304,33,5,2010,68653187,0,0,1,0,01,2026
1,2304,33,5,2010,1596379,0,0,1,1,01,2026
1,2304,33,5,2010,9671781,0,0,2,0,01,2026
1,2304,33,5,2010,204304,0,0,2,1,01,2026
1,2304,33,6,2010,33479,0,0,1,0,01,2026
1,2304,33,8,2010,9460,0,0,1,X,01,2026
1,2304,34,5,2010,43340980,0,0,1,0,01,2026
1,2304,34,5,2010,3572611,0,0,1,1,01,2026
1,2304,34,5,2010,1832311,0,0,2,0,01,2026
1,2304,34,5,2010,390964,0,0,2,1,01,2026
1,2304,34,6,2010,1913364,0,0,1,0,01,2026
1,2304,34,6,2010,3891787,0,0,1,1,01,2026
1,2304,34,6,2010,278304,0,0,2,1,01,2026
1,2304,34,8,2010,25015,0,0,1,X,01,2026
1,2304,35,5,2010,41982539,0,0,1,0,01,2026
1,2304,35,5,2010,2836618,0,0,1,1,01,2026
1,2304,35,5,2010,745650,0,0,2,0,01,2026
1,2304,35,5,2010,13457,0,0,2,1,01,2026
1,2304,35,6,2010,497409,0,0,1,1,01,2026
1,2304,36,5,2010,5568523,0,0,1,0,01,2026
1,2304,36,5,2010,9320,0,0,1,1,01,2026
1,2304,36,5,2010,272723,0,0,2,0,01,2026
1,2304,37,5,2010,3022981,0,0,1,0,01,2026
1,2304,37,5,2010,3889749,0,0,1,1,01,2026
1,2304,37,5,2010,628875,0,0,2,0,01,2026
1,2304,37,5,2010,34288,0,0,2,1,01,2026
1,2304,37,8,2010,23587,0,0,1,X,01,2026
1,2304,38,3,2010,3300,5,0,1,0,01,2026
1,2304,38,5,2010,170960730,0,0,1,0,01,2026
1,2304,38,5,2010,12109677,0,0,1,1,01,2026
1,2304,38,5,2010,6662579,0,0,2,0,01,2026
1,2304,38,5,2010,70308,0,0,2,1,01,2026
1,2304,38,6,2010,14921675,0,0,1,0,01,2026
1,2304,38,6,2010,10556285,0,0,1,1,01,2026
1,2304,38,6,2010,113816,0,0,2,0,01,2026
1,2304,38,6,2010,2036919,0,0,2,1,01,2026
1,2304,38,8,2010,651362,0,0,1,X,01,2026
1,2304,38,8,2010,10080,0,0,2,X,01,2026
1,2304,39,3,2010,69804,186,0,1,0,01,2026
1,2304,39,3,2010,25200,226,0,2,0,01,2026
1,2304,39,5,2010,543575510,0,0,1,0,01,2026
1,2304,39,5,2010,32883911,0,0,1,1,01,2026
1,2304,39,5,2010,50436153,0,0,2,0,01,2026
1,2304,39,5,2010,619201,0,0,2,1,01,2026
1,2304,39,6,2010,157745532,0,0,1,0,01,2026
1,2304,39,6,2010,15935004,0,0,1,1,01,2026
1,2304,39,6,2010,1379220,0,0,2,0,01,2026
1,2304,39,6,2010,2097317,0,0,2,1,01,2026
1,2304,39,8,2010,1205440,0,0,1,X,01,2026
1,2304,40,3,2010,16934,2307,0,1,0,01,2026
1,2304,40,5,2010,127966771,0,0,1,0,01,2026
1,2304,40,5,2010,7231713,0,0,1,1,01,2026
1,2304,40,5,2010,20399809,0,0,2,0,01,2026
1,2304,40,5,2010,27096,0,0,2,1,01,2026
1,2304,40,6,2010,2057153,0,0,1,0,01,2026
1,2304,40,6,2010,4859257,0,0,1,1,01,2026
1,2304,40,6,2010,163817,0,0,2,1,01,2026
1,2304,40,8,2010,318514,0,0,1,X,01,2026
1,2304,41,5,2010,6694821,0,0,1,0,01,2026
1,2304,41,5,2010,1311419,0,0,1,1,01,2026
1,2304,41,5,2010,236691,0,0,2,0,01,2026
1,2304,41,6,2010,5845,0,0,1,1,01,2026
1,2304,42,5,2010,899263,0,0,1,0,01,2026
1,2304,42,5,2010,14446,0,0,1,1,01,2026
1,2304,42,5,2010,2257783,0,0,2,0,01,2026
1,2304,42,5,2010,6961,0,0,2,1,01,2026
1,2304,42,8,2010,5253,0,0,1,X,01,2026
1,2304,43,5,2010,31280,0,0,2,0,01,2026
1,2304,44,5,2010,13154025,0,0,1,0,01,2026
1,2304,44,5,2010,3800,0,0,1,1,01,2026
1,2304,44,5,2010,1950791,0,0,2,0,01,2026
1,2304,44,6,2010,2214834,0,0,1,0,01,2026
1,2304,44,6,2010,149104,0,0,1,1,01,2026
1,2304,45,5,2010,256518,0,0,1,0,01,2026
1,2304,45,5,2010,9532,0,0,2,0,01,2026
1,2304,46,5,2010,4928,0,0,1,0,01,2026
1,2304,46,5,2010,41014,0,0,2,0,01,2026
1,2304,47,5,2010,11137780,0,0,1,0,01,2026
1,2304,47,5,2010,888902,0,0,2,0,01,2026
1,2304,47,6,2010,11559175,0,0,1,0,01,2026
1,2304,47,6,2010,1328673,0,0,1,1,01,2026
1,2304,47,6,2010,18497897,0,0,2,0,01,2026
1,2304,47,6,2010,770420,0,0,2,1,01,2026
1,2304,48,5,2010,102723943,0,0,1,0,01,2026
1,2304,48,5,2010,2111328,0,0,1,1,01,2026
1,2304,48,5,2010,5719662,0,0,2,0,01,2026
1,2304,48,6,2010,24190514,0,0,1,0,01,2026
1,2304,48,6,2010,5855415,0,0,1,1,01,2026
1,2304,48,6,2010,84749,0,0,2,0,01,2026
1,2304,48,8,2010,84099,0,0,1,X,01,2026
1,2304,49,5,2010,10468347,0,0,1,0,01,2026
1,2304,49,5,2010,121256,0,0,1,1,01,2026
1,2304,49,5,2010,868845,0,0,2,0,01,2026
1,2304,49,6,2010,165335,0,0,1,1,01,2026
1,2304,50,5,2010,33412,0,0,2,0,01,2026
1,2304,51,5,2010,29429,0,0,1,0,01,2026
1,2304,51,5,2010,87440,0,0,1,1,01,2026
1,2304,51,5,2010,4975,0,0,2,0,01,2026
1,2304,52,5,2010,9363582,0,0,1,0,01,2026
1,2304,52,5,2010,313072,0,0,1,1,01,2026
1,2304,52,5,2010,373837,0,0,2,0,01,2026
1,2304,52,6,2010,54859,0,0,1,1,01,2026
1,2304,53,5,2010,52350,0,0,1,0,01,2026
1,2304,53,5,2010,3506,0,0,2,1,01,2026
1,2304,54,5,2010,13939689,0,0,1,0,01,2026
1,2304,54,5,2010,1610631,0,0,1,1,01,2026
1,2304,54,5,2010,3384804,0,0,2,0,01,2026
1,2304,54,5,2010,7718,0,0,2,1,01,2026
1,2304,55,5,2010,10059501,0,0,1,0,01,2026
1,2304,55,5,2010,36049,0,0,1,1,01,2026
1,2304,55,5,2010,228854,0,0,2,0,01,2026
1,2304,56,5,2010,18674035,0,0,1,0,01,2026
1,2304,56,5,2010,1159372,0,0,1,1,01,2026
1,2304,56,5,2010,2183728,0,0,2,0,01,2026
1,2304,56,5,2010,10546,0,0,2,1,01,2026
1,2304,56,6,2010,89790,0,0,1,0,01,2026
1,2304,56,6,2010,28149,0,0,1,1,01,2026
1,2304,56,8,2010,78138,0,0,1,X,01,2026
1,2304,57,5,2010,6549821,0,0,1,0,01,2026
1,2304,57,5,2010,93762,0,0,1,1,01,2026
1,2304,57,5,2010,74729,0,0,2,0,01,2026
1,2304,58,5,2010,1980621,0,0,1,0,01,2026
1,2304,58,5,2010,143053,0,0,1,1,01,2026
1,2304,58,5,2010,499244,0,0,2,0,01,2026
1,2304,59,5,2010,18523008,0,0,1,0,01,2026
1,2304,59,5,2010,3172201,0,0,1,1,01,2026
1,2304,59,5,2010,2326475,0,0,2,0,01,2026
1,2304,59,5,2010,76802,0,0,2,1,01,2026
1,2304,59,8,2010,51454,0,0,1,X,01,2026
1,2304,60,5,2010,6613230,0,0,1,0,01,2026
1,2304,60,5,2010,214628,0,0,1,1,01,2026
1,2304,60,5,2010,976993,0,0,2,0,01,2026
1,2304,60,8,2010,3034,0,0,2,X,01,2026
1,2304,61,5,2010,2905172,0,0,1,0,01,2026
1,2304,61,5,2010,98982,0,0,1,1,01,2026
1,2304,61,5,2010,8671062,0,0,2,0,01,2026
1,2304,61,5,2010,47206,0,0,2,1,01,2026
1,2304,62,5,2010,789643,0,0,1,0,01,2026
1,2304,62,5,2010,32401,0,0,1,1,01,2026
1,2304,62,5,2010,7682945,0,0,2,0,01,2026
1,2304,62,5,2010,9889,0,0,2,1,01,2026
1,2304,63,5,2010,3831030,0,0,1,0,01,2026
1,2304,63,5,2010,138407,0,0,1,1,01,2026
1,2304,63,5,2010,7199778,0,0,2,0,01,2026
1,2304,63,5,2010,7706,0,0,2,1,01,2026
1,2304,64,5,2010,628844,0,0,1,0,01,2026
1,2304,64,5,2010,2369607,0,0,2,0,01,2026
1,2304,65,5,2010,2060208,0,0,1,0,01,2026
1,2304,65,5,2010,25752,0,0,1,1,01,2026
1,2304,65,5,2010,4287063,0,0,2,0,01,2026
1,2304,65,5,2010,6570,0,0,2,1,01,2026
1,2304,66,5,2010,2964,0,0,1,0,01,2026
1,2304,66,5,2010,15081,0,0,2,0,01,2026
1,2304,66,5,2010,2925,0,0,2,1,01,2026
1,2304,67,5,2010,3774,0,0,1,0,01,2026
1,2304,67,5,2010,77594,0,0,1,1,01,2026
1,2304,67,5,2010,151939,0,0,2,0,01,2026
1,2304,68,5,2010,13594395,0,0,1,0,01,2026
1,2304,68,5,2010,404831,0,0,1,1,01,2026
1,2304,68,5,2010,2364110,0,0,2,0,01,2026
1,2304,68,6,2010,185505,0,0,1,0,01,2026
1,2304,68,6,2010,158689,0,0,1,1,01,2026
1,2304,69,5,2010,7038884,0,0,1,0,01,2026
1,2304,69,5,2010,475431,0,0,1,1,01,2026
1,2304,69,5,2010,3095703,0,0,2,0,01,2026
1,2304,70,5,2010,30074016,0,0,1,0,01,2026
1,2304,70,5,2010,1393232,0,0,1,1,01,2026
1,2304,70,5,2010,3273617,0,0,2,0,01,2026
1,2304,70,5,2010,5957,0,0,2,1,01,2026
1,2304,70,6,2010,53411,0,0,1,0,01,2026
1,2304,70,6,2010,693234,0,0,1,1,01,2026
1,2304,70,8,2010,33002,0,0,1,X,01,2026
1,2304,71,5,2010,6929316,0,0,1,0,01,2026
1,2304,71,5,2010,69951,0,0,1,1,01,2026
1,2304,71,5,2010,557183,0,0,2,0,01,2026
1,2304,71,8,2010,90889,0,0,1,X,01,2026
1,2304,72,5,2010,137750077,0,0,1,0,01,2026
1,2304,72,5,2010,4246955,0,0,1,1,01,2026
1,2304,72,5,2010,4617759,0,0,2,0,01,2026
1,2304,72,5,2010,49807,0,0,2,1,01,2026
1,2304,72,6,2010,81726318,0,0,1,0,01,2026
1,2304,72,6,2010,5312856,0,0,1,1,01,2026
1,2304,72,8,2010,335442,0,0,1,X,01,2026
1,2304,73,3,2010,32414,1628,0,1,0,01,2026
1,2304,73,5,2010,193045592,0,0,1,0,01,2026
1,2304,73,5,2010,15188693,0,0,1,1,01,2026
1,2304,73,5,2010,46141561,0,0,2,0,01,2026
1,2304,73,5,2010,4686748,0,0,2,1,01,2026
1,2304,73,6,2010,1101851,0,0,1,0,01,2026
1,2304,73,6,2010,5526308,0,0,1,1,01,2026
1,2304,73,6,2010,15734,0,0,2,0,01,2026
1,2304,73,6,2010,213388,0,0,2,1,01,2026
1,2304,73,8,2010,238578,0,0,1,X,01,2026
1,2304,73,8,2010,13600,0,0,2,X,01,2026
1,2304,74,5,2010,159535275,0,0,1,0,01,2026
1,2304,74,5,2010,1334496,0,0,1,1,01,2026
1,2304,74,5,2010,80527635,0,0,2,0,01,2026
1,2304,74,5,2010,3400747,0,0,2,1,01,2026
1,2304,74,8,2010,2675409,0,0,1,X,01,2026
1,2304,74,8,2010,16000,0,0,2,X,01,2026
1,2304,75,3,2010,40777,20607,0,1,0,01,2026
1,2304,75,5,2010,15871389,0,0,1,0,01,2026
1,2304,75,5,2010,134268,0,0,1,1,01,2026
1,2304,75,5,2010,3390931,0,0,2,0,01,2026
1,2304,75,5,2010,21112,0,0,2,1,01,2026
1,2304,75,6,2010,93420,0,0,1,1,01,2026
1,2304,75,8,2010,29550,0,0,1,X,01,2026
1,2304,76,3,2010,5174,62,0,1,0,01,2026
1,2304,76,5,2010,173132341,0,0,1,0,01,2026
1,2304,76,5,2010,2940245,0,0,1,1,01,2026
1,2304,76,5,2010,9959019,0,0,2,0,01,2026
1,2304,76,5,2010,36234,0,0,2,1,01,2026
1,2304,76,6,2010,2790,0,0,1,1,01,2026
1,2304,76,8,2010,54330,0,0,1,X,01,2026
1,2304,78,5,2010,271870,0,0,1,0,01,2026
1,2304,79,5,2010,1549845,0,0,1,0,01,2026
1,2304,79,5,2010,4549,0,0,1,1,01,2026
1,2304,79,5,2010,199718,0,0,2,0,01,2026
1,2304,79,8,2010,78139,0,0,1,X,01,2026
1,2304,80,5,2010,1548482,0,0,1,0,01,2026
1,2304,80,5,2010,77197,0,0,2,0,01,2026
1,2304,81,5,2010,4806812,0,0,1,0,01,2026
1,2304,81,5,2010,67161,0,0,1,1,01,2026
1,2304,81,5,2010,459221,0,0,2,0,01,2026
1,2304,82,3,2010,7274,14,0,1,0,01,2026
1,2304,82,5,2010,24549523,0,0,1,0,01,2026
1,2304,82,5,2010,605931,0,0,1,1,01,2026
1,2304,82,5,2010,6563568,0,0,2,0,01,2026
1,2304,82,5,2010,82678,0,0,2,1,01,2026
1,2304,82,6,2010,5453,0,0,1,0,01,2026
1,2304,82,6,2010,40461,0,0,1,1,01,2026
1,2304,82,6,2010,17630,0,0,2,0,01,2026
1,2304,82,8,2010,7600,0,0,1,X,01,2026
1,2304,83,3,2010,11971,1117,0,1,0,01,2026
1,2304,83,5,2010,39231463,0,0,1,0,01,2026
1,2304,83,5,2010,4736210,0,0,1,1,01,2026
1,2304,83,5,2010,7897710,0,0,2,0,01,2026
1,2304,83,5,2010,17651,0,0,2,1,01,2026
1,2304,83,6,2010,9190,0,0,1,0,01,2026
1,2304,83,6,2010,1937628,0,0,1,1,01,2026
1,2304,83,6,2010,423484,0,0,2,1,01,2026
1,2304,83,8,2010,4265,0,0,1,X,01,2026
1,2304,84,3,2010,224517,4406,0,1,0,01,2026
1,2304,84,3,2010,82530,1771,0,2,0,01,2026
1,2304,84,5,2010,1012988376,0,0,1,0,01,2026
1,2304,84,5,2010,32095902,0,0,1,1,01,2026
1,2304,84,5,2010,974051961,0,0,2,0,01,2026
1,2304,84,5,2010,2200926,0,0,2,1,01,2026
1,2304,84,6,2010,10201988,0,0,1,0,01,2026
1,2304,84,6,2010,116645414,0,0,1,1,01,2026
1,2304,84,6,2010,121654,0,0,2,0,01,2026
1,2304,84,6,2010,2865360,0,0,2,1,01,2026
1,2304,84,8,2010,3960385,0,0,1,X,01,2026
1,2304,84,8,2010,401483,0,0,2,X,01,2026
1,2304,85,3,2010,328986,17025,0,1,0,01,2026
1,2304,85,3,2010,729412,25627,0,2,0,01,2026
1,2304,85,5,2010,615940921,0,0,1,0,01,2026
1,2304,85,5,2010,21638724,0,0,1,1,01,2026
1,2304,85,5,2010,705398487,0,0,2,0,01,2026
1,2304,85,5,2010,1923143,0,0,2,1,01,2026
1,2304,85,6,2010,2975209,0,0,1,0,01,2026
1,2304,85,6,2010,7991969,0,0,1,1,01,2026
1,2304,85,6,2010,54056,0,0,2,0,01,2026
1,2304,85,6,2010,5430447,0,0,2,1,01,2026
1,2304,85,8,2010,5984040,0,0,1,X,01,2026
1,2304,85,8,2010,557640,0,0,2,X,01,2026
1,2304,86,5,2010,16799319,0,0,1,0,01,2026
1,2304,86,5,2010,1046505,0,0,2,0,01,2026
1,2304,86,6,2010,1349819,0,0,1,0,01,2026
1,2304,86,8,2010,207000,0,0,1,X,01,2026
1,2304,87,3,2010,802452,16065,0,1,0,01,2026
1,2304,87,5,2010,714046917,0,0,1,0,01,2026
1,2304,87,5,2010,34884705,0,0,1,1,01,2026
1,2304,87,5,2010,128819993,0,0,2,0,01,2026
1,2304,87,5,2010,4271953,0,0,2,1,01,2026
1,2304,87,6,2010,96113570,0,0,1,0,01,2026
1,2304,87,6,2010,83774828,0,0,1,1,01,2026
1,2304,87,6,2010,257871,0,0,2,0,01,2026
1,2304,87,6,2010,3477310,0,0,2,1,01,2026
1,2304,87,8,2010,36330658,0,0,1,X,01,2026
1,2304,87,8,2010,251043,0,0,2,X,01,2026
1,2304,88,3,2010,21798760,19678,0,1,0,01,2026
1,2304,88,5,2010,99953371,0,0,1,0,01,2026
1,2304,88,5,2010,12007704,0,0,1,1,01,2026
1,2304,88,5,2010,6685762,0,0,2,0,01,2026
1,2304,88,5,2010,67392,0,0,2,1,01,2026
1,2304,88,6,2010,52489,0,0,1,1,01,2026
1,2304,88,8,2010,10828511,0,0,1,X,01,2026
1,2304,88,8,2010,43113,0,0,2,X,01,2026
1,2304,89,5,2010,712673,0,0,1,0,01,2026
1,2304,89,8,2010,9068,0,0,1,X,01,2026
1,2304,90,3,2010,58133,110,0,1,0,01,2026
1,2304,90,5,2010,120321189,0,0,1,0,01,2026
1,2304,90,5,2010,5168533,0,0,1,1,01,2026
1,2304,90,5,2010,108756474,0,0,2,0,01,2026
1,2304,90,5,2010,624420,0,0,2,1,01,2026
1,2304,90,6,2010,8852,0,0,1,0,01,2026
1,2304,90,6,2010,1980828,0,0,1,1,01,2026
1,2304,90,6,2010,4464,0,0,2,0,01,2026
1,2304,90,6,2010,74687,0,0,2,1,01,2026
1,2304,90,8,2010,78931,0,0,1,X,01,2026
1,2304,90,8,2010,592164,0,0,2,X,01,2026
1,2304,91,5,2010,1608715,0,0,1,0,01,2026
1,2304,91,5,2010,2671,0,0,1,1,01,2026
1,2304,91,5,2010,1657334,0,0,2,0,01,2026
1,2304,92,5,2010,463377,0,0,1,0,01,2026
1,2304,92,5,2010,1166408,0,0,2,0,01,2026
1,2304,92,6,2010,11236,0,0,1,0,01,2026
1,2304,93,5,2010,891648,0,0,1,1,01,2026
1,2304,93,5,2010,63677,0,0,2,0,01,2026
1,2304,94,5,2010,35895314,0,0,1,0,01,2026
1,2304,94,5,2010,9868022,0,0,1,1,01,2026
1,2304,94,5,2010,12271682,0,0,2,0,01,2026
1,2304,94,5,2010,133279,0,0,2,1,01,2026
1,2304,94,6,2010,382832,0,0,1,1,01,2026
1,2304,94,6,2010,9910,0,0,2,1,01,2026
1,2304,94,8,2010,32712,0,0,1,X,01,2026
1,2304,95,5,2010,12850907,0,0,1,0,01,2026
1,2304,95,5,2010,189307,0,0,1,1,01,2026
1,2304,95,5,2010,12721210,0,0,2,0,01,2026
1,2304,95,5,2010,1066932,0,0,2,1,01,2026
1,2304,95,6,2010,28536,0,0,1,0,01,2026
1,2304,95,6,2010,316448,0,0,1,1,01,2026
1,2304,95,8,2010,5109,0,0,1,X,01,2026
1,2304,96,5,2010,13860387,0,0,1,0,01,2026
1,2304,96,5,2010,600766,0,0,1,1,01,2026
1,2304,96,5,2010,6659065,0,0,2,0,01,2026
1,2304,96,5,2010,5582,0,0,2,1,01,2026
1,2304,97,5,2010,422156,0,0,1,0,01,2026
1,2304,97,5,2010,17342,0,0,2,0,01,2026
1,2304,98,5,2010,15963839,0,0,1,0,01,2026
1,2304,98,5,2010,309348,0,0,2,0,01,2026
1,2305,02,5,2010,74896381,0,0,1,0,01,2026
1,2305,02,5,2010,6804380,0,0,1,1,01,2026
1,2305,02,5,2010,81408,0,0,2,0,01,2026
1,2305,04,5,2010,259261,0,0,1,0,01,2026
1,2305,05,5,2010,836070,0,0,1,0,01,2026
1,2305,07,5,2010,2862794,0,0,1,0,01,2026
1,2305,07,5,2010,44064,0,0,1,1,01,2026
1,2305,07,5,2010,62032,0,0,2,0,01,2026
1,2305,08,5,2010,291293,0,0,1,0,01,2026
1,2305,08,5,2010,328277,0,0,2,0,01,2026
1,2305,08,5,2010,65371,0,0,2,1,01,2026
1,2305,08,8,2010,6718,0,0,1,X,01,2026
1,2305,09,5,2010,22133,0,0,2,0,01,2026
1,2305,10,5,2010,43098,0,0,1,0,01,2026
1,2305,12,5,2010,106470,0,0,1,0,01,2026
1,2305,12,5,2010,195070,0,0,2,0,01,2026
1,2305,13,5,2010,105235,0,0,1,0,01,2026
1,2305,15,5,2010,60253,0,0,1,0,01,2026
1,2305,16,5,2010,697750,0,0,1,0,01,2026
1,2305,17,5,2010,1301179,0,0,1,0,01,2026
1,2305,17,5,2010,412865,0,0,2,0,01,2026
1,2305,18,5,2010,113045,0,0,1,0,01,2026
1,2305,19,5,2010,454472,0,0,1,0,01,2026
1,2305,19,5,2010,12272,0,0,2,0,01,2026
1,2305,20,5,2010,2557747,0,0,1,0,01,2026
1,2305,20,5,2010,254835,0,0,2,0,01,2026
1,2305,21,5,2010,1238370,0,0,1,0,01,2026
1,2305,21,5,2010,74723,0,0,1,1,01,2026
1,2305,22,5,2010,224993,0,0,1,0,01,2026
1,2305,22,5,2010,315214,0,0,1,1,01,2026
1,2305,24,5,2010,561582,0,0,1,1,01,2026
1,2305,25,5,2010,328205,0,0,1,0,01,2026
1,2305,26,5,2010,19982,0,0,1,0,01,2026
1,2305,27,5,2010,99563325,0,0,1,0,01,2026
1,2305,27,5,2010,2533953,0,0,1,1,01,2026
1,2305,27,5,2010,22084,0,0,2,0,01,2026
1,2305,27,7,2010,253751009,0,0,1,X,01,2026
1,2305,28,5,2010,1085100,0,0,1,0,01,2026
1,2305,28,5,2010,154800,0,0,2,0,01,2026
1,2305,29,5,2010,2603204,0,0,1,0,01,2026
1,2305,29,5,2010,146573,0,0,2,0,01,2026
1,2305,30,5,2010,3387498,0,0,1,0,01,2026
1,2305,30,5,2010,323496,0,0,2,0,01,2026
1,2305,30,8,2010,16067,0,0,1,X,01,2026
1,2305,31,5,2010,98313,0,0,1,0,01,2026
1,2305,32,5,2010,5617606,0,0,1,0,01,2026
1,2305,32,5,2010,44156,0,0,1,1,01,2026
1,2305,32,5,2010,313159,0,0,2,0,01,2026
1,2305,33,5,2010,1509419,0,0,1,0,01,2026
1,2305,33,5,2010,117054,0,0,2,0,01,2026
1,2305,34,5,2010,1378117,0,0,1,0,01,2026
1,2305,34,5,2010,46567,0,0,1,1,01,2026
1,2305,34,5,2010,24501,0,0,2,0,01,2026
1,2305,35,5,2010,1865440,0,0,1,0,01,2026
1,2305,35,5,2010,59645,0,0,1,1,01,2026
1,2305,35,5,2010,448098,0,0,2,0,01,2026
1,2305,36,5,2010,32961,0,0,1,0,01,2026
1,2305,37,5,2010,26314,0,0,1,0,01,2026
1,2305,38,5,2010,5978031,0,0,1,0,01,2026
1,2305,38,5,2010,16019,0,0,1,1,01,2026
1,2305,38,5,2010,2337163,0,0,2,0,01,2026
1,2305,39,5,2010,72672521,0,0,1,0,01,2026
1,2305,39,5,2010,4184790,0,0,1,1,01,2026
1,2305,39,5,2010,26189622,0,0,2,0,01,2026
1,2305,39,5,2010,62559,0,0,2,1,01,2026
1,2305,40,5,2010,6082737,0,0,1,0,01,2026
1,2305,40,5,2010,82748,0,0,1,1,01,2026
1,2305,40,5,2010,4450868,0,0,2,0,01,2026
1,2305,40,5,2010,50909,0,0,2,1,01,2026
1,2305,40,8,2010,7000,0,0,1,X,01,2026
1,2305,40,8,2010,4749,0,0,2,X,01,2026
1,2305,41,5,2010,32169,0,0,1,0,01,2026
1,2305,41,5,2010,83235,0,0,2,0,01,2026
1,2305,42,5,2010,196322,0,0,1,0,01,2026
1,2305,42,5,2010,305809,0,0,2,0,01,2026
1,2305,44,5,2010,2617150,0,0,1,0,01,2026
1,2305,44,5,2010,1245185,0,0,2,0,01,2026
1,2305,45,5,2010,3684,0,0,1,0,01,2026
1,2305,46,5,2010,3279,0,0,2,0,01,2026
1,2305,47,5,2010,134663,0,0,1,0,01,2026
1,2305,48,5,2010,14412149,0,0,1,0,01,2026
1,2305,48,5,2010,673946,0,0,1,1,01,2026
1,2305,48,5,2010,959904,0,0,2,0,01,2026
1,2305,48,5,2010,5613,0,0,2,1,01,2026
1,2305,48,8,2010,8040,0,0,1,X,01,2026
1,2305,49,5,2010,5977590,0,0,1,0,01,2026
1,2305,49,5,2010,171012,0,0,2,0,01,2026
1,2305,51,5,2010,55730,0,0,2,0,01,2026
1,2305,52,5,2010,7472625,0,0,1,0,01,2026
1,2305,52,5,2010,405290,0,0,1,1,01,2026
1,2305,52,5,2010,13793,0,0,2,0,01,2026
1,2305,53,5,2010,81581,0,0,1,0,01,2026
1,2305,54,5,2010,2496599,0,0,1,0,01,2026
1,2305,54,5,2010,1112688,0,0,2,0,01,2026
1,2305,54,5,2010,37147,0,0,2,1,01,2026
1,2305,55,5,2010,707836,0,0,1,0,01,2026
1,2305,55,5,2010,74994,0,0,2,0,01,2026
1,2305,56,5,2010,1303238,0,0,1,0,01,2026
1,2305,56,5,2010,511877,0,0,2,0,01,2026
1,2305,57,5,2010,37426,0,0,2,0,01,2026
1,2305,58,5,2010,623714,0,0,1,0,01,2026
1,2305,58,5,2010,1608366,0,0,2,0,01,2026
1,2305,59,5,2010,2407511,0,0,1,0,01,2026
1,2305,59,5,2010,11672,0,0,1,1,01,2026
1,2305,59,5,2010,1643236,0,0,2,0,01,2026
1,2305,60,5,2010,708572,0,0,1,0,01,2026
1,2305,60,5,2010,2053393,0,0,2,0,01,2026
1,2305,61,5,2010,550713,0,0,1,0,01,2026
1,2305,61,5,2010,8724113,0,0,2,0,01,2026
1,2305,62,5,2010,135860,0,0,1,0,01,2026
1,2305,62,5,2010,3282637,0,0,2,0,01,2026
1,2305,63,5,2010,1143709,0,0,1,0,01,2026
1,2305,63,5,2010,3167854,0,0,2,0,01,2026
1,2305,63,5,2010,3737,0,0,2,1,01,2026
1,2305,64,5,2010,7542,0,0,1,0,01,2026
1,2305,64,5,2010,15000,0,0,2,0,01,2026
1,2305,65,5,2010,369451,0,0,1,0,01,2026
1,2305,65,5,2010,201627,0,0,2,0,01,2026
1,2305,66,5,2010,18522,0,0,2,0,01,2026
1,2305,68,5,2010,2216755,0,0,1,0,01,2026
1,2305,68,5,2010,3434,0,0,1,1,01,2026
1,2305,68,5,2010,406003,0,0,2,0,01,2026
1,2305,69,5,2010,209392,0,0,1,0,01,2026
1,2305,69,5,2010,10640,0,0,1,1,01,2026
1,2305,69,5,2010,494166,0,0,2,0,01,2026
1,2305,70,5,2010,1743016,0,0,1,0,01,2026
1,2305,70,5,2010,919924,0,0,2,0,01,2026
1,2305,71,5,2010,446562,0,0,1,0,01,2026
1,2305,71,5,2010,228079,0,0,2,0,01,2026
1,2305,72,5,2010,5653215,0,0,1,0,01,2026
1,2305,72,5,2010,13745,0,0,1,1,01,2026
1,2305,72,5,2010,501982,0,0,2,0,01,2026
1,2305,73,5,2010,22384195,0,0,1,0,01,2026
1,2305,73,5,2010,53553,0,0,1,1,01,2026
1,2305,73,5,2010,3989750,0,0,2,0,01,2026
1,2305,73,8,2010,34225,0,0,1,X,01,2026
1,2305,74,5,2010,3374332,0,0,1,0,01,2026
1,2305,74,5,2010,11906,0,0,1,1,01,2026
1,2305,74,5,2010,866113,0,0,2,0,01,2026
1,2305,75,5,2010,1148007,0,0,1,0,01,2026
1,2305,75,5,2010,1812183,0,0,2,0,01,2026
1,2305,76,5,2010,9722512,0,0,1,0,01,2026
1,2305,76,5,2010,972665,0,0,2,0,01,2026
1,2305,78,5,2010,133325,0,0,1,0,01,2026
1,2305,79,5,2010,341034,0,0,1,0,01,2026
1,2305,79,5,2010,32151,0,0,2,0,01,2026
1,2305,80,5,2010,130422,0,0,1,0,01,2026
1,2305,80,5,2010,362711,0,0,2,0,01,2026
1,2305,81,5,2010,1194025,0,0,1,0,01,2026
1,2305,82,5,2010,2613784,0,0,1,0,01,2026
1,2305,82,5,2010,163873,0,0,1,1,01,2026
1,2305,82,5,2010,398433,0,0,2,0,01,2026
1,2305,82,5,2010,13305,0,0,2,1,01,2026
1,2305,83,5,2010,4505651,0,0,1,0,01,2026
1,2305,83,5,2010,1570670,0,0,2,0,01,2026
1,2305,83,5,2010,3495,0,0,2,1,01,2026
1,2305,84,3,2010,42426,4659,0,1,0,01,2026
1,2305,84,3,2010,10915,6,0,1,1,01,2026
1,2305,84,3,2010,10260,50,0,2,0,01,2026
1,2305,84,5,2010,225745242,0,0,1,0,01,2026
1,2305,84,5,2010,8990936,0,0,1,1,01,2026
1,2305,84,5,2010,22212116,0,0,2,0,01,2026
1,2305,84,5,2010,1558867,0,0,2,1,01,2026
1,2305,84,8,2010,8555497,0,0,1,X,01,2026
1,2305,84,8,2010,438913,0,0,2,X,01,2026
1,2305,85,3,2010,82209,150,0,1,0,01,2026
1,2305,85,3,2010,4651,45,0,2,0,01,2026
1,2305,85,5,2010,125745032,0,0,1,0,01,2026
1,2305,85,5,2010,1119736,0,0,1,1,01,2026
1,2305,85,5,2010,127993827,0,0,2,0,01,2026
1,2305,85,5,2010,1341793,0,0,2,1,01,2026
1,2305,85,8,2010,120693,0,0,1,X,01,2026
1,2305,85,8,2010,1313890,0,0,2,X,01,2026
1,2305,86,5,2010,354345,0,0,1,0,01,2026
1,2305,86,5,2010,52827,0,0,1,1,01,2026
1,2305,86,5,2010,140091,0,0,2,1,01,2026
1,2305,87,5,2010,30040405,0,0,1,0,01,2026
1,2305,87,5,2010,4907756,0,0,2,0,01,2026
1,2305,87,8,2010,31843808,0,0,1,X,01,2026
1,2305,87,8,2010,331990,0,0,2,X,01,2026
1,2305,88,3,2010,265895,371,0,2,0,01,2026
1,2305,88,5,2010,2402752,0,0,1,0,01,2026
1,2305,88,5,2010,250004,0,0,2,0,01,2026
1,2305,89,5,2010,49099,0,0,1,0,01,2026
1,2305,89,5,2010,128814,0,0,2,0,01,2026
1,2305,90,3,2010,35190,123,0,1,0,01,2026
1,2305,90,5,2010,24654857,0,0,1,0,01,2026
1,2305,90,5,2010,136788,0,0,1,1,01,2026
1,2305,90,5,2010,16247888,0,0,2,0,01,2026
1,2305,90,5,2010,8109,0,0,2,1,01,2026
1,2305,91,5,2010,18544,0,0,1,0,01,2026
1,2305,92,5,2010,32573,0,0,1,0,01,2026
1,2305,94,5,2010,6335505,0,0,1,0,01,2026
1,2305,94,5,2010,1285976,0,0,2,0,01,2026
1,2305,94,5,2010,18000,0,0,2,1,01,2026
1,2305,95,5,2010,283784,0,0,1,0,01,2026
1,2305,95,5,2010,250576,0,0,2,0,01,2026
1,2305,96,5,2010,440587,0,0,1,0,01,2026
1,2305,96,5,2010,33987,0,0,1,1,01,2026
1,2305,96,5,2010,168452,0,0,2,0,01,2026
1,2305,96,5,2010,28171,0,0,2,1,01,2026
1,2305,97,5,2010,5926,0,0,2,0,01,2026
1,2305,98,5,2010,902179,0,0,1,0,01,2026
1,2307,17,5,2010,2797,0,0,2,0,01,2026
1,2307,19,5,2010,3389,0,0,2,0,01,2026
1,2307,21,5,2010,20004,0,0,2,0,01,2026
1,2307,25,5,2010,31933,0,0,1,0,01,2026
1,2307,27,5,2010,332449,0,0,1,0,01,2026
1,2307,29,5,2010,13448,0,0,2,0,01,2026
1,2307,38,5,2010,78108,0,0,1,0,01,2026
1,2307,39,5,2010,27526,0,0,1,0,01,2026
1,2307,39,5,2010,3114,0,0,2,0,01,2026
1,2307,44,5,2010,80132,0,0,1,0,01,2026
1,2307,47,5,2010,1303813,0,0,1,0,01,2026
1,2307,47,5,2010,312269,0,0,1,1,01,2026
1,2307,56,5,2010,12530,0,0,1,0,01,2026
1,2307,63,5,2010,152765,0,0,1,0,01,2026
1,2307,68,5,2010,3760,0,0,1,0,01,2026
1,2307,68,5,2010,11999,0,0,1,1,01,2026
1,2307,70,5,2010,21400,0,0,2,0,01,2026
1,2307,76,5,2010,5225,0,0,2,0,01,2026
1,2307,84,5,2010,3170,0,0,1,0,01,2026
1,2307,84,8,2010,17000,0,0,1,X,01,2026
1,2307,85,5,2010,62961,0,0,1,0,01,2026
1,2307,87,5,2010,8399,0,0,1,0,01,2026
1,2307,90,5,2010,3620,0,0,1,0,01,2026
1,2307,94,5,2010,27653,0,0,1,0,01,2026
1,2307,94,5,2010,17568,0,0,2,0,01,2026
1,2307,95,5,2010,35307,0,0,1,0,01,2026
1,2307,95,5,2010,4440,0,0,2,0,01,2026
1,2309,10,5,2010,12163611,0,0,1,0,01,2026
1,2309,11,5,2010,2887351,0,0,1,0,01,2026
1,2309,12,5,2010,1131484,0,0,1,0,01,2026
1,2309,15,5,2010,83245,0,0,1,0,01,2026
1,2309,23,5,2010,11760,0,0,1,0,01,2026
1,2309,27,5,2010,191008,0,0,1,1,01,2026
1,2309,39,5,2010,4860,0,0,1,0,01,2026
1,2310,09,5,2010,44205,0,0,1,0,01,2026
1,2310,23,5,2010,229011,0,0,1,0,01,2026
1,2310,30,5,2010,9244,0,0,1,0,01,2026
1,2310,33,8,2010,3090,0,0,1,X,01,2026
1,2310,34,5,2010,23750,0,0,1,0,01,2026
1,2310,38,5,2010,37127,0,0,1,0,01,2026
1,2310,39,5,2010,61203,0,0,1,0,01,2026
1,2310,39,5,2010,11558,0,0,1,1,01,2026
1,2310,40,5,2010,115003,0,0,1,0,01,2026
1,2310,40,5,2010,18673,0,0,2,0,01,2026
1,2310,42,8,2010,3800,0,0,1,X,01,2026
1,2310,44,5,2010,5423,0,0,1,1,01,2026
1,2310,44,8,2010,7495,0,0,2,X,01,2026
1,2310,47,5,2010,20610,0,0,1,1,01,2026
1,2310,48,5,2010,20236,0,0,1,0,01,2026
1,2310,48,5,2010,101878,0,0,1,1,01,2026
1,2310,49,8,2010,13000,0,0,2,X,01,2026
1,2310,54,5,2010,19078,0,0,1,0,01,2026
1,2310,55,5,2010,10684,0,0,1,0,01,2026
1,2310,57,5,2010,6900,0,0,2,0,01,2026
1,2310,61,8,2010,20375,0,0,1,X,01,2026
1,2310,64,8,2010,4500,0,0,1,X,01,2026
1,2310,68,5,2010,3316,0,0,2,0,01,2026
1,2310,69,5,2010,11528,0,0,1,0,01,2026
1,2310,70,5,2010,5145,0,0,1,0,01,2026
1,2310,72,5,2010,72089,0,0,1,0,01,2026
1,2310,73,5,2010,241608,0,0,1,0,01,2026
1,2310,73,5,2010,10335,0,0,1,1,01,2026
1,2310,73,5,2010,23819,0,0,2,0,01,2026
1,2310,74,5,2010,8232,0,0,1,0,01,2026
1,2310,82,5,2010,32899,0,0,1,0,01,2026
1,2310,82,5,2010,8315,0,0,2,0,01,2026
1,2310,82,8,2010,16400,0,0,2,X,01,2026
1,2310,83,5,2010,33202,0,0,1,0,01,2026
1,2310,84,5,2010,1656427,0,0,1,0,01,2026
1,2310,84,5,2010,73910,0,0,1,1,01,2026
1,2310,84,5,2010,166288,0,0,2,0,01,2026
1,2310,84,8,2010,15000,0,0,1,X,01,2026
1,2310,84,8,2010,31684,0,0,2,X,01,2026
1,2310,85,5,2010,7085350,0,0,1,0,01,2026
1,2310,85,5,2010,25014,0,0,2,0,01,2026
1,2310,85,8,2010,4450,0,0,2,X,01,2026
1,2310,87,5,2010,990436,0,0,1,0,01,2026
1,2310,87,5,2010,20971,0,0,1,1,01,2026
1,2310,87,5,2010,74675,0,0,2,0,01,2026
1,2310,88,5,2010,11550,0,0,1,0,01,2026
1,2310,88,5,2010,3840,0,0,1,1,01,2026
1,2310,89,5,2010,459047,0,0,1,0,01,2026
1,2310,89,5,2010,6000,0,0,1,1,01,2026
1,2310,90,5,2010,10517,0,0,1,0,01,2026
1,2310,90,5,2010,65068,0,0,2,0,01,2026
1,2310,91,8,2010,2910,0,0,1,X,01,2026
1,2310,91,8,2010,16527,0,0,2,X,01,2026
1,2310,92,8,2010,5670,0,0,2,X,01,2026
1,2310,93,5,2010,3551,0,0,2,0,01,2026
1,2310,94,5,2010,68873,0,0,1,0,01,2026
1,2310,94,5,2010,27452,0,0,2,0,01,2026
1,2310,94,8,2010,4199,0,0,1,X,01,2026
1,2310,94,8,2010,4366,0,0,2,X,01,2026
1,2310,95,5,2010,368685,0,0,1,0,01,2026
1,2310,95,5,2010,21815,0,0,2,0,01,2026
1,2310,95,8,2010,5448,0,0,1,X,01,2026
1,2310,96,8,2010,2995,0,0,2,X,01,2026
1,2310,97,5,2010,10900,0,0,1,0,01,2026
1,2401,01,5,2010,137214,0,0,1,0,01,2026
1,2401,02,5,2010,11162159,0,0,1,0,01,2026
1,2401,04,5,2010,31343511,0,0,1,0,01,2026
1,2401,05,5,2010,1657299,0,0,1,0,01,2026
1,2401,05,5,2010,18064,0,0,1,1,01,2026
1,2401,07,5,2010,1565696,0,0,1,0,01,2026
1,2401,07,5,2010,57151,0,0,2,0,01,2026
1,2401,08,5,2010,15198671,0,0,1,0,01,2026
1,2401,08,5,2010,782918,0,0,2,0,01,2026
1,2401,09,5,2010,26533,0,0,1,0,01,2026
1,2401,10,5,2010,286093,0,0,1,0,01,2026
1,2401,10,5,2010,144000,0,0,1,1,01,2026
1,2401,11,5,2010,1007701,0,0,1,0,01,2026
1,2401,11,5,2010,104999,0,0,2,0,01,2026
1,2401,13,5,2010,164144,0,0,1,0,01,2026
1,2401,13,5,2010,41171,0,0,2,0,01,2026
1,2401,15,5,2010,652641,0,0,1,0,01,2026
1,2401,15,5,2010,94970,0,0,2,0,01,2026
1,2401,16,5,2010,949256,0,0,1,0,01,2026
1,2401,17,5,2010,792103,0,0,1,0,01,2026
1,2401,17,5,2010,833008,0,0,2,0,01,2026
1,2401,18,5,2010,41152,0,0,1,0,01,2026
1,2401,18,5,2010,3396,0,0,1,1,01,2026
1,2401,19,5,2010,301950,0,0,1,0,01,2026
1,2401,19,5,2010,155272,0,0,1,1,01,2026
1,2401,19,5,2010,84687,0,0,2,0,01,2026
1,2401,20,5,2010,1471580,0,0,1,0,01,2026
1,2401,20,5,2010,6400,0,0,1,1,01,2026
1,2401,20,5,2010,52129,0,0,2,0,01,2026
1,2401,21,5,2010,3062498,0,0,1,0,01,2026
1,2401,21,5,2010,286440,0,0,1,1,01,2026
1,2401,21,5,2010,72300,0,0,2,0,01,2026
1,2401,21,5,2010,36300,0,0,2,1,01,2026
1,2401,22,5,2010,213709,0,0,1,0,01,2026
1,2401,22,5,2010,44372,0,0,1,1,01,2026
1,2401,23,5,2010,515132,0,0,1,0,01,2026
1,2401,23,5,2010,2600,0,0,1,1,01,2026
1,2401,24,5,2010,38600,0,0,1,0,01,2026
1,2401,25,5,2010,319120,0,0,1,0,01,2026
1,2401,25,5,2010,19028,0,0,1,1,01,2026
1,2401,25,5,2010,70034,0,0,2,0,01,2026
1,2401,27,5,2010,30470030,0,0,1,0,01,2026
1,2401,28,5,2010,1663017,0,0,1,0,01,2026
1,2401,28,5,2010,84966,0,0,1,1,01,2026
1,2401,28,5,2010,236068,0,0,2,0,01,2026
1,2401,29,5,2010,1192692,0,0,1,0,01,2026
1,2401,29,5,2010,23092,0,0,1,1,01,2026
1,2401,29,5,2010,613703,0,0,2,0,01,2026
1,2401,30,5,2010,14286907,0,0,1,0,01,2026
1,2401,30,5,2010,3785813,0,0,2,0,01,2026
1,2401,31,5,2010,137434,0,0,1,0,01,2026
1,2401,32,5,2010,5668078,0,0,1,0,01,2026
1,2401,32,5,2010,333111,0,0,1,1,01,2026
1,2401,32,5,2010,409431,0,0,2,0,01,2026
1,2401,33,5,2010,961342,0,0,1,0,01,2026
1,2401,33,5,2010,6985185,0,0,1,1,01,2026
1,2401,33,5,2010,32703,0,0,2,0,01,2026
1,2401,34,5,2010,2614851,0,0,1,0,01,2026
1,2401,34,5,2010,115301,0,0,2,0,01,2026
1,2401,35,5,2010,3322836,0,0,1,0,01,2026
1,2401,35,5,2010,81013,0,0,1,1,01,2026
1,2401,35,5,2010,500810,0,0,2,0,01,2026
1,2401,35,5,2010,2965,0,0,2,1,01,2026
1,2401,36,5,2010,4697,0,0,1,0,01,2026
1,2401,37,5,2010,1765089,0,0,1,0,01,2026
1,2401,38,5,2010,11739916,0,0,1,0,01,2026
1,2401,38,5,2010,57168,0,0,1,1,01,2026
1,2401,38,5,2010,1402419,0,0,2,0,01,2026
1,2401,39,5,2010,160616177,0,0,1,0,01,2026
1,2401,39,5,2010,2536209,0,0,1,1,01,2026
1,2401,39,5,2010,29151505,0,0,2,0,01,2026
1,2401,39,5,2010,49029,0,0,2,1,01,2026
1,2401,40,5,2010,9654490,0,0,1,0,01,2026
1,2401,40,5,2010,1209791,0,0,1,1,01,2026
1,2401,40,5,2010,2826972,0,0,2,0,01,2026
1,2401,40,5,2010,262071,0,0,2,1,01,2026
1,2401,41,5,2010,1015269,0,0,1,0,01,2026
1,2401,41,5,2010,1211246,0,0,2,0,01,2026
1,2401,42,5,2010,92034,0,0,1,0,01,2026
1,2401,42,5,2010,156663,0,0,1,1,01,2026
1,2401,42,5,2010,407479,0,0,2,0,01,2026
1,2401,44,5,2010,6220569,0,0,1,0,01,2026
1,2401,44,5,2010,4966,0,0,1,1,01,2026
1,2401,44,5,2010,1361335,0,0,2,0,01,2026
1,2401,45,5,2010,3954,0,0,1,1,01,2026
1,2401,46,5,2010,3598,0,0,2,0,01,2026
1,2401,47,5,2010,1034745,0,0,1,0,01,2026
1,2401,48,5,2010,30262435,0,0,1,0,01,2026
1,2401,48,5,2010,169437,0,0,1,1,01,2026
1,2401,48,5,2010,1931409,0,0,2,0,01,2026
1,2401,48,5,2010,2820,0,0,2,1,01,2026
1,2401,49,5,2010,3408408,0,0,1,0,01,2026
1,2401,49,5,2010,101558,0,0,1,1,01,2026
1,2401,49,5,2010,381050,0,0,2,0,01,2026
1,2401,51,5,2010,28597,0,0,1,0,01,2026
1,2401,52,5,2010,107061,0,0,1,0,01,2026
1,2401,52,5,2010,17701,0,0,2,0,01,2026
1,2401,54,5,2010,11186416,0,0,1,0,01,2026
1,2401,54,5,2010,2378861,0,0,2,0,01,2026
1,2401,55,5,2010,169807,0,0,1,0,01,2026
1,2401,55,5,2010,153712,0,0,2,0,01,2026
1,2401,56,5,2010,11145633,0,0,1,0,01,2026
1,2401,56,5,2010,95357,0,0,1,1,01,2026
1,2401,56,5,2010,2839172,0,0,2,0,01,2026
1,2401,57,5,2010,4800,0,0,1,1,01,2026
1,2401,58,5,2010,1546760,0,0,1,0,01,2026
1,2401,58,5,2010,88550,0,0,1,1,01,2026
1,2401,58,5,2010,1856407,0,0,2,0,01,2026
1,2401,59,5,2010,8185509,0,0,1,0,01,2026
1,2401,59,5,2010,90983,0,0,1,1,01,2026
1,2401,59,5,2010,4899998,0,0,2,0,01,2026
1,2401,60,5,2010,1119747,0,0,1,0,01,2026
1,2401,60,5,2010,371562,0,0,1,1,01,2026
1,2401,60,5,2010,222246,0,0,2,0,01,2026
1,2401,61,5,2010,280883,0,0,1,0,01,2026
1,2401,61,5,2010,42709,0,0,1,1,01,2026
1,2401,61,5,2010,2778356,0,0,2,0,01,2026
1,2401,62,5,2010,64092,0,0,1,0,01,2026
1,2401,62,5,2010,4749661,0,0,1,1,01,2026
1,2401,62,5,2010,4864443,0,0,2,0,01,2026
1,2401,63,5,2010,8580648,0,0,1,0,01,2026
1,2401,63,5,2010,551313,0,0,1,1,01,2026
1,2401,63,5,2010,9970055,0,0,2,0,01,2026
1,2401,63,5,2010,358156,0,0,2,1,01,2026
1,2401,64,5,2010,108404,0,0,1,0,01,2026
1,2401,64,5,2010,1487833,0,0,1,1,01,2026
1,2401,64,5,2010,4128,0,0,2,0,01,2026
1,2401,64,5,2010,166000,0,0,2,1,01,2026
1,2401,65,5,2010,5698,0,0,1,0,01,2026
1,2401,65,5,2010,172936,0,0,1,1,01,2026
1,2401,65,5,2010,401760,0,0,2,0,01,2026
1,2401,67,5,2010,10005,0,0,1,1,01,2026
1,2401,68,5,2010,3270233,0,0,1,0,01,2026
1,2401,68,5,2010,4752,0,0,1,1,01,2026
1,2401,68,5,2010,363014,0,0,2,0,01,2026
1,2401,69,5,2010,1986210,0,0,1,0,01,2026
1,2401,69,5,2010,161513,0,0,2,0,01,2026
1,2401,70,5,2010,3094192,0,0,1,0,01,2026
1,2401,70,5,2010,82079,0,0,1,1,01,2026
1,2401,70,5,2010,1093840,0,0,2,0,01,2026
1,2401,71,5,2010,1036799,0,0,1,0,01,2026
1,2401,71,5,2010,139565,0,0,1,1,01,2026
1,2401,71,5,2010,7784,0,0,2,0,01,2026
1,2401,71,5,2010,2554,0,0,2,1,01,2026
1,2401,72,5,2010,10734527,0,0,1,0,01,2026
1,2401,72,5,2010,477783,0,0,1,1,01,2026
1,2401,72,5,2010,1107084,0,0,2,0,01,2026
1,2401,72,5,2010,12851,0,0,2,1,01,2026
1,2401,73,5,2010,31769544,0,0,1,0,01,2026
1,2401,73,5,2010,1736170,0,0,1,1,01,2026
1,2401,73,5,2010,15275293,0,0,2,0,01,2026
1,2401,73,5,2010,403564,0,0,2,1,01,2026
1,2401,74,5,2010,41846144,0,0,1,0,01,2026
1,2401,74,5,2010,155992,0,0,1,1,01,2026
1,2401,74,5,2010,2129945,0,0,2,0,01,2026
1,2401,74,5,2010,268072,0,0,2,1,01,2026
1,2401,75,5,2010,2596458,0,0,1,0,01,2026
1,2401,75,5,2010,85836,0,0,1,1,01,2026
1,2401,75,5,2010,14348,0,0,2,0,01,2026
1,2401,76,5,2010,27906866,0,0,1,0,01,2026
1,2401,76,5,2010,514784,0,0,1,1,01,2026
1,2401,76,5,2010,10334632,0,0,2,0,01,2026
1,2401,76,5,2010,57084,0,0,2,1,01,2026
1,2401,78,5,2010,14065,0,0,1,0,01,2026
1,2401,79,5,2010,1735224,0,0,1,0,01,2026
1,2401,79,5,2010,124040,0,0,2,0,01,2026
1,2401,80,5,2010,2871231,0,0,1,0,01,2026
1,2401,80,5,2010,135944,0,0,2,1,01,2026
1,2401,81,5,2010,1694225,0,0,1,0,01,2026
1,2401,81,5,2010,60224,0,0,1,1,01,2026
1,2401,81,5,2010,430855,0,0,2,0,01,2026
1,2401,82,5,2010,3790830,0,0,1,0,01,2026
1,2401,82,5,2010,407868,0,0,1,1,01,2026
1,2401,82,5,2010,2398627,0,0,2,0,01,2026
1,2401,82,5,2010,3572,0,0,2,1,01,2026
1,2401,82,8,2010,2760,0,0,1,X,01,2026
1,2401,83,5,2010,8819406,0,0,1,0,01,2026
1,2401,83,5,2010,15715,0,0,1,1,01,2026
1,2401,83,5,2010,2185017,0,0,2,0,01,2026
1,2401,83,5,2010,26984,0,0,2,1,01,2026
1,2401,84,5,2010,205129954,0,0,1,0,01,2026
1,2401,84,5,2010,3410152,0,0,1,1,01,2026
1,2401,84,5,2010,1604742144,0,0,2,0,01,2026
1,2401,84,5,2010,122467,0,0,2,1,01,2026
1,2401,84,8,2010,28783,0,0,1,X,01,2026
1,2401,85,5,2010,219506493,0,0,1,0,01,2026
1,2401,85,5,2010,21224154,0,0,1,1,01,2026
1,2401,85,5,2010,985881381,0,0,2,0,01,2026
1,2401,85,5,2010,2823096,0,0,2,1,01,2026
1,2401,86,5,2010,63933,0,0,1,0,01,2026
1,2401,87,5,2010,27781368,0,0,1,0,01,2026
1,2401,87,5,2010,182381,0,0,1,1,01,2026
1,2401,87,5,2010,9287903,0,0,2,0,01,2026
1,2401,87,8,2010,44334,0,0,1,X,01,2026
1,2401,87,8,2010,2728,0,0,2,X,01,2026
1,2401,88,5,2010,10195619,0,0,1,0,01,2026
1,2401,88,5,2010,3994,0,0,1,1,01,2026
1,2401,88,5,2010,931084,0,0,2,0,01,2026
1,2401,89,5,2010,78486,0,0,1,0,01,2026
1,2401,89,5,2010,67706,0,0,2,0,01,2026
1,2401,90,5,2010,70699776,0,0,1,0,01,2026
1,2401,90,5,2010,2550103,0,0,1,1,01,2026
1,2401,90,5,2010,65083156,0,0,2,0,01,2026
1,2401,90,5,2010,901307,0,0,2,1,01,2026
1,2401,90,8,2010,5166,0,0,2,X,01,2026
1,2401,91,5,2010,33470,0,0,1,1,01,2026
1,2401,91,5,2010,18716,0,0,2,0,01,2026
1,2401,92,5,2010,28926,0,0,2,0,01,2026
1,2401,94,5,2010,7454320,0,0,1,0,01,2026
1,2401,94,5,2010,160671,0,0,1,1,01,2026
1,2401,94,5,2010,3377173,0,0,2,0,01,2026
1,2401,94,5,2010,9801,0,0,2,1,01,2026
1,2401,94,8,2010,6555,0,0,1,X,01,2026
1,2401,95,5,2010,2841582,0,0,1,0,01,2026
1,2401,95,5,2010,2197342,0,0,1,1,01,2026
1,2401,95,5,2010,69274,0,0,2,0,01,2026
1,2401,95,5,2010,63941,0,0,2,1,01,2026
1,2401,96,5,2010,2023987,0,0,1,0,01,2026
1,2401,96,5,2010,147723,0,0,1,1,01,2026
1,2401,96,5,2010,140227,0,0,2,0,01,2026
1,2401,96,5,2010,5522,0,0,2,1,01,2026
1,2401,97,5,2010,117000,0,0,1,0,01,2026
1,2401,98,5,2010,18080,0,0,1,0,01,2026
1,2401,98,5,2010,278237,0,0,1,1,01,2026
1,2402,02,5,2010,14877002,0,0,1,0,01,2026
1,2402,02,5,2010,2121399,0,0,1,1,01,2026
1,2402,02,8,2010,71039,0,0,1,X,01,2026
1,2402,03,8,2010,6743,0,0,2,X,01,2026
1,2402,04,5,2010,29479050,0,0,1,0,01,2026
1,2402,04,5,2010,4546004,0,0,1,1,01,2026
1,2402,04,5,2010,246015,0,0,2,0,01,2026
1,2402,04,6,2010,3507790,0,0,1,0,01,2026
1,2402,04,8,2010,28524,0,0,1,X,01,2026
1,2402,05,5,2010,3038836,0,0,1,0,01,2026
1,2402,05,5,2010,61630,0,0,1,1,01,2026
1,2402,07,5,2010,1625180,0,0,1,0,01,2026
1,2402,07,5,2010,7183,0,0,1,1,01,2026
1,2402,07,5,2010,11365,0,0,2,0,01,2026
1,2402,07,6,2010,108892,0,0,1,0,01,2026
1,2402,07,8,2010,7515,0,0,1,X,01,2026
1,2402,07,8,2010,2662,0,0,2,X,01,2026
1,2402,08,5,2010,6287878,0,0,1,0,01,2026
1,2402,08,6,2010,58486,0,0,1,1,01,2026
1,2402,09,5,2010,73122,0,0,1,0,01,2026
1,2402,09,8,2010,7724,0,0,2,X,01,2026
1,2402,10,5,2010,47964,0,0,1,0,01,2026
1,2402,10,5,2010,13400,0,0,1,1,01,2026
1,2402,10,6,2010,68796817,0,0,1,0,01,2026
1,2402,11,5,2010,96532,0,0,1,0,01,2026
1,2402,11,5,2010,21117,0,0,1,1,01,2026
1,2402,11,6,2010,1399588,0,0,1,0,01,2026
1,2402,12,5,2010,89504,0,0,1,0,01,2026
1,2402,12,6,2010,14582506,0,0,1,0,01,2026
1,2402,12,8,2010,10656,0,0,1,X,01,2026
1,2402,15,5,2010,567686,0,0,1,0,01,2026
1,2402,15,5,2010,186528,0,0,1,1,01,2026
1,2402,15,6,2010,5268964,0,0,1,0,01,2026
1,2402,15,6,2010,468230,0,0,2,0,01,2026
1,2402,15,8,2010,51309,0,0,1,X,01,2026
1,2402,16,5,2010,554338,0,0,1,0,01,2026
1,2402,16,8,2010,52151,0,0,1,X,01,2026
1,2402,17,5,2010,2753876,0,0,1,0,01,2026
1,2402,17,5,2010,65589,0,0,2,0,01,2026
1,2402,17,8,2010,13066,0,0,1,X,01,2026
1,2402,18,5,2010,223647,0,0,1,0,01,2026
1,2402,18,5,2010,51200,0,0,2,0,01,2026
1,2402,18,8,2010,33048,0,0,1,X,01,2026
1,2402,19,5,2010,5388588,0,0,1,0,01,2026
1,2402,19,5,2010,7444,0,0,1,1,01,2026
1,2402,19,5,2010,3134,0,0,2,0,01,2026
1,2402,19,8,2010,46307,0,0,1,X,01,2026
1,2402,20,5,2010,1331761,0,0,1,0,01,2026
1,2402,20,5,2010,847835,0,0,2,0,01,2026
1,2402,20,6,2010,2546177,0,0,1,0,01,2026
1,2402,20,8,2010,56033,0,0,1,X,01,2026
1,2402,21,5,2010,1840107,0,0,1,0,01,2026
1,2402,21,5,2010,218046,0,0,1,1,01,2026
1,2402,21,5,2010,150478,0,0,2,0,01,2026
1,2402,21,8,2010,83145,0,0,1,X,01,2026
1,2402,22,5,2010,353431,0,0,1,0,01,2026
1,2402,22,8,2010,14364,0,0,1,X,01,2026
1,2402,23,5,2010,317555,0,0,1,0,01,2026
1,2402,23,5,2010,945323,0,0,1,1,01,2026
1,2402,23,6,2010,23898879,0,0,1,0,01,2026
1,2402,24,8,2010,109999,0,0,1,X,01,2026
1,2402,25,5,2010,39912,0,0,1,0,01,2026
1,2402,25,6,2010,81685,0,0,1,0,01,2026
1,2402,27,5,2010,28021601,0,0,1,0,01,2026
1,2402,27,5,2010,16685,0,0,1,1,01,2026
1,2402,27,5,2010,4545,0,0,2,0,01,2026
1,2402,27,6,2010,1665557,0,0,1,0,01,2026
1,2402,27,7,2010,183444355,0,0,1,X,01,2026
1,2402,28,5,2010,312173,0,0,1,0,01,2026
1,2402,28,5,2010,7500,0,0,1,1,01,2026
1,2402,28,5,2010,25578,0,0,2,0,01,2026
1,2402,28,6,2010,7598887,0,0,1,0,01,2026
1,2402,28,6,2010,1385115,0,0,1,1,01,2026
1,2402,28,8,2010,7699,0,0,1,X,01,2026
1,2402,29,5,2010,199418,0,0,1,0,01,2026
1,2402,29,5,2010,122703,0,0,1,1,01,2026
1,2402,30,5,2010,278250,0,0,1,0,01,2026
1,2402,31,5,2010,14127,0,0,1,0,01,2026
1,2402,31,6,2010,8312690,0,0,1,0,01,2026
1,2402,31,6,2010,136414,0,0,1,1,01,2026
1,2402,32,5,2010,1540508,0,0,1,0,01,2026
1,2402,32,5,2010,64068,0,0,1,1,01,2026
1,2402,32,5,2010,34037,0,0,2,0,01,2026
1,2402,32,6,2010,31704,0,0,1,0,01,2026
1,2402,32,6,2010,156319,0,0,2,0,01,2026
1,2402,32,8,2010,28340,0,0,1,X,01,2026
1,2402,33,5,2010,121973,0,0,1,0,01,2026
1,2402,34,5,2010,840777,0,0,1,0,01,2026
1,2402,34,5,2010,90411,0,0,2,0,01,2026
1,2402,35,5,2010,1096758,0,0,1,0,01,2026
1,2402,35,5,2010,224526,0,0,1,1,01,2026
1,2402,35,5,2010,96171,0,0,2,0,01,2026
1,2402,35,6,2010,37946,0,0,1,0,01,2026
1,2402,36,5,2010,48731,0,0,1,0,01,2026
1,2402,37,5,2010,52651,0,0,2,0,01,2026
1,2402,38,5,2010,841541,0,0,1,0,01,2026
1,2402,38,5,2010,12939,0,0,1,1,01,2026
1,2402,38,5,2010,36154,0,0,2,0,01,2026
1,2402,38,6,2010,78522,0,0,1,0,01,2026
1,2402,38,6,2010,18282,0,0,1,1,01,2026
1,2402,39,3,2010,7871,4,0,1,0,01,2026
1,2402,39,5,2010,37230778,0,0,1,0,01,2026
1,2402,39,5,2010,2244775,0,0,1,1,01,2026
1,2402,39,5,2010,5510676,0,0,2,0,01,2026
1,2402,39,5,2010,9391,0,0,2,1,01,2026
1,2402,39,6,2010,518548,0,0,1,0,01,2026
1,2402,39,6,2010,112438,0,0,1,1,01,2026
1,2402,39,6,2010,21139,0,0,2,0,01,2026
1,2402,39,8,2010,22604,0,0,1,X,01,2026
1,2402,39,8,2010,35077,0,0,2,X,01,2026
1,2402,40,5,2010,2963599,0,0,1,0,01,2026
1,2402,40,5,2010,150498,0,0,1,1,01,2026
1,2402,40,5,2010,463096,0,0,2,0,01,2026
1,2402,40,6,2010,112343,0,0,1,0,01,2026
1,2402,40,6,2010,28322,0,0,2,0,01,2026
1,2402,40,8,2010,5102,0,0,1,X,01,2026
1,2402,41,5,2010,76171,0,0,2,0,01,2026
1,2402,42,5,2010,44013,0,0,1,0,01,2026
1,2402,42,5,2010,180464,0,0,2,0,01,2026
1,2402,44,5,2010,506456,0,0,1,0,01,2026
1,2402,44,6,2010,158033,0,0,1,0,01,2026
1,2402,44,6,2010,286955,0,0,1,1,01,2026
1,2402,44,6,2010,52817,0,0,2,0,01,2026
1,2402,44,6,2010,37693,0,0,2,1,01,2026
1,2402,47,5,2010,1775450,0,0,1,0,01,2026
1,2402,47,6,2010,1733978,0,0,1,0,01,2026
1,2402,47,6,2010,104612,0,0,2,0,01,2026
1,2402,48,5,2010,9887562,0,0,1,0,01,2026
1,2402,48,5,2010,161559,0,0,1,1,01,2026
1,2402,48,5,2010,83218,0,0,2,0,01,2026
1,2402,48,6,2010,34465,0,0,1,0,01,2026
1,2402,48,8,2010,16537,0,0,1,X,01,2026
1,2402,49,5,2010,266517,0,0,1,0,01,2026
1,2402,49,5,2010,4600,0,0,2,0,01,2026
1,2402,52,5,2010,151407,0,0,1,0,01,2026
1,2402,54,5,2010,262174,0,0,1,0,01,2026
1,2402,54,5,2010,340289,0,0,2,0,01,2026
1,2402,55,5,2010,53607,0,0,1,0,01,2026
1,2402,55,5,2010,3122,0,0,2,0,01,2026
1,2402,56,5,2010,797040,0,0,1,0,01,2026
1,2402,56,5,2010,172931,0,0,2,0,01,2026
1,2402,57,5,2010,3119,0,0,2,0,01,2026
1,2402,58,5,2010,511217,0,0,1,0,01,2026
1,2402,58,5,2010,29208,0,0,2,0,01,2026
1,2402,59,5,2010,1115142,0,0,1,0,01,2026
1,2402,59,5,2010,7133,0,0,1,1,01,2026
1,2402,59,5,2010,209446,0,0,2,0,01,2026
1,2402,59,5,2010,12889,0,0,2,1,01,2026
1,2402,60,5,2010,50568,0,0,1,0,01,2026
1,2402,61,5,2010,32082,0,0,1,0,01,2026
1,2402,61,5,2010,127458,0,0,2,0,01,2026
1,2402,62,5,2010,201042,0,0,1,0,01,2026
1,2402,62,5,2010,159566,0,0,2,0,01,2026
1,2402,63,5,2010,194912,0,0,1,0,01,2026
1,2402,63,5,2010,24937,0,0,1,1,01,2026
1,2402,63,5,2010,58365,0,0,2,0,01,2026
1,2402,64,5,2010,69453,0,0,1,0,01,2026
1,2402,64,5,2010,35454,0,0,2,0,01,2026
1,2402,65,5,2010,15792,0,0,1,0,01,2026
1,2402,65,5,2010,88553,0,0,2,0,01,2026
1,2402,66,5,2010,4558,0,0,2,0,01,2026
1,2402,68,5,2010,502974,0,0,1,0,01,2026
1,2402,68,5,2010,30872,0,0,1,1,01,2026
1,2402,68,5,2010,2600,0,0,2,0,01,2026
1,2402,69,5,2010,39221,0,0,1,0,01,2026
1,2402,69,5,2010,3620,0,0,2,0,01,2026
1,2402,70,5,2010,367185,0,0,1,0,01,2026
1,2402,70,5,2010,21171,0,0,1,1,01,2026
1,2402,70,5,2010,52436,0,0,2,0,01,2026
1,2402,70,8,2010,19633,0,0,1,X,01,2026
1,2402,71,5,2010,365321,0,0,1,0,01,2026
1,2402,71,5,2010,77868,0,0,2,0,01,2026
1,2402,72,5,2010,7448548,0,0,1,0,01,2026
1,2402,72,5,2010,1939676,0,0,1,1,01,2026
1,2402,72,5,2010,879673,0,0,2,0,01,2026
1,2402,72,6,2010,3370197,0,0,1,0,01,2026
1,2402,72,6,2010,1095615,0,0,1,1,01,2026
1,2402,73,3,2010,47344,72,0,1,0,01,2026
1,2402,73,3,2010,17223,34,0,2,0,01,2026
1,2402,73,5,2010,8224404,0,0,1,0,01,2026
1,2402,73,5,2010,486265,0,0,1,1,01,2026
1,2402,73,5,2010,2494474,0,0,2,0,01,2026
1,2402,73,5,2010,3855,0,0,2,1,01,2026
1,2402,73,6,2010,1698700,0,0,1,0,01,2026
1,2402,73,6,2010,332195,0,0,2,0,01,2026
1,2402,73,8,2010,7532,0,0,1,X,01,2026
1,2402,74,5,2010,5508039,0,0,1,0,01,2026
1,2402,74,5,2010,1061529,0,0,1,1,01,2026
1,2402,74,5,2010,686598,0,0,2,0,01,2026
1,2402,75,5,2010,35822,0,0,1,0,01,2026
1,2402,76,3,2010,21951,61,0,1,0,01,2026
1,2402,76,5,2010,5801475,0,0,1,0,01,2026
1,2402,76,5,2010,730677,0,0,2,0,01,2026
1,2402,76,5,2010,3484,0,0,2,1,01,2026
1,2402,78,5,2010,13434,0,0,1,0,01,2026
1,2402,79,5,2010,19876,0,0,1,0,01,2026
1,2402,79,5,2010,25896,0,0,2,0,01,2026
1,2402,80,5,2010,716370,0,0,1,0,01,2026
1,2402,81,3,2010,3738,24,0,1,0,01,2026
1,2402,81,5,2010,98078,0,0,1,0,01,2026
1,2402,81,5,2010,108528,0,0,2,0,01,2026
1,2402,82,5,2010,505093,0,0,1,0,01,2026
1,2402,82,5,2010,29162,0,0,1,1,01,2026
1,2402,82,5,2010,247957,0,0,2,0,01,2026
1,2402,82,8,2010,39210,0,0,1,X,01,2026
1,2402,82,8,2010,19500,0,0,2,X,01,2026
1,2402,83,3,2010,10820,151,0,1,0,01,2026
1,2402,83,5,2010,4560821,0,0,1,0,01,2026
1,2402,83,5,2010,61943,0,0,1,1,01,2026
1,2402,83,5,2010,452864,0,0,2,0,01,2026
1,2402,83,6,2010,48623,0,0,1,0,01,2026
1,2402,83,6,2010,6919,0,0,2,0,01,2026
1,2402,83,8,2010,34150,0,0,2,X,01,2026
1,2402,84,3,2010,1095610,2446,0,1,0,01,2026
1,2402,84,5,2010,19934077,0,0,1,0,01,2026
1,2402,84,5,2010,246451,0,0,1,1,01,2026
1,2402,84,5,2010,872678116,0,0,2,0,01,2026
1,2402,84,5,2010,711177,0,0,2,1,01,2026
1,2402,84,6,2010,3523942,0,0,1,0,01,2026
1,2402,84,6,2010,5557573,0,0,2,0,01,2026
1,2402,84,8,2010,129245,0,0,1,X,01,2026
1,2402,84,8,2010,12441,0,0,2,X,01,2026
1,2402,85,3,2010,243413,674,0,1,0,01,2026
1,2402,85,3,2010,802091,587,0,2,0,01,2026
1,2402,85,5,2010,69681498,0,0,1,0,01,2026
1,2402,85,5,2010,309546,0,0,1,1,01,2026
1,2402,85,5,2010,379470758,0,0,2,0,01,2026
1,2402,85,5,2010,82740,0,0,2,1,01,2026
1,2402,85,6,2010,286415,0,0,1,0,01,2026
1,2402,85,6,2010,393272,0,0,2,0,01,2026
1,2402,85,8,2010,27385,0,0,1,X,01,2026
1,2402,85,8,2010,108500,0,0,2,X,01,2026
1,2402,86,6,2010,53233,0,0,1,0,01,2026
1,2402,87,5,2010,17369484,0,0,1,0,01,2026
1,2402,87,5,2010,63268,0,0,1,1,01,2026
1,2402,87,5,2010,7819643,0,0,2,0,01,2026
1,2402,87,5,2010,1212822,0,0,2,1,01,2026
1,2402,87,6,2010,3516536,0,0,1,0,01,2026
1,2402,87,6,2010,83193,0,0,1,1,01,2026
1,2402,87,6,2010,2100570,0,0,2,0,01,2026
1,2402,87,8,2010,625689,0,0,1,X,01,2026
1,2402,87,8,2010,43288,0,0,2,X,01,2026
1,2402,88,5,2010,12607577,0,0,1,0,01,2026
1,2402,88,5,2010,991784,0,0,2,0,01,2026
1,2402,88,6,2010,55791,0,0,2,0,01,2026
1,2402,89,5,2010,27250,0,0,1,0,01,2026
1,2402,89,5,2010,4855,0,0,2,1,01,2026
1,2402,90,5,2010,4911997,0,0,1,0,01,2026
1,2402,90,5,2010,3759,0,0,1,1,01,2026
1,2402,90,5,2010,2182208,0,0,2,0,01,2026
1,2402,90,5,2010,4055,0,0,2,1,01,2026
1,2402,90,6,2010,213560,0,0,1,0,01,2026
1,2402,90,6,2010,13307,0,0,2,0,01,2026
1,2402,90,8,2010,7220,0,0,1,X,01,2026
1,2402,91,5,2010,64162,0,0,2,0,01,2026
1,2402,93,5,2010,3256,0,0,1,0,01,2026
1,2402,94,3,2010,3028,139,0,1,0,01,2026
1,2402,94,5,2010,5542123,0,0,1,0,01,2026
1,2402,94,5,2010,6685,0,0,1,1,01,2026
1,2402,94,5,2010,407282,0,0,2,0,01,2026
1,2402,94,5,2010,35051,0,0,2,1,01,2026
1,2402,95,5,2010,335639,0,0,2,0,01,2026
1,2402,95,8,2010,15823,0,0,2,X,01,2026
1,2402,96,3,2010,3207,24,0,1,0,01,2026
1,2402,96,5,2010,85349,0,0,1,0,01,2026
1,2402,96,5,2010,4755,0,0,1,1,01,2026
1,2402,96,5,2010,42820,0,0,2,0,01,2026
1,2402,97,5,2010,3000,0,0,1,0,01,2026
1,2402,98,5,2010,35369,0,0,1,0,01,2026
1,2403,01,5,2010,825188,0,0,1,0,01,2026
1,2403,10,5,2010,67740,0,0,1,0,01,2026
1,2403,12,5,2010,317017,0,0,1,0,01,2026
1,2403,13,5,2010,143677,0,0,1,0,01,2026
1,2403,25,5,2010,2880,0,0,1,0,01,2026
1,2403,27,5,2010,29189,0,0,1,0,01,2026
1,2403,32,5,2010,25177,0,0,1,0,01,2026
1,2403,34,5,2010,9494,0,0,1,0,01,2026
1,2403,35,5,2010,9066,0,0,1,0,01,2026
1,2403,35,5,2010,5557,0,0,2,0,01,2026
1,2403,38,5,2010,12960,0,0,1,0,01,2026
1,2403,39,5,2010,220679,0,0,1,0,01,2026
1,2403,39,5,2010,24468,0,0,2,0,01,2026
1,2403,40,5,2010,78623,0,0,1,0,01,2026
1,2403,44,5,2010,265369,0,0,1,0,01,2026
1,2403,44,5,2010,161224,0,0,2,0,01,2026
1,2403,48,5,2010,98371,0,0,1,0,01,2026
1,2403,63,5,2010,135695,0,0,1,0,01,2026
1,2403,68,5,2010,149482,0,0,1,0,01,2026
1,2403,69,5,2010,2725,0,0,2,0,01,2026
1,2403,70,5,2010,70582,0,0,1,0,01,2026
1,2403,72,5,2010,877938,0,0,1,0,01,2026
1,2403,72,5,2010,3878,0,0,2,0,01,2026
1,2403,73,5,2010,462724,0,0,1,0,01,2026
1,2403,73,5,2010,19101,0,0,2,0,01,2026
1,2403,74,5,2010,122631,0,0,1,0,01,2026
1,2403,74,5,2010,12500,0,0,2,0,01,2026
1,2403,76,5,2010,125545,0,0,1,0,01,2026
1,2403,80,5,2010,9778,0,0,1,0,01,2026
1,2403,82,5,2010,6785,0,0,1,0,01,2026
1,2403,83,5,2010,2746,0,0,2,0,01,2026
1,2403,84,5,2010,2377109,0,0,1,0,01,2026
1,2403,84,5,2010,138089,0,0,2,0,01,2026
1,2403,85,5,2010,54561,0,0,1,0,01,2026
1,2403,85,5,2010,68683,0,0,2,0,01,2026
1,2403,87,5,2010,1134849,0,0,1,0,01,2026
1,2403,87,5,2010,43700,0,0,2,0,01,2026
1,2403,87,8,2010,2600,0,0,1,X,01,2026
1,2403,90,5,2010,2948,0,0,1,0,01,2026
1,2403,90,5,2010,2731,0,0,2,0,01,2026
1,2403,94,5,2010,84738,0,0,1,0,01,2026
1,2403,94,5,2010,14291,0,0,2,0,01,2026
1,2403,95,5,2010,5095,0,0,2,0,01,2026
1,2404,20,5,2010,29295,0,0,2,0,01,2026
1,2404,22,5,2010,25140,0,0,1,0,01,2026
1,2404,39,5,2010,27325,0,0,1,0,01,2026
1,2404,72,5,2010,27180,0,0,1,0,01,2026
1,2404,73,5,2010,176700,0,0,1,0,01,2026
1,2404,74,5,2010,10625,0,0,1,0,01,2026
1,2404,82,5,2010,8580,0,0,1,0,01,2026
1,2404,84,5,2010,118949,0,0,1,0,01,2026
1,2404,85,5,2010,94730,0,0,2,0,01,2026
1,2404,87,5,2010,2518596,0,0,1,0,01,2026
1,2404,87,5,2010,65008,0,0,2,0,01,2026
1,2404,87,5,2010,7539,0,0,2,1,01,2026
1,2404,87,8,2010,29386949,0,0,1,X,01,2026
1,2404,87,8,2010,3884590,0,0,2,X,01,2026
1,2404,90,5,2010,66262,0,0,2,0,01,2026
1,2406,24,8,2010,9900,0,0,1,X,01,2026
1,2406,31,5,2010,16997,0,0,1,0,01,2026
1,2406,39,5,2010,3500,0,0,1,0,01,2026
1,2406,48,5,2010,44655,0,0,1,0,01,2026
1,2406,61,5,2010,5638,0,0,2,0,01,2026
1,2406,84,5,2010,161849,0,0,1,0,01,2026
1,2406,87,5,2010,5542224,0,0,1,0,01,2026
1,2406,87,8,2010,535295,0,0,1,X,01,2026
1,2406,94,5,2010,7660,0,0,1,0,01,2026
1,2406,96,5,2010,20987,0,0,1,1,01,2026
1,2408,01,5,2010,1507151,0,0,1,0,01,2026
1,2408,02,5,2010,1025600,0,0,1,0,01,2026
1,2408,03,5,2010,33162,0,0,2,0,01,2026
1,2408,04,5,2010,6532,0,0,1,0,01,2026
1,2408,05,5,2010,72216,0,0,1,0,01,2026
1,2408,08,5,2010,122413,0,0,1,1,01,2026
1,2408,08,5,2010,260736,0,0,2,1,01,2026
1,2408,11,5,2010,116459,0,0,1,0,01,2026
1,2408,15,5,2010,2934,0,0,1,0,01,2026
1,2408,15,5,2010,70133,0,0,2,0,01,2026
1,2408,16,5,2010,8528,0,0,1,0,01,2026
1,2408,17,5,2010,5604613,0,0,1,0,01,2026
1,2408,19,5,2010,34700,0,0,1,0,01,2026
1,2408,19,5,2010,278573,0,0,2,0,01,2026
1,2408,20,5,2010,155890,0,0,1,0,01,2026
1,2408,21,5,2010,12304,0,0,1,0,01,2026
1,2408,22,5,2010,4609,0,0,1,0,01,2026
1,2408,23,5,2010,67234,0,0,1,0,01,2026
1,2408,24,8,2010,149120,0,0,1,X,01,2026
1,2408,25,5,2010,278699,0,0,1,0,01,2026
1,2408,27,5,2010,10144973,0,0,1,0,01,2026
1,2408,29,5,2010,137996,0,0,1,0,01,2026
1,2408,29,5,2010,35167,0,0,2,0,01,2026
1,2408,30,5,2010,218352,0,0,1,0,01,2026
1,2408,31,5,2010,88389,0,0,1,0,01,2026
1,2408,32,5,2010,65319,0,0,1,0,01,2026
1,2408,32,5,2010,39763,0,0,2,0,01,2026
1,2408,33,5,2010,77799,0,0,1,0,01,2026
1,2408,34,5,2010,43508,0,0,1,0,01,2026
1,2408,35,5,2010,275219,0,0,1,0,01,2026
1,2408,35,5,2010,5870,0,0,2,0,01,2026
1,2408,38,5,2010,7253,0,0,1,0,01,2026
1,2408,38,5,2010,7535,0,0,2,0,01,2026
1,2408,39,5,2010,8784819,0,0,1,0,01,2026
1,2408,39,5,2010,137414,0,0,1,1,01,2026
1,2408,39,5,2010,3097875,0,0,2,0,01,2026
1,2408,40,5,2010,324826,0,0,1,0,01,2026
1,2408,40,5,2010,120316,0,0,2,0,01,2026
1,2408,44,5,2010,22450,0,0,1,0,01,2026
1,2408,47,5,2010,326626,0,0,1,0,01,2026
1,2408,48,5,2010,2445493,0,0,1,0,01,2026
1,2408,48,5,2010,14674,0,0,2,0,01,2026
1,2408,49,5,2010,233303,0,0,1,0,01,2026
1,2408,49,5,2010,3186,0,0,2,0,01,2026
1,2408,54,5,2010,197495,0,0,1,0,01,2026
1,2408,54,5,2010,108977,0,0,2,0,01,2026
1,2408,56,5,2010,69387,0,0,1,0,01,2026
1,2408,56,5,2010,115007,0,0,2,0,01,2026
1,2408,58,5,2010,16859,0,0,1,0,01,2026
1,2408,59,5,2010,1973328,0,0,1,0,01,2026
1,2408,59,5,2010,380179,0,0,2,0,01,2026
1,2408,60,5,2010,95503,0,0,1,0,01,2026
1,2408,60,5,2010,24084,0,0,2,0,01,2026
1,2408,61,5,2010,13050,0,0,2,0,01,2026
1,2408,62,5,2010,10554,0,0,1,0,01,2026
1,2408,63,5,2010,7000,0,0,1,0,01,2026
1,2408,64,5,2010,6100,0,0,1,0,01,2026
1,2408,67,5,2010,16291,0,0,1,0,01,2026
1,2408,68,5,2010,68221,0,0,1,0,01,2026
1,2408,68,5,2010,28779,0,0,2,0,01,2026
1,2408,70,5,2010,15000,0,0,1,0,01,2026
1,2408,72,5,2010,5308825,0,0,1,0,01,2026
1,2408,72,5,2010,73642,0,0,2,0,01,2026
1,2408,73,5,2010,1042964,0,0,1,0,01,2026
1,2408,73,5,2010,2859680,0,0,2,0,01,2026
1,2408,74,5,2010,354550,0,0,1,0,01,2026
1,2408,74,5,2010,39918,0,0,2,0,01,2026
1,2408,76,5,2010,2510753,0,0,1,0,01,2026
1,2408,76,5,2010,423239,0,0,2,0,01,2026
1,2408,82,5,2010,26648,0,0,1,0,01,2026
1,2408,82,5,2010,27445,0,0,2,0,01,2026
1,2408,83,5,2010,71995,0,0,1,0,01,2026
1,2408,83,5,2010,114117,0,0,2,0,01,2026
1,2408,84,5,2010,12633506,0,0,1,0,01,2026
1,2408,84,5,2010,841683722,0,0,2,0,01,2026
1,2408,84,5,2010,128366,0,0,2,1,01,2026
1,2408,85,5,2010,32762031,0,0,1,0,01,2026
1,2408,85,5,2010,589095168,0,0,2,0,01,2026
1,2408,86,5,2010,139300,0,0,1,0,01,2026
1,2408,86,5,2010,5775,0,0,2,0,01,2026
1,2408,87,5,2010,3869377,0,0,1,0,01,2026
1,2408,87,5,2010,63005,0,0,2,0,01,2026
1,2408,87,8,2010,3000,0,0,1,X,01,2026
1,2408,88,5,2010,28189,0,0,1,0,01,2026
1,2408,90,5,2010,1201383,0,0,1,0,01,2026
1,2408,90,5,2010,724676,0,0,2,0,01,2026
1,2408,94,5,2010,216749,0,0,1,0,01,2026
1,2408,94,5,2010,557547,0,0,2,0,01,2026
1,2408,95,5,2010,3672,0,0,1,0,01,2026
1,2408,96,5,2010,44114,0,0,1,0,01,2026
1,2501,84,3,2010,8286,9,0,1,0,01,2026
1,2501,84,3,2010,18378,6,0,2,0,01,2026
1,2501,85,3,2010,10500,4,0,1,0,01,2026
1,2501,85,3,2010,2522,1,0,2,0,01,2026
1,2501,88,3,2010,596860,683,0,1,0,01,2026
1,2501,94,3,2010,6002,2,0,2,0,01,2026
1,2503,02,5,2010,3777955,0,0,1,0,01,2026
1,2503,04,5,2010,1212964,0,0,1,0,01,2026
1,2503,04,5,2010,6492207,0,0,1,1,01,2026
1,2503,05,5,2010,34128,0,0,1,0,01,2026
1,2503,07,5,2010,89597,0,0,1,0,01,2026
1,2503,08,5,2010,627755,0,0,1,0,01,2026
1,2503,10,6,2010,10027633,0,0,1,0,01,2026
1,2503,10,6,2010,341939,0,0,1,1,01,2026
1,2503,17,5,2010,397683,0,0,1,0,01,2026
1,2503,19,5,2010,531581,0,0,1,0,01,2026
1,2503,21,5,2010,78826,0,0,1,0,01,2026
1,2503,22,5,2010,122419,0,0,1,0,01,2026
1,2503,23,5,2010,118921,0,0,1,0,01,2026
1,2503,23,6,2010,3436802,0,0,1,0,01,2026
1,2503,25,5,2010,15360,0,0,1,0,01,2026
1,2503,27,6,2010,16320240,0,0,1,0,01,2026
1,2503,27,6,2010,7124546,0,0,1,1,01,2026
1,2503,28,5,2010,23767,0,0,1,0,01,2026
1,2503,28,6,2010,40222,0,0,1,0,01,2026
1,2503,28,6,2010,34063,0,0,2,0,01,2026
1,2503,31,5,2010,61785,0,0,1,0,01,2026
1,2503,32,5,2010,36729,0,0,1,0,01,2026
1,2503,33,5,2010,5791,0,0,1,0,01,2026
1,2503,34,5,2010,5833,0,0,1,0,01,2026
1,2503,35,5,2010,154771,0,0,1,0,01,2026
1,2503,38,5,2010,269408,0,0,1,0,01,2026
1,2503,39,5,2010,1493999,0,0,1,0,01,2026
1,2503,39,5,2010,174782,0,0,2,0,01,2026
1,2503,39,5,2010,127491,0,0,2,1,01,2026
1,2503,39,6,2010,359453,0,0,1,0,01,2026
1,2503,39,6,2010,213354,0,0,1,1,01,2026
1,2503,40,5,2010,41871,0,0,1,0,01,2026
1,2503,40,5,2010,12350,0,0,2,0,01,2026
1,2503,42,5,2010,6983,0,0,2,0,01,2026
1,2503,44,5,2010,42376,0,0,1,0,01,2026
1,2503,44,6,2010,46903,0,0,1,0,01,2026
1,2503,47,5,2010,268062,0,0,1,0,01,2026
1,2503,48,5,2010,3158237,0,0,1,0,01,2026
1,2503,48,5,2010,6227,0,0,2,0,01,2026
1,2503,48,6,2010,404147,0,0,1,0,01,2026
1,2503,49,5,2010,9755,0,0,1,0,01,2026
1,2503,54,5,2010,4489,0,0,1,0,01,2026
1,2503,56,5,2010,3555,0,0,1,0,01,2026
1,2503,59,5,2010,177522,0,0,1,0,01,2026
1,2503,61,5,2010,10821,0,0,2,0,01,2026
1,2503,62,5,2010,6660,0,0,2,0,01,2026
1,2503,63,5,2010,3041,0,0,1,0,01,2026
1,2503,63,5,2010,20455,0,0,2,0,01,2026
1,2503,68,5,2010,162320,0,0,1,0,01,2026
1,2503,69,5,2010,41480,0,0,2,0,01,2026
1,2503,70,5,2010,1345936,0,0,1,0,01,2026
1,2503,72,5,2010,17503,0,0,1,0,01,2026
1,2503,72,6,2010,171684,0,0,1,0,01,2026
1,2503,73,3,2010,18063,1093,0,1,0,01,2026
1,2503,73,5,2010,72827,0,0,1,0,01,2026
1,2503,73,5,2010,10558,0,0,2,0,01,2026
1,2503,74,5,2010,4792,0,0,1,0,01,2026
1,2503,76,5,2010,35376,0,0,1,0,01,2026
1,2503,82,5,2010,4422,0,0,2,0,01,2026
1,2503,83,5,2010,7118,0,0,1,0,01,2026
1,2503,83,5,2010,19179,0,0,2,0,01,2026
1,2503,84,5,2010,310702,0,0,1,0,01,2026
1,2503,84,5,2010,1392221,0,0,2,0,01,2026
1,2503,85,5,2010,166692,0,0,1,0,01,2026
1,2503,85,5,2010,3796653,0,0,2,0,01,2026
1,2503,87,5,2010,6458,0,0,1,0,01,2026
1,2503,87,5,2010,47216,0,0,2,0,01,2026
1,2503,88,5,2010,266241,0,0,1,0,01,2026
1,2503,90,5,2010,3573,0,0,1,0,01,2026
1,2503,90,5,2010,28897,0,0,2,0,01,2026
1,2503,94,5,2010,169246,0,0,1,0,01,2026
1,2503,94,5,2010,96457,0,0,2,0,01,2026
1,2503,96,5,2010,8318,0,0,1,0,01,2026
1,2503,96,5,2010,3583,0,0,2,0,01,2026
1,2504,10,6,2010,64309,0,0,1,0,01,2026
1,2504,15,6,2010,233838,0,0,1,0,01,2026
1,2504,15,6,2010,134481,0,0,1,1,01,2026
1,2504,23,6,2010,531793,0,0,1,0,01,2026
1,2504,25,6,2010,2941,0,0,1,0,01,2026
1,2504,27,6,2010,260376,0,0,1,0,01,2026
1,2504,27,6,2010,37376,0,0,1,1,01,2026
1,2504,27,6,2010,28892,0,0,2,0,01,2026
1,2504,39,6,2010,2132439,0,0,1,0,01,2026
1,2504,39,6,2010,1647387,0,0,1,1,01,2026
1,2504,44,6,2010,178102,0,0,1,0,01,2026
1,2504,44,6,2010,69396,0,0,2,0,01,2026
1,2504,47,6,2010,145010,0,0,2,1,01,2026
1,2504,48,6,2010,23859,0,0,1,1,01,2026
1,2504,85,6,2010,58850,0,0,1,0,01,2026
1,2505,02,5,2010,21578,0,0,1,0,01,2026
1,2505,13,5,2010,20501,0,0,1,0,01,2026
1,2505,17,5,2010,79251,0,0,1,0,01,2026
1,2505,18,5,2010,339897,0,0,1,0,01,2026
1,2505,19,5,2010,4941,0,0,1,0,01,2026
1,2505,20,5,2010,62834,0,0,1,0,01,2026
1,2505,21,5,2010,45406,0,0,1,0,01,2026
1,2505,25,5,2010,33948,0,0,1,0,01,2026
1,2505,29,5,2010,35347,0,0,1,0,01,2026
1,2505,29,5,2010,233779,0,0,1,1,01,2026
1,2505,32,5,2010,162489,0,0,1,0,01,2026
1,2505,32,5,2010,17711,0,0,2,0,01,2026
1,2505,33,5,2010,90827,0,0,1,0,01,2026
1,2505,34,5,2010,18199,0,0,1,0,01,2026
1,2505,34,5,2010,7088,0,0,2,0,01,2026
1,2505,35,5,2010,131952,0,0,1,0,01,2026
1,2505,35,5,2010,5300,0,0,2,0,01,2026
1,2505,38,5,2010,160720,0,0,1,0,01,2026
1,2505,39,5,2010,2017440,0,0,1,0,01,2026
1,2505,39,5,2010,643750,0,0,1,1,01,2026
1,2505,39,5,2010,157139,0,0,2,0,01,2026
1,2505,40,5,2010,418800,0,0,1,0,01,2026
1,2505,42,5,2010,44880,0,0,1,0,01,2026
1,2505,42,5,2010,3505,0,0,2,0,01,2026
1,2505,44,5,2010,915471,0,0,1,0,01,2026
1,2505,44,5,2010,618045,0,0,2,0,01,2026
1,2505,48,5,2010,236442,0,0,1,0,01,2026
1,2505,48,5,2010,6010,0,0,2,0,01,2026
1,2505,49,5,2010,53283,0,0,1,0,01,2026
1,2505,56,5,2010,5400,0,0,2,0,01,2026
1,2505,58,5,2010,61892,0,0,1,0,01,2026
1,2505,59,5,2010,19514,0,0,1,0,01,2026
1,2505,60,5,2010,237084,0,0,1,0,01,2026
1,2505,61,5,2010,232800,0,0,1,0,01,2026
1,2505,61,5,2010,20896,0,0,2,0,01,2026
1,2505,62,5,2010,11099,0,0,1,0,01,2026
1,2505,68,5,2010,7845,0,0,1,0,01,2026
1,2505,68,5,2010,10718,0,0,2,0,01,2026
1,2505,69,5,2010,9095,0,0,1,0,01,2026
1,2505,70,5,2010,36104,0,0,1,0,01,2026
1,2505,71,5,2010,6202768,0,0,1,0,01,2026
1,2505,71,5,2010,45984,0,0,2,0,01,2026
1,2505,72,5,2010,807719,0,0,1,0,01,2026
1,2505,72,5,2010,28367,0,0,2,0,01,2026
1,2505,73,5,2010,945875,0,0,1,0,01,2026
1,2505,73,5,2010,77141,0,0,2,0,01,2026
1,2505,74,5,2010,2459167,0,0,1,0,01,2026
1,2505,74,5,2010,18496,0,0,2,0,01,2026
1,2505,75,5,2010,526910,0,0,1,0,01,2026
1,2505,75,5,2010,3590,0,0,2,0,01,2026
1,2505,76,5,2010,1931466,0,0,1,0,01,2026
1,2505,76,5,2010,41960,0,0,2,0,01,2026
1,2505,76,8,2010,121289,0,0,1,X,01,2026
1,2505,78,5,2010,39630,0,0,2,0,01,2026
1,2505,79,5,2010,829229,0,0,1,0,01,2026
1,2505,79,5,2010,358579,0,0,2,0,01,2026
1,2505,80,5,2010,4848,0,0,1,0,01,2026
1,2505,82,5,2010,193958,0,0,1,0,01,2026
1,2505,82,5,2010,30305,0,0,2,0,01,2026
1,2505,83,5,2010,48886,0,0,1,0,01,2026
1,2505,83,5,2010,4170,0,0,2,0,01,2026
1,2505,84,5,2010,1904888,0,0,1,0,01,2026
1,2505,84,5,2010,232238,0,0,2,0,01,2026
1,2505,84,8,2010,94900,0,0,1,X,01,2026
1,2505,84,8,2010,41800,0,0,2,X,01,2026
1,2505,85,5,2010,3004439,0,0,1,0,01,2026
1,2505,85,5,2010,2495881,0,0,2,0,01,2026
1,2505,87,5,2010,20300,0,0,1,0,01,2026
1,2505,87,5,2010,95900,0,0,2,0,01,2026
1,2505,87,8,2010,344065,0,0,1,X,01,2026
1,2505,87,8,2010,166820,0,0,2,X,01,2026
1,2505,88,5,2010,9916,0,0,2,0,01,2026
1,2505,89,5,2010,14098,0,0,1,0,01,2026
1,2505,89,5,2010,8504,0,0,2,0,01,2026
1,2505,90,5,2010,560575,0,0,1,0,01,2026
1,2505,90,5,2010,117827,0,0,2,0,01,2026
1,2505,92,5,2010,240110,0,0,1,0,01,2026
1,2505,92,5,2010,50287,0,0,2,0,01,2026
1,2505,94,5,2010,45563,0,0,1,0,01,2026
1,2505,94,5,2010,151103,0,0,2,0,01,2026
1,2505,95,5,2010,42636,0,0,1,0,01,2026
1,2505,95,5,2010,30582,0,0,2,0,01,2026
1,2505,96,5,2010,20941,0,0,1,0,01,2026
1,2506,01,5,2010,224572,0,0,1,0,01,2026
1,2506,02,5,2010,21042205,0,0,1,0,01,2026
1,2506,02,5,2010,2334338,0,0,2,0,01,2026
1,2506,03,5,2010,1144689,0,0,1,0,01,2026
1,2506,03,5,2010,517871,0,0,2,0,01,2026
1,2506,04,5,2010,29065896,0,0,1,0,01,2026
1,2506,04,5,2010,287562,0,0,1,1,01,2026
1,2506,04,5,2010,9894,0,0,2,0,01,2026
1,2506,05,5,2010,1468097,0,0,1,0,01,2026
1,2506,05,5,2010,214110,0,0,2,0,01,2026
1,2506,06,5,2010,4255077,0,0,1,0,01,2026
1,2506,07,5,2010,5186163,0,0,1,0,01,2026
1,2506,07,5,2010,60370,0,0,2,0,01,2026
1,2506,08,5,2010,22456301,0,0,1,0,01,2026
1,2506,08,5,2010,184736,0,0,2,0,01,2026
1,2506,09,5,2010,936151,0,0,1,0,01,2026
1,2506,09,5,2010,116007,0,0,2,0,01,2026
1,2506,10,5,2010,3315900,0,0,1,0,01,2026
1,2506,10,5,2010,45312,0,0,2,0,01,2026
1,2506,11,5,2010,1048180,0,0,1,0,01,2026
1,2506,11,5,2010,1341101,0,0,1,1,01,2026
1,2506,12,5,2010,766308,0,0,1,0,01,2026
1,2506,12,5,2010,1520750,0,0,2,0,01,2026
1,2506,13,5,2010,117314,0,0,1,0,01,2026
1,2506,13,5,2010,7375,0,0,2,0,01,2026
1,2506,15,5,2010,1543305,0,0,1,0,01,2026
1,2506,15,5,2010,340740,0,0,2,0,01,2026
1,2506,16,5,2010,5220692,0,0,1,0,01,2026
1,2506,16,5,2010,317346,0,0,2,0,01,2026
1,2506,17,5,2010,2127494,0,0,1,0,01,2026
1,2506,17,5,2010,106237,0,0,2,0,01,2026
1,2506,18,5,2010,1004155,0,0,1,0,01,2026
1,2506,18,5,2010,45615,0,0,2,0,01,2026
1,2506,19,5,2010,6371996,0,0,1,0,01,2026
1,2506,19,5,2010,284925,0,0,2,0,01,2026
1,2506,20,5,2010,8807843,0,0,1,0,01,2026
1,2506,20,5,2010,39057,0,0,1,1,01,2026
1,2506,20,5,2010,382677,0,0,2,0,01,2026
1,2506,21,5,2010,53818062,0,0,1,0,01,2026
1,2506,21,5,2010,261014,0,0,1,1,01,2026
1,2506,21,5,2010,320890,0,0,2,0,01,2026
1,2506,22,5,2010,2210935,0,0,1,0,01,2026
1,2506,22,5,2010,98032,0,0,2,0,01,2026
1,2506,23,5,2010,2060490,0,0,1,0,01,2026
1,2506,23,5,2010,4341,0,0,2,0,01,2026
1,2506,24,5,2010,573244,0,0,1,0,01,2026
1,2506,24,8,2010,105129,0,0,1,X,01,2026
1,2506,25,5,2010,2866615,0,0,1,0,01,2026
1,2506,25,5,2010,17732,0,0,1,1,01,2026
1,2506,25,5,2010,89568,0,0,2,0,01,2026
1,2506,27,5,2010,5144587,0,0,1,0,01,2026
1,2506,27,5,2010,135874,0,0,2,0,01,2026
1,2506,27,7,2010,21085713,0,0,1,X,01,2026
1,2506,28,5,2010,2373811,0,0,1,0,01,2026
1,2506,28,5,2010,490935,0,0,1,1,01,2026
1,2506,28,5,2010,540701,0,0,2,0,01,2026
1,2506,29,5,2010,1790314,0,0,1,0,01,2026
1,2506,29,5,2010,793323,0,0,2,0,01,2026
1,2506,30,5,2010,3169863,0,0,1,0,01,2026
1,2506,30,5,2010,440224,0,0,2,0,01,2026
1,2506,31,5,2010,842811,0,0,1,0,01,2026
1,2506,31,5,2010,297597,0,0,2,0,01,2026
1,2506,32,5,2010,9931327,0,0,1,0,01,2026
1,2506,32,5,2010,1147881,0,0,2,0,01,2026
1,2506,33,5,2010,6121670,0,0,1,0,01,2026
1,2506,33,5,2010,4006,0,0,1,1,01,2026
1,2506,33,5,2010,556065,0,0,2,0,01,2026
1,2506,34,5,2010,3839937,0,0,1,0,01,2026
1,2506,34,5,2010,18018,0,0,1,1,01,2026
1,2506,34,5,2010,159681,0,0,2,0,01,2026
1,2506,34,8,2010,3346,0,0,1,X,01,2026
1,2506,35,5,2010,4153491,0,0,1,0,01,2026
1,2506,35,5,2010,8463,0,0,1,1,01,2026
1,2506,35,5,2010,1762501,0,0,2,0,01,2026
1,2506,36,5,2010,935029,0,0,1,0,01,2026
1,2506,37,5,2010,169649,0,0,1,0,01,2026
1,2506,37,5,2010,155925,0,0,2,0,01,2026
1,2506,38,5,2010,12111551,0,0,1,0,01,2026
1,2506,38,5,2010,14068,0,0,1,1,01,2026
1,2506,38,5,2010,882838,0,0,2,0,01,2026
1,2506,39,5,2010,153303304,0,0,1,0,01,2026
1,2506,39,5,2010,313736,0,0,1,1,01,2026
1,2506,39,5,2010,26440145,0,0,2,0,01,2026
1,2506,39,8,2010,17180,0,0,1,X,01,2026
1,2506,39,8,2010,2593,0,0,2,X,01,2026
1,2506,40,5,2010,15650478,0,0,1,0,01,2026
1,2506,40,5,2010,3502509,0,0,1,1,01,2026
1,2506,40,5,2010,2283175,0,0,2,0,01,2026
1,2506,40,5,2010,1417799,0,0,2,1,01,2026
1,2506,40,8,2010,7117,0,0,1,X,01,2026
1,2506,40,8,2010,3214,0,0,2,X,01,2026
1,2506,41,5,2010,53048,0,0,1,0,01,2026
1,2506,41,5,2010,603760,0,0,2,0,01,2026
1,2506,42,5,2010,871735,0,0,1,0,01,2026
1,2506,42,5,2010,8110,0,0,1,1,01,2026
1,2506,42,5,2010,1084996,0,0,2,0,01,2026
1,2506,43,5,2010,5760,0,0,2,0,01,2026
1,2506,44,5,2010,22769173,0,0,1,0,01,2026
1,2506,44,5,2010,36941,0,0,1,1,01,2026
1,2506,44,5,2010,2734778,0,0,2,0,01,2026
1,2506,45,5,2010,126643,0,0,1,0,01,2026
1,2506,45,5,2010,48343,0,0,2,0,01,2026
1,2506,46,5,2010,18402,0,0,1,0,01,2026
1,2506,47,5,2010,149919,0,0,1,0,01,2026
1,2506,48,5,2010,36963179,0,0,1,0,01,2026
1,2506,48,5,2010,350951,0,0,1,1,01,2026
1,2506,48,5,2010,2142665,0,0,2,0,01,2026
1,2506,48,5,2010,144407,0,0,2,1,01,2026
1,2506,48,8,2010,28748,0,0,1,X,01,2026
1,2506,49,5,2010,3316146,0,0,1,0,01,2026
1,2506,49,5,2010,1590487,0,0,2,0,01,2026
1,2506,49,8,2010,4115000,0,0,2,X,01,2026
1,2506,52,5,2010,33034,0,0,1,0,01,2026
1,2506,52,5,2010,131597,0,0,2,0,01,2026
1,2506,53,5,2010,35905,0,0,1,0,01,2026
1,2506,53,5,2010,55234,0,0,2,0,01,2026
1,2506,54,5,2010,1274994,0,0,1,0,01,2026
1,2506,54,5,2010,524512,0,0,2,0,01,2026
1,2506,55,5,2010,407999,0,0,1,0,01,2026
1,2506,55,5,2010,202893,0,0,2,0,01,2026
1,2506,56,5,2010,7165436,0,0,1,0,01,2026
1,2506,56,5,2010,2611,0,0,1,1,01,2026
1,2506,56,5,2010,447918,0,0,2,0,01,2026
1,2506,57,5,2010,215560,0,0,1,0,01,2026
1,2506,57,5,2010,4939,0,0,1,1,01,2026
1,2506,57,5,2010,65662,0,0,2,0,01,2026
1,2506,58,5,2010,1402396,0,0,1,0,01,2026
1,2506,58,5,2010,3240,0,0,1,1,01,2026
1,2506,58,5,2010,718061,0,0,2,0,01,2026
1,2506,59,5,2010,2016598,0,0,1,0,01,2026
1,2506,59,5,2010,1429122,0,0,2,0,01,2026
1,2506,60,5,2010,2425053,0,0,1,0,01,2026
1,2506,60,5,2010,662921,0,0,2,0,01,2026
1,2506,61,5,2010,6139813,0,0,1,0,01,2026
1,2506,61,5,2010,2506,0,0,1,1,01,2026
1,2506,61,5,2010,54452875,0,0,2,0,01,2026
1,2506,62,5,2010,332008,0,0,1,0,01,2026
1,2506,62,5,2010,15038,0,0,1,1,01,2026
1,2506,62,5,2010,7774802,0,0,2,0,01,2026
1,2506,63,5,2010,4590291,0,0,1,0,01,2026
1,2506,63,5,2010,150406,0,0,1,1,01,2026
1,2506,63,5,2010,2119744,0,0,2,0,01,2026
1,2506,64,5,2010,49079,0,0,1,0,01,2026
1,2506,64,5,2010,454039,0,0,2,0,01,2026
1,2506,65,5,2010,1254073,0,0,1,0,01,2026
1,2506,65,5,2010,5031,0,0,1,1,01,2026
1,2506,65,5,2010,787158,0,0,2,0,01,2026
1,2506,66,5,2010,71936,0,0,1,0,01,2026
1,2506,66,5,2010,2592,0,0,2,0,01,2026
1,2506,67,5,2010,7051,0,0,1,0,01,2026
1,2506,67,5,2010,22001,0,0,2,0,01,2026
1,2506,67,8,2010,5020,0,0,2,X,01,2026
1,2506,68,5,2010,4836339,0,0,1,0,01,2026
1,2506,68,5,2010,33745,0,0,1,1,01,2026
1,2506,68,5,2010,1393180,0,0,2,0,01,2026
1,2506,69,5,2010,1226938,0,0,1,0,01,2026
1,2506,69,5,2010,389381,0,0,2,0,01,2026
1,2506,70,5,2010,5029786,0,0,1,0,01,2026
1,2506,70,5,2010,2749,0,0,1,1,01,2026
1,2506,70,5,2010,937672,0,0,2,0,01,2026
1,2506,71,5,2010,5745719,0,0,1,0,01,2026
1,2506,71,5,2010,117267,0,0,1,1,01,2026
1,2506,71,5,2010,146124,0,0,2,0,01,2026
1,2506,72,5,2010,23354856,0,0,1,0,01,2026
1,2506,72,5,2010,2022527,0,0,2,0,01,2026
1,2506,73,5,2010,29952173,0,0,1,0,01,2026
1,2506,73,5,2010,282479,0,0,1,1,01,2026
1,2506,73,5,2010,11299488,0,0,2,0,01,2026
1,2506,74,5,2010,8219470,0,0,1,0,01,2026
1,2506,74,5,2010,6595,0,0,1,1,01,2026
1,2506,74,5,2010,1588722,0,0,2,0,01,2026
1,2506,75,5,2010,2274502,0,0,1,0,01,2026
1,2506,75,5,2010,4650,0,0,1,1,01,2026
1,2506,75,5,2010,625822,0,0,2,0,01,2026
1,2506,76,5,2010,40379665,0,0,1,0,01,2026
1,2506,76,5,2010,10867,0,0,1,1,01,2026
1,2506,76,5,2010,2778678,0,0,2,0,01,2026
1,2506,78,5,2010,2092509,0,0,1,0,01,2026
1,2506,78,5,2010,13210,0,0,2,0,01,2026
1,2506,79,5,2010,2241816,0,0,1,0,01,2026
1,2506,79,5,2010,682209,0,0,2,0,01,2026
1,2506,80,5,2010,165867,0,0,1,0,01,2026
1,2506,80,5,2010,4495,0,0,1,1,01,2026
1,2506,80,5,2010,29752,0,0,2,0,01,2026
1,2506,81,5,2010,3803075,0,0,1,0,01,2026
1,2506,81,5,2010,585924,0,0,2,0,01,2026
1,2506,82,5,2010,2817697,0,0,1,0,01,2026
1,2506,82,5,2010,52365,0,0,1,1,01,2026
1,2506,82,5,2010,1839444,0,0,2,0,01,2026
1,2506,83,5,2010,8151728,0,0,1,0,01,2026
1,2506,83,5,2010,38121,0,0,1,1,01,2026
1,2506,83,5,2010,4937286,0,0,2,0,01,2026
1,2506,83,8,2010,3155,0,0,1,X,01,2026
1,2506,84,5,2010,94296063,0,0,1,0,01,2026
1,2506,84,5,2010,100996,0,0,1,1,01,2026
1,2506,84,5,2010,96119034,0,0,2,0,01,2026
1,2506,84,8,2010,157660,0,0,1,X,01,2026
1,2506,84,8,2010,10828,0,0,2,X,01,2026
1,2506,85,3,2010,7238,4,0,2,0,01,2026
1,2506,85,5,2010,111558200,0,0,1,0,01,2026
1,2506,85,5,2010,145357,0,0,1,1,01,2026
1,2506,85,5,2010,110291581,0,0,2,0,01,2026
1,2506,85,5,2010,13836,0,0,2,1,01,2026
1,2506,85,8,2010,23312,0,0,2,X,01,2026
1,2506,86,5,2010,56354,0,0,2,0,01,2026
1,2506,87,5,2010,36260820,0,0,1,0,01,2026
1,2506,87,5,2010,91287429,0,0,2,0,01,2026
1,2506,87,5,2010,301924,0,0,2,1,01,2026
1,2506,87,8,2010,17428118,0,0,1,X,01,2026
1,2506,87,8,2010,4371803,0,0,2,X,01,2026
1,2506,88,5,2010,1981709,0,0,1,0,01,2026
1,2506,88,5,2010,1151438,0,0,2,0,01,2026
1,2506,89,5,2010,154893,0,0,1,0,01,2026
1,2506,90,5,2010,82039306,0,0,1,0,01,2026
1,2506,90,5,2010,97485758,0,0,2,0,01,2026
1,2506,91,5,2010,47830,0,0,1,0,01,2026
1,2506,91,5,2010,75367,0,0,2,0,01,2026
1,2506,92,5,2010,129377,0,0,1,0,01,2026
1,2506,92,5,2010,185941,0,0,2,0,01,2026
1,2506,93,5,2010,3294,0,0,1,0,01,2026
1,2506,93,8,2010,2677,0,0,1,X,01,2026
1,2506,93,8,2010,9073,0,0,2,X,01,2026
1,2506,94,5,2010,7730553,0,0,1,0,01,2026
1,2506,94,5,2010,11745,0,0,1,1,01,2026
1,2506,94,5,2010,19218713,0,0,2,0,01,2026
1,2506,95,5,2010,2784099,0,0,1,0,01,2026
1,2506,95,5,2010,3102677,0,0,2,0,01,2026
1,2506,96,5,2010,1357348,0,0,1,0,01,2026
1,2506,96,5,2010,3411,0,0,1,1,01,2026
1,2506,96,5,2010,1445892,0,0,2,0,01,2026
1,2506,96,8,2010,11933,0,0,1,X,01,2026
1,2506,97,5,2010,33632,0,0,1,0,01,2026
1,2506,98,5,2010,439915,0,0,1,0,01,2026
1,2507,02,5,2010,6326805,0,0,1,0,01,2026
1,2507,02,5,2010,691423,0,0,2,0,01,2026
1,2507,04,5,2010,25541802,0,0,1,0,01,2026
1,2507,05,5,2010,291008,0,0,1,0,01,2026
1,2507,06,5,2010,6021,0,0,2,0,01,2026
1,2507,07,5,2010,5639915,0,0,1,0,01,2026
1,2507,07,5,2010,104212,0,0,2,0,01,2026
1,2507,08,5,2010,18497362,0,0,1,0,01,2026
1,2507,09,5,2010,28876,0,0,1,0,01,2026
1,2507,10,5,2010,146592,0,0,1,0,01,2026
1,2507,10,6,2010,133386,0,0,1,0,01,2026
1,2507,10,6,2010,149852,0,0,1,1,01,2026
1,2507,11,5,2010,1116343,0,0,1,0,01,2026
1,2507,11,6,2010,666004,0,0,1,0,01,2026
1,2507,12,5,2010,3017648,0,0,1,0,01,2026
1,2507,12,5,2010,714718,0,0,2,0,01,2026
1,2507,13,5,2010,24785,0,0,1,0,01,2026
1,2507,15,5,2010,886485,0,0,1,0,01,2026
1,2507,15,5,2010,89349,0,0,2,0,01,2026
1,2507,15,6,2010,623897,0,0,1,0,01,2026
1,2507,16,5,2010,1429763,0,0,1,0,01,2026
1,2507,16,5,2010,114688,0,0,2,0,01,2026
1,2507,17,5,2010,250219,0,0,1,0,01,2026
1,2507,19,5,2010,361461,0,0,1,0,01,2026
1,2507,19,5,2010,19088,0,0,2,0,01,2026
1,2507,20,5,2010,641791,0,0,1,0,01,2026
1,2507,20,5,2010,18791,0,0,2,0,01,2026
1,2507,21,5,2010,2050749,0,0,1,0,01,2026
1,2507,22,5,2010,154500,0,0,1,0,01,2026
1,2507,22,5,2010,534790,0,0,1,1,01,2026
1,2507,22,5,2010,119905,0,0,2,0,01,2026
1,2507,23,5,2010,48986,0,0,1,0,01,2026
1,2507,25,5,2010,476751,0,0,1,0,01,2026
1,2507,25,5,2010,11239,0,0,2,0,01,2026
1,2507,25,6,2010,93894,0,0,1,0,01,2026
1,2507,26,5,2010,77796,0,0,1,0,01,2026
1,2507,27,5,2010,2561104,0,0,1,0,01,2026
1,2507,27,5,2010,43690,0,0,2,0,01,2026
1,2507,27,6,2010,5072008,0,0,1,0,01,2026
1,2507,27,6,2010,1108733,0,0,2,0,01,2026
1,2507,27,8,2010,1005293,0,0,1,X,01,2026
1,2507,28,5,2010,2735702,0,0,1,0,01,2026
1,2507,28,5,2010,18431,0,0,1,1,01,2026
1,2507,28,5,2010,4012,0,0,2,0,01,2026
1,2507,28,6,2010,1570893,0,0,1,0,01,2026
1,2507,29,5,2010,917907,0,0,1,0,01,2026
1,2507,29,5,2010,3960,0,0,2,0,01,2026
1,2507,30,5,2010,6445960,0,0,1,0,01,2026
1,2507,30,5,2010,3772190,0,0,2,0,01,2026
1,2507,31,5,2010,1140594,0,0,1,0,01,2026
1,2507,31,5,2010,24839,0,0,2,0,01,2026
1,2507,31,6,2010,66745,0,0,1,0,01,2026
1,2507,32,5,2010,4352805,0,0,1,0,01,2026
1,2507,32,5,2010,346561,0,0,2,0,01,2026
1,2507,33,5,2010,787957,0,0,1,0,01,2026
1,2507,33,5,2010,887865,0,0,2,0,01,2026
1,2507,34,5,2010,1064840,0,0,1,0,01,2026
1,2507,34,5,2010,330356,0,0,2,0,01,2026
1,2507,35,5,2010,1045013,0,0,1,0,01,2026
1,2507,35,5,2010,6066,0,0,1,1,01,2026
1,2507,35,5,2010,149232,0,0,2,0,01,2026
1,2507,37,5,2010,52494,0,0,1,0,01,2026
1,2507,37,5,2010,10455,0,0,2,0,01,2026
1,2507,38,5,2010,3622436,0,0,1,0,01,2026
1,2507,38,5,2010,402708,0,0,2,0,01,2026
1,2507,39,5,2010,46385743,0,0,1,0,01,2026
1,2507,39,5,2010,318412,0,0,1,1,01,2026
1,2507,39,5,2010,6829984,0,0,2,0,01,2026
1,2507,39,6,2010,186632,0,0,1,0,01,2026
1,2507,39,6,2010,533447,0,0,1,1,01,2026
1,2507,40,5,2010,5191234,0,0,1,0,01,2026
1,2507,40,5,2010,4950,0,0,1,1,01,2026
1,2507,40,5,2010,839920,0,0,2,0,01,2026
1,2507,41,5,2010,12853,0,0,1,0,01,2026
1,2507,42,5,2010,1582010,0,0,1,0,01,2026
1,2507,42,5,2010,124966,0,0,2,0,01,2026
1,2507,44,5,2010,3067632,0,0,1,0,01,2026
1,2507,44,5,2010,610223,0,0,2,0,01,2026
1,2507,44,6,2010,264958,0,0,1,0,01,2026
1,2507,47,5,2010,5334257,0,0,1,0,01,2026
1,2507,47,5,2010,201090,0,0,2,0,01,2026
1,2507,48,5,2010,17030390,0,0,1,0,01,2026
1,2507,48,5,2010,32512,0,0,1,1,01,2026
1,2507,48,5,2010,647310,0,0,2,0,01,2026
1,2507,49,5,2010,2467654,0,0,1,0,01,2026
1,2507,49,5,2010,229643,0,0,2,0,01,2026
1,2507,52,5,2010,44505,0,0,1,0,01,2026
1,2507,54,5,2010,169148,0,0,1,0,01,2026
1,2507,54,5,2010,11846,0,0,2,0,01,2026
1,2507,55,5,2010,89395,0,0,1,0,01,2026
1,2507,56,5,2010,1130367,0,0,1,0,01,2026
1,2507,56,5,2010,136628,0,0,2,0,01,2026
1,2507,58,5,2010,520484,0,0,1,0,01,2026
1,2507,58,5,2010,49985,0,0,2,0,01,2026
1,2507,59,5,2010,525507,0,0,1,0,01,2026
1,2507,59,5,2010,244755,0,0,2,0,01,2026
1,2507,60,5,2010,106912,0,0,1,0,01,2026
1,2507,61,5,2010,42840,0,0,1,0,01,2026
1,2507,61,5,2010,449898,0,0,2,0,01,2026
1,2507,62,5,2010,220625,0,0,1,0,01,2026
1,2507,62,5,2010,1876665,0,0,2,0,01,2026
1,2507,63,5,2010,1393805,0,0,1,0,01,2026
1,2507,63,5,2010,2672626,0,0,2,0,01,2026
1,2507,64,5,2010,240757,0,0,2,0,01,2026
1,2507,65,5,2010,3151966,0,0,2,0,01,2026
1,2507,68,5,2010,2014219,0,0,1,0,01,2026
1,2507,68,5,2010,3644,0,0,1,1,01,2026
1,2507,68,5,2010,190718,0,0,2,0,01,2026
1,2507,69,5,2010,76070,0,0,1,0,01,2026
1,2507,69,5,2010,21881,0,0,2,0,01,2026
1,2507,70,5,2010,2309887,0,0,1,0,01,2026
1,2507,70,5,2010,151343,0,0,2,0,01,2026
1,2507,71,5,2010,589593,0,0,1,0,01,2026
1,2507,71,5,2010,179587,0,0,2,0,01,2026
1,2507,72,5,2010,12130177,0,0,1,0,01,2026
1,2507,72,5,2010,1298166,0,0,2,0,01,2026
1,2507,72,6,2010,171684,0,0,1,1,01,2026
1,2507,73,5,2010,14338648,0,0,1,0,01,2026
1,2507,73,5,2010,217392,0,0,1,1,01,2026
1,2507,73,5,2010,5507137,0,0,2,0,01,2026
1,2507,74,5,2010,4640239,0,0,1,0,01,2026
1,2507,74,5,2010,42462,0,0,2,0,01,2026
1,2507,75,5,2010,996622,0,0,1,0,01,2026
1,2507,75,5,2010,1402647,0,0,2,0,01,2026
1,2507,76,5,2010,7680254,0,0,1,0,01,2026
1,2507,76,5,2010,2107015,0,0,2,0,01,2026
1,2507,79,5,2010,267538,0,0,1,0,01,2026
1,2507,79,5,2010,58450,0,0,2,0,01,2026
1,2507,80,5,2010,44557,0,0,1,0,01,2026
1,2507,80,5,2010,107300,0,0,2,0,01,2026
1,2507,81,5,2010,4963798,0,0,1,0,01,2026
1,2507,81,5,2010,883118,0,0,2,0,01,2026
1,2507,82,5,2010,1010828,0,0,1,0,01,2026
1,2507,82,5,2010,22073,0,0,1,1,01,2026
1,2507,82,5,2010,385915,0,0,2,0,01,2026
1,2507,83,5,2010,10102195,0,0,1,0,01,2026
1,2507,83,5,2010,277376,0,0,2,0,01,2026
1,2507,84,5,2010,55994243,0,0,1,0,01,2026
1,2507,84,5,2010,46142,0,0,1,1,01,2026
1,2507,84,5,2010,28994384,0,0,2,0,01,2026
1,2507,84,8,2010,2032873,0,0,1,X,01,2026
1,2507,85,5,2010,74874405,0,0,1,0,01,2026
1,2507,85,5,2010,143105,0,0,1,1,01,2026
1,2507,85,5,2010,34387321,0,0,2,0,01,2026
1,2507,86,5,2010,77650,0,0,1,0,01,2026
1,2507,87,5,2010,30681651,0,0,1,0,01,2026
1,2507,87,5,2010,413283,0,0,2,0,01,2026
1,2507,87,8,2010,9178292,0,0,1,X,01,2026
1,2507,88,5,2010,21735595,0,0,1,0,01,2026
1,2507,88,5,2010,6846031,0,0,2,0,01,2026
1,2507,89,5,2010,3020,0,0,1,0,01,2026
1,2507,90,5,2010,55376865,0,0,1,0,01,2026
1,2507,90,5,2010,34492274,0,0,2,0,01,2026
1,2507,91,5,2010,185917,0,0,1,0,01,2026
1,2507,91,5,2010,214634,0,0,2,0,01,2026
1,2507,94,5,2010,2550756,0,0,1,0,01,2026
1,2507,94,5,2010,9123,0,0,1,1,01,2026
1,2507,94,5,2010,431711,0,0,2,0,01,2026
1,2507,95,5,2010,17076,0,0,1,0,01,2026
1,2507,95,5,2010,135191,0,0,2,0,01,2026
1,2507,96,5,2010,7334583,0,0,1,0,01,2026
1,2507,96,5,2010,729643,0,0,2,0,01,2026
1,2507,98,5,2010,121203,0,0,1,0,01,2026
1,25XX,30,3,1220,52027,3,514,1,X,01,2026
1,25XX,38,3,1220,7573,24,129,1,X,01,2026
1,25XX,85,3,1220,3819,20,74,1,X,01,2026
1,25XX,90,3,1220,62238,165,213,2,X,01,2026
1,2601,04,5,2010,10515,0,0,1,0,01,2026
1,2601,11,5,2010,21858,0,0,1,0,01,2026
1,2601,15,5,2010,50725,0,0,1,0,01,2026
1,2601,21,5,2010,14933,0,0,1,0,01,2026
1,2601,22,8,2010,12198,0,0,2,X,01,2026
1,2601,23,5,2010,31575,0,0,1,0,01,2026
1,2601,24,5,2010,1187736,0,0,1,0,01,2026
1,2601,24,8,2010,26120,0,0,1,X,01,2026
1,2601,25,5,2010,44693,0,0,1,0,01,2026
1,2601,26,5,2010,5530190,0,0,1,0,01,2026
1,2601,27,7,2010,19078010,0,0,1,X,01,2026
1,2601,28,5,2010,260637,0,0,1,0,01,2026
1,2601,30,5,2010,109103,0,0,1,0,01,2026
1,2601,30,5,2010,92400,0,0,2,0,01,2026
1,2601,32,5,2010,88695,0,0,1,0,01,2026
1,2601,32,5,2010,4423,0,0,2,0,01,2026
1,2601,33,5,2010,74294,0,0,1,0,01,2026
1,2601,34,5,2010,135713,0,0,1,0,01,2026
1,2601,35,5,2010,246858,0,0,1,0,01,2026
1,2601,35,5,2010,18499,0,0,2,0,01,2026
1,2601,38,5,2010,2739536,0,0,1,0,01,2026
1,2601,38,5,2010,13674,0,0,2,0,01,2026
1,2601,39,5,2010,3794492,0,0,1,0,01,2026
1,2601,39,5,2010,729452,0,0,2,0,01,2026
1,2601,40,5,2010,3332312,0,0,1,0,01,2026
1,2601,40,5,2010,49268,0,0,2,0,01,2026
1,2601,44,5,2010,35062,0,0,1,0,01,2026
1,2601,44,5,2010,7554,0,0,2,0,01,2026
1,2601,47,5,2010,212650,0,0,1,0,01,2026
1,2601,48,5,2010,1837899,0,0,1,0,01,2026
1,2601,48,5,2010,61086,0,0,2,0,01,2026
1,2601,49,5,2010,133115,0,0,1,0,01,2026
1,2601,52,5,2010,4189,0,0,1,0,01,2026
1,2601,54,5,2010,105913,0,0,1,0,01,2026
1,2601,54,5,2010,29873,0,0,2,0,01,2026
1,2601,55,5,2010,9426,0,0,1,0,01,2026
1,2601,56,5,2010,1411841,0,0,1,0,01,2026
1,2601,56,5,2010,131606,0,0,2,0,01,2026
1,2601,58,5,2010,129787,0,0,1,0,01,2026
1,2601,58,5,2010,11173,0,0,2,0,01,2026
1,2601,59,5,2010,288615,0,0,1,0,01,2026
1,2601,59,5,2010,57021,0,0,2,0,01,2026
1,2601,60,5,2010,582315,0,0,1,0,01,2026
1,2601,61,5,2010,65150,0,0,1,0,01,2026
1,2601,61,5,2010,137661,0,0,2,0,01,2026
1,2601,62,5,2010,134125,0,0,1,0,01,2026
1,2601,63,5,2010,64882,0,0,1,0,01,2026
1,2601,63,5,2010,67032,0,0,2,0,01,2026
1,2601,64,5,2010,56569,0,0,1,0,01,2026
1,2601,65,5,2010,49394,0,0,1,0,01,2026
1,2601,68,5,2010,86434,0,0,1,0,01,2026
1,2601,69,5,2010,58325,0,0,1,0,01,2026
1,2601,70,5,2010,112012,0,0,1,0,01,2026
1,2601,71,5,2010,134743,0,0,1,0,01,2026
1,2601,72,5,2010,125413,0,0,1,0,01,2026
1,2601,72,5,2010,7094,0,0,2,0,01,2026
1,2601,73,5,2010,1190737,0,0,1,0,01,2026
1,2601,73,5,2010,368250,0,0,2,0,01,2026
1,2601,74,5,2010,8283435,0,0,1,0,01,2026
1,2601,74,5,2010,23058,0,0,2,0,01,2026
1,2601,76,5,2010,539774,0,0,1,0,01,2026
1,2601,76,5,2010,25265,0,0,2,0,01,2026
1,2601,80,5,2010,8745,0,0,1,0,01,2026
1,2601,82,5,2010,114543,0,0,1,0,01,2026
1,2601,82,5,2010,12958,0,0,2,0,01,2026
1,2601,83,5,2010,189243,0,0,1,0,01,2026
1,2601,83,5,2010,32346,0,0,2,0,01,2026
1,2601,84,5,2010,2610688,0,0,1,0,01,2026
1,2601,84,5,2010,503005,0,0,2,0,01,2026
1,2601,85,5,2010,6040811,0,0,1,0,01,2026
1,2601,85,5,2010,4895939,0,0,2,0,01,2026
1,2601,87,5,2010,4753703,0,0,1,0,01,2026
1,2601,87,5,2010,7360,0,0,2,0,01,2026
1,2601,87,8,2010,4290,0,0,1,X,01,2026
1,2601,90,5,2010,410771,0,0,1,0,01,2026
1,2601,90,5,2010,333073,0,0,2,0,01,2026
1,2601,94,5,2010,80062,0,0,1,0,01,2026
1,2601,94,5,2010,60943,0,0,2,0,01,2026
1,2601,95,5,2010,211697,0,0,1,0,01,2026
1,2601,96,5,2010,121339,0,0,1,0,01,2026
1,2602,84,8,2010,40000,0,0,1,X,01,2026
1,2602,87,8,2010,25040,0,0,1,X,01,2026
1,2603,28,5,2010,3420,0,0,1,0,01,2026
1,2603,32,5,2010,40896,0,0,1,0,01,2026
1,2603,38,5,2010,16794,0,0,1,0,01,2026
1,2603,39,5,2010,14551,0,0,1,0,01,2026
1,2603,39,5,2010,4961,0,0,1,1,01,2026
1,2603,40,5,2010,26930,0,0,1,0,01,2026
1,2603,40,5,2010,22136,0,0,2,0,01,2026
1,2603,68,5,2010,56037,0,0,1,0,01,2026
1,2603,69,5,2010,7082,0,0,1,0,01,2026
1,2603,69,5,2010,51156,0,0,2,0,01,2026
1,2603,72,5,2010,13483,0,0,1,0,01,2026
1,2603,73,5,2010,139647,0,0,1,0,01,2026
1,2603,73,5,2010,24009,0,0,2,0,01,2026
1,2603,74,5,2010,30646,0,0,1,0,01,2026
1,2603,74,5,2010,9490,0,0,2,0,01,2026
1,2603,75,5,2010,2625,0,0,1,0,01,2026
1,2603,83,5,2010,5488,0,0,2,0,01,2026
1,2603,84,5,2010,1267788,0,0,1,0,01,2026
1,2603,84,5,2010,496771,0,0,2,0,01,2026
1,2603,85,5,2010,203394,0,0,1,0,01,2026
1,2603,85,5,2010,176466,0,0,2,0,01,2026
1,2603,87,5,2010,344991,0,0,1,0,01,2026
1,2603,87,5,2010,57671,0,0,2,0,01,2026
1,2603,88,5,2010,3907,0,0,2,0,01,2026
1,2603,90,5,2010,25466,0,0,1,0,01,2026
1,2603,90,5,2010,15046,0,0,2,0,01,2026
1,2603,94,5,2010,2610,0,0,1,0,01,2026
1,2604,01,5,2010,19800,0,0,1,0,01,2026
1,2604,02,5,2010,5574722,0,0,1,0,01,2026
1,2604,04,5,2010,643476,0,0,1,0,01,2026
1,2604,05,5,2010,944059,0,0,1,0,01,2026
1,2604,06,5,2010,116700,0,0,1,0,01,2026
1,2604,07,5,2010,620653,0,0,1,0,01,2026
1,2604,07,5,2010,23520,0,0,1,1,01,2026
1,2604,07,5,2010,539201,0,0,2,0,01,2026
1,2604,07,5,2010,9541,0,0,2,1,01,2026
1,2604,08,5,2010,30736516,0,0,1,0,01,2026
1,2604,09,5,2010,13028,0,0,1,0,01,2026
1,2604,10,5,2010,601215,0,0,1,0,01,2026
1,2604,10,6,2010,36984170,0,0,1,0,01,2026
1,2604,11,5,2010,60270,0,0,1,0,01,2026
1,2604,11,6,2010,7690652,0,0,1,1,01,2026
1,2604,12,5,2010,200882,0,0,1,0,01,2026
1,2604,12,5,2010,101834,0,0,1,1,01,2026
1,2604,12,5,2010,4971230,0,0,2,0,01,2026
1,2604,12,5,2010,1981247,0,0,2,1,01,2026
1,2604,12,8,2010,19060,0,0,1,X,01,2026
1,2604,15,5,2010,132522,0,0,1,0,01,2026
1,2604,15,5,2010,41924,0,0,2,0,01,2026
1,2604,16,5,2010,816959,0,0,1,0,01,2026
1,2604,17,5,2010,6434,0,0,1,0,01,2026
1,2604,17,6,2010,1794780,0,0,1,0,01,2026
1,2604,19,5,2010,476230,0,0,1,0,01,2026
1,2604,20,5,2010,3476831,0,0,1,0,01,2026
1,2604,20,6,2010,4144684,0,0,1,0,01,2026
1,2604,21,5,2010,746247,0,0,1,0,01,2026
1,2604,21,5,2010,160505,0,0,1,1,01,2026
1,2604,21,5,2010,25504,0,0,2,0,01,2026
1,2604,22,5,2010,1123689,0,0,1,0,01,2026
1,2604,22,5,2010,29120,0,0,2,0,01,2026
1,2604,23,5,2010,2022477,0,0,1,0,01,2026
1,2604,23,5,2010,8683,0,0,2,0,01,2026
1,2604,23,6,2010,19427108,0,0,1,0,01,2026
1,2604,23,8,2010,6906,0,0,1,X,01,2026
1,2604,25,5,2010,171193,0,0,1,0,01,2026
1,2604,26,5,2010,108000000,0,0,1,0,01,2026
1,2604,26,6,2010,52052210,0,0,1,0,01,2026
1,2604,27,5,2010,16070430,0,0,1,0,01,2026
1,2604,27,5,2010,48646,0,0,2,0,01,2026
1,2604,27,6,2010,7110177,0,0,1,0,01,2026
1,2604,27,6,2010,3255124,0,0,1,1,01,2026
1,2604,28,5,2010,8785630,0,0,1,0,01,2026
1,2604,28,5,2010,103546,0,0,1,1,01,2026
1,2604,28,5,2010,65428,0,0,2,0,01,2026
1,2604,28,6,2010,1920013,0,0,1,0,01,2026
1,2604,28,8,2010,650526,0,0,1,X,01,2026
1,2604,29,5,2010,420417,0,0,1,0,01,2026
1,2604,29,5,2010,66675,0,0,2,0,01,2026
1,2604,29,6,2010,70319,0,0,1,0,01,2026
1,2604,30,5,2010,44477,0,0,1,0,01,2026
1,2604,30,5,2010,26144,0,0,1,1,01,2026
1,2604,31,5,2010,1130327,0,0,1,0,01,2026
1,2604,31,6,2010,66918,0,0,1,0,01,2026
1,2604,31,6,2010,301049,0,0,2,0,01,2026
1,2604,32,5,2010,2361727,0,0,1,0,01,2026
1,2604,32,5,2010,69278,0,0,1,1,01,2026
1,2604,32,5,2010,74274,0,0,2,0,01,2026
1,2604,32,8,2010,33814,0,0,1,X,01,2026
1,2604,33,5,2010,3363786,0,0,1,0,01,2026
1,2604,33,5,2010,2717,0,0,2,1,01,2026
1,2604,34,5,2010,1127790,0,0,1,0,01,2026
1,2604,34,5,2010,114818,0,0,1,1,01,2026
1,2604,34,5,2010,46098,0,0,2,0,01,2026
1,2604,34,8,2010,2729,0,0,1,X,01,2026
1,2604,35,5,2010,1803295,0,0,1,0,01,2026
1,2604,35,5,2010,4991,0,0,1,1,01,2026
1,2604,35,5,2010,166325,0,0,2,0,01,2026
1,2604,35,8,2010,3894,0,0,1,X,01,2026
1,2604,36,5,2010,200803,0,0,1,0,01,2026
1,2604,37,5,2010,19363,0,0,1,0,01,2026
1,2604,37,5,2010,139786,0,0,2,0,01,2026
1,2604,38,5,2010,4432008,0,0,1,0,01,2026
1,2604,38,5,2010,33711,0,0,1,1,01,2026
1,2604,38,5,2010,154870,0,0,2,0,01,2026
1,2604,38,6,2010,498228,0,0,1,0,01,2026
1,2604,38,8,2010,94024,0,0,1,X,01,2026
1,2604,39,3,2010,36655,32,0,1,0,01,2026
1,2604,39,5,2010,53802902,0,0,1,0,01,2026
1,2604,39,5,2010,6208567,0,0,1,1,01,2026
1,2604,39,5,2010,8415406,0,0,2,0,01,2026
1,2604,39,5,2010,180272,0,0,2,1,01,2026
1,2604,39,6,2010,5868144,0,0,1,0,01,2026
1,2604,39,6,2010,482339,0,0,1,1,01,2026
1,2604,39,8,2010,510393,0,0,1,X,01,2026
1,2604,39,8,2010,36112,0,0,2,X,01,2026
1,2604,40,5,2010,10201040,0,0,1,0,01,2026
1,2604,40,5,2010,6794,0,0,1,1,01,2026
1,2604,40,5,2010,3506539,0,0,2,0,01,2026
1,2604,40,8,2010,117918,0,0,1,X,01,2026
1,2604,40,8,2010,18570,0,0,2,X,01,2026
1,2604,41,5,2010,41434,0,0,1,0,01,2026
1,2604,41,5,2010,61289,0,0,2,0,01,2026
1,2604,42,5,2010,34140,0,0,1,0,01,2026
1,2604,42,5,2010,507190,0,0,2,0,01,2026
1,2604,44,5,2010,580263,0,0,1,0,01,2026
1,2604,44,5,2010,4760,0,0,1,1,01,2026
1,2604,44,5,2010,118583,0,0,2,0,01,2026
1,2604,44,8,2010,29225,0,0,1,X,01,2026
1,2604,47,5,2010,373939,0,0,1,0,01,2026
1,2604,47,6,2010,12729,0,0,1,0,01,2026
1,2604,48,5,2010,9530369,0,0,1,0,01,2026
1,2604,48,5,2010,2063516,0,0,1,1,01,2026
1,2604,48,5,2010,420301,0,0,2,0,01,2026
1,2604,48,5,2010,23247,0,0,2,1,01,2026
1,2604,48,6,2010,10898036,0,0,1,0,01,2026
1,2604,48,8,2010,23038,0,0,1,X,01,2026
1,2604,48,8,2010,5474,0,0,2,X,01,2026
1,2604,49,5,2010,2529889,0,0,1,0,01,2026
1,2604,49,5,2010,3080,0,0,2,0,01,2026
1,2604,53,5,2010,20888,0,0,2,0,01,2026
1,2604,54,5,2010,202961,0,0,1,0,01,2026
1,2604,54,5,2010,74121,0,0,1,1,01,2026
1,2604,54,5,2010,75905,0,0,2,0,01,2026
1,2604,54,5,2010,133953,0,0,2,1,01,2026
1,2604,55,5,2010,46123,0,0,1,0,01,2026
1,2604,56,5,2010,3638807,0,0,1,0,01,2026
1,2604,56,5,2010,31237,0,0,1,1,01,2026
1,2604,56,5,2010,25422,0,0,2,0,01,2026
1,2604,56,5,2010,10392,0,0,2,1,01,2026
1,2604,56,8,2010,4233,0,0,1,X,01,2026
1,2604,57,5,2010,99880,0,0,1,0,01,2026
1,2604,57,5,2010,62888,0,0,2,0,01,2026
1,2604,58,5,2010,513586,0,0,1,0,01,2026
1,2604,58,5,2010,3567,0,0,1,1,01,2026
1,2604,58,5,2010,68216,0,0,2,0,01,2026
1,2604,59,5,2010,1613145,0,0,1,0,01,2026
1,2604,59,5,2010,244299,0,0,2,0,01,2026
1,2604,60,5,2010,27743,0,0,1,0,01,2026
1,2604,60,5,2010,8276,0,0,2,0,01,2026
1,2604,61,5,2010,5040,0,0,1,0,01,2026
1,2604,61,5,2010,13224,0,0,1,1,01,2026
1,2604,61,5,2010,18498,0,0,2,0,01,2026
1,2604,62,5,2010,341399,0,0,1,0,01,2026
1,2604,62,5,2010,270711,0,0,2,0,01,2026
1,2604,63,5,2010,809119,0,0,1,0,01,2026
1,2604,63,5,2010,15984,0,0,1,1,01,2026
1,2604,63,5,2010,47597,0,0,2,0,01,2026
1,2604,63,8,2010,5279,0,0,1,X,01,2026
1,2604,63,8,2010,2973,0,0,2,X,01,2026
1,2604,64,5,2010,55796,0,0,2,0,01,2026
1,2604,65,5,2010,9996,0,0,2,0,01,2026
1,2604,68,5,2010,420893,0,0,1,0,01,2026
1,2604,68,5,2010,5226,0,0,1,1,01,2026
1,2604,68,5,2010,139023,0,0,2,0,01,2026
1,2604,68,8,2010,5447,0,0,1,X,01,2026
1,2604,69,5,2010,146126,0,0,1,0,01,2026
1,2604,69,5,2010,4048,0,0,1,1,01,2026
1,2604,69,5,2010,189128,0,0,2,0,01,2026
1,2604,69,8,2010,13620,0,0,1,X,01,2026
1,2604,70,5,2010,620207,0,0,1,0,01,2026
1,2604,70,5,2010,67029,0,0,1,1,01,2026
1,2604,70,5,2010,125782,0,0,2,0,01,2026
1,2604,70,8,2010,202852,0,0,1,X,01,2026
1,2604,70,8,2010,9169,0,0,2,X,01,2026
1,2604,71,5,2010,603717,0,0,1,0,01,2026
1,2604,71,5,2010,127082,0,0,2,0,01,2026
1,2604,72,5,2010,6565491,0,0,1,0,01,2026
1,2604,72,5,2010,16914,0,0,1,1,01,2026
1,2604,72,5,2010,319327,0,0,2,0,01,2026
1,2604,72,6,2010,5501115,0,0,1,0,01,2026
1,2604,73,3,2010,14700,32,0,1,0,01,2026
1,2604,73,5,2010,13090576,0,0,1,0,01,2026
1,2604,73,5,2010,119268,0,0,1,1,01,2026
1,2604,73,5,2010,1580244,0,0,2,0,01,2026
1,2604,73,5,2010,10299,0,0,2,1,01,2026
1,2604,73,8,2010,822471,0,0,1,X,01,2026
1,2604,73,8,2010,64114,0,0,2,X,01,2026
1,2604,74,5,2010,7622601,0,0,1,0,01,2026
1,2604,74,5,2010,9594338,0,0,1,1,01,2026
1,2604,74,5,2010,1356494,0,0,2,0,01,2026
1,2604,74,5,2010,5739,0,0,2,1,01,2026
1,2604,74,8,2010,378022,0,0,1,X,01,2026
1,2604,74,8,2010,15523,0,0,2,X,01,2026
1,2604,75,5,2010,2885550,0,0,1,0,01,2026
1,2604,75,5,2010,259389,0,0,2,0,01,2026
1,2604,75,8,2010,6773,0,0,1,X,01,2026
1,2604,76,5,2010,9091948,0,0,1,0,01,2026
1,2604,76,5,2010,202633,0,0,1,1,01,2026
1,2604,76,5,2010,246843,0,0,2,0,01,2026
1,2604,76,8,2010,294038,0,0,1,X,01,2026
1,2604,76,8,2010,119842,0,0,2,X,01,2026
1,2604,78,5,2010,2659,0,0,1,0,01,2026
1,2604,79,5,2010,117682,0,0,1,0,01,2026
1,2604,79,5,2010,175035,0,0,2,0,01,2026
1,2604,80,5,2010,84604,0,0,1,0,01,2026
1,2604,80,5,2010,6315,0,0,2,0,01,2026
1,2604,81,5,2010,603141,0,0,1,0,01,2026
1,2604,81,5,2010,163935,0,0,2,0,01,2026
1,2604,82,5,2010,1153521,0,0,1,0,01,2026
1,2604,82,5,2010,74428,0,0,1,1,01,2026
1,2604,82,5,2010,389520,0,0,2,0,01,2026
1,2604,82,8,2010,43559,0,0,1,X,01,2026
1,2604,82,8,2010,11842,0,0,2,X,01,2026
1,2604,83,5,2010,4831447,0,0,1,0,01,2026
1,2604,83,5,2010,2640,0,0,1,1,01,2026
1,2604,83,5,2010,1284861,0,0,2,0,01,2026
1,2604,83,8,2010,152526,0,0,1,X,01,2026
1,2604,83,8,2010,13200,0,0,2,X,01,2026
1,2604,84,5,2010,40497261,0,0,1,0,01,2026
1,2604,84,5,2010,435427,0,0,1,1,01,2026
1,2604,84,5,2010,44427018,0,0,2,0,01,2026
1,2604,84,5,2010,481681,0,0,2,1,01,2026
1,2604,84,8,2010,701723,0,0,1,X,01,2026
1,2604,84,8,2010,41253,0,0,2,X,01,2026
1,2604,85,3,2010,51261,29,0,1,0,01,2026
1,2604,85,3,2010,88300,127,0,2,0,01,2026
1,2604,85,5,2010,87268449,0,0,1,0,01,2026
1,2604,85,5,2010,187724,0,0,1,1,01,2026
1,2604,85,5,2010,64422599,0,0,2,0,01,2026
1,2604,85,5,2010,55760,0,0,2,1,01,2026
1,2604,85,8,2010,3429301,0,0,1,X,01,2026
1,2604,85,8,2010,550314,0,0,2,X,01,2026
1,2604,86,5,2010,3660,0,0,1,0,01,2026
1,2604,86,6,2010,84077,0,0,1,1,01,2026
1,2604,87,5,2010,7778063,0,0,1,0,01,2026
1,2604,87,5,2010,21924,0,0,1,1,01,2026
1,2604,87,5,2010,19042728,0,0,2,0,01,2026
1,2604,87,6,2010,95030,0,0,1,1,01,2026
1,2604,87,8,2010,7416436,0,0,1,X,01,2026
1,2604,87,8,2010,2144291,0,0,2,X,01,2026
1,2604,88,5,2010,7346464,0,0,1,0,01,2026
1,2604,88,5,2010,509452,0,0,2,0,01,2026
1,2604,88,8,2010,112797,0,0,1,X,01,2026
1,2604,88,8,2010,14146,0,0,2,X,01,2026
1,2604,89,5,2010,4935,0,0,1,0,01,2026
1,2604,90,5,2010,20037863,0,0,1,0,01,2026
1,2604,90,5,2010,508507,0,0,1,1,01,2026
1,2604,90,5,2010,9871059,0,0,2,0,01,2026
1,2604,90,5,2010,16016,0,0,2,1,01,2026
1,2604,90,8,2010,76840,0,0,1,X,01,2026
1,2604,90,8,2010,105519,0,0,2,X,01,2026
1,2604,91,5,2010,66302,0,0,1,0,01,2026
1,2604,92,5,2010,18056,0,0,1,0,01,2026
1,2604,92,5,2010,15958,0,0,2,0,01,2026
1,2604,94,5,2010,647873,0,0,1,0,01,2026
1,2604,94,5,2010,4490,0,0,1,1,01,2026
1,2604,94,5,2010,431524,0,0,2,0,01,2026
1,2604,94,8,2010,12368,0,0,1,X,01,2026
1,2604,95,5,2010,351258,0,0,1,0,01,2026
1,2604,95,5,2010,4858638,0,0,2,0,01,2026
1,2604,96,5,2010,309927,0,0,1,0,01,2026
1,2604,96,5,2010,6374,0,0,1,1,01,2026
1,2604,96,5,2010,23587,0,0,2,0,01,2026
1,2604,96,8,2010,25611,0,0,1,X,01,2026
1,2604,98,5,2010,12638,0,0,1,0,01,2026
1,2605,39,3,2010,8500,141,0,1,0,01,2026
1,2605,39,3,2010,8604,2,0,2,0,01,2026
1,2605,73,3,2010,81448,1220,0,1,0,01,2026
1,2605,73,3,2010,17819,5,0,2,0,01,2026
1,2605,82,3,2010,7732,3,0,1,0,01,2026
1,2605,83,3,2010,35000,41,0,1,0,01,2026
1,2605,85,3,2010,154802,292,0,1,0,01,2026
1,2605,85,3,2010,272516,586,0,2,0,01,2026
1,2605,88,3,2010,72229,109,0,1,0,01,2026
1,2605,88,3,2010,71568,113,0,2,0,01,2026
1,2605,90,3,2010,7251,86,0,1,0,01,2026
1,2605,90,3,2010,6821,1,0,2,0,01,2026
1,2608,02,5,2010,596632,0,0,1,0,01,2026
1,2608,04,5,2010,158762,0,0,1,0,01,2026
1,2608,06,5,2010,511469,0,0,1,0,01,2026
1,2608,07,5,2010,2782268,0,0,1,0,01,2026
1,2608,08,5,2010,8754064,0,0,1,0,01,2026
1,2608,09,5,2010,58951,0,0,1,0,01,2026
1,2608,09,5,2010,12976,0,0,2,0,01,2026
1,2608,11,5,2010,47327,0,0,1,0,01,2026
1,2608,12,5,2010,209615,0,0,1,0,01,2026
1,2608,12,5,2010,3950,0,0,2,0,01,2026
1,2608,14,5,2010,32598,0,0,2,0,01,2026
1,2608,15,5,2010,117514,0,0,1,0,01,2026
1,2608,17,5,2010,5902,0,0,1,0,01,2026
1,2608,17,5,2010,9000,0,0,2,0,01,2026
1,2608,19,5,2010,57308,0,0,1,0,01,2026
1,2608,20,5,2010,17714,0,0,1,0,01,2026
1,2608,20,5,2010,3180,0,0,2,0,01,2026
1,2608,21,5,2010,5658756,0,0,1,0,01,2026
1,2608,21,5,2010,10800,0,0,2,0,01,2026
1,2608,22,5,2010,4673,0,0,1,0,01,2026
1,2608,22,5,2010,5578,0,0,2,0,01,2026
1,2608,25,5,2010,5150,0,0,1,0,01,2026
1,2608,25,5,2010,3699,0,0,2,0,01,2026
1,2608,27,5,2010,640559,0,0,1,1,01,2026
1,2608,31,5,2010,259927,0,0,1,0,01,2026
1,2608,32,5,2010,107917,0,0,1,0,01,2026
1,2608,32,5,2010,9748,0,0,2,0,01,2026
1,2608,33,5,2010,79101,0,0,1,0,01,2026
1,2608,35,5,2010,51975,0,0,1,0,01,2026
1,2608,38,5,2010,127137,0,0,1,0,01,2026
1,2608,39,5,2010,4228770,0,0,1,0,01,2026
1,2608,39,5,2010,954681,0,0,2,0,01,2026
1,2608,40,5,2010,404003,0,0,1,0,01,2026
1,2608,40,5,2010,53114,0,0,2,0,01,2026
1,2608,41,5,2010,77284,0,0,2,0,01,2026
1,2608,42,5,2010,2675,0,0,2,0,01,2026
1,2608,44,5,2010,386218,0,0,1,0,01,2026
1,2608,44,5,2010,15329,0,0,2,0,01,2026
1,2608,47,5,2010,17296,0,0,1,0,01,2026
1,2608,48,5,2010,2812825,0,0,1,0,01,2026
1,2608,48,5,2010,19987,0,0,2,0,01,2026
1,2608,49,5,2010,34140,0,0,1,0,01,2026
1,2608,52,5,2010,211958,0,0,1,0,01,2026
1,2608,54,5,2010,16680,0,0,1,0,01,2026
1,2608,54,5,2010,8151,0,0,2,0,01,2026
1,2608,55,5,2010,6191,0,0,1,0,01,2026
1,2608,55,5,2010,28434,0,0,2,0,01,2026
1,2608,56,5,2010,5855,0,0,2,0,01,2026
1,2608,58,5,2010,4368,0,0,1,0,01,2026
1,2608,58,5,2010,3600,0,0,2,0,01,2026
1,2608,59,5,2010,11286,0,0,1,0,01,2026
1,2608,59,5,2010,38556,0,0,2,0,01,2026
1,2608,60,5,2010,3821,0,0,1,0,01,2026
1,2608,60,8,2010,4500,0,0,1,X,01,2026
1,2608,61,5,2010,667071,0,0,1,0,01,2026
1,2608,61,5,2010,299135,0,0,2,0,01,2026
1,2608,61,8,2010,3218,0,0,2,X,01,2026
1,2608,62,5,2010,45500,0,0,2,0,01,2026
1,2608,63,5,2010,19474,0,0,1,0,01,2026
1,2608,63,5,2010,14340,0,0,2,0,01,2026
1,2608,64,5,2010,97939,0,0,2,0,01,2026
1,2608,67,5,2010,14589,0,0,2,0,01,2026
1,2608,68,5,2010,7571,0,0,1,0,01,2026
1,2608,68,5,2010,90250,0,0,2,0,01,2026
1,2608,70,5,2010,147059,0,0,1,0,01,2026
1,2608,70,5,2010,68234,0,0,2,0,01,2026
1,2608,72,5,2010,109066,0,0,1,0,01,2026
1,2608,73,5,2010,695950,0,0,1,0,01,2026
1,2608,73,5,2010,166836,0,0,2,0,01,2026
1,2608,75,5,2010,32418,0,0,1,0,01,2026
1,2608,76,5,2010,14805,0,0,1,0,01,2026
1,2608,82,5,2010,81656,0,0,2,0,01,2026
1,2608,83,5,2010,392327,0,0,1,0,01,2026
1,2608,83,5,2010,11882,0,0,2,0,01,2026
1,2608,84,5,2010,1234876,0,0,1,0,01,2026
1,2608,84,5,2010,373475,0,0,2,0,01,2026
1,2608,84,8,2010,3600,0,0,1,X,01,2026
1,2608,85,5,2010,587964,0,0,1,0,01,2026
1,2608,85,5,2010,843668,0,0,2,0,01,2026
1,2608,87,5,2010,7863810,0,0,1,0,01,2026
1,2608,87,5,2010,4214957,0,0,2,0,01,2026
1,2608,87,8,2010,29600,0,0,1,X,01,2026
1,2608,90,5,2010,47674,0,0,1,0,01,2026
1,2608,90,5,2010,10618,0,0,2,0,01,2026
1,2608,94,5,2010,487796,0,0,1,0,01,2026
1,2608,94,5,2010,561253,0,0,2,0,01,2026
1,2608,95,5,2010,7673,0,0,1,0,01,2026
1,2608,95,5,2010,327258,0,0,2,0,01,2026
1,2608,96,5,2010,60381,0,0,1,0,01,2026
1,2608,96,5,2010,22280,0,0,2,0,01,2026
1,2609,85,3,2010,8624,2,0,1,0,01,2026
1,2609,85,3,2010,4460,11,0,2,0,01,2026
1,2609,88,3,2010,400000,907,0,1,0,01,2026
1,2609,90,3,2010,17944,5,0,1,0,01,2026
1,26XX,40,3,1220,10193,7,130,1,X,01,2026
1,26XX,83,3,1220,5478,23,498,1,X,01,2026
1,26XX,84,3,1220,30678,240,494,1,X,01,2026
1,26XX,84,3,1220,22684,265,266,2,X,01,2026
1,26XX,85,3,1220,7906,2,260,2,X,01,2026
1,26XX,88,3,1220,73746,30,1446,2,X,01,2026
1,26XX,90,3,1220,8196,131,48,1,X,01,2026
1,2704,08,1,2010,2180772,252136,0,1,1,01,2026
1,2704,47,1,2010,461892,1883060,0,1,1,01,2026
1,2720,01,3,2010,33562,807,0,1,0,01,2026
1,2720,12,3,2010,465783,170,0,2,0,01,2026
1,2720,27,3,2010,4495,3557,0,1,0,01,2026
1,2720,28,3,2010,11886435,2484,0,1,0,01,2026
1,2720,29,3,2010,23110,8,0,1,0,01,2026
1,2720,29,3,2010,16402,561,0,2,0,01,2026
1,2720,30,3,2010,1799083,15064,0,1,0,01,2026
1,2720,30,3,2010,1470052,923,0,1,1,01,2026
1,2720,30,3,2010,16979,128,0,2,0,01,2026
1,2720,32,3,2010,126263,1135,0,1,0,01,2026
1,2720,32,3,2010,107330,523,0,2,0,01,2026
1,2720,33,3,2010,6860,50,0,1,0,01,2026
1,2720,33,3,2010,7728,640,0,2,0,01,2026
1,2720,34,3,2010,99839,1518,0,1,0,01,2026
1,2720,34,3,2010,6723,95,0,2,0,01,2026
1,2720,35,3,2010,35325,267,0,1,0,01,2026
1,2720,36,3,2010,2575,200,0,1,0,01,2026
1,2720,38,3,2010,2430905,16095,0,1,0,01,2026
1,2720,38,3,2010,120174,207,0,2,0,01,2026
1,2720,39,3,2010,514802,9764,0,1,0,01,2026
1,2720,39,3,2010,1392069,14827,0,2,0,01,2026
1,2720,39,3,2010,26232,144,0,2,1,01,2026
1,2720,40,3,2010,9450,9,0,1,0,01,2026
1,2720,42,3,2010,7600,180,0,1,0,01,2026
1,2720,42,3,2010,48553,1704,0,2,0,01,2026
1,2720,48,3,2010,32468,2539,0,1,0,01,2026
1,2720,55,3,2010,32309,2924,0,2,0,01,2026
1,2720,61,3,2010,26748,901,0,1,0,01,2026
1,2720,61,3,2010,91182,5577,0,2,0,01,2026
1,2720,62,3,2010,86225,17984,0,1,0,01,2026
1,2720,62,3,2010,296793,8638,0,2,0,01,2026
1,2720,63,3,2010,4050,14,0,2,0,01,2026
1,2720,68,3,2010,188319,449,0,1,0,01,2026
1,2720,68,3,2010,7604,7,0,2,0,01,2026
1,2720,70,3,2010,24109,284,0,1,0,01,2026
1,2720,71,3,2010,2435982,1049,0,1,0,01,2026
1,2720,71,3,2010,338928,321,0,2,0,01,2026
1,2720,72,3,2010,110700,5506,0,1,0,01,2026
1,2720,73,3,2010,146902,8622,0,1,0,01,2026
1,2720,73,3,2010,64113,1973,0,2,0,01,2026
1,2720,75,3,2010,99369,131,0,1,0,01,2026
1,2720,75,3,2010,14052,2,0,2,0,01,2026
1,2720,76,3,2010,7586,6,0,1,0,01,2026
1,2720,76,3,2010,15657,4,0,2,0,01,2026
1,2720,81,3,2010,5195,2,0,1,0,01,2026
1,2720,82,3,2010,48067,144,0,1,0,01,2026
1,2720,82,3,2010,14880,170,0,2,0,01,2026
1,2720,83,3,2010,1176802,15796,0,1,0,01,2026
1,2720,83,3,2010,114393,132,0,2,0,01,2026
1,2720,84,3,2010,1662390,8887,0,1,0,01,2026
1,2720,84,3,2010,2791112489,225939,0,2,0,01,2026
1,2720,84,3,2010,231222,712,0,2,1,01,2026
1,2720,85,3,2010,2703634,25966,0,1,0,01,2026
1,2720,85,3,2010,78768,68,0,1,1,01,2026
1,2720,85,3,2010,128816361,141212,0,2,0,01,2026
1,2720,85,3,2010,1908207,2616,0,2,1,01,2026
1,2720,87,3,2010,13174,203,0,1,0,01,2026
1,2720,87,3,2010,31583,34545,0,2,0,01,2026
1,2720,88,3,2010,3383947,5817,0,1,0,01,2026
1,2720,88,3,2010,425961,279,0,2,0,01,2026
1,2720,90,3,2010,6437798,10954,0,1,0,01,2026
1,2720,90,3,2010,28273,6,0,1,1,01,2026
1,2720,90,3,2010,4403223,19646,0,2,0,01,2026
1,2720,91,3,2010,5065,7,0,2,0,01,2026
1,2720,94,3,2010,52958,578,0,1,0,01,2026
1,2720,94,3,2010,4000,2,0,2,0,01,2026
1,2720,95,3,2010,38141,843,0,1,0,01,2026
1,2720,95,3,2010,20361,54,0,2,0,01,2026
1,2720,97,3,2010,800470,1348,0,1,0,01,2026
1,2720,98,8,2010,2322604,0,0,1,X,01,2026
1,27XX,01,3,1220,7702,16,211,1,X,01,2026
1,27XX,01,3,1220,10783,103,980,2,X,01,2026
1,27XX,03,3,1220,30919,1259,1020,1,X,01,2026
1,27XX,03,3,1220,252961,22339,19389,2,X,01,2026
1,27XX,06,3,1220,3015,145,363,1,X,01,2026
1,27XX,07,3,1220,3319,431,145,1,X,01,2026
1,27XX,16,3,1220,50145,8603,272,1,X,01,2026
1,27XX,30,3,1220,3774104,5829,4270,1,X,01,2026
1,27XX,30,3,1220,99125,129,319,2,X,01,2026
1,27XX,32,3,1220,42149,15321,209,1,X,01,2026
1,27XX,34,3,1220,9521,221,186,1,X,01,2026
1,27XX,35,3,1220,91171,30,453,1,X,01,2026
1,27XX,38,3,1220,193609,608,1943,1,X,01,2026
1,27XX,39,3,1220,8346,241,163,1,X,01,2026
1,27XX,47,1,2010,46499,243154,0,1,1,01,2026
1,27XX,61,3,1220,40165,558,783,2,X,01,2026
1,27XX,65,3,1220,23296,117,444,2,X,01,2026
1,27XX,67,3,1220,12861,1749,266,2,X,01,2026
1,27XX,69,3,1220,15452,60,285,2,X,01,2026
1,27XX,83,3,1220,3181,197,135,2,X,01,2026
1,27XX,84,3,1220,9868,112,102,1,X,01,2026
1,27XX,84,3,1220,322745,1926,5069,2,X,01,2026
1,27XX,85,3,1220,446690,2969,3523,1,X,01,2026
1,27XX,85,3,1220,127217,825,3774,2,X,01,2026
1,27XX,85,3,2010,2800,70,0,1,0,01,2026
1,27XX,85,3,2010,7020,51,0,2,0,01,2026
1,27XX,88,3,1220,248899,312,962,1,X,01,2026
1,27XX,88,3,1220,21269,101,145,2,X,01,2026
1,27XX,90,3,1220,721567,2477,2788,1,X,01,2026
1,27XX,90,3,1220,16444,22,365,2,X,01,2026
1,27XX,91,3,1220,28998,20,560,2,X,01,2026
1,27XX,93,3,1220,3600,10,21,1,X,01,2026
1,27XX,94,3,1220,2690,30,45,1,X,01,2026
1,27XX,96,3,1220,13204,454,404,2,X,01,2026
1,27XX,97,3,1220,50729,27,1026,1,X,01,2026
1,27XX,98,8,1220,7440,0,145,1,X,01,2026
1,2801,07,3,2010,2636,3918,0,1,0,01,2026
1,2801,12,3,2010,199693,883,0,1,0,01,2026
1,2801,12,3,2010,182834,453,0,2,0,01,2026
1,2801,30,3,2010,55746,244,0,1,0,01,2026
1,2801,38,3,2010,25825,104,0,1,0,01,2026
1,2801,39,3,2010,295780,580,0,1,0,01,2026
1,2801,48,3,2010,25280,1411,0,1,0,01,2026
1,2801,71,3,2010,25452,1,0,1,0,01,2026
1,2801,71,3,2010,96000,75,0,2,0,01,2026
1,2801,73,3,2010,11120,48,0,2,0,01,2026
1,2801,76,3,2010,7057,111,0,1,0,01,2026
1,2801,83,3,2010,108012,490,0,2,0,01,2026
1,2801,84,3,2010,446196,983,0,1,0,01,2026
1,2801,84,3,2010,583746864,99396,0,2,0,01,2026
1,2801,85,3,2010,439049,329,0,1,0,01,2026
1,2801,85,3,2010,22658532,8216,0,2,0,01,2026
1,2801,87,3,2010,23876,547,0,2,0,01,2026
1,2801,88,3,2010,3254,3,0,1,0,01,2026
1,2801,88,3,2010,1778550,82,0,2,0,01,2026
1,2801,90,3,2010,105140,43,0,1,0,01,2026
1,2801,90,3,2010,440292,741,0,2,0,01,2026
1,2801,98,8,2010,6475,0,0,1,X,01,2026
1,28XX,03,3,1220,9076,295,920,1,X,01,2026
1,28XX,17,1,2010,20900,19486,0,1,1,01,2026
1,28XX,20,1,2010,10000,20909,0,1,0,01,2026
1,28XX,20,1,2010,127537,157499,0,1,1,01,2026
1,28XX,22,1,1220,63330,119981,144,1,X,01,2026
1,28XX,22,1,2010,24441,12982,0,1,1,01,2026
1,28XX,27,1,2010,30890000,39323290,0,1,0,01,2026
1,28XX,29,3,1220,2874,2,45,1,X,01,2026
1,28XX,35,1,2010,287428,16842,0,1,1,01,2026
1,28XX,36,3,2010,9408,8,0,1,0,01,2026
1,28XX,38,3,1220,55794,123,1091,1,X,01,2026
1,28XX,40,3,2010,37625,137,0,1,0,01,2026
1,28XX,47,1,2010,197700,714615,0,1,1,01,2026
1,28XX,62,3,1220,2874,18,0,2,X,01,2026
1,28XX,72,1,2010,44520,49699,0,1,1,01,2026
1,28XX,84,3,1220,676209,691,5479,1,X,01,2026
1,28XX,84,3,1220,12430,113,243,2,X,01,2026
1,28XX,84,3,2010,94814,1003,0,1,0,01,2026
1,28XX,85,3,1220,260079,512,3389,1,X,01,2026
1,28XX,85,3,1220,274747,663,5916,2,X,01,2026
1,28XX,85,3,2010,16302,60,0,1,0,01,2026
1,28XX,85,3,2010,4174,3,0,2,0,01,2026
1,28XX,90,3,1220,1328578,1505,6990,1,X,01,2026
1,28XX,90,3,1220,37758,141,93,2,X,01,2026
1,28XX,90,3,2010,2929,8,0,2,0,01,2026
1,28XX,94,3,1220,24234,724,260,1,X,01,2026
1,28XX,98,8,1220,2654,0,251,1,X,01,2026
1,29XX,29,3,1220,5641,817,110,2,X,01,2026
1,29XX,70,3,1220,3291,132,139,2,X,01,2026
1,29XX,74,3,2010,67005,148,0,1,0,01,2026
1,29XX,81,3,1220,3340,78,65,1,X,01,2026
1,29XX,84,3,1220,33124,204,376,1,X,01,2026
1,29XX,84,3,1220,10873,58,211,2,X,01,2026
1,29XX,84,3,2010,593028,515,0,2,0,01,2026
1,29XX,85,3,1220,3053,360,0,1,X,01,2026
1,29XX,85,3,1220,2974,4,58,2,X,01,2026
1,29XX,88,3,1220,9946,8,721,1,X,01,2026
1,29XX,90,3,1220,1912133,301,19063,1,X,01,2026
1,29XX,90,3,2010,10925,6,0,1,0,01,2026
1,29XX,98,8,1220,55161,0,1442,1,X,01,2026
1,3001,03,5,1220,2809,0,301,1,X,01,2026
1,3001,07,5,1220,57068,0,3680,1,X,01,2026
1,3001,08,5,1220,272254,0,28022,1,X,01,2026
1,3001,08,5,1220,23194,0,0,2,X,01,2026
1,3001,11,5,1220,59947,0,9313,1,X,01,2026
1,3001,12,5,1220,52645,0,6303,1,X,01,2026
1,3001,12,5,1220,2597,0,50,2,X,01,2026
1,3001,13,5,1220,16735,0,1003,1,X,01,2026
1,3001,13,5,1220,3198,0,72,2,X,01,2026
1,3001,17,5,1220,17703,0,2872,1,X,01,2026
1,3001,18,5,1220,543024,0,13142,1,X,01,2026
1,3001,19,5,1220,96058,0,2232,1,X,01,2026
1,3001,20,5,1220,165694,0,9335,1,X,01,2026
1,3001,21,5,1220,722287,0,22910,1,X,01,2026
1,3001,21,5,1220,2915,0,36,2,X,01,2026
1,3001,22,5,1220,63587,0,4703,1,X,01,2026
1,3001,22,5,1220,77647,0,59,2,X,01,2026
1,3001,23,5,1220,17531,0,2166,1,X,01,2026
1,3001,25,5,1220,12333,0,345,1,X,01,2026
1,3001,27,5,1220,6100,0,596,1,X,01,2026
1,3001,27,5,1220,6385,0,143,2,X,01,2026
1,3001,28,5,1220,64166,0,1544,1,X,01,2026
1,3001,28,5,1220,115688,0,7072,2,X,01,2026
1,3001,28,6,1220,259952,0,2573,1,X,01,2026
1,3001,29,5,1220,150763,0,9979,1,X,01,2026
1,3001,29,5,1220,44755,0,1549,2,X,01,2026
1,3001,29,6,1220,91408,0,3267,1,X,01,2026
1,3001,30,5,1220,751702,0,10704,1,X,01,2026
1,3001,30,5,1220,715661,0,5059,2,X,01,2026
1,3001,32,5,1220,341327,0,14744,1,X,01,2026
1,3001,32,5,1220,19045,0,442,2,X,01,2026
1,3001,33,5,1220,205407,0,4357,1,X,01,2026
1,3001,33,5,1220,43896,0,1120,2,X,01,2026
1,3001,34,5,1220,127419,0,9177,1,X,01,2026
1,3001,34,5,1220,5415,0,105,2,X,01,2026
1,3001,35,5,1220,458674,0,12863,1,X,01,2026
1,3001,35,5,1220,462684,0,12059,2,X,01,2026
1,3001,38,5,1220,337701,0,14970,1,X,01,2026
1,3001,38,5,1220,10787,0,251,2,X,01,2026
1,3001,38,6,1220,1097105,0,13068,1,X,01,2026
1,3001,39,5,1220,1705716,0,77372,1,X,01,2026
1,3001,39,5,1220,251229,0,12243,2,X,01,2026
1,3001,40,5,1220,681481,0,27790,1,X,01,2026
1,3001,40,5,1220,47613,0,1199,2,X,01,2026
1,3001,40,6,1220,1024218,0,35937,1,X,01,2026
1,3001,41,5,1220,12267,0,1051,1,X,01,2026
1,3001,41,5,1220,4865,0,417,2,X,01,2026
1,3001,42,5,1220,9041,0,308,1,X,01,2026
1,3001,42,5,1220,37832,0,2185,2,X,01,2026
1,3001,44,5,1220,53277,0,4733,1,X,01,2026
1,3001,44,5,1220,5788,0,5,2,X,01,2026
1,3001,44,6,1220,133609,0,2613,1,X,01,2026
1,3001,47,5,1220,102251,0,9392,1,X,01,2026
1,3001,48,5,1220,685028,0,55814,1,X,01,2026
1,3001,48,5,1220,33915,0,1698,2,X,01,2026
1,3001,49,5,1220,344070,0,7923,1,X,01,2026
1,3001,49,5,1220,27835,0,493,2,X,01,2026
1,3001,50,5,1220,5067,0,23,1,X,01,2026
1,3001,51,5,1220,13780,0,313,2,X,01,2026
1,3001,52,5,1220,3925,0,133,2,X,01,2026
1,3001,54,5,1220,11885,0,364,1,X,01,2026
1,3001,54,5,1220,8009,0,156,2,X,01,2026
1,3001,55,5,1220,2697,0,194,2,X,01,2026
1,3001,56,5,1220,88598,0,4955,2,X,01,2026
1,3001,57,5,1220,89417,0,3300,1,X,01,2026
1,3001,57,5,1220,3316,0,122,2,X,01,2026
1,3001,58,5,1220,12444,0,902,1,X,01,2026
1,3001,59,5,1220,34336,0,1941,1,X,01,2026
1,3001,59,5,1220,59111,0,876,2,X,01,2026
1,3001,60,5,1220,15368,0,953,1,X,01,2026
1,3001,61,5,1220,13529,0,529,1,X,01,2026
1,3001,61,5,1220,23771,0,1775,2,X,01,2026
1,3001,62,5,1220,12950,0,405,1,X,01,2026
1,3001,62,5,1220,130342,0,7484,2,X,01,2026
1,3001,63,5,1220,21297,0,418,1,X,01,2026
1,3001,63,5,1220,63852,0,6082,2,X,01,2026
1,3001,64,5,1220,12052,0,236,1,X,01,2026
1,3001,64,5,1220,19408,0,614,2,X,01,2026
1,3001,65,5,1220,25653,0,855,2,X,01,2026
1,3001,67,5,1220,6404,0,177,2,X,01,2026
1,3001,68,5,1220,67044,0,2876,1,X,01,2026
1,3001,68,5,1220,14315,0,1092,2,X,01,2026
1,3001,68,6,1220,29018,0,237,1,X,01,2026
1,3001,69,5,1220,5652,0,111,1,X,01,2026
1,3001,69,5,1220,13613,0,625,2,X,01,2026
1,3001,70,5,1220,68164,0,3393,1,X,01,2026
1,3001,70,5,1220,21703,0,643,2,X,01,2026
1,3001,70,6,1220,4135,0,31,1,X,01,2026
1,3001,71,5,1220,231410,0,2525,1,X,01,2026
1,3001,71,5,1220,3509,0,169,2,X,01,2026
1,3001,72,5,1220,419758,0,25369,1,X,01,2026
1,3001,73,5,1220,851239,0,46503,1,X,01,2026
1,3001,73,5,1220,108977,0,8085,2,X,01,2026
1,3001,74,5,1220,307253,0,4668,1,X,01,2026
1,3001,74,5,1220,19399,0,1135,2,X,01,2026
1,3001,75,5,1220,7707,0,150,1,X,01,2026
1,3001,76,5,1220,375923,0,12065,1,X,01,2026
1,3001,76,5,1220,53927,0,6798,2,X,01,2026
1,3001,81,5,1220,42128,0,217,1,X,01,2026
1,3001,81,5,1220,3604,0,70,2,X,01,2026
1,3001,82,5,1220,189613,0,5651,1,X,01,2026
1,3001,82,5,1220,129622,0,5441,2,X,01,2026
1,3001,83,5,1220,68376,0,1693,1,X,01,2026
1,3001,83,5,1220,46992,0,1957,2,X,01,2026
1,3001,84,5,1220,5555270,0,143039,1,X,01,2026
1,3001,84,5,1220,5097598,0,122293,2,X,01,2026
1,3001,84,6,1220,24508,0,234,1,X,01,2026
1,3001,84,6,1220,2549,0,24,2,X,01,2026
1,3001,84,8,1220,3539,0,10,1,X,01,2026
1,3001,85,5,1220,3254841,0,76718,1,X,01,2026
1,3001,85,5,1220,5187556,0,164487,2,X,01,2026
1,3001,85,6,1220,17526,0,123,1,X,01,2026
1,3001,85,6,1220,8254,0,58,2,X,01,2026
1,3001,86,5,1220,17973,0,294,1,X,01,2026
1,3001,86,5,1220,7402,0,152,2,X,01,2026
1,3001,86,6,1220,18785,0,129,1,X,01,2026
1,3001,87,5,1220,1286237,0,29560,1,X,01,2026
1,3001,87,5,1220,60577,0,1646,2,X,01,2026
1,3001,88,5,1220,323553,0,5002,1,X,01,2026
1,3001,88,5,1220,283101,0,3086,2,X,01,2026
1,3001,89,8,1220,1719217,0,991,1,X,01,2026
1,3001,89,8,1220,5048,0,7,2,X,01,2026
1,3001,90,5,1220,3011035,0,58690,1,X,01,2026
1,3001,90,5,1220,1082740,0,23032,2,X,01,2026
1,3001,91,5,1220,6287,0,109,1,X,01,2026
1,3001,92,5,1220,15907,0,305,1,X,01,2026
1,3001,92,5,1220,12184,0,637,2,X,01,2026
1,3001,93,5,1220,2705,0,68,1,X,01,2026
1,3001,94,5,1220,207370,0,7195,1,X,01,2026
1,3001,94,5,1220,211063,0,8621,2,X,01,2026
1,3001,94,6,1220,2781,0,34,1,X,01,2026
1,3001,95,5,1220,93117,0,4233,1,X,01,2026
1,3001,95,5,1220,160990,0,4841,2,X,01,2026
1,3001,96,5,1220,25729,0,1166,1,X,01,2026
1,3001,96,5,1220,23850,0,1091,2,X,01,2026
1,3001,97,5,1220,18024,0,803,1,X,01,2026
1,3001,97,5,1220,52198,0,360,2,X,01,2026
1,3002,07,5,1220,24585,0,946,1,X,01,2026
1,3002,15,5,1220,14104,0,1721,1,X,01,2026
1,3002,18,5,1220,201395,0,3267,1,X,01,2026
1,3002,23,5,1220,9786,0,1328,1,X,01,2026
1,3002,29,5,1220,10866,0,514,1,X,01,2026
1,3002,29,5,1220,16070,0,1243,2,X,01,2026
1,3002,35,5,1220,34973,0,2081,1,X,01,2026
1,3002,35,5,1220,23354,0,994,2,X,01,2026
1,3002,38,5,1220,30965,0,453,1,X,01,2026
1,3002,39,5,1220,333573,0,9665,1,X,01,2026
1,3002,48,5,1220,72574,0,6716,1,X,01,2026
1,3002,68,5,1220,18476,0,2770,1,X,01,2026
1,3002,71,5,1220,2733,0,130,1,X,01,2026
1,3002,72,5,1220,292394,0,22866,1,X,01,2026
1,3002,73,5,1220,24911,0,1643,1,X,01,2026
1,3002,76,5,1220,32852,0,2715,1,X,01,2026
1,3002,83,5,1220,6619,0,185,1,X,01,2026
1,3002,84,5,1220,11243,0,130,2,X,01,2026
1,3002,85,5,1220,26085,0,1854,1,X,01,2026
1,3002,85,5,1220,20835,0,2356,2,X,01,2026
1,3002,87,5,1220,11450,0,130,1,X,01,2026
1,3002,94,5,1220,5622,0,185,2,X,01,2026
1,3003,19,5,1220,23875,0,466,1,X,01,2026
1,3003,21,5,1220,59971,0,594,1,X,01,2026
1,3003,23,5,1220,3482948,0,34545,1,X,01,2026
1,3003,25,5,1220,13136,0,256,1,X,01,2026
1,3003,39,5,1220,75515,0,1196,1,X,01,2026
1,3003,40,6,1220,1629887,0,20656,1,X,01,2026
1,3003,42,5,1220,90951,0,757,2,X,01,2026
1,3003,44,5,1220,54277,0,549,1,X,01,2026
1,3003,47,5,1220,17817,0,1660,1,X,01,2026
1,3003,47,5,1220,9228,0,326,2,X,01,2026
1,3003,48,5,1220,17338,0,339,1,X,01,2026
1,3003,61,5,1220,26467,0,273,2,X,01,2026
1,3003,62,5,1220,97197,0,1058,2,X,01,2026
1,3003,64,5,1220,268066,0,2711,2,X,01,2026
1,3003,65,5,1220,6867,0,71,2,X,01,2026
1,3003,70,5,1220,167233,0,1644,1,X,01,2026
1,3003,72,5,1220,3550,0,69,1,X,01,2026
1,3003,76,5,1220,14537,0,125,1,X,01,2026
1,3003,81,5,1220,2908,0,56,2,X,01,2026
1,3003,84,5,1220,52607,0,1031,1,X,01,2026
1,3003,84,5,1220,89948,0,1160,2,X,01,2026
1,3003,90,5,1220,29282,0,553,1,X,01,2026
1,3003,95,5,1220,42429,0,601,1,X,01,2026
1,3004,01,5,1220,452858,0,5143,1,X,01,2026
1,3004,02,5,1220,4428687,0,59014,1,X,01,2026
1,3004,03,5,1220,20430555,0,342325,1,X,01,2026
1,3004,03,5,1220,586480,0,9360,2,X,01,2026
1,3004,04,5,1220,4331033,0,35673,1,X,01,2026
1,3004,04,5,1220,409764,0,2771,2,X,01,2026
1,3004,05,5,1220,535980,0,11694,1,X,01,2026
1,3004,05,5,1220,99572,0,1888,2,X,01,2026
1,3004,06,5,1220,2155585,0,43042,1,X,01,2026
1,3004,06,5,1220,44749,0,187,2,X,01,2026
1,3004,07,5,1220,19801277,0,893886,1,X,01,2026
1,3004,07,5,1220,18435099,0,796334,2,X,01,2026
1,3004,07,6,1220,326164,0,32056,1,X,01,2026
1,3004,08,5,1220,57294442,0,810441,1,X,01,2026
1,3004,08,5,1220,27405144,0,479407,2,X,01,2026
1,3004,09,5,1220,3931553,0,72655,1,X,01,2026
1,3004,09,5,1220,3459182,0,56623,2,X,01,2026
1,3004,09,6,1220,136546,0,2190,2,X,01,2026
1,3004,10,5,1220,2081252,0,40828,1,X,01,2026
1,3004,10,5,1220,9653,0,95,2,X,01,2026
1,3004,10,6,1220,810165,0,16777,1,X,01,2026
1,3004,11,5,1220,1974491,0,31233,1,X,01,2026
1,3004,11,5,1220,199645,0,6913,2,X,01,2026
1,3004,11,6,1220,74253,0,1271,1,X,01,2026
1,3004,12,5,1220,3807870,0,65478,1,X,01,2026
1,3004,12,5,1220,251077,0,7247,2,X,01,2026
1,3004,12,6,1220,1033513,0,38479,1,X,01,2026
1,3004,12,8,1220,5023,0,0,1,X,01,2026
1,3004,13,5,1220,163905,0,3185,1,X,01,2026
1,3004,13,5,1220,151045,0,2864,2,X,01,2026
1,3004,14,5,1220,52773,0,3150,1,X,01,2026
1,3004,15,5,1220,1663981,0,23955,1,X,01,2026
1,3004,15,5,1220,1888770,0,25667,2,X,01,2026
1,3004,15,6,1220,489057,0,1123,1,X,01,2026
1,3004,16,5,1220,10783710,0,154074,1,X,01,2026
1,3004,16,5,1220,115070,0,724,2,X,01,2026
1,3004,17,5,1220,723340,0,21617,1,X,01,2026
1,3004,17,5,1220,134724,0,5271,2,X,01,2026
1,3004,17,6,1220,424209,0,16335,1,X,01,2026
1,3004,18,5,1220,3588062,0,37532,1,X,01,2026
1,3004,18,5,1220,238821,0,2654,2,X,01,2026
1,3004,19,5,1220,17777783,0,386829,1,X,01,2026
1,3004,19,5,1220,316536,0,8807,2,X,01,2026
1,3004,20,5,1220,10992743,0,283369,1,X,01,2026
1,3004,20,5,1220,1322639,0,18583,2,X,01,2026
1,3004,20,6,1220,1121182,0,28765,1,X,01,2026
1,3004,21,5,1220,14554671,0,420991,1,X,01,2026
1,3004,21,5,1220,445317,0,12251,2,X,01,2026
1,3004,21,6,1220,268448,0,4951,1,X,01,2026
1,3004,22,5,1220,5700318,0,226723,1,X,01,2026
1,3004,22,5,1220,819593,0,2343,2,X,01,2026
1,3004,22,6,1220,4871230,0,278878,1,X,01,2026
1,3004,22,6,1220,139797,0,140,2,X,01,2026
1,3004,23,5,1220,2946638,0,58329,1,X,01,2026
1,3004,23,5,1220,22450,0,438,2,X,01,2026
1,3004,23,6,1220,343346,0,8243,1,X,01,2026
1,3004,25,5,1220,2012262,0,76694,1,X,01,2026
1,3004,25,5,1220,365371,0,12526,2,X,01,2026
1,3004,25,6,1220,1015333,0,43981,1,X,01,2026
1,3004,25,6,1220,757595,0,27899,2,X,01,2026
1,3004,26,5,1220,556622,0,32682,1,X,01,2026
1,3004,26,5,1220,59581,0,589,2,X,01,2026
1,3004,26,6,1220,148693,0,15010,1,X,01,2026
1,3004,27,5,1220,5869173,0,185709,1,X,01,2026
1,3004,27,5,1220,149312,0,4768,2,X,01,2026
1,3004,27,6,1220,2121138,0,112233,1,X,01,2026
1,3004,28,5,1220,2677393,0,111348,1,X,01,2026
1,3004,28,5,1220,520465,0,6164,2,X,01,2026
1,3004,28,6,1220,600579,0,71874,1,X,01,2026
1,3004,28,6,1220,26176,0,497,2,X,01,2026
1,3004,29,5,1220,1848400,0,47565,1,X,01,2026
1,3004,29,5,1220,1260006,0,15028,2,X,01,2026
1,3004,30,5,1220,4676889,0,56604,1,X,01,2026
1,3004,30,5,1220,583511,0,7394,2,X,01,2026
1,3004,31,5,1220,762679,0,22014,1,X,01,2026
1,3004,31,5,1220,159248,0,5305,2,X,01,2026
1,3004,31,6,1220,9572652,0,421084,2,X,01,2026
1,3004,32,5,1220,7856884,0,201473,1,X,01,2026
1,3004,32,5,1220,245230,0,6336,2,X,01,2026
1,3004,33,5,1220,2376956,0,44421,1,X,01,2026
1,3004,33,5,1220,464297,0,10178,2,X,01,2026
1,3004,34,5,1220,4518397,0,109901,1,X,01,2026
1,3004,34,5,1220,217932,0,5495,2,X,01,2026
1,3004,35,5,1220,4417478,0,85080,1,X,01,2026
1,3004,35,5,1220,404945,0,8469,2,X,01,2026
1,3004,36,5,1220,122214,0,6659,1,X,01,2026
1,3004,36,5,1220,46956,0,3643,2,X,01,2026
1,3004,38,5,1220,7700036,0,193776,1,X,01,2026
1,3004,38,5,1220,504304,0,13395,2,X,01,2026
1,3004,38,6,1220,268422,0,15783,1,X,01,2026
1,3004,39,5,1220,28990683,0,877366,1,X,01,2026
1,3004,39,5,1220,3784517,0,95856,2,X,01,2026
1,3004,39,6,1220,790466,0,23444,1,X,01,2026
1,3004,39,6,1220,1375348,0,26136,2,X,01,2026
1,3004,40,5,1220,2389638,0,54471,1,X,01,2026
1,3004,40,5,1220,1816500,0,41685,2,X,01,2026
1,3004,40,6,1220,29875,0,377,1,X,01,2026
1,3004,41,5,1220,36711,0,652,1,X,01,2026
1,3004,41,5,1220,20793,0,427,2,X,01,2026
1,3004,42,5,1220,126122,0,1797,1,X,01,2026
1,3004,42,5,1220,282867,0,5200,2,X,01,2026
1,3004,44,5,1220,16118934,0,308052,1,X,01,2026
1,3004,44,5,1220,2750621,0,45000,2,X,01,2026
1,3004,44,6,1220,368872,0,7974,1,X,01,2026
1,3004,45,5,1220,7210,0,128,1,X,01,2026
1,3004,45,5,1220,84612,0,1678,2,X,01,2026
1,3004,46,5,1220,20631,0,404,1,X,01,2026
1,3004,46,5,1220,65857,0,3413,2,X,01,2026
1,3004,47,5,1220,70355,0,5203,1,X,01,2026
1,3004,48,5,1220,28643428,0,978308,1,X,01,2026
1,3004,48,5,1220,406226,0,11660,2,X,01,2026
1,3004,48,6,1220,173900,0,3938,1,X,01,2026
1,3004,49,5,1220,2239001,0,31979,1,X,01,2026
1,3004,49,5,1220,1313523,0,9605,2,X,01,2026
1,3004,51,5,1220,4295,0,84,1,X,01,2026
1,3004,51,5,1220,38963,0,694,2,X,01,2026
1,3004,52,5,1220,39074,0,764,1,X,01,2026
1,3004,52,5,1220,228578,0,3010,2,X,01,2026
1,3004,53,5,1220,11594,0,550,1,X,01,2026
1,3004,53,5,1220,7053,0,335,2,X,01,2026
1,3004,54,5,1220,101379,0,3327,1,X,01,2026
1,3004,54,5,1220,47177,0,1092,2,X,01,2026
1,3004,55,5,1220,23298,0,464,1,X,01,2026
1,3004,55,5,1220,60115,0,845,2,X,01,2026
1,3004,56,5,1220,549292,0,12042,1,X,01,2026
1,3004,56,5,1220,149071,0,2453,2,X,01,2026
1,3004,57,5,1220,870578,0,11927,1,X,01,2026
1,3004,57,5,1220,347097,0,6011,2,X,01,2026
1,3004,58,5,1220,78876,0,1483,1,X,01,2026
1,3004,58,5,1220,24401,0,1619,2,X,01,2026
1,3004,59,5,1220,417567,0,8197,1,X,01,2026
1,3004,59,5,1220,52214,0,1701,2,X,01,2026
1,3004,60,5,1220,123206,0,1908,1,X,01,2026
1,3004,60,5,1220,71818,0,2130,2,X,01,2026
1,3004,61,5,1220,87960,0,3375,1,X,01,2026
1,3004,61,5,1220,960753,0,14503,2,X,01,2026
1,3004,62,5,1220,52771,0,1675,1,X,01,2026
1,3004,62,5,1220,837210,0,11876,2,X,01,2026
1,3004,63,5,1220,272421,0,6140,1,X,01,2026
1,3004,63,5,1220,704958,0,13344,2,X,01,2026
1,3004,63,6,1220,4921,0,116,1,X,01,2026
1,3004,64,5,1220,393093,0,10788,2,X,01,2026
1,3004,65,5,1220,111613,0,1246,1,X,01,2026
1,3004,65,5,1220,244417,0,1485,2,X,01,2026
1,3004,66,5,1220,8607,0,442,1,X,01,2026
1,3004,66,5,1220,46050,0,2650,2,X,01,2026
1,3004,67,5,1220,41279,0,1067,2,X,01,2026
1,3004,68,5,1220,10758045,0,646040,1,X,01,2026
1,3004,68,5,1220,337202,0,5517,2,X,01,2026
1,3004,68,6,1220,686235,0,35276,1,X,01,2026
1,3004,69,5,1220,712088,0,20723,1,X,01,2026
1,3004,69,5,1220,450397,0,9066,2,X,01,2026
1,3004,70,5,1220,5355708,0,121389,1,X,01,2026
1,3004,70,5,1220,613578,0,15700,2,X,01,2026
1,3004,71,5,1220,853856,0,12630,1,X,01,2026
1,3004,71,5,1220,641170,0,6239,2,X,01,2026
1,3004,72,5,1220,4487893,0,144159,1,X,01,2026
1,3004,72,5,1220,785658,0,10920,2,X,01,2026
1,3004,72,6,1220,559326,0,10385,1,X,01,2026
1,3004,73,5,1220,8779339,0,203048,1,X,01,2026
1,3004,73,5,1220,2898683,0,59689,2,X,01,2026
1,3004,73,8,1220,5115,0,100,1,X,01,2026
1,3004,74,5,1220,2635536,0,27583,1,X,01,2026
1,3004,74,5,1220,261519,0,3228,2,X,01,2026
1,3004,75,5,1220,44314,0,1093,1,X,01,2026
1,3004,75,5,1220,20022,0,369,2,X,01,2026
1,3004,76,5,1220,9935124,0,212223,1,X,01,2026
1,3004,76,5,1220,696595,0,6486,2,X,01,2026
1,3004,79,5,1220,28306,0,1008,1,X,01,2026
1,3004,79,5,1220,47354,0,663,2,X,01,2026
1,3004,81,5,1220,1033388,0,15002,1,X,01,2026
1,3004,82,5,1220,1165222,0,22632,1,X,01,2026
1,3004,82,5,1220,543301,0,7470,2,X,01,2026
1,3004,83,5,1220,2250468,0,42744,1,X,01,2026
1,3004,83,5,1220,858224,0,14740,2,X,01,2026
1,3004,84,5,1220,60546665,0,957054,1,X,01,2026
1,3004,84,5,1220,82943089,0,854916,2,X,01,2026
1,3004,84,6,1220,8799,0,167,1,X,01,2026
1,3004,84,6,1220,3999,0,78,2,X,01,2026
1,3004,85,5,1220,31670116,0,354747,1,X,01,2026
1,3004,85,5,1220,56246943,0,1195451,2,X,01,2026
1,3004,85,6,1220,14628,0,286,1,X,01,2026
1,3004,86,5,1220,2550346,0,60043,1,X,01,2026
1,3004,86,5,1220,62968,0,1595,2,X,01,2026
1,3004,87,5,1220,26838097,0,391760,1,X,01,2026
1,3004,87,5,1220,8601947,0,114249,2,X,01,2026
1,3004,87,6,1220,35064529,0,281365,1,X,01,2026
1,3004,87,8,1220,120050,0,2122,1,X,01,2026
1,3004,87,8,1220,165115,0,2541,2,X,01,2026
1,3004,88,5,1220,11638854,0,71346,1,X,01,2026
1,3004,88,5,1220,1896116,0,13293,2,X,01,2026
1,3004,89,5,1220,2645835,0,20384,1,X,01,2026
1,3004,89,5,1220,132644,0,1256,2,X,01,2026
1,3004,90,5,1220,21940796,0,293023,1,X,01,2026
1,3004,90,5,1220,9921196,0,160798,2,X,01,2026
1,3004,90,6,1220,3576,0,56,2,X,01,2026
1,3004,91,5,1220,3067,0,23,1,X,01,2026
1,3004,91,5,1220,279642,0,4122,2,X,01,2026
1,3004,92,5,1220,15621,0,420,1,X,01,2026
1,3004,92,5,1220,15699,0,602,2,X,01,2026
1,3004,93,5,1220,1781003,0,56081,1,X,01,2026
1,3004,93,5,1220,35888,0,426,2,X,01,2026
1,3004,94,5,1220,6796763,0,140337,1,X,01,2026
1,3004,94,5,1220,7355654,0,214748,2,X,01,2026
1,3004,95,5,1220,2291021,0,35212,1,X,01,2026
1,3004,95,5,1220,3881872,0,74397,2,X,01,2026
1,3004,96,5,1220,2474594,0,68610,1,X,01,2026
1,3004,96,5,1220,295829,0,7778,2,X,01,2026
1,3004,97,5,1220,105318,0,1261,1,X,01,2026
1,3004,97,5,1220,20031,0,392,2,X,01,2026
1,3004,98,5,1220,190590,0,1843,1,X,01,2026
1,3004,98,5,1220,1211006,0,10209,2,X,01,2026
1,3004,98,8,1220,76409,0,756,1,X,01,2026
1,3005,01,5,1220,4788,0,95,1,X,01,2026
1,3005,17,5,1220,3833,0,190,2,X,01,2026
1,3005,34,5,1220,3376,0,398,1,X,01,2026
1,3005,39,5,1220,80670,0,4422,1,X,01,2026
1,3005,61,5,1220,2838,0,236,2,X,01,2026
1,3005,62,5,1220,15898,0,743,2,X,01,2026
1,3005,68,5,1220,19227,0,208,1,X,01,2026
1,3005,68,5,1220,9758,0,248,2,X,01,2026
1,3005,73,5,1220,14534,0,589,1,X,01,2026
1,3005,73,5,1220,12153,0,1039,2,X,01,2026
1,3005,76,5,1220,2792,0,167,2,X,01,2026
1,3005,83,5,1220,7346,0,112,2,X,01,2026
1,3005,84,5,1220,491732,0,9048,1,X,01,2026
1,3005,84,5,1220,233868,0,5303,2,X,01,2026
1,3005,85,5,1220,193089,0,7128,1,X,01,2026
1,3005,85,5,1220,233954,0,4141,2,X,01,2026
1,3005,87,5,1220,65889,0,2053,1,X,01,2026
1,3005,90,5,1220,7188,0,246,1,X,01,2026
1,3005,90,5,1220,14162,0,196,2,X,01,2026
1,3005,94,5,1220,3035,0,164,1,X,01,2026
1,3007,08,5,1220,3569,0,758,2,X,01,2026
1,3007,89,5,1220,4779,0,59,1,X,01,2026
1,3008,19,5,1220,43528,0,2092,1,X,01,2026
1,3008,21,5,1220,68265,0,2769,1,X,01,2026
1,3008,27,5,1220,5188,0,507,1,X,01,2026
1,3008,28,5,1220,79645,0,650,1,X,01,2026
1,3008,29,5,1220,7846,0,630,1,X,01,2026
1,3008,30,5,1220,102161,0,184,1,X,01,2026
1,3008,32,5,1220,9556,0,929,1,X,01,2026
1,3008,35,5,1220,43214,0,673,1,X,01,2026
1,3008,38,5,1220,14110,0,281,1,X,01,2026
1,3008,39,5,1220,295971,0,784,1,X,01,2026
1,3008,39,5,1220,11433,0,860,2,X,01,2026
1,3008,40,5,1220,30641,0,1485,1,X,01,2026
1,3008,40,5,1220,12788,0,511,2,X,01,2026
1,3008,48,5,1220,12118,0,1615,1,X,01,2026
1,3008,61,5,1220,6044,0,451,2,X,01,2026
1,3008,62,5,1220,32857,0,1010,2,X,01,2026
1,3008,68,5,1220,513906,0,2564,1,X,01,2026
1,3008,70,5,1220,35386,0,966,1,X,01,2026
1,3008,70,5,1220,2896,0,130,2,X,01,2026
1,3008,73,5,1220,9056,0,260,1,X,01,2026
1,3008,73,5,1220,36583,0,480,2,X,01,2026
1,3008,82,5,1220,2667,0,127,2,X,01,2026
1,3008,83,5,1220,2622,0,118,1,X,01,2026
1,3008,84,5,1220,998508,0,25670,1,X,01,2026
1,3008,84,5,1220,925748,0,9755,2,X,01,2026
1,3008,85,5,1220,281681,0,2779,1,X,01,2026
1,3008,85,5,1220,40283,0,562,2,X,01,2026
1,3008,87,5,1220,390583,0,10287,1,X,01,2026
1,3008,87,5,1220,6096,0,114,2,X,01,2026
1,3008,88,5,1220,654235,0,2551,1,X,01,2026
1,3008,88,5,1220,24318,0,185,2,X,01,2026
1,3008,90,5,1220,210255,0,1608,1,X,01,2026
1,3008,90,5,1220,10948,0,304,2,X,01,2026
1,3008,94,5,1220,15051,0,512,1,X,01,2026
1,3009,01,5,1220,1100112,0,17045,1,X,01,2026
1,3009,02,5,1220,131762,0,6117,1,X,01,2026
1,3009,03,5,1220,251331,0,3760,1,X,01,2026
1,3009,05,5,1220,57362,0,689,1,X,01,2026
1,3009,06,5,1220,209398,0,2289,1,X,01,2026
1,3009,07,5,1220,764819,0,59472,1,X,01,2026
1,3009,07,5,1220,46900,0,1805,2,X,01,2026
1,3009,08,5,1220,2114671,0,35414,1,X,01,2026
1,3009,08,5,1220,142466,0,1962,2,X,01,2026
1,3009,09,5,1220,2977,0,82,1,X,01,2026
1,3009,10,5,1220,456197,0,10142,1,X,01,2026
1,3009,10,6,1220,3610073,0,73167,1,X,01,2026
1,3009,11,5,1220,364319,0,3851,1,X,01,2026
1,3009,11,6,1220,69629,0,1364,1,X,01,2026
1,3009,12,5,1220,331652,0,13216,1,X,01,2026
1,3009,12,6,1220,17051,0,246,1,X,01,2026
1,3009,15,5,1220,303027,0,3215,1,X,01,2026
1,3009,15,6,1220,477325,0,4724,2,X,01,2026
1,3009,17,5,1220,24309,0,476,1,X,01,2026
1,3009,17,6,1220,112934,0,1669,1,X,01,2026
1,3009,19,5,1220,52747,0,3669,1,X,01,2026
1,3009,20,5,1220,282312,0,4478,1,X,01,2026
1,3009,21,5,1220,24319,0,1545,1,X,01,2026
1,3009,22,5,1220,22254,0,1726,1,X,01,2026
1,3009,22,6,1220,236122,0,18337,1,X,01,2026
1,3009,23,5,1220,1244264,0,21397,1,X,01,2026
1,3009,23,6,1220,1740373,0,38203,1,X,01,2026
1,3009,23,6,1220,156714,0,21,2,X,01,2026
1,3009,25,5,1220,238868,0,11957,1,X,01,2026
1,3009,25,5,1220,12535,0,804,2,X,01,2026
1,3009,26,5,1220,50745,0,1891,1,X,01,2026
1,3009,27,5,1220,847207,0,17908,1,X,01,2026
1,3009,27,7,1220,2609,0,0,1,X,01,2026
1,3009,28,5,1220,106143,0,2234,1,X,01,2026
1,3009,29,5,1220,135952,0,499,1,X,01,2026
1,3009,30,5,1220,73168,0,1682,1,X,01,2026
1,3009,31,5,1220,364836,0,17363,1,X,01,2026
1,3009,31,5,1220,112990,0,2210,2,X,01,2026
1,3009,31,6,1220,170009,0,1682,1,X,01,2026
1,3009,32,5,1220,111141,0,2841,1,X,01,2026
1,3009,33,5,1220,6359,0,189,2,X,01,2026
1,3009,34,5,1220,54554,0,887,1,X,01,2026
1,3009,35,5,1220,16822,0,695,1,X,01,2026
1,3009,38,5,1220,330276,0,13940,1,X,01,2026
1,3009,38,5,1220,5670,0,399,2,X,01,2026
1,3009,39,5,1220,3528523,0,55556,1,X,01,2026
1,3009,39,5,1220,158087,0,7770,2,X,01,2026
1,3009,40,5,1220,140922,0,2543,1,X,01,2026
1,3009,41,5,1220,4668,0,339,1,X,01,2026
1,3009,42,5,1220,8430,0,208,1,X,01,2026
1,3009,42,5,1220,24585,0,481,2,X,01,2026
1,3009,44,5,1220,3923245,0,58866,1,X,01,2026
1,3009,44,5,1220,834573,0,24619,2,X,01,2026
1,3009,48,5,1220,1050217,0,25204,1,X,01,2026
1,3009,49,5,1220,3401,0,115,1,X,01,2026
1,3009,49,5,1220,5931,0,201,2,X,01,2026
1,3009,56,5,1220,10282,0,203,1,X,01,2026
1,3009,59,5,1220,4810,0,149,1,X,01,2026
1,3009,59,5,1220,8160,0,84,2,X,01,2026
1,3009,61,5,1220,55897,0,520,2,X,01,2026
1,3009,62,5,1220,6887,0,224,1,X,01,2026
1,3009,63,5,1220,9700,0,368,1,X,01,2026
1,3009,68,5,1220,1616995,0,65375,1,X,01,2026
1,3009,68,5,1220,85872,0,935,2,X,01,2026
1,3009,69,5,1220,119645,0,1946,1,X,01,2026
1,3009,69,5,1220,7799,0,142,2,X,01,2026
1,3009,70,5,1220,1861193,0,16095,1,X,01,2026
1,3009,71,5,1220,3745,0,13,2,X,01,2026
1,3009,72,5,1220,267055,0,14578,1,X,01,2026
1,3009,72,5,1220,35261,0,685,2,X,01,2026
1,3009,73,5,1220,571662,0,11827,1,X,01,2026
1,3009,73,5,1220,167666,0,5169,2,X,01,2026
1,3009,73,6,1220,532730,0,16335,1,X,01,2026
1,3009,74,5,1220,6974,0,66,1,X,01,2026
1,3009,74,5,1220,37550,0,693,2,X,01,2026
1,3009,76,5,1220,31826,0,623,1,X,01,2026
1,3009,76,5,1220,81016,0,181,2,X,01,2026
1,3009,82,5,1220,103352,0,3159,1,X,01,2026
1,3009,83,5,1220,16610,0,934,1,X,01,2026
1,3009,84,5,1220,14316729,0,84646,1,X,01,2026
1,3009,84,5,1220,8792316,0,78309,2,X,01,2026
1,3009,85,5,1220,1884094,0,14406,1,X,01,2026
1,3009,85,5,1220,100996,0,1593,2,X,01,2026
1,3009,86,5,1220,742446,0,15879,1,X,01,2026
1,3009,86,5,1220,42169,0,826,2,X,01,2026
1,3009,87,5,1220,8358076,0,88457,1,X,01,2026
1,3009,87,5,1220,5205725,0,51527,2,X,01,2026
1,3009,88,5,1220,216139,0,4306,1,X,01,2026
1,3009,89,5,1220,946285,0,4556,1,X,01,2026
1,3009,89,5,1220,9989,0,195,2,X,01,2026
1,3009,90,5,1220,209113,0,4190,1,X,01,2026
1,3009,90,5,1220,130774,0,1027,2,X,01,2026
1,3009,94,5,1220,133465,0,3125,1,X,01,2026
1,3009,94,5,1220,75112,0,2068,2,X,01,2026
1,3009,95,5,1220,93317,0,2496,1,X,01,2026
1,3009,95,5,1220,77529,0,1260,2,X,01,2026
1,3009,98,5,1220,52015,0,1020,2,X,01,2026
1,3010,17,5,1220,28173,0,2824,1,X,01,2026
1,3010,32,5,1220,3832,0,459,1,X,01,2026
1,3010,34,5,1220,21689,0,1390,1,X,01,2026
1,3010,38,5,1220,51490,0,1336,1,X,01,2026
1,3010,39,5,1220,47968,0,1331,1,X,01,2026
1,3010,39,5,1220,5885,0,208,2,X,01,2026
1,3010,40,5,1220,40104,0,2217,1,X,01,2026
1,3010,48,5,1220,37185,0,4847,1,X,01,2026
1,3010,49,5,1220,14919,0,549,1,X,01,2026
1,3010,57,5,1220,3242,0,119,1,X,01,2026
1,3010,63,5,1220,66589,0,4045,2,X,01,2026
1,3010,73,5,1220,11206,0,387,1,X,01,2026
1,3010,76,5,1220,497122,0,26396,1,X,01,2026
1,3010,84,5,1220,79677,0,2669,1,X,01,2026
1,3010,84,5,1220,77411,0,4023,2,X,01,2026
1,3010,85,5,1220,326553,0,13093,1,X,01,2026
1,3010,85,5,1220,303917,0,5157,2,X,01,2026
1,3010,90,5,1220,90824,0,1068,1,X,01,2026
1,3010,90,5,1220,4971,0,68,2,X,01,2026
1,3011,07,5,1220,89107,0,10540,1,X,01,2026
1,3011,08,5,1220,161900,0,12485,1,X,01,2026
1,3011,09,5,1220,16004,0,1088,2,X,01,2026
1,3011,12,5,1220,47205,0,548,1,X,01,2026
1,3011,15,5,1220,57431,0,1286,2,X,01,2026
1,3011,16,5,1220,17744,0,2375,1,X,01,2026
1,3011,17,5,1220,21037,0,3267,1,X,01,2026
1,3011,18,5,1220,9611,0,1107,1,X,01,2026
1,3011,19,5,1220,78227,0,9801,1,X,01,2026
1,3011,20,5,1220,27676,0,2759,1,X,01,2026
1,3011,21,5,1220,157997,0,3267,1,X,01,2026
1,3011,25,5,1220,5972,0,564,2,X,01,2026
1,3011,27,5,1220,88124,0,8260,1,X,01,2026
1,3011,28,5,1220,65362,0,8346,1,X,01,2026
1,3011,30,5,1220,231260,0,2323,1,X,01,2026
1,3011,30,5,1220,13115,0,132,2,X,01,2026
1,3011,32,5,1220,78200,0,3267,1,X,01,2026
1,3011,33,5,1220,9077,0,329,1,X,01,2026
1,3011,33,5,1220,3067,0,86,2,X,01,2026
1,3011,34,5,1220,8483,0,533,1,X,01,2026
1,3011,35,5,1220,16984,0,1984,1,X,01,2026
1,3011,38,5,1220,135383,0,6534,1,X,01,2026
1,3011,39,5,1220,920668,0,32994,1,X,01,2026
1,3011,39,5,1220,7886,0,564,2,X,01,2026
1,3011,40,5,1220,45039,0,2456,1,X,01,2026
1,3011,44,5,1220,15692,0,1984,1,X,01,2026
1,3011,48,5,1220,221652,0,6827,1,X,01,2026
1,3011,56,5,1220,3372,0,180,1,X,01,2026
1,3011,59,5,1220,44480,0,1943,1,X,01,2026
1,3011,68,5,1220,42762,0,3267,1,X,01,2026
1,3011,70,5,1220,80337,0,3514,1,X,01,2026
1,3011,71,5,1220,6721,0,95,1,X,01,2026
1,3011,73,5,1220,79662,0,3229,1,X,01,2026
1,3011,73,5,1220,49049,0,1965,2,X,01,2026
1,3011,75,5,1220,308074,0,1907,1,X,01,2026
1,3011,76,5,1220,72155,0,8655,1,X,01,2026
1,3011,84,5,1220,453431,0,7228,1,X,01,2026
1,3011,84,5,1220,130931,0,2177,2,X,01,2026
1,3011,85,5,1220,401893,0,7601,1,X,01,2026
1,3011,85,5,1220,38533,0,1336,2,X,01,2026
1,3011,87,5,1220,38516,0,1653,1,X,01,2026
1,3011,87,5,1220,28777,0,1277,2,X,01,2026
1,3011,88,5,1220,985473,0,4753,1,X,01,2026
1,3011,88,5,1220,5612,0,182,2,X,01,2026
1,3012,44,5,1220,12567,0,246,1,X,01,2026
1,3013,73,5,1220,66824,0,671,1,X,01,2026
1,3013,83,5,1220,3399,0,21,1,X,01,2026
1,3013,85,5,1220,2842,0,62,2,X,01,2026
1,3013,95,5,1220,66707,0,2439,2,X,01,2026
1,3014,25,5,1220,17961,0,1695,1,X,01,2026
1,3014,26,5,1220,7054,0,260,1,X,01,2026
1,3014,27,5,1220,31875,0,3117,1,X,01,2026
1,3014,32,5,1220,66317,0,4126,1,X,01,2026
1,3014,34,5,1220,32137,0,3048,1,X,01,2026
1,3014,38,5,1220,16404,0,548,1,X,01,2026
1,3014,39,5,1220,120915,0,7997,1,X,01,2026
1,3014,39,5,1220,85979,0,4187,2,X,01,2026
1,3014,40,5,1220,107510,0,7318,1,X,01,2026
1,3014,40,5,1220,13168,0,719,2,X,01,2026
1,3014,48,5,1220,25373,0,3348,1,X,01,2026
1,3014,59,5,1220,6109,0,130,1,X,01,2026
1,3014,65,5,1220,8148,0,111,1,X,01,2026
1,3014,68,5,1220,36807,0,5518,1,X,01,2026
1,3014,69,5,1220,21783,0,2728,1,X,01,2026
1,3014,72,5,1220,36301,0,2944,1,X,01,2026
1,3014,73,5,1220,4906,0,287,1,X,01,2026
1,3014,75,5,1220,5056,0,275,1,X,01,2026
1,3014,81,5,1220,37773,0,1,1,X,01,2026
1,3014,84,5,1220,367559,0,9126,1,X,01,2026
1,3014,84,5,1220,94173,0,5027,2,X,01,2026
1,3014,85,5,1220,281952,0,5513,1,X,01,2026
1,3014,85,5,1220,46651,0,654,2,X,01,2026
1,3014,87,5,1220,36739,0,1618,1,X,01,2026
1,3014,90,5,1220,31948,0,603,1,X,01,2026
1,3014,90,5,1220,11108,0,143,2,X,01,2026
1,3014,91,5,1220,21353,0,712,2,X,01,2026
1,3014,94,5,1220,13440,0,725,1,X,01,2026
1,3014,94,5,1220,8124,0,315,2,X,01,2026
1,3014,95,5,1220,3575,0,141,2,X,01,2026
1,3015,69,5,1220,4195,0,148,2,X,01,2026
1,3015,85,5,1220,4118,0,90,1,X,01,2026
1,3015,90,5,1220,8003,0,706,1,X,01,2026
1,3015,95,5,1220,6358,0,232,1,X,01,2026
1,3016,06,5,1220,30468,0,596,1,X,01,2026
1,3016,12,5,1220,6257,0,234,1,X,01,2026
1,3016,27,5,1220,29317,0,418,1,X,01,2026
1,3016,28,5,1220,4304,0,149,1,X,01,2026
1,3016,35,5,1220,14793,0,704,1,X,01,2026
1,3016,39,5,1220,270990,0,16555,1,X,01,2026
1,3016,44,5,1220,18456,0,360,1,X,01,2026
1,3016,48,5,1220,52980,0,2154,1,X,01,2026
1,3016,68,5,1220,7985,0,146,1,X,01,2026
1,3016,69,5,1220,15121,0,299,1,X,01,2026
1,3016,70,5,1220,142443,0,1452,1,X,01,2026
1,3016,87,5,1220,20510,0,344,1,X,01,2026
1,3017,23,5,1220,4337,0,167,1,X,01,2026
1,3017,32,5,1220,20265,0,711,1,X,01,2026
1,3017,33,5,1220,31530,0,939,1,X,01,2026
1,3017,48,5,1220,17841,0,725,1,X,01,2026
1,3017,64,5,1220,4268,0,132,2,X,01,2026
1,3017,83,5,1220,9881,0,251,1,X,01,2026
1,3017,84,5,1220,19934,0,591,1,X,01,2026
1,3017,84,5,1220,2855,0,84,2,X,01,2026
1,3017,85,5,1220,7759,0,169,1,X,01,2026
1,3017,85,5,1220,26679,0,583,2,X,01,2026
1,3017,87,5,1220,20006,0,336,1,X,01,2026
1,3017,87,5,1220,2621,0,44,2,X,01,2026
1,3017,90,5,1220,16370,0,417,2,X,01,2026
1,3017,92,5,1220,15730,0,247,1,X,01,2026
1,3017,95,5,1220,21298,0,777,1,X,01,2026
1,3017,95,5,1220,88754,0,3246,2,X,01,2026
1,3017,97,5,1220,12765,0,277,1,X,01,2026
1,3018,48,5,1220,25664,0,1041,1,X,01,2026
1,3018,87,5,1220,331356,0,3267,1,X,01,2026
1,3018,96,5,1220,3149,0,96,1,X,01,2026
1,3019,01,5,1220,11997,0,121,1,X,01,2026
1,3019,04,5,1220,351219,0,5672,1,X,01,2026
1,3019,07,5,1220,265926,0,10279,1,X,01,2026
1,3019,07,5,1220,7837,0,301,2,X,01,2026
1,3019,08,5,1220,230126,0,4498,1,X,01,2026
1,3019,08,5,1220,438850,0,8906,2,X,01,2026
1,3019,09,5,1220,6369,0,124,2,X,01,2026
1,3019,10,5,1220,201133,0,3934,1,X,01,2026
1,3019,11,5,1220,22198,0,533,1,X,01,2026
1,3019,12,5,1220,88881,0,2407,1,X,01,2026
1,3019,17,5,1220,15506,0,303,1,X,01,2026
1,3019,20,5,1220,287239,0,4837,1,X,01,2026
1,3019,21,5,1220,41729,0,817,1,X,01,2026
1,3019,22,5,1220,230438,0,6345,1,X,01,2026
1,3019,23,5,1220,22367,0,353,1,X,01,2026
1,3019,25,5,1220,396225,0,11773,1,X,01,2026
1,3019,27,5,1220,10138,0,921,1,X,01,2026
1,3019,28,5,1220,58245,0,1462,1,X,01,2026
1,3019,29,5,1220,715318,0,10223,1,X,01,2026
1,3019,30,5,1220,21880,0,427,1,X,01,2026
1,3019,31,5,1220,57369,0,1123,1,X,01,2026
1,3019,32,5,1220,202719,0,5608,1,X,01,2026
1,3019,33,5,1220,2871,0,56,2,X,01,2026
1,3019,34,5,1220,9248,0,347,1,X,01,2026
1,3019,38,5,1220,30829,0,2109,1,X,01,2026
1,3019,38,5,1220,2864,0,71,2,X,01,2026
1,3019,39,5,1220,1464444,0,29488,1,X,01,2026
1,3019,39,5,1220,175211,0,2897,2,X,01,2026
1,3019,39,8,1220,5503,0,187,1,X,01,2026
1,3019,40,5,1220,43442,0,548,1,X,01,2026
1,3019,40,5,1220,5526,0,70,2,X,01,2026
1,3019,42,5,1220,8656,0,461,1,X,01,2026
1,3019,44,5,1220,269269,0,5995,1,X,01,2026
1,3019,44,5,1220,3370,0,84,2,X,01,2026
1,3019,48,5,1220,719999,0,17861,1,X,01,2026
1,3019,56,5,1220,2765,0,45,1,X,01,2026
1,3019,62,8,1220,9862,0,321,2,X,01,2026
1,3019,63,5,1220,11264,0,248,1,X,01,2026
1,3019,64,5,1220,2894,0,56,2,X,01,2026
1,3019,65,5,1220,4947,0,96,2,X,01,2026
1,3019,68,5,1220,106000,0,4352,1,X,01,2026
1,3019,68,5,1220,56353,0,557,2,X,01,2026
1,3019,69,5,1220,6914,0,143,1,X,01,2026
1,3019,70,5,1220,370796,0,3090,1,X,01,2026
1,3019,70,5,1220,17370,0,320,2,X,01,2026
1,3019,72,5,1220,33468,0,4042,1,X,01,2026
1,3019,73,5,1220,268326,0,11888,1,X,01,2026
1,3019,73,5,1220,46667,0,1157,2,X,01,2026
1,3019,76,5,1220,58057,0,1300,1,X,01,2026
1,3019,76,5,1220,14093,0,756,2,X,01,2026
1,3019,82,5,1220,16128,0,16,2,X,01,2026
1,3019,83,5,1220,5655,0,144,1,X,01,2026
1,3019,83,5,1220,50750,0,1026,2,X,01,2026
1,3019,84,5,1220,4502201,0,30598,1,X,01,2026
1,3019,84,5,1220,2650379,0,25904,2,X,01,2026
1,3019,85,5,1220,713034,0,4115,1,X,01,2026
1,3019,85,5,1220,189223,0,6403,2,X,01,2026
1,3019,87,5,1220,4425352,0,82395,1,X,01,2026
1,3019,87,5,1220,196124,0,2289,2,X,01,2026
1,3019,88,5,1220,269274,0,4743,1,X,01,2026
1,3019,89,5,1220,2915546,0,20219,1,X,01,2026
1,3019,90,5,1220,1896098,0,2444,1,X,01,2026
1,3019,90,5,1220,209368,0,3094,2,X,01,2026
1,3019,94,5,1220,70715,0,2140,1,X,01,2026
1,3019,94,5,1220,411311,0,15876,2,X,01,2026
1,3019,95,5,1220,72199,0,1445,1,X,01,2026
1,3019,95,5,1220,4666,0,91,2,X,01,2026
1,3019,96,5,1220,69175,0,2110,1,X,01,2026
1,3019,96,5,1220,74363,0,2270,2,X,01,2026
1,3019,98,8,1220,201356,0,3145,1,X,01,2026
1,3020,27,5,1220,57777,0,535,1,X,01,2026
1,3020,28,5,1220,606059,0,35491,1,X,01,2026
1,3020,34,5,1220,11022,0,159,1,X,01,2026
1,3020,44,5,1220,38347,0,612,1,X,01,2026
1,3020,61,5,1220,58162,0,1806,2,X,01,2026
1,3020,62,5,1220,128634,0,4185,2,X,01,2026
1,3020,68,6,1220,17232,0,820,1,X,01,2026
1,3020,76,5,1220,234643,0,544,1,X,01,2026
1,3020,84,5,1220,157681,0,2306,1,X,01,2026
1,3020,85,5,1220,1467441,0,19521,1,X,01,2026
1,3020,85,5,1220,53841,0,648,2,X,01,2026
1,3020,87,5,1220,145792,0,2854,1,X,01,2026
1,3022,98,8,1220,273147,0,0,1,X,01,2026
1,3023,01,5,1220,44368,0,880,1,X,01,2026
1,3023,06,5,1220,215547,0,3268,1,X,01,2026
1,3023,07,5,1220,471002,0,20124,1,X,01,2026
1,3023,07,5,1220,93778,0,3608,2,X,01,2026
1,3023,08,5,1220,5184554,0,48565,1,X,01,2026
1,3023,08,5,1220,1546806,0,124264,2,X,01,2026
1,3023,09,5,1220,5517,0,108,2,X,01,2026
1,3023,10,5,1220,118731,0,2762,1,X,01,2026
1,3023,11,5,1220,25150,0,726,1,X,01,2026
1,3023,12,5,1220,345497,0,8513,1,X,01,2026
1,3023,15,5,1220,525686,0,6767,1,X,01,2026
1,3023,15,5,1220,52899,0,1184,2,X,01,2026
1,3023,17,5,1220,21684,0,557,1,X,01,2026
1,3023,17,5,1220,17361,0,340,2,X,01,2026
1,3023,19,5,1220,102496,0,1949,1,X,01,2026
1,3023,20,5,1220,552615,0,4839,1,X,01,2026
1,3023,20,5,1220,68851,0,363,2,X,01,2026
1,3023,21,5,1220,99066,0,1519,1,X,01,2026
1,3023,21,5,1220,47467,0,47,2,X,01,2026
1,3023,22,5,1220,62495,0,2972,1,X,01,2026
1,3023,23,5,1220,153508,0,3098,1,X,01,2026
1,3023,25,5,1220,654427,0,27271,1,X,01,2026
1,3023,25,5,1220,3242,0,153,2,X,01,2026
1,3023,27,5,1220,1127775,0,20041,1,X,01,2026
1,3023,28,5,1220,53079,0,3527,1,X,01,2026
1,3023,29,5,1220,55844,0,495,1,X,01,2026
1,3023,30,5,1220,20028,0,652,1,X,01,2026
1,3023,31,5,1220,68937,0,1090,1,X,01,2026
1,3023,32,5,1220,143775,0,3099,1,X,01,2026
1,3023,33,5,1220,30556,0,910,1,X,01,2026
1,3023,33,5,1220,112898,0,36,2,X,01,2026
1,3023,34,5,1220,84442,0,1341,1,X,01,2026
1,3023,34,5,1220,3385,0,68,2,X,01,2026
1,3023,35,5,1220,26717,0,812,1,X,01,2026
1,3023,38,5,1220,102909,0,1863,1,X,01,2026
1,3023,38,5,1220,3833,0,95,2,X,01,2026
1,3023,39,5,1220,1761601,0,49770,1,X,01,2026
1,3023,39,5,1220,56828,0,1052,2,X,01,2026
1,3023,39,6,1220,91073,0,1785,1,X,01,2026
1,3023,40,5,1220,69895,0,1465,1,X,01,2026
1,3023,40,5,1220,186569,0,5040,2,X,01,2026
1,3023,41,5,1220,16186,0,317,1,X,01,2026
1,3023,44,5,1220,6380459,0,99075,1,X,01,2026
1,3023,44,5,1220,57074,0,728,2,X,01,2026
1,3023,48,5,1220,1436013,0,36863,1,X,01,2026
1,3023,48,5,1220,19335,0,144,2,X,01,2026
1,3023,49,5,1220,293215,0,7238,1,X,01,2026
1,3023,51,5,1220,7380,0,136,1,X,01,2026
1,3023,55,5,1220,3694,0,72,2,X,01,2026
1,3023,56,5,1220,12506,0,227,1,X,01,2026
1,3023,57,5,1220,4620,0,72,2,X,01,2026
1,3023,59,5,1220,31511,0,702,2,X,01,2026
1,3023,61,5,1220,10493,0,325,1,X,01,2026
1,3023,62,5,1220,28593,0,364,2,X,01,2026
1,3023,63,5,1220,38276,0,478,2,X,01,2026
1,3023,64,5,1220,7752,0,0,2,X,01,2026
1,3023,65,5,1220,3232,0,96,1,X,01,2026
1,3023,65,5,1220,11314,0,6,2,X,01,2026
1,3023,68,5,1220,2315009,0,81517,1,X,01,2026
1,3023,68,5,1220,39167,0,581,2,X,01,2026
1,3023,68,6,1220,8091,0,385,1,X,01,2026
1,3023,69,5,1220,20433,0,400,1,X,01,2026
1,3023,69,5,1220,4881,0,95,2,X,01,2026
1,3023,70,5,1220,355823,0,10306,1,X,01,2026
1,3023,70,5,1220,14572,0,378,2,X,01,2026
1,3023,72,5,1220,1333650,0,53073,1,X,01,2026
1,3023,72,5,1220,7209,0,141,2,X,01,2026
1,3023,73,5,1220,1381303,0,34623,1,X,01,2026
1,3023,73,5,1220,94669,0,1818,2,X,01,2026
1,3023,74,5,1220,315249,0,3121,1,X,01,2026
1,3023,75,5,1220,2863,0,55,1,X,01,2026
1,3023,75,5,1220,14742,0,289,2,X,01,2026
1,3023,76,5,1220,159890,0,4951,1,X,01,2026
1,3023,76,5,1220,1557388,0,5618,2,X,01,2026
1,3023,82,5,1220,9344,0,281,2,X,01,2026
1,3023,84,5,1220,3803952,0,73462,1,X,01,2026
1,3023,84,5,1220,3403382,0,59934,2,X,01,2026
1,3023,85,5,1220,538876,0,6548,1,X,01,2026
1,3023,85,5,1220,652845,0,11882,2,X,01,2026
1,3023,86,5,1220,6826,0,314,1,X,01,2026
1,3023,87,5,1220,3042226,0,59783,1,X,01,2026
1,3023,87,5,1220,276198,0,3989,2,X,01,2026
1,3023,88,5,1220,381012,0,5719,1,X,01,2026
1,3023,88,5,1220,18822,0,193,2,X,01,2026
1,3023,89,5,1220,28722,0,0,2,X,01,2026
1,3023,90,5,1220,588775,0,4478,1,X,01,2026
1,3023,90,5,1220,52793,0,617,2,X,01,2026
1,3023,94,5,1220,292287,0,2615,1,X,01,2026
1,3023,94,5,1220,28949,0,719,2,X,01,2026
1,3023,95,5,1220,38599,0,1542,1,X,01,2026
1,3023,95,5,1220,44956,0,1549,2,X,01,2026
1,3023,96,5,1220,39196,0,1535,1,X,01,2026
1,3023,97,5,1220,4682,0,148,1,X,01,2026
1,3025,26,5,1220,41522750,0,37584,1,X,01,2026
1,3025,85,5,1220,58970,0,583,1,X,01,2026
1,3029,88,8,1220,125786632,0,1514,1,X,01,2026
1,30XX,01,3,1220,5929,31,152,1,X,01,2026
1,30XX,03,1,1220,50885,22680,697,1,X,01,2026
1,30XX,03,3,1220,3183,210,254,1,X,01,2026
1,30XX,03,3,1220,28612,2404,392,2,X,01,2026
1,30XX,05,1,1220,377375,115120,3735,1,X,01,2026
1,30XX,05,3,1220,26021,2696,462,1,X,01,2026
1,30XX,06,3,1220,13065,342,591,1,X,01,2026
1,30XX,07,3,1220,9131,8757,647,1,X,01,2026
1,30XX,07,3,1220,3884,247,403,2,X,01,2026
1,30XX,08,1,2010,4707000,304557,0,1,1,01,2026
1,30XX,08,3,1220,4639,2239,0,1,X,01,2026
1,30XX,10,3,1220,18264,18180,357,1,X,01,2026
1,30XX,11,3,1220,4202,60,145,1,X,01,2026
1,30XX,12,3,1220,24354,3424,1704,1,X,01,2026
1,30XX,12,3,1220,8522,293,113,2,X,01,2026
1,30XX,13,3,1220,23000,641,375,1,X,01,2026
1,30XX,19,3,1220,104300,16710,1569,1,X,01,2026
1,30XX,21,3,1220,56146,1483,1638,1,X,01,2026
1,30XX,25,3,1220,6792,104652,0,1,X,01,2026
1,30XX,26,1,1220,1481355,6185786,6534,1,X,01,2026
1,30XX,27,1,1220,14510001,23854035,3339,1,X,01,2026
1,30XX,27,1,2010,75005300,122063054,0,1,0,01,2026
1,30XX,27,3,1220,118007,72519,2362,1,X,01,2026
1,30XX,27,3,1220,2929,929,79,2,X,01,2026
1,30XX,28,1,1220,37592,22330,737,2,X,01,2026
1,30XX,28,3,1220,673758,297,2201,1,X,01,2026
1,30XX,28,3,1220,5501,61,107,2,X,01,2026
1,30XX,29,1,1220,32006,20000,3267,2,X,01,2026
1,30XX,29,3,1220,98530,1102,1273,1,X,01,2026
1,30XX,29,3,1220,32500,847,718,2,X,01,2026
1,30XX,30,3,1220,685243,1450,9901,1,X,01,2026
1,30XX,30,3,1220,334195,422,3516,2,X,01,2026
1,30XX,32,3,1220,60504,5896,1770,1,X,01,2026
1,30XX,32,3,1220,2612,10,51,2,X,01,2026
1,30XX,33,3,1220,181905,4487,1911,1,X,01,2026
1,30XX,34,3,1220,22579,8977,1923,1,X,01,2026
1,30XX,35,3,1220,29573,63,424,1,X,01,2026
1,30XX,35,3,1220,7344,18,179,2,X,01,2026
1,30XX,36,3,1220,98475,5228,2250,1,X,01,2026
1,30XX,37,3,1220,13056,37,224,1,X,01,2026
1,30XX,38,3,1220,1134091,2133,14270,1,X,01,2026
1,30XX,38,3,1220,816113,2777,22388,2,X,01,2026
1,30XX,39,1,1220,44336,26061,449,2,X,01,2026
1,30XX,39,3,1220,575762,38088,14839,1,X,01,2026
1,30XX,39,3,1220,93521,2344,2988,2,X,01,2026
1,30XX,39,3,2010,260204,1126,0,1,0,01,2026
1,30XX,39,3,2010,27309,10,0,2,0,01,2026
1,30XX,39,5,2010,7311,0,0,1,0,01,2026
1,30XX,40,3,1220,124496,8108,2617,1,X,01,2026
1,30XX,40,3,1220,6061,263,774,2,X,01,2026
1,30XX,40,3,2010,2522,1,0,1,0,01,2026
1,30XX,40,3,2010,4950,9,0,2,0,01,2026
1,30XX,42,3,1220,66007,524,898,1,X,01,2026
1,30XX,42,3,1220,371372,3775,4021,2,X,01,2026
1,30XX,43,3,1220,2751,2,33,2,X,01,2026
1,30XX,44,1,1220,1422529,13878701,14082,1,X,01,2026
1,30XX,48,1,1220,42319,7390,827,2,X,01,2026
1,30XX,48,1,2010,272354,296037,0,1,1,01,2026
1,30XX,48,3,1220,70216,11629,472,1,X,01,2026
1,30XX,48,3,1220,2911,100,57,2,X,01,2026
1,30XX,49,3,1220,341432,7414,6849,1,X,01,2026
1,30XX,49,3,1220,51050,1873,788,2,X,01,2026
1,30XX,50,3,1220,6928,35,135,2,X,01,2026
1,30XX,55,3,1220,10293,1008,340,2,X,01,2026
1,30XX,56,3,1220,19219,289,726,1,X,01,2026
1,30XX,56,3,1220,3306,355,421,2,X,01,2026
1,30XX,57,3,1220,8304,115,263,2,X,01,2026
1,30XX,58,3,1220,5495,172,183,2,X,01,2026
1,30XX,58,3,2010,4530,47,0,1,0,01,2026
1,30XX,59,3,1220,20338,325,326,1,X,01,2026
1,30XX,60,3,1220,2692,153,205,2,X,01,2026
1,30XX,61,3,1220,21353,119,341,1,X,01,2026
1,30XX,61,3,1220,164424,1643,3509,2,X,01,2026
1,30XX,62,3,1220,51545,1407,465,1,X,01,2026
1,30XX,62,3,1220,150068,922,3866,2,X,01,2026
1,30XX,63,3,1220,33147,431,851,1,X,01,2026
1,30XX,63,3,1220,11944,802,857,2,X,01,2026
1,30XX,63,3,2010,24800,28,0,1,0,01,2026
1,30XX,64,3,1220,6455,56,607,1,X,01,2026
1,30XX,64,3,1220,26331,746,557,2,X,01,2026
1,30XX,65,3,1220,75975,2318,2246,1,X,01,2026
1,30XX,65,3,1220,31866,1787,716,2,X,01,2026
1,30XX,68,3,1220,41430,429,1038,1,X,01,2026
1,30XX,68,3,1220,13180,51440,1009,2,X,01,2026
1,30XX,68,3,2010,6016,4,0,1,0,01,2026
1,30XX,69,3,1220,25685,21437,1479,1,X,01,2026
1,30XX,69,3,1220,17821,27660,1115,2,X,01,2026
1,30XX,70,3,1220,17890,77,237,1,X,01,2026
1,30XX,70,3,1220,5767,49,127,2,X,01,2026
1,30XX,71,3,1220,2608633,663,17108,1,X,01,2026
1,30XX,71,3,1220,989269,125,5463,2,X,01,2026
1,30XX,72,3,1220,12929,6268,779,1,X,01,2026
1,30XX,73,3,1220,374542,14109,7334,1,X,01,2026
1,30XX,73,3,1220,129810,7201,4744,2,X,01,2026
1,30XX,73,3,2010,89481,881,0,1,0,01,2026
1,30XX,74,3,1220,16098,486,331,1,X,01,2026
1,30XX,74,3,1220,2752,106,6,2,X,01,2026
1,30XX,75,3,1220,82762,69,468,1,X,01,2026
1,30XX,75,3,1220,5293,1,54,2,X,01,2026
1,30XX,75,3,2010,8107,3,0,1,0,01,2026
1,30XX,76,1,1220,372882,57878,3264,2,X,01,2026
1,30XX,76,3,1220,40800,1764,1902,1,X,01,2026
1,30XX,76,3,1220,3222,107,235,2,X,01,2026
1,30XX,81,3,1220,9407,7,403,1,X,01,2026
1,30XX,81,3,1220,9181,18,179,2,X,01,2026
1,30XX,81,3,2010,11949,3,0,1,0,01,2026
1,30XX,82,3,1220,210476,1583,4774,1,X,01,2026
1,30XX,82,3,1220,45141,340,910,2,X,01,2026
1,30XX,83,1,1220,132600,5278,3381,2,X,01,2026
1,30XX,83,3,1220,136060,3455,2095,1,X,01,2026
1,30XX,83,3,1220,64495,1287,3881,2,X,01,2026
1,30XX,83,3,2010,98201,34,0,1,0,01,2026
1,30XX,84,1,1220,61295,2129,1120,1,X,01,2026
1,30XX,84,1,1220,12281038,830798,14851,2,X,01,2026
1,30XX,84,3,1220,4232944,45023,76226,1,X,01,2026
1,30XX,84,3,1220,3214281,18996,66801,2,X,01,2026
1,30XX,84,3,2010,196222,885,0,1,0,01,2026
1,30XX,84,3,2010,13107,11,0,2,0,01,2026
1,30XX,85,1,1220,44553,3900,873,1,X,01,2026
1,30XX,85,1,1220,194454,21602,3512,2,X,01,2026
1,30XX,85,3,1220,5771671,16345,76687,1,X,01,2026
1,30XX,85,3,1220,6046173,25170,83083,2,X,01,2026
1,30XX,85,3,2010,263774,2889,0,1,0,01,2026
1,30XX,85,3,2010,83540,670,0,2,0,01,2026
1,30XX,86,1,1220,29487,9071,0,2,X,01,2026
1,30XX,86,3,1220,129605,737,831,1,X,01,2026
1,30XX,87,1,1220,52355,431,1018,2,X,01,2026
1,30XX,87,3,1220,172299,2231,3895,1,X,01,2026
1,30XX,87,3,1220,37860,310,913,2,X,01,2026
1,30XX,87,5,2010,406895,0,0,1,0,01,2026
1,30XX,88,3,1220,5784051,2650,72041,1,X,01,2026
1,30XX,88,3,1220,145927,148,2571,2,X,01,2026
1,30XX,88,3,2010,1830458,565,0,1,0,01,2026
1,30XX,88,3,2010,425689,151,0,2,0,01,2026
1,30XX,88,8,2010,9250,0,0,1,X,01,2026
1,30XX,90,1,1220,40633,546,1079,2,X,01,2026
1,30XX,90,3,1220,5436672,7292,74119,1,X,01,2026
1,30XX,90,3,1220,3328784,12217,81644,2,X,01,2026
1,30XX,90,3,2010,27286,21,0,1,0,01,2026
1,30XX,90,3,2010,25120,233,0,2,0,01,2026
1,30XX,90,5,2010,17328,0,0,2,0,01,2026
1,30XX,91,3,1220,15452,21,256,1,X,01,2026
1,30XX,91,3,1220,12216,1,21,2,X,01,2026
1,30XX,92,3,1220,16102,157,173,1,X,01,2026
1,30XX,92,3,1220,2834,38,10,2,X,01,2026
1,30XX,94,3,1220,121370,2231,2128,1,X,01,2026
1,30XX,94,3,1220,44296,442,1033,2,X,01,2026
1,30XX,94,3,2010,19996,16,0,1,0,01,2026
1,30XX,95,3,1220,101378,1872,1979,1,X,01,2026
1,30XX,95,3,1220,200956,2043,3627,2,X,01,2026
1,30XX,96,3,1220,54108,10565,1386,1,X,01,2026
1,30XX,97,3,1220,67776,301,1088,1,X,01,2026
1,30XX,97,3,1220,23947,92,60,2,X,01,2026
1,30XX,98,3,1220,26861,2499,1892,2,X,01,2026
1,3102,39,5,1220,3676,0,0,2,X,01,2026
1,3102,84,5,1220,5404,0,589,1,X,01,2026
1,3102,84,5,1220,334113,0,315,2,X,01,2026
1,3102,85,5,1220,3542,0,238,2,X,01,2026
1,3102,90,5,1220,7909,0,289,1,X,01,2026
1,3102,90,5,1220,7686,0,362,2,X,01,2026
1,3103,25,5,1220,18767,0,451,1,X,01,2026
1,3103,27,5,1220,4879198,0,73319,1,X,01,2026
1,3103,39,5,1220,60197,0,604,1,X,01,2026
1,3103,70,5,1220,4254,0,101,2,X,01,2026
1,3104,25,5,1220,9641,0,910,1,X,01,2026
1,3104,39,5,1220,8030,0,225,1,X,01,2026
1,3104,39,5,1220,8321,0,37,2,X,01,2026
1,3104,82,5,1220,58521,0,1145,1,X,01,2026
1,3104,84,5,1220,86803,0,1225,1,X,01,2026
1,3104,84,5,1220,1357283,0,24551,2,X,01,2026
1,3104,85,5,1220,82196,0,1612,1,X,01,2026
1,3104,87,5,1220,46708,0,693,1,X,01,2026
1,3104,87,5,1220,174270,0,1724,2,X,01,2026
1,3104,88,5,1220,68672,0,1276,1,X,01,2026
1,3104,90,5,1220,3265648,0,63366,1,X,01,2026
1,3104,90,5,1220,172872,0,3391,2,X,01,2026
1,3106,27,5,1220,1002952,0,19646,1,X,01,2026
1,31XX,28,1,1220,283824,251824,0,1,X,01,2026
1,31XX,39,1,1220,110629,4923,1416,2,X,01,2026
1,31XX,48,1,1220,43237,29514,846,2,X,01,2026
1,31XX,48,3,2010,10920,823,0,2,0,01,2026
1,31XX,73,3,2010,111891,1462,0,1,0,01,2026
1,31XX,73,3,2010,18876,6,0,2,0,01,2026
1,31XX,74,3,2010,3625,1,0,1,0,01,2026
1,31XX,76,1,1220,13600,490,1341,2,X,01,2026
1,31XX,82,3,1220,2903,14,87,1,X,01,2026
1,31XX,82,3,2010,18371,117,0,1,0,01,2026
1,31XX,84,1,1220,23102,405,418,1,X,01,2026
1,31XX,84,1,1220,133374,19079,2547,2,X,01,2026
1,31XX,84,3,1220,68491,435,936,1,X,01,2026
1,31XX,84,3,1220,137447,108,1712,2,X,01,2026
1,31XX,84,3,2010,12462,39,0,1,0,01,2026
1,31XX,85,1,1220,106414,329,268,2,X,01,2026
1,31XX,85,3,1220,35734,106,675,1,X,01,2026
1,31XX,85,3,1220,17565,10,185,2,X,01,2026
1,31XX,85,3,2010,39200,28,0,1,0,01,2026
1,31XX,85,3,2010,151503,310,0,2,0,01,2026
1,31XX,90,3,1220,35713,85,504,1,X,01,2026
1,31XX,90,3,1220,66283,56,1566,2,X,01,2026
1,31XX,90,3,2010,7071,18,0,1,0,01,2026
1,32XX,03,3,1220,4609,188,217,1,X,01,2026
1,32XX,07,3,1220,63601,11862,5774,1,X,01,2026
1,32XX,08,3,1220,27854,4358,612,1,X,01,2026
1,32XX,12,3,1220,35783,6292,1139,1,X,01,2026
1,32XX,84,3,1220,9066,200,98,1,X,01,2026
1,32XX,84,3,2010,4982,1,0,2,0,01,2026
1,3301,01,5,1220,4380916,0,59201,1,X,01,2026
1,3301,07,5,1220,1078506,0,86576,1,X,01,2026
1,3301,07,5,1220,123468,0,4747,2,X,01,2026
1,3301,08,5,1220,44916,0,877,1,X,01,2026
1,3301,08,5,1220,217581,0,8971,2,X,01,2026
1,3301,10,5,1220,362260,0,7740,1,X,01,2026
1,3301,12,5,1220,463516,0,16990,1,X,01,2026
1,3301,17,5,1220,11156,0,531,1,X,01,2026
1,3301,18,5,1220,79410,0,363,1,X,01,2026
1,3301,20,5,1220,89271,0,1094,1,X,01,2026
1,3301,21,5,1220,4428,0,19,1,X,01,2026
1,3301,23,5,1220,586452,0,9430,1,X,01,2026
1,3301,25,5,1220,163502,0,4340,1,X,01,2026
1,3301,25,6,1220,8013,0,281,1,X,01,2026
1,3301,27,5,1220,118952,0,1909,1,X,01,2026
1,3301,28,5,1220,201656,0,9400,1,X,01,2026
1,3301,28,5,1220,6644,0,57,2,X,01,2026
1,3301,30,5,1220,87578,0,2034,1,X,01,2026
1,3301,30,5,1220,65773,0,783,2,X,01,2026
1,3301,31,5,1220,119954,0,288,1,X,01,2026
1,3301,32,5,1220,71988,0,3584,1,X,01,2026
1,3301,33,5,1220,2719,0,81,1,X,01,2026
1,3301,34,5,1220,216967,0,4252,1,X,01,2026
1,3301,35,5,1220,82205,0,3960,1,X,01,2026
1,3301,38,5,1220,97077,0,2309,1,X,01,2026
1,3301,39,5,1220,332463,0,8211,1,X,01,2026
1,3301,39,5,1220,22512,0,1263,2,X,01,2026
1,3301,40,5,1220,16920,0,287,2,X,01,2026
1,3301,48,5,1220,33922,0,663,1,X,01,2026
1,3301,52,8,1220,6230,0,529,2,X,01,2026
1,3301,54,5,1220,3480,0,75,1,X,01,2026
1,3301,63,5,1220,2794,0,36,2,X,01,2026
1,3301,64,5,1220,60626,0,1188,2,X,01,2026
1,3301,68,5,1220,31829,0,622,1,X,01,2026
1,3301,68,6,1220,51593,0,6534,1,X,01,2026
1,3301,70,5,1220,9163,0,173,1,X,01,2026
1,3301,72,5,1220,320598,0,9496,1,X,01,2026
1,3301,72,6,1220,34447,0,363,1,X,01,2026
1,3301,73,5,1220,430431,0,10226,1,X,01,2026
1,3301,73,5,1220,31201,0,399,2,X,01,2026
1,3301,76,5,1220,192183,0,4132,1,X,01,2026
1,3301,82,5,1220,21070,0,410,1,X,01,2026
1,3301,83,5,1220,45677,0,895,2,X,01,2026
1,3301,84,5,1220,3520211,0,38473,1,X,01,2026
1,3301,84,5,1220,711338,0,25092,2,X,01,2026
1,3301,85,5,1220,547768,0,5948,1,X,01,2026
1,3301,85,5,1220,392710,0,5701,2,X,01,2026
1,3301,86,5,1220,451797,0,9434,1,X,01,2026
1,3301,87,5,1220,211063,0,2273,1,X,01,2026
1,3301,87,5,1220,181507,0,1777,2,X,01,2026
1,3301,90,5,1220,213341,0,2514,1,X,01,2026
1,3301,90,5,1220,303734,0,377,2,X,01,2026
1,3301,94,5,1220,373322,0,39397,1,X,01,2026
1,3301,95,5,1220,65333,0,2385,1,X,01,2026
1,3301,95,5,1220,17822,0,651,2,X,01,2026
1,3301,98,5,1220,416874,0,8403,1,X,01,2026
1,3302,01,5,1220,3937319,0,78711,1,X,01,2026
1,3302,03,5,1220,422945,0,7021,1,X,01,2026
1,3302,04,5,1220,186560,0,3630,1,X,01,2026
1,3302,05,5,1220,102390,0,1404,1,X,01,2026
1,3302,07,5,1220,2069627,0,88736,1,X,01,2026
1,3302,07,5,1220,72947,0,4734,2,X,01,2026
1,3302,08,5,1220,4220668,0,163459,1,X,01,2026
1,3302,08,5,1220,104787,0,2214,2,X,01,2026
1,3302,09,5,1220,46132,0,799,1,X,01,2026
1,3302,10,5,1220,113944,0,4658,1,X,01,2026
1,3302,10,6,1220,174807,0,2918,1,X,01,2026
1,3302,11,5,1220,161567,0,6185,1,X,01,2026
1,3302,11,5,1220,100422,0,2732,2,X,01,2026
1,3302,11,6,1220,117403,0,5686,1,X,01,2026
1,3302,12,5,1220,1827313,0,48794,1,X,01,2026
1,3302,12,5,1220,28343,0,637,2,X,01,2026
1,3302,13,5,1220,6111,0,179,1,X,01,2026
1,3302,14,5,1220,121694,0,7026,1,X,01,2026
1,3302,15,5,1220,110231,0,3513,1,X,01,2026
1,3302,15,5,1220,388510,0,23059,2,X,01,2026
1,3302,15,6,1220,270408,0,2677,2,X,01,2026
1,3302,16,5,1220,113472,0,3428,1,X,01,2026
1,3302,17,5,1220,3301,0,74,1,X,01,2026
1,3302,18,5,1220,109856,0,245,1,X,01,2026
1,3302,19,5,1220,2586866,0,45808,1,X,01,2026
1,3302,19,5,1220,25073,0,436,2,X,01,2026
1,3302,20,5,1220,2916911,0,81133,1,X,01,2026
1,3302,20,5,1220,3670,0,113,2,X,01,2026
1,3302,21,5,1220,920042,0,26152,1,X,01,2026
1,3302,21,5,1220,4123,0,61,2,X,01,2026
1,3302,22,5,1220,2463163,0,31417,1,X,01,2026
1,3302,22,5,1220,23071,0,74,2,X,01,2026
1,3302,23,5,1220,473322,0,9250,1,X,01,2026
1,3302,25,5,1220,299932,0,5988,1,X,01,2026
1,3302,25,6,1220,247056,0,22713,1,X,01,2026
1,3302,26,6,1220,26856,0,3583,1,X,01,2026
1,3302,27,5,1220,1706448,0,34125,1,X,01,2026
1,3302,27,6,1220,7189054,0,429511,1,X,01,2026
1,3302,27,8,1220,25430709,0,0,1,X,01,2026
1,3302,28,5,1220,505835,0,47798,1,X,01,2026
1,3302,28,5,1220,51192,0,667,2,X,01,2026
1,3302,28,6,1220,3493191,0,26645,1,X,01,2026
1,3302,28,6,1220,91821,0,12251,2,X,01,2026
1,3302,29,5,1220,211516,0,3237,1,X,01,2026
1,3302,29,5,1220,35334,0,692,2,X,01,2026
1,3302,30,5,1220,64245,0,633,1,X,01,2026
1,3302,30,5,1220,6958,0,132,2,X,01,2026
1,3302,31,5,1220,117377,0,3816,1,X,01,2026
1,3302,31,5,1220,74552,0,6453,2,X,01,2026
1,3302,31,6,1220,22906641,0,126282,1,X,01,2026
1,3302,31,6,1220,2664400,0,23361,2,X,01,2026
1,3302,32,5,1220,611072,0,8019,1,X,01,2026
1,3302,33,5,1220,13409,0,261,1,X,01,2026
1,3302,34,5,1220,562149,0,11112,1,X,01,2026
1,3302,34,5,1220,6209,0,229,2,X,01,2026
1,3302,35,5,1220,142956,0,10717,1,X,01,2026
1,3302,35,5,1220,7177,0,697,2,X,01,2026
1,3302,38,5,1220,734261,0,21577,1,X,01,2026
1,3302,38,5,1220,28114,0,321,2,X,01,2026
1,3302,39,5,1220,3479479,0,87100,1,X,01,2026
1,3302,39,5,1220,255059,0,5984,2,X,01,2026
1,3302,39,6,1220,742641,0,10075,1,X,01,2026
1,3302,40,5,1220,1050208,0,19513,1,X,01,2026
1,3302,40,5,1220,406400,0,7599,2,X,01,2026
1,3302,42,5,1220,23281,0,2256,1,X,01,2026
1,3302,42,5,1220,14793,0,200,2,X,01,2026
1,3302,44,5,1220,4004815,0,77939,1,X,01,2026
1,3302,48,5,1220,2761128,0,203808,1,X,01,2026
1,3302,48,5,1220,9528,0,945,2,X,01,2026
1,3302,48,6,1220,692183,0,13564,1,X,01,2026
1,3302,49,5,1220,67668,0,1170,1,X,01,2026
1,3302,49,5,1220,40997,0,799,2,X,01,2026
1,3302,56,5,1220,94260,0,1998,1,X,01,2026
1,3302,56,5,1220,3059,0,79,2,X,01,2026
1,3302,57,5,1220,6681,0,130,1,X,01,2026
1,3302,57,5,1220,6902,0,135,2,X,01,2026
1,3302,58,5,1220,3088,0,60,1,X,01,2026
1,3302,59,5,1220,50088,0,952,1,X,01,2026
1,3302,59,5,1220,76604,0,1116,2,X,01,2026
1,3302,60,5,1220,18807,0,368,1,X,01,2026
1,3302,60,5,1220,8054,0,158,2,X,01,2026
1,3302,63,5,1220,3128,0,4,2,X,01,2026
1,3302,68,5,1220,1202727,0,30002,1,X,01,2026
1,3302,68,5,1220,66433,0,1027,2,X,01,2026
1,3302,68,6,1220,8859,0,421,1,X,01,2026
1,3302,69,5,1220,337652,0,40815,1,X,01,2026
1,3302,69,5,1220,4295,0,84,2,X,01,2026
1,3302,70,5,1220,1959894,0,44605,1,X,01,2026
1,3302,70,5,1220,86973,0,3637,2,X,01,2026
1,3302,71,5,1220,6294675,0,0,2,X,01,2026
1,3302,72,5,1220,517425,0,51299,1,X,01,2026
1,3302,72,5,1220,34868,0,634,2,X,01,2026
1,3302,72,6,1220,596569,0,7208,1,X,01,2026
1,3302,73,5,1220,1370819,0,27379,1,X,01,2026
1,3302,73,5,1220,722829,0,5652,2,X,01,2026
1,3302,74,5,1220,157043,0,1779,1,X,01,2026
1,3302,75,5,1220,119398,0,2339,1,X,01,2026
1,3302,75,5,1220,3996441,0,3129,2,X,01,2026
1,3302,76,5,1220,666954,0,14409,1,X,01,2026
1,3302,76,5,1220,26589,0,281,2,X,01,2026
1,3302,81,5,1220,61738,0,1209,1,X,01,2026
1,3302,82,5,1220,21342,0,684,1,X,01,2026
1,3302,82,5,1220,72554,0,373,2,X,01,2026
1,3302,83,5,1220,537793,0,9540,1,X,01,2026
1,3302,83,5,1220,67938,0,258,2,X,01,2026
1,3302,84,5,1220,30646396,0,168108,1,X,01,2026
1,3302,84,5,1220,16934773,0,84159,2,X,01,2026
1,3302,85,5,1220,7932523,0,79341,1,X,01,2026
1,3302,85,5,1220,2663080,0,45015,2,X,01,2026
1,3302,86,5,1220,81443,0,1443,1,X,01,2026
1,3302,86,5,1220,19385,0,379,2,X,01,2026
1,3302,87,5,1220,16929108,0,152362,1,X,01,2026
1,3302,87,5,1220,8885948,0,97587,2,X,01,2026
1,3302,87,8,1220,188399,0,3757,1,X,01,2026
1,3302,87,8,1220,6143,0,188,2,X,01,2026
1,3302,88,5,1220,508637,0,1476,1,X,01,2026
1,3302,88,5,1220,6506,0,5,2,X,01,2026
1,3302,89,5,1220,295992,0,2214,1,X,01,2026
1,3302,90,5,1220,1735248,0,8137,1,X,01,2026
1,3302,90,5,1220,989454,0,16105,2,X,01,2026
1,3302,90,8,1220,2773,0,71,2,X,01,2026
1,3302,91,5,1220,20173,0,198,2,X,01,2026
1,3302,93,5,1220,10773,0,250,1,X,01,2026
1,3302,94,5,1220,166958,0,4707,1,X,01,2026
1,3302,94,5,1220,184437,0,3909,2,X,01,2026
1,3302,95,5,1220,104032,0,3014,1,X,01,2026
1,3302,95,5,1220,146813,0,2927,2,X,01,2026
1,3302,96,5,1220,231167,0,6772,1,X,01,2026
1,3302,96,5,1220,18766,0,396,2,X,01,2026
1,3302,97,5,1220,6990,0,60,1,X,01,2026
1,3302,98,6,1220,526409,0,47855,1,X,01,2026
1,3304,48,5,1220,3410,0,138,1,X,01,2026
1,3306,23,6,1220,44839,0,877,1,X,01,2026
1,3306,82,5,1220,2721,0,82,1,X,01,2026
1,3306,87,5,1220,30731,0,557,1,X,01,2026
1,3307,30,3,2010,21859,12,0,2,0,01,2026
1,3307,35,3,2010,31977,196,0,1,0,01,2026
1,3307,39,3,2010,4800,15,0,1,0,01,2026
1,3307,76,3,2010,3400,3,0,1,0,01,2026
1,3307,84,3,2010,37886,76,0,1,0,01,2026
1,3307,84,3,2010,610277,144,0,2,0,01,2026
1,3307,84,5,1220,421817,0,8280,1,X,01,2026
1,3307,85,3,2010,45922,4,0,1,0,01,2026
1,3307,85,3,2010,176483,51,0,2,0,01,2026
1,3307,90,3,2010,2658,3,0,1,0,01,2026
1,3307,90,3,2010,34126,182,0,2,0,01,2026
1,3307,90,5,1220,6037,0,103,1,X,01,2026
1,3307,95,3,2010,125645,801,0,1,0,01,2026
1,3307,97,3,2010,379900,95,0,1,0,01,2026
1,3307,98,8,1220,256061,0,8988,1,X,01,2026
1,3308,76,5,1220,13239,0,259,1,X,01,2026
1,3308,87,5,1220,375191,0,7420,1,X,01,2026
1,3308,87,5,1220,20307,0,397,2,X,01,2026
1,3309,25,5,1220,14182,0,278,1,X,01,2026
1,3309,87,5,1220,50495,0,848,1,X,01,2026
1,3310,01,5,1220,50427872,0,543992,1,X,01,2026
1,3310,01,8,1220,2635,0,50,1,X,01,2026
1,3310,02,5,1220,2763945,0,56315,1,X,01,2026
1,3310,04,5,1220,1422545,0,16038,1,X,01,2026
1,3310,04,5,1220,243384,0,2044,2,X,01,2026
1,3310,05,5,1220,47599,0,611,1,X,01,2026
1,3310,07,5,1220,14133100,0,697507,1,X,01,2026
1,3310,07,5,1220,13148648,0,583697,2,X,01,2026
1,3310,08,5,1220,14580629,0,398831,1,X,01,2026
1,3310,08,5,1220,26410861,0,984132,2,X,01,2026
1,3310,08,6,1220,13141,0,257,2,X,01,2026
1,3310,09,5,1220,224383,0,3976,1,X,01,2026
1,3310,09,5,1220,344566,0,6350,2,X,01,2026
1,3310,09,6,1220,440692,0,7068,1,X,01,2026
1,3310,10,5,1220,10359482,0,227719,1,X,01,2026
1,3310,11,5,1220,374820,0,14277,1,X,01,2026
1,3310,11,6,1220,35388,0,1713,1,X,01,2026
1,3310,12,5,1220,2640364,0,78290,1,X,01,2026
1,3310,12,5,1220,89823,0,2767,2,X,01,2026
1,3310,13,5,1220,7756,0,151,1,X,01,2026
1,3310,13,5,1220,339566,0,9749,2,X,01,2026
1,3310,14,5,1220,24645,0,1325,1,X,01,2026
1,3310,14,5,1220,2981,0,160,2,X,01,2026
1,3310,15,5,1220,16292,0,873,1,X,01,2026
1,3310,15,5,1220,369743,0,6099,2,X,01,2026
1,3310,16,5,1220,1732504,0,24299,1,X,01,2026
1,3310,16,5,1220,32216,0,14,2,X,01,2026
1,3310,17,5,1220,41185,0,770,1,X,01,2026
1,3310,17,6,1220,85489,0,1674,1,X,01,2026
1,3310,18,5,1220,847906,0,10836,1,X,01,2026
1,3310,18,5,1220,4553,0,427,2,X,01,2026
1,3310,19,5,1220,8799835,0,202273,1,X,01,2026
1,3310,19,5,1220,215276,0,5196,2,X,01,2026
1,3310,19,6,1220,23402,0,898,1,X,01,2026
1,3310,20,5,1220,6108912,0,121637,1,X,01,2026
1,3310,20,5,1220,363838,0,4295,2,X,01,2026
1,3310,21,5,1220,5961011,0,122573,1,X,01,2026
1,3310,21,5,1220,138361,0,2410,2,X,01,2026
1,3310,22,5,1220,2684199,0,28357,1,X,01,2026
1,3310,22,5,1220,981560,0,762,2,X,01,2026
1,3310,22,6,1220,22674945,0,886419,1,X,01,2026
1,3310,23,5,1220,4190765,0,99973,1,X,01,2026
1,3310,23,5,1220,274127,0,4032,2,X,01,2026
1,3310,23,6,1220,348367,0,3780,1,X,01,2026
1,3310,23,8,1220,4774,0,184,1,X,01,2026
1,3310,25,5,1220,1747996,0,51174,1,X,01,2026
1,3310,25,5,1220,204828,0,3253,2,X,01,2026
1,3310,25,6,1220,2214910,0,82780,1,X,01,2026
1,3310,27,5,1220,1977188,0,64675,1,X,01,2026
1,3310,27,5,1220,22428,0,568,2,X,01,2026
1,3310,27,6,1220,7564461,0,385593,1,X,01,2026
1,3310,27,8,1220,38856,0,0,1,X,01,2026
1,3310,28,5,1220,3417450,0,158034,1,X,01,2026
1,3310,28,5,1220,659433,0,11535,2,X,01,2026
1,3310,28,6,1220,636912,0,52784,1,X,01,2026
1,3310,28,6,1220,116018,0,3267,2,X,01,2026
1,3310,29,5,1220,2178069,0,50274,1,X,01,2026
1,3310,29,5,1220,487196,0,13655,2,X,01,2026
1,3310,29,6,1220,475433,0,5082,1,X,01,2026
1,3310,30,5,1220,1660895,0,30070,1,X,01,2026
1,3310,30,5,1220,311466,0,3424,2,X,01,2026
1,3310,31,5,1220,10425048,0,210289,1,X,01,2026
1,3310,31,5,1220,77209,0,2448,2,X,01,2026
1,3310,31,6,1220,238949,0,7520,1,X,01,2026
1,3310,32,5,1220,1089407,0,30649,1,X,01,2026
1,3310,32,5,1220,142140,0,2605,2,X,01,2026
1,3310,33,5,1220,3521412,0,38280,1,X,01,2026
1,3310,33,5,1220,696050,0,12076,2,X,01,2026
1,3310,34,5,1220,4687825,0,88266,1,X,01,2026
1,3310,34,5,1220,184900,0,4105,2,X,01,2026
1,3310,34,6,1220,81101,0,1588,1,X,01,2026
1,3310,35,5,1220,580823,0,15111,1,X,01,2026
1,3310,35,5,1220,31290,0,666,2,X,01,2026
1,3310,36,5,1220,1532766,0,29123,1,X,01,2026
1,3310,36,5,1220,217122,0,5066,2,X,01,2026
1,3310,37,5,1220,31217,0,573,1,X,01,2026
1,3310,37,5,1220,62410,0,1686,2,X,01,2026
1,3310,38,5,1220,10553003,0,180828,1,X,01,2026
1,3310,38,5,1220,283192,0,9480,2,X,01,2026
1,3310,38,6,1220,2861807,0,35374,1,X,01,2026
1,3310,39,5,1220,16657449,0,420559,1,X,01,2026
1,3310,39,5,1220,1878015,0,42471,2,X,01,2026
1,3310,39,6,1220,943838,0,20179,1,X,01,2026
1,3310,39,6,1220,7576,0,258,2,X,01,2026
1,3310,39,8,1220,16740,0,328,1,X,01,2026
1,3310,40,5,1220,1798253,0,36367,1,X,01,2026
1,3310,40,5,1220,1227182,0,25722,2,X,01,2026
1,3310,42,5,1220,72658,0,1607,1,X,01,2026
1,3310,42,5,1220,213681,0,3535,2,X,01,2026
1,3310,42,6,1220,29426,0,729,2,X,01,2026
1,3310,44,5,1220,539495,0,8773,1,X,01,2026
1,3310,44,5,1220,56295,0,2688,2,X,01,2026
1,3310,44,6,1220,84219,0,2101,1,X,01,2026
1,3310,45,5,1220,5648,0,111,1,X,01,2026
1,3310,47,5,1220,2574,0,70,1,X,01,2026
1,3310,48,5,1220,2816369,0,87763,1,X,01,2026
1,3310,48,5,1220,99092,0,2576,2,X,01,2026
1,3310,48,6,1220,172063,0,3372,1,X,01,2026
1,3310,49,5,1220,379532,0,7227,1,X,01,2026
1,3310,49,5,1220,12576,0,297,2,X,01,2026
1,3310,52,5,1220,39490,0,818,2,X,01,2026
1,3310,54,5,1220,6017,0,5,1,X,01,2026
1,3310,55,5,1220,18112,0,566,1,X,01,2026
1,3310,55,5,1220,2922,0,57,2,X,01,2026
1,3310,56,5,1220,489526,0,12582,1,X,01,2026
1,3310,56,5,1220,31651,0,618,2,X,01,2026
1,3310,57,5,1220,36101,0,589,1,X,01,2026
1,3310,57,5,1220,146329,0,2891,2,X,01,2026
1,3310,58,5,1220,230255,0,2837,1,X,01,2026
1,3310,58,5,1220,8508,0,60,2,X,01,2026
1,3310,59,5,1220,389305,0,2978,1,X,01,2026
1,3310,59,5,1220,121576,0,2483,2,X,01,2026
1,3310,60,5,1220,11900,0,233,1,X,01,2026
1,3310,60,5,1220,10401,0,1133,2,X,01,2026
1,3310,61,5,1220,4064,0,47,1,X,01,2026
1,3310,61,5,1220,494215,0,7794,2,X,01,2026
1,3310,61,6,1220,9147,0,283,2,X,01,2026
1,3310,62,5,1220,873552,0,16428,2,X,01,2026
1,3310,63,5,1220,98810,0,1488,1,X,01,2026
1,3310,63,5,1220,300522,0,9466,2,X,01,2026
1,3310,64,5,1220,243644,0,5194,2,X,01,2026
1,3310,65,5,1220,54205,0,597,1,X,01,2026
1,3310,65,5,1220,399411,0,4710,2,X,01,2026
1,3310,66,5,1220,20145,0,1294,2,X,01,2026
1,3310,67,5,1220,14555,0,285,2,X,01,2026
1,3310,68,5,1220,3406689,0,138185,1,X,01,2026
1,3310,68,5,1220,116681,0,3425,2,X,01,2026
1,3310,68,6,1220,3022128,0,193185,1,X,01,2026
1,3310,69,5,1220,512746,0,16092,1,X,01,2026
1,3310,69,5,1220,535058,0,8489,2,X,01,2026
1,3310,69,6,1220,11250,0,219,1,X,01,2026
1,3310,70,5,1220,491712,0,18500,1,X,01,2026
1,3310,70,5,1220,248468,0,5405,2,X,01,2026
1,3310,70,6,1220,38100,0,373,1,X,01,2026
1,3310,71,5,1220,20330072,0,72830,1,X,01,2026
1,3310,71,5,1220,107666,0,871,2,X,01,2026
1,3310,72,5,1220,1192531,0,51185,1,X,01,2026
1,3310,72,5,1220,1065248,0,20378,2,X,01,2026
1,3310,72,6,1220,102678,0,1089,1,X,01,2026
1,3310,73,5,1220,6675329,0,127274,1,X,01,2026
1,3310,73,5,1220,2655936,0,64894,2,X,01,2026
1,3310,73,6,1220,14899,0,207,1,X,01,2026
1,3310,73,6,1220,6387,0,89,2,X,01,2026
1,3310,74,5,1220,368779,0,7073,1,X,01,2026
1,3310,74,5,1220,33946,0,472,2,X,01,2026
1,3310,75,5,1220,701205,0,13969,1,X,01,2026
1,3310,75,5,1220,212075,0,3710,2,X,01,2026
1,3310,76,5,1220,1211989,0,23236,1,X,01,2026
1,3310,76,5,1220,82679,0,1368,2,X,01,2026
1,3310,80,5,1220,47370,0,466,1,X,01,2026
1,3310,81,5,1220,10550,0,301,1,X,01,2026
1,3310,81,5,1220,46120,0,902,2,X,01,2026
1,3310,82,5,1220,2047816,0,38680,1,X,01,2026
1,3310,82,5,1220,683881,0,13382,2,X,01,2026
1,3310,82,6,1220,62318,0,1874,1,X,01,2026
1,3310,82,6,1220,59821,0,1798,2,X,01,2026
1,3310,83,5,1220,842273,0,17937,1,X,01,2026
1,3310,83,5,1220,566238,0,10537,2,X,01,2026
1,3310,83,6,1220,99286,0,861,1,X,01,2026
1,3310,83,6,1220,14704,0,128,2,X,01,2026
1,3310,83,8,1220,68939,0,679,1,X,01,2026
1,3310,84,5,1220,72130128,0,1126466,1,X,01,2026
1,3310,84,5,1220,36342752,0,549095,2,X,01,2026
1,3310,84,6,1220,102237,0,829,1,X,01,2026
1,3310,84,6,1220,1664788,0,49476,2,X,01,2026
1,3310,84,8,1220,14132,0,393,1,X,01,2026
1,3310,85,5,1220,21173406,0,295436,1,X,01,2026
1,3310,85,5,1220,21343269,0,446461,2,X,01,2026
1,3310,85,6,1220,30097,0,632,1,X,01,2026
1,3310,85,6,1220,339125,0,7404,2,X,01,2026
1,3310,86,5,1220,4241754,0,64444,1,X,01,2026
1,3310,86,5,1220,214744,0,3131,2,X,01,2026
1,3310,86,6,1220,24801389,0,0,1,X,01,2026
1,3310,87,5,1220,33553508,0,535013,1,X,01,2026
1,3310,87,5,1220,7299726,0,66541,2,X,01,2026
1,3310,87,8,1220,138197,0,3782,1,X,01,2026
1,3310,88,5,1220,35817704,0,80168,1,X,01,2026
1,3310,88,5,1220,341956,0,5690,2,X,01,2026
1,3310,89,5,1220,1041791,0,7869,1,X,01,2026
1,3310,89,5,1220,119761,0,2305,2,X,01,2026
1,3310,90,5,1220,9490372,0,147061,1,X,01,2026
1,3310,90,5,1220,8791649,0,79880,2,X,01,2026
1,3310,90,6,1220,5636,0,142,1,X,01,2026
1,3310,90,6,1220,22628,0,574,2,X,01,2026
1,3310,90,8,1220,61547,0,609,1,X,01,2026
1,3310,91,5,1220,3209,0,24,1,X,01,2026
1,3310,91,5,1220,77126,0,941,2,X,01,2026
1,3310,92,5,1220,17968,0,256,1,X,01,2026
1,3310,92,5,1220,10764,0,33,2,X,01,2026
1,3310,93,5,1220,894858,0,13229,1,X,01,2026
1,3310,93,5,1220,287887,0,5755,2,X,01,2026
1,3310,94,5,1220,2105335,0,54270,1,X,01,2026
1,3310,94,5,1220,1856954,0,49099,2,X,01,2026
1,3310,94,6,1220,7995,0,310,2,X,01,2026
1,3310,94,8,1220,12350,0,242,1,X,01,2026
1,3310,95,5,1220,870502,0,18618,1,X,01,2026
1,3310,95,5,1220,3219255,0,27993,2,X,01,2026
1,3310,96,5,1220,500357,0,14741,1,X,01,2026
1,3310,96,5,1220,204878,0,5132,2,X,01,2026
1,3310,96,6,1220,19630,0,571,2,X,01,2026
1,3310,97,5,1220,24889,0,487,1,X,01,2026
1,3310,98,5,1220,1313625,0,13543,1,X,01,2026
1,3310,98,5,1220,8119,0,159,2,X,01,2026
1,3316,30,5,1220,18309,0,0,1,X,01,2026
1,3316,39,5,1220,48027,0,1130,1,X,01,2026
1,3316,43,5,1220,2611,0,31,1,X,01,2026
1,3316,48,5,1220,4744,0,271,1,X,01,2026
1,3316,49,5,1220,13369,0,453,1,X,01,2026
1,3316,84,5,1220,3309,0,98,1,X,01,2026
1,3316,87,5,1220,33515,0,1488,1,X,01,2026
1,3317,87,8,1220,4109,0,68,1,X,01,2026
1,3318,17,5,1220,5074,0,217,1,X,01,2026
1,3318,25,5,1220,18841,0,1270,1,X,01,2026
1,3318,28,5,1220,39170,0,3366,1,X,01,2026
1,3318,28,6,1220,113597,0,7627,2,X,01,2026
1,3318,31,5,1220,29169,0,363,1,X,01,2026
1,3318,42,5,1220,3569,0,88,2,X,01,2026
1,3318,44,5,1220,426112,0,11092,1,X,01,2026
1,3318,48,5,1220,54432,0,5308,1,X,01,2026
1,3318,73,5,1220,5287,0,122,1,X,01,2026
1,3318,76,5,1220,162220,0,1833,1,X,01,2026
1,3318,83,5,1220,16575,0,237,1,X,01,2026
1,3318,83,5,1220,4537,0,116,2,X,01,2026
1,3318,84,5,1220,319519,0,2250,1,X,01,2026
1,3318,84,5,1220,103201,0,2340,2,X,01,2026
1,3318,86,5,1220,280791,0,6533,1,X,01,2026
1,3318,87,5,1220,180337,0,1490,2,X,01,2026
1,3318,90,5,1220,2880,0,56,1,X,01,2026
1,3318,94,5,1220,29125,0,784,1,X,01,2026
1,3321,07,5,1220,5211,0,201,1,X,01,2026
1,3321,07,5,1220,4293,0,165,2,X,01,2026
1,3321,40,6,1220,38760,0,756,1,X,01,2026
1,3321,40,6,1220,15815,0,308,2,X,01,2026
1,3321,47,6,1220,150923,0,2957,2,X,01,2026
1,3321,84,6,1220,6987,0,122,2,X,01,2026
1,3321,90,5,1220,4599,0,90,2,X,01,2026
1,3321,94,6,1220,2566,0,58,1,X,01,2026
1,3322,10,5,1220,587979,0,12843,1,X,01,2026
1,3322,39,6,1220,26926,0,526,1,X,01,2026
1,3322,40,6,1220,395653,0,7746,1,X,01,2026
1,3322,40,6,1220,80601,0,1573,2,X,01,2026
1,3322,70,5,1220,2697,0,64,2,X,01,2026
1,3322,84,5,1220,33002,0,858,1,X,01,2026
1,3322,87,5,1220,125529,0,2413,1,X,01,2026
1,3322,87,5,1220,3654,0,61,2,X,01,2026
1,3322,90,5,1220,7214,0,140,1,X,01,2026
1,3322,90,5,1220,50355,0,986,2,X,01,2026
1,3322,94,6,1220,33804,0,662,1,X,01,2026
1,3323,12,8,1220,5237,0,196,1,X,01,2026
1,3323,40,5,1220,25845,0,506,1,X,01,2026
1,3323,47,6,1220,458045,0,8975,2,X,01,2026
1,3325,42,8,1220,2759,0,68,1,X,01,2026
1,3325,87,5,1220,157137,0,2639,1,X,01,2026
1,3325,87,8,1220,23686,0,397,1,X,01,2026
1,3325,96,8,1220,10479,0,320,1,X,01,2026
1,33XX,29,3,1220,9208,4,180,2,X,01,2026
1,33XX,30,3,1220,10441,14,204,1,X,01,2026
1,33XX,33,3,1220,39926,397,1188,1,X,01,2026
1,33XX,33,3,1220,3576,84,70,2,X,01,2026
1,33XX,38,3,1220,38732,56,280,1,X,01,2026
1,33XX,39,3,1220,10768,793,403,1,X,01,2026
1,33XX,39,3,1220,15476,303,352,2,X,01,2026
1,33XX,40,3,1220,28670,262,425,1,X,01,2026
1,33XX,40,3,1220,3379,10,65,2,X,01,2026
1,33XX,49,3,1220,9840,96,219,1,X,01,2026
1,33XX,61,3,1220,9735,240,252,2,X,01,2026
1,33XX,63,3,1220,7775,1472,152,2,X,01,2026
1,33XX,71,3,1220,74176,2,2262,1,X,01,2026
1,33XX,84,3,1220,2146340,53346,8574,1,X,01,2026
1,33XX,84,3,1220,64993,212,1630,2,X,01,2026
1,33XX,85,3,1220,305091,18710,4911,1,X,01,2026
1,33XX,85,3,1220,108389,312,1746,2,X,01,2026
1,33XX,86,3,1220,150451,708,680,1,X,01,2026
1,33XX,86,3,1220,10620,1608,130,2,X,01,2026
1,33XX,87,3,1220,3188,45,62,1,X,01,2026
1,33XX,87,3,1220,8134,50,64,2,X,01,2026
1,33XX,88,3,1220,109243,57,2187,1,X,01,2026
1,33XX,90,3,1220,266550,1037,3302,1,X,01,2026
1,33XX,90,3,1220,243399,780,1996,2,X,01,2026
1,33XX,91,3,1220,9745,4,350,2,X,01,2026
1,33XX,94,3,1220,13428,192,269,2,X,01,2026
1,3401,01,5,1220,905940,0,9726,1,X,01,2026
1,3401,02,5,1220,11342564,0,309416,1,X,01,2026
1,3401,03,5,1220,26565,0,2062,1,X,01,2026
1,3401,04,5,1220,2793268,0,103146,1,X,01,2026
1,3401,05,5,1220,545438,0,6556,1,X,01,2026
1,3401,05,5,1220,11019,0,602,2,X,01,2026
1,3401,06,5,1220,52367,0,1593,1,X,01,2026
1,3401,07,5,1220,2664966,0,109180,1,X,01,2026
1,3401,07,5,1220,1436795,0,58577,2,X,01,2026
1,3401,08,5,1220,387791,0,8420,1,X,01,2026
1,3401,08,5,1220,9236388,0,163656,2,X,01,2026
1,3401,09,5,1220,420693,0,7085,1,X,01,2026
1,3401,09,5,1220,150184,0,3178,2,X,01,2026
1,3401,10,5,1220,8342408,0,178084,1,X,01,2026
1,3401,10,5,1220,3651,0,63,2,X,01,2026
1,3401,10,6,1220,5735686,0,127223,1,X,01,2026
1,3401,11,5,1220,1511875,0,103428,1,X,01,2026
1,3401,11,5,1220,94852,0,3844,2,X,01,2026
1,3401,11,6,1220,298336,0,14223,1,X,01,2026
1,3401,12,5,1220,3729524,0,168538,1,X,01,2026
1,3401,12,5,1220,28560,0,282,2,X,01,2026
1,3401,13,5,1220,359427,0,5677,1,X,01,2026
1,3401,13,5,1220,36839,0,1379,2,X,01,2026
1,3401,14,5,1220,9999,0,663,1,X,01,2026
1,3401,14,5,1220,3221,0,181,2,X,01,2026
1,3401,15,5,1220,2288091,0,61665,1,X,01,2026
1,3401,15,5,1220,473596,0,19707,2,X,01,2026
1,3401,15,6,1220,885472,0,14602,1,X,01,2026
1,3401,15,6,1220,217497,0,3630,2,X,01,2026
1,3401,16,5,1220,8232298,0,131191,1,X,01,2026
1,3401,17,5,1220,368084,0,18574,1,X,01,2026
1,3401,17,5,1220,128008,0,334,2,X,01,2026
1,3401,17,6,1220,2263870,0,79118,1,X,01,2026
1,3401,17,6,1220,88129,0,6534,2,X,01,2026
1,3401,18,5,1220,1812014,0,24766,1,X,01,2026
1,3401,18,5,1220,240049,0,3886,2,X,01,2026
1,3401,19,5,1220,7157547,0,326703,1,X,01,2026
1,3401,19,5,1220,147362,0,1009,2,X,01,2026
1,3401,20,5,1220,4170850,0,160154,1,X,01,2026
1,3401,20,5,1220,641481,0,7002,2,X,01,2026
1,3401,21,5,1220,4806084,0,143614,1,X,01,2026
1,3401,21,5,1220,399873,0,8362,2,X,01,2026
1,3401,22,5,1220,4101100,0,134154,1,X,01,2026
1,3401,22,5,1220,1047314,0,14122,2,X,01,2026
1,3401,22,6,1220,1461150,0,71795,1,X,01,2026
1,3401,22,6,1220,60246,0,29,2,X,01,2026
1,3401,23,5,1220,11203009,0,265434,1,X,01,2026
1,3401,23,5,1220,29713,0,595,2,X,01,2026
1,3401,23,6,1220,1532863,0,41718,1,X,01,2026
1,3401,25,5,1220,1462434,0,58698,1,X,01,2026
1,3401,25,6,1220,368074,0,29057,1,X,01,2026
1,3401,26,5,1220,386575,0,5283,1,X,01,2026
1,3401,26,5,1220,38725,0,2856,2,X,01,2026
1,3401,26,6,1220,391980,0,46104,1,X,01,2026
1,3401,27,5,1220,5327873,0,171834,1,X,01,2026
1,3401,27,5,1220,93888,0,2717,2,X,01,2026
1,3401,27,6,1220,5689366,0,339211,1,X,01,2026
1,3401,27,7,1220,417544867,0,0,1,X,01,2026
1,3401,27,8,1220,63041351,0,0,1,X,01,2026
1,3401,28,5,1220,4245531,0,166975,1,X,01,2026
1,3401,28,5,1220,694032,0,18396,2,X,01,2026
1,3401,28,6,1220,2215119,0,81555,1,X,01,2026
1,3401,29,5,1220,8933994,0,227853,1,X,01,2026
1,3401,29,5,1220,1098901,0,18109,2,X,01,2026
1,3401,29,6,1220,4780182,0,100648,1,X,01,2026
1,3401,29,6,1220,307898,0,9801,2,X,01,2026
1,3401,29,7,1220,7187700,0,0,1,X,01,2026
1,3401,30,5,1220,11017781,0,142565,1,X,01,2026
1,3401,30,5,1220,268415,0,3975,2,X,01,2026
1,3401,31,5,1220,9173620,0,184094,1,X,01,2026
1,3401,31,5,1220,1391066,0,28914,2,X,01,2026
1,3401,31,6,1220,13201732,0,253600,1,X,01,2026
1,3401,31,6,1220,17314177,0,1203025,2,X,01,2026
1,3401,31,8,1220,11254,0,72,1,X,01,2026
1,3401,32,5,1220,9518659,0,294699,1,X,01,2026
1,3401,32,5,1220,703925,0,13666,2,X,01,2026
1,3401,33,5,1220,3216710,0,63425,1,X,01,2026
1,3401,33,5,1220,557142,0,11667,2,X,01,2026
1,3401,34,5,1220,15709400,0,598244,1,X,01,2026
1,3401,34,5,1220,260027,0,9724,2,X,01,2026
1,3401,35,5,1220,3712409,0,125636,1,X,01,2026
1,3401,35,5,1220,520754,0,12678,2,X,01,2026
1,3401,35,6,1220,129097,0,9490,1,X,01,2026
1,3401,36,5,1220,2084360,0,64857,1,X,01,2026
1,3401,36,5,1220,271964,0,2965,2,X,01,2026
1,3401,37,5,1220,91773,0,1723,1,X,01,2026
1,3401,37,5,1220,6398,0,576,2,X,01,2026
1,3401,38,5,1220,59879120,0,828674,1,X,01,2026
1,3401,38,5,1220,17304131,0,95131,2,X,01,2026
1,3401,38,6,1220,3935577,0,60664,1,X,01,2026
1,3401,39,5,1220,46567033,0,1332670,1,X,01,2026
1,3401,39,5,1220,6616856,0,140737,2,X,01,2026
1,3401,39,6,1220,11229119,0,310303,1,X,01,2026
1,3401,39,6,1220,64837,0,1271,2,X,01,2026
1,3401,39,8,1220,6105,0,208,1,X,01,2026
1,3401,40,5,1220,13501619,0,353217,1,X,01,2026
1,3401,40,5,1220,2002374,0,45851,2,X,01,2026
1,3401,40,6,1220,282089,0,9801,1,X,01,2026
1,3401,40,8,1220,24123,0,472,1,X,01,2026
1,3401,41,5,1220,40243,0,788,1,X,01,2026
1,3401,41,5,1220,28876,0,1003,2,X,01,2026
1,3401,42,5,1220,369790,0,10111,1,X,01,2026
1,3401,42,5,1220,270727,0,4966,2,X,01,2026
1,3401,43,5,1220,87161,0,1054,1,X,01,2026
1,3401,43,5,1220,3862,0,31,2,X,01,2026
1,3401,44,5,1220,6439121,0,284635,1,X,01,2026
1,3401,44,5,1220,362495,0,8424,2,X,01,2026
1,3401,44,6,1220,3161609,0,81091,1,X,01,2026
1,3401,45,5,1220,39977,0,834,2,X,01,2026
1,3401,46,5,1220,4435,0,31,2,X,01,2026
1,3401,47,5,1220,279069,0,9146,1,X,01,2026
1,3401,48,5,1220,22633409,0,999443,1,X,01,2026
1,3401,48,5,1220,808625,0,21357,2,X,01,2026
1,3401,48,6,1220,2183330,0,46199,1,X,01,2026
1,3401,49,5,1220,4941353,0,93565,1,X,01,2026
1,3401,49,5,1220,235393,0,4243,2,X,01,2026
1,3401,49,6,1220,3945,0,90,2,X,01,2026
1,3401,49,8,1220,6274,0,212,1,X,01,2026
1,3401,51,5,1220,4177,0,82,1,X,01,2026
1,3401,51,5,1220,10323,0,214,2,X,01,2026
1,3401,52,5,1220,43448,0,850,1,X,01,2026
1,3401,52,5,1220,54187,0,957,2,X,01,2026
1,3401,54,5,1220,359960,0,12425,1,X,01,2026
1,3401,54,5,1220,2857,0,50,2,X,01,2026
1,3401,55,5,1220,1022971,0,15289,1,X,01,2026
1,3401,56,5,1220,2343448,0,44429,1,X,01,2026
1,3401,56,5,1220,207847,0,3465,2,X,01,2026
1,3401,57,5,1220,4432819,0,74193,1,X,01,2026
1,3401,57,5,1220,91969,0,1808,2,X,01,2026
1,3401,58,5,1220,80347,0,3449,1,X,01,2026
1,3401,58,5,1220,5761,0,67,2,X,01,2026
1,3401,59,5,1220,863001,0,23502,1,X,01,2026
1,3401,59,5,1220,167295,0,5572,2,X,01,2026
1,3401,60,5,1220,43645,0,738,1,X,01,2026
1,3401,60,5,1220,7739,0,126,2,X,01,2026
1,3401,61,5,1220,84968,0,1821,1,X,01,2026
1,3401,61,5,1220,781841,0,24475,2,X,01,2026
1,3401,62,5,1220,227656,0,5531,1,X,01,2026
1,3401,62,5,1220,1603896,0,38623,2,X,01,2026
1,3401,63,5,1220,1470906,0,25346,1,X,01,2026
1,3401,63,5,1220,501854,0,14750,2,X,01,2026
1,3401,64,5,1220,324219,0,35305,1,X,01,2026
1,3401,64,5,1220,121506,0,4681,2,X,01,2026
1,3401,65,5,1220,172744,0,2602,1,X,01,2026
1,3401,65,5,1220,150873,0,2639,2,X,01,2026
1,3401,66,5,1220,2691,0,138,1,X,01,2026
1,3401,67,5,1220,9392,0,261,2,X,01,2026
1,3401,68,5,1220,8310169,0,377467,1,X,01,2026
1,3401,68,5,1220,167969,0,4709,2,X,01,2026
1,3401,68,6,1220,402764,0,31544,1,X,01,2026
1,3401,69,5,1220,581484,0,9706,1,X,01,2026
1,3401,69,5,1220,354121,0,8161,2,X,01,2026
1,3401,70,5,1220,4499515,0,135687,1,X,01,2026
1,3401,70,5,1220,241405,0,3963,2,X,01,2026
1,3401,71,5,1220,583001,0,12939,1,X,01,2026
1,3401,71,5,1220,106076,0,1384,2,X,01,2026
1,3401,72,5,1220,7543112,0,297946,1,X,01,2026
1,3401,72,5,1220,1037862,0,47463,2,X,01,2026
1,3401,72,6,1220,797786,0,12473,1,X,01,2026
1,3401,72,6,1220,1412045,0,53566,2,X,01,2026
1,3401,72,8,1220,8265,0,161,1,X,01,2026
1,3401,73,5,1220,22723812,0,566594,1,X,01,2026
1,3401,73,5,1220,3586405,0,93361,2,X,01,2026
1,3401,73,6,1220,2565002,0,28997,1,X,01,2026
1,3401,73,8,1220,12686,0,249,1,X,01,2026
1,3401,74,5,1220,2086347,0,34306,1,X,01,2026
1,3401,74,5,1220,356767,0,7294,2,X,01,2026
1,3401,75,5,1220,161643,0,3575,1,X,01,2026
1,3401,75,5,1220,44638,0,178,2,X,01,2026
1,3401,76,5,1220,7330758,0,200774,1,X,01,2026
1,3401,76,5,1220,563040,0,11747,2,X,01,2026
1,3401,79,5,1220,186367,0,4671,1,X,01,2026
1,3401,80,5,1220,33322,0,2025,1,X,01,2026
1,3401,81,5,1220,1488672,0,7785,1,X,01,2026
1,3401,81,5,1220,2718,0,83,2,X,01,2026
1,3401,82,5,1220,2903013,0,45288,1,X,01,2026
1,3401,82,5,1220,1125281,0,19172,2,X,01,2026
1,3401,83,5,1220,3457907,0,61645,1,X,01,2026
1,3401,83,5,1220,996634,0,29108,2,X,01,2026
1,3401,84,5,1220,189900809,0,2834154,1,X,01,2026
1,3401,84,5,1220,54599659,0,796737,2,X,01,2026
1,3401,84,6,1220,36630,0,715,1,X,01,2026
1,3401,84,8,1220,79326,0,2739,1,X,01,2026
1,3401,84,8,1220,15191,0,451,2,X,01,2026
1,3401,85,5,1220,60200490,0,881670,1,X,01,2026
1,3401,85,5,1220,29737921,0,400575,2,X,01,2026
1,3401,85,8,1220,11267,0,246,2,X,01,2026
1,3401,86,5,1220,9613293,0,214280,1,X,01,2026
1,3401,86,5,1220,629393,0,12376,2,X,01,2026
1,3401,86,6,1220,246493,0,594,1,X,01,2026
1,3401,87,5,1220,114229473,0,1332265,1,X,01,2026
1,3401,87,5,1220,16702234,0,240144,2,X,01,2026
1,3401,87,8,1220,397876,0,9631,1,X,01,2026
1,3401,87,8,1220,189510,0,4171,2,X,01,2026
1,3401,88,5,1220,7707513,0,66098,1,X,01,2026
1,3401,88,5,1220,421929,0,3736,2,X,01,2026
1,3401,88,6,1220,4838,0,95,1,X,01,2026
1,3401,88,8,1220,13238,0,286,1,X,01,2026
1,3401,89,5,1220,4913022,0,49566,1,X,01,2026
1,3401,90,5,1220,17439761,0,229746,1,X,01,2026
1,3401,90,5,1220,11812631,0,111465,2,X,01,2026
1,3401,90,8,1220,8465,0,214,1,X,01,2026
1,3401,91,5,1220,37983,0,646,1,X,01,2026
1,3401,91,5,1220,21355,0,249,2,X,01,2026
1,3401,92,5,1220,44703,0,1177,1,X,01,2026
1,3401,92,5,1220,30543,0,463,2,X,01,2026
1,3401,93,5,1220,143173,0,2749,1,X,01,2026
1,3401,93,5,1220,62646,0,1087,2,X,01,2026
1,3401,94,5,1220,7640618,0,173601,1,X,01,2026
1,3401,94,5,1220,3785457,0,110530,2,X,01,2026
1,3401,95,5,1220,3262747,0,47017,1,X,01,2026
1,3401,95,5,1220,2256236,0,39245,2,X,01,2026
1,3401,95,6,1220,2659,0,52,1,X,01,2026
1,3401,96,5,1220,1675068,0,36776,1,X,01,2026
1,3401,96,5,1220,402097,0,9863,2,X,01,2026
1,3401,97,5,1220,37333,0,633,1,X,01,2026
1,3401,98,5,1220,947752,0,17695,1,X,01,2026
1,3401,98,5,1220,16414,0,53,2,X,01,2026
1,3401,98,8,1220,23289,0,456,1,X,01,2026
1,3403,01,5,1220,6243143,0,122647,1,X,01,2026
1,3403,02,5,1220,3892111,0,60975,1,X,01,2026
1,3403,03,5,1220,455578,0,6217,2,X,01,2026
1,3403,04,5,1220,1031827,0,5074,1,X,01,2026
1,3403,05,5,1220,254834,0,7513,1,X,01,2026
1,3403,06,5,1220,12462,0,607,1,X,01,2026
1,3403,06,5,1220,3425,0,75,2,X,01,2026
1,3403,07,5,1220,607570,0,37095,1,X,01,2026
1,3403,07,5,1220,180529,0,13411,2,X,01,2026
1,3403,08,5,1220,202597,0,4806,1,X,01,2026
1,3403,08,5,1220,2364414,0,48852,2,X,01,2026
1,3403,09,5,1220,2629,0,51,1,X,01,2026
1,3403,09,5,1220,94192,0,1847,2,X,01,2026
1,3403,10,5,1220,3892789,0,110028,1,X,01,2026
1,3403,10,5,1220,10905,0,213,2,X,01,2026
1,3403,10,6,1220,11780336,0,175964,1,X,01,2026
1,3403,11,5,1220,665560,0,30735,1,X,01,2026
1,3403,11,6,1220,279432,0,27188,1,X,01,2026
1,3403,11,6,1220,2807,0,47,2,X,01,2026
1,3403,12,5,1220,1530858,0,52019,1,X,01,2026
1,3403,12,5,1220,35535,0,350,2,X,01,2026
1,3403,12,6,1220,1619964,0,28883,1,X,01,2026
1,3403,13,5,1220,80609,0,1298,1,X,01,2026
1,3403,14,5,1220,27193,0,1657,1,X,01,2026
1,3403,15,5,1220,819430,0,21335,1,X,01,2026
1,3403,15,5,1220,270893,0,4454,2,X,01,2026
1,3403,15,6,1220,519690,0,10051,1,X,01,2026
1,3403,15,6,1220,553115,0,5620,2,X,01,2026
1,3403,16,5,1220,6897011,0,109092,1,X,01,2026
1,3403,16,5,1220,124486,0,1452,2,X,01,2026
1,3403,17,5,1220,375312,0,7831,1,X,01,2026
1,3403,17,5,1220,149247,0,546,2,X,01,2026
1,3403,17,6,1220,734521,0,22922,1,X,01,2026
1,3403,18,5,1220,1318813,0,9091,1,X,01,2026
1,3403,18,5,1220,4991,0,98,2,X,01,2026
1,3403,18,6,1220,21798,0,135,1,X,01,2026
1,3403,19,5,1220,5205435,0,121671,1,X,01,2026
1,3403,19,5,1220,57423,0,1164,2,X,01,2026
1,3403,19,6,1220,105344,0,2071,1,X,01,2026
1,3403,19,6,1220,75728,0,1097,2,X,01,2026
1,3403,20,5,1220,2422578,0,73407,1,X,01,2026
1,3403,20,5,1220,324686,0,6499,2,X,01,2026
1,3403,20,6,1220,247962,0,7806,1,X,01,2026
1,3403,21,5,1220,3864923,0,93251,1,X,01,2026
1,3403,21,5,1220,106226,0,342,2,X,01,2026
1,3403,21,6,1220,348523,0,12900,1,X,01,2026
1,3403,22,5,1220,808404,0,20555,1,X,01,2026
1,3403,22,5,1220,1107410,0,1901,2,X,01,2026
1,3403,22,6,1220,18541622,0,1171511,1,X,01,2026
1,3403,23,5,1220,7072506,0,154799,1,X,01,2026
1,3403,23,5,1220,49849,0,975,2,X,01,2026
1,3403,23,6,1220,11557248,0,335889,1,X,01,2026
1,3403,25,5,1220,847174,0,28269,1,X,01,2026
1,3403,25,5,1220,27138,0,530,2,X,01,2026
1,3403,25,6,1220,780689,0,47648,1,X,01,2026
1,3403,25,6,1220,517405,0,10130,2,X,01,2026
1,3403,26,5,1220,374954,0,3552,1,X,01,2026
1,3403,27,5,1220,13966551,0,781683,1,X,01,2026
1,3403,27,5,1220,169997,0,2925,2,X,01,2026
1,3403,27,6,1220,8966224,0,333607,1,X,01,2026
1,3403,28,5,1220,1945410,0,43831,1,X,01,2026
1,3403,28,5,1220,217932,0,7726,2,X,01,2026
1,3403,28,6,1220,895195,0,36294,1,X,01,2026
1,3403,28,6,1220,33291,0,731,2,X,01,2026
1,3403,29,5,1220,5653492,0,113316,1,X,01,2026
1,3403,29,5,1220,272178,0,9267,2,X,01,2026
1,3403,29,6,1220,11269783,0,169896,1,X,01,2026
1,3403,29,6,1220,906429,0,3627,2,X,01,2026
1,3403,30,5,1220,1041429,0,20559,1,X,01,2026
1,3403,30,5,1220,54278,0,536,2,X,01,2026
1,3403,31,5,1220,428804,0,11713,1,X,01,2026
1,3403,31,5,1220,122224,0,2394,2,X,01,2026
1,3403,31,6,1220,16742105,0,196409,1,X,01,2026
1,3403,31,6,1220,10218979,0,617122,2,X,01,2026
1,3403,32,5,1220,2042716,0,46986,1,X,01,2026
1,3403,32,5,1220,90946,0,2336,2,X,01,2026
1,3403,32,6,1220,47890,0,2903,1,X,01,2026
1,3403,33,5,1220,2294460,0,8255,1,X,01,2026
1,3403,33,5,1220,404353,0,6670,2,X,01,2026
1,3403,33,6,1220,526192,0,4703,1,X,01,2026
1,3403,34,5,1220,7224353,0,163584,1,X,01,2026
1,3403,34,5,1220,57527,0,801,2,X,01,2026
1,3403,34,6,1220,1680440,0,19997,1,X,01,2026
1,3403,34,6,1220,9335,0,170,2,X,01,2026
1,3403,35,5,1220,406883,0,31012,1,X,01,2026
1,3403,35,5,1220,382141,0,3600,2,X,01,2026
1,3403,35,6,1220,377908,0,7621,1,X,01,2026
1,3403,35,6,1220,7481,0,127,2,X,01,2026
1,3403,36,5,1220,302621,0,16117,1,X,01,2026
1,3403,38,5,1220,37300330,0,692511,1,X,01,2026
1,3403,38,5,1220,1743210,0,31152,2,X,01,2026
1,3403,38,6,1220,13585323,0,223868,1,X,01,2026
1,3403,38,6,1220,8746,0,416,2,X,01,2026
1,3403,39,5,1220,17135265,0,431388,1,X,01,2026
1,3403,39,5,1220,1452587,0,40171,2,X,01,2026
1,3403,39,6,1220,10737115,0,286216,1,X,01,2026
1,3403,39,6,1220,1602776,0,33427,2,X,01,2026
1,3403,40,5,1220,9076849,0,171495,1,X,01,2026
1,3403,40,5,1220,1086111,0,24487,2,X,01,2026
1,3403,40,6,1220,653158,0,12571,1,X,01,2026
1,3403,40,6,1220,157143,0,3043,2,X,01,2026
1,3403,41,5,1220,28120,0,609,1,X,01,2026
1,3403,42,5,1220,86137,0,3907,1,X,01,2026
1,3403,42,5,1220,37816,0,703,2,X,01,2026
1,3403,42,6,1220,3390,0,50,1,X,01,2026
1,3403,44,5,1220,1875972,0,139194,1,X,01,2026
1,3403,44,5,1220,18045,0,72,2,X,01,2026
1,3403,44,6,1220,3762974,0,107488,1,X,01,2026
1,3403,44,6,1220,2814,0,38,2,X,01,2026
1,3403,47,5,1220,26580,0,521,1,X,01,2026
1,3403,47,6,1220,23342,0,456,1,X,01,2026
1,3403,47,6,1220,1050706,0,20597,2,X,01,2026
1,3403,48,5,1220,3551520,0,184272,1,X,01,2026
1,3403,48,5,1220,543669,0,6861,2,X,01,2026
1,3403,48,6,1220,1879656,0,42409,1,X,01,2026
1,3403,48,6,1220,8034,0,187,2,X,01,2026
1,3403,49,5,1220,2891620,0,52824,1,X,01,2026
1,3403,49,5,1220,51082,0,942,2,X,01,2026
1,3403,51,5,1220,6509,0,127,2,X,01,2026
1,3403,52,5,1220,2928,0,57,1,X,01,2026
1,3403,54,5,1220,712529,0,9166,1,X,01,2026
1,3403,54,6,1220,4735,0,230,1,X,01,2026
1,3403,55,5,1220,52287,0,981,1,X,01,2026
1,3403,56,5,1220,756826,0,14649,1,X,01,2026
1,3403,56,5,1220,67944,0,1328,2,X,01,2026
1,3403,56,6,1220,533431,0,5143,1,X,01,2026
1,3403,56,6,1220,90080,0,363,2,X,01,2026
1,3403,57,5,1220,51981,0,720,1,X,01,2026
1,3403,57,5,1220,46189,0,803,2,X,01,2026
1,3403,58,5,1220,3390,0,66,1,X,01,2026
1,3403,59,5,1220,104326,0,1257,1,X,01,2026
1,3403,59,5,1220,79539,0,1613,2,X,01,2026
1,3403,59,6,1220,2604,0,47,1,X,01,2026
1,3403,61,5,1220,3133,0,18,1,X,01,2026
1,3403,61,5,1220,296532,0,7719,2,X,01,2026
1,3403,61,6,1220,15347,0,15,2,X,01,2026
1,3403,62,5,1220,9097,0,56,1,X,01,2026
1,3403,62,5,1220,395976,0,7994,2,X,01,2026
1,3403,62,6,1220,3518,0,66,2,X,01,2026
1,3403,63,5,1220,128274,0,4295,1,X,01,2026
1,3403,63,5,1220,66138,0,1006,2,X,01,2026
1,3403,63,6,1220,3470,0,56,1,X,01,2026
1,3403,64,5,1220,53570,0,526,2,X,01,2026
1,3403,65,5,1220,4231,0,127,2,X,01,2026
1,3403,67,5,1220,17575,0,714,2,X,01,2026
1,3403,68,5,1220,1967819,0,72365,1,X,01,2026
1,3403,68,5,1220,32126,0,533,2,X,01,2026
1,3403,68,6,1220,1047675,0,62776,1,X,01,2026
1,3403,68,6,1220,132809,0,0,2,X,01,2026
1,3403,69,5,1220,628017,0,22358,1,X,01,2026
1,3403,69,5,1220,246210,0,5024,2,X,01,2026
1,3403,70,5,1220,1348951,0,20676,1,X,01,2026
1,3403,70,5,1220,228554,0,3031,2,X,01,2026
1,3403,70,6,1220,408426,0,10030,1,X,01,2026
1,3403,70,6,1220,7710,0,183,2,X,01,2026
1,3403,71,5,1220,1456475,0,7959,1,X,01,2026
1,3403,72,5,1220,3736068,0,166929,1,X,01,2026
1,3403,72,5,1220,655561,0,15207,2,X,01,2026
1,3403,72,6,1220,2681648,0,35022,1,X,01,2026
1,3403,72,6,1220,3866339,0,159346,2,X,01,2026
1,3403,73,5,1220,12762832,0,238559,1,X,01,2026
1,3403,73,5,1220,2136409,0,43365,2,X,01,2026
1,3403,73,6,1220,931089,0,37559,1,X,01,2026
1,3403,73,6,1220,39500,0,658,2,X,01,2026
1,3403,74,5,1220,195311,0,3828,1,X,01,2026
1,3403,74,5,1220,55014,0,544,2,X,01,2026
1,3403,74,6,1220,2694,0,140,1,X,01,2026
1,3403,75,5,1220,329524,0,5390,1,X,01,2026
1,3403,75,5,1220,204238,0,3489,2,X,01,2026
1,3403,76,5,1220,1851780,0,39513,1,X,01,2026
1,3403,76,5,1220,274704,0,6371,2,X,01,2026
1,3403,76,6,1220,119089,0,1587,1,X,01,2026
1,3403,81,5,1220,4513,0,79,1,X,01,2026
1,3403,82,5,1220,980446,0,13021,1,X,01,2026
1,3403,82,5,1220,136565,0,1652,2,X,01,2026
1,3403,83,5,1220,1293704,0,25123,1,X,01,2026
1,3403,83,5,1220,56603,0,786,2,X,01,2026
1,3403,83,6,1220,6692,0,103,1,X,01,2026
1,3403,83,6,1220,61089,0,1102,2,X,01,2026
1,3403,84,5,1220,182784352,0,1864656,1,X,01,2026
1,3403,84,5,1220,41923285,0,452169,2,X,01,2026
1,3403,84,6,1220,1048996,0,18906,1,X,01,2026
1,3403,84,6,1220,336037,0,5463,2,X,01,2026
1,3403,85,5,1220,24351878,0,356396,1,X,01,2026
1,3403,85,5,1220,10148157,0,129311,2,X,01,2026
1,3403,85,6,1220,544681,0,5371,1,X,01,2026
1,3403,85,6,1220,99424,0,2298,2,X,01,2026
1,3403,86,5,1220,2853176,0,38167,1,X,01,2026
1,3403,86,5,1220,8721347,0,86339,2,X,01,2026
1,3403,86,6,1220,3002269,0,46246,1,X,01,2026
1,3403,86,6,1220,117390,0,1162,2,X,01,2026
1,3403,87,5,1220,130828293,0,1409868,1,X,01,2026
1,3403,87,5,1220,4349469,0,46969,2,X,01,2026
1,3403,87,6,1220,78648,0,2877,1,X,01,2026
1,3403,87,6,1220,40088,0,539,2,X,01,2026
1,3403,87,8,1220,55920,0,1815,2,X,01,2026
1,3403,88,5,1220,2826546,0,45174,1,X,01,2026
1,3403,88,5,1220,487808,0,4857,2,X,01,2026
1,3403,89,5,1220,2578081,0,16043,1,X,01,2026
1,3403,89,5,1220,52343,0,408,2,X,01,2026
1,3403,90,5,1220,3590974,0,59928,1,X,01,2026
1,3403,90,5,1220,1966243,0,15581,2,X,01,2026
1,3403,90,6,1220,39681,0,776,1,X,01,2026
1,3403,90,6,1220,119253,0,2048,2,X,01,2026
1,3403,91,5,1220,6190,0,45,1,X,01,2026
1,3403,91,5,1220,3470,0,223,2,X,01,2026
1,3403,94,5,1220,2593707,0,63590,1,X,01,2026
1,3403,94,5,1220,423854,0,9614,2,X,01,2026
1,3403,94,6,1220,153939,0,6674,1,X,01,2026
1,3403,94,6,1220,36842,0,593,2,X,01,2026
1,3403,95,5,1220,2342186,0,23305,1,X,01,2026
1,3403,95,5,1220,2881876,0,22850,2,X,01,2026
1,3403,95,6,1220,160158,0,26,1,X,01,2026
1,3403,95,6,1220,62267,0,9,2,X,01,2026
1,3403,96,5,1220,512709,0,17554,1,X,01,2026
1,3403,96,5,1220,399642,0,3275,2,X,01,2026
1,3403,96,6,1220,27381,0,1378,1,X,01,2026
1,3403,98,5,1220,193866,0,4472,1,X,01,2026
1,3403,98,5,1220,134955,0,2396,2,X,01,2026
1,3404,12,5,1220,739649,0,27820,1,X,01,2026
1,3404,23,5,1220,4094,0,173,1,X,01,2026
1,3404,84,5,1220,82059,0,2443,1,X,01,2026
1,3404,84,5,1220,20983,0,624,2,X,01,2026
1,3404,87,5,1220,44241,0,867,1,X,01,2026
1,3404,87,8,1220,5372,0,90,2,X,01,2026
1,3404,94,5,1220,4642,0,180,1,X,01,2026
1,3405,40,5,1220,3157,0,68,1,X,01,2026
1,3406,08,5,1220,25433,0,497,1,X,01,2026
1,3406,08,5,1220,69908,0,6622,2,X,01,2026
1,3406,27,6,1220,266669,0,5227,1,X,01,2026
1,3406,29,6,1220,432691,0,8481,1,X,01,2026
1,3406,31,6,1220,3253316,0,113021,2,X,01,2026
1,3406,38,6,1220,154857,0,3036,1,X,01,2026
1,3406,84,5,1220,3610,0,107,1,X,01,2026
1,3407,10,5,1220,61102,0,2085,1,X,01,2026
1,3407,23,5,1220,9308,0,172,1,X,01,2026
1,3407,29,5,1220,3001,0,74,1,X,01,2026
1,3407,41,5,1220,8180,0,177,1,X,01,2026
1,3407,48,5,1220,5497,0,159,1,X,01,2026
1,3407,49,5,1220,6161,0,305,1,X,01,2026
1,3407,72,5,1220,7275,0,80,1,X,01,2026
1,3407,84,5,1220,116589,0,2655,1,X,01,2026
1,3407,84,5,1220,7741,0,196,2,X,01,2026
1,3407,84,8,1220,14532,0,432,1,X,01,2026
1,3407,87,5,1220,13257,0,222,1,X,01,2026
1,3409,48,5,1220,62774,0,575,1,X,01,2026
1,3409,84,5,1220,4143,0,123,1,X,01,2026
1,3409,84,8,1220,3705,0,110,1,X,01,2026
1,3409,89,8,1220,7389,0,108,1,X,01,2026
1,3410,11,5,1220,9631,0,1496,1,X,01,2026
1,3410,19,5,1220,47766,0,6519,1,X,01,2026
1,3410,20,5,1220,37061,0,6275,1,X,01,2026
1,3410,21,5,1220,102260,0,7053,1,X,01,2026
1,3410,22,5,1220,24786,0,1923,1,X,01,2026
1,3410,23,5,1220,4859,0,659,1,X,01,2026
1,3410,27,5,1220,15888,0,1553,1,X,01,2026
1,3410,28,5,1220,68350,0,3267,1,X,01,2026
1,3410,29,5,1220,53872,0,6023,1,X,01,2026
1,3410,29,5,1220,3839,0,130,2,X,01,2026
1,3410,30,5,1220,147489,0,2064,1,X,01,2026
1,3410,30,5,1220,2673,0,130,2,X,01,2026
1,3410,32,5,1220,11635,0,1060,1,X,01,2026
1,3410,33,5,1220,26071,0,590,1,X,01,2026
1,3410,33,5,1220,13822,0,556,2,X,01,2026
1,3410,34,5,1220,247835,0,18264,1,X,01,2026
1,3410,35,5,1220,219751,0,7653,1,X,01,2026
1,3410,38,5,1220,7145,0,862,1,X,01,2026
1,3410,39,5,1220,191652,0,17563,1,X,01,2026
1,3410,39,5,1220,40869,0,1168,2,X,01,2026
1,3410,40,5,1220,14880,0,837,1,X,01,2026
1,3410,47,5,1220,39842,0,3713,1,X,01,2026
1,3410,48,5,1220,193080,0,21041,1,X,01,2026
1,3410,70,5,1220,12893,0,464,1,X,01,2026
1,3410,72,5,1220,212071,0,16333,1,X,01,2026
1,3410,73,5,1220,107740,0,5514,1,X,01,2026
1,3410,74,5,1220,16566,0,175,2,X,01,2026
1,3410,76,5,1220,145251,0,9465,1,X,01,2026
1,3410,83,5,1220,13462,0,695,2,X,01,2026
1,3410,83,6,1220,116934,0,3267,1,X,01,2026
1,3410,84,5,1220,279223,0,8268,1,X,01,2026
1,3410,84,5,1220,107517,0,1836,2,X,01,2026
1,3410,85,5,1220,150970,0,5468,1,X,01,2026
1,3410,85,5,1220,207285,0,3358,2,X,01,2026
1,3410,87,5,1220,525038,0,13559,1,X,01,2026
1,3410,90,5,1220,14892,0,589,1,X,01,2026
1,3410,94,5,1220,5644,0,437,1,X,01,2026
1,3410,94,5,1220,25047,0,487,2,X,01,2026
1,3410,95,5,1220,5456,0,468,2,X,01,2026
1,3413,27,5,1220,40884,0,1357,1,X,01,2026
1,3413,87,5,1220,6573,0,110,2,X,01,2026
1,3414,10,5,1220,53370,0,1165,1,X,01,2026
1,3414,84,5,1220,3594,0,106,1,X,01,2026
1,3415,84,5,1220,19114,0,568,1,X,01,2026
1,3415,84,8,1220,28623,0,852,1,X,01,2026
1,3415,85,5,1220,7011,0,153,1,X,01,2026
1,3415,87,5,1220,6708,0,112,1,X,01,2026
1,3415,90,8,1220,2922,0,74,1,X,01,2026
1,3416,10,5,1220,141868,0,5247,1,X,01,2026
1,3416,34,5,1220,8290,0,313,1,X,01,2026
1,3416,70,5,1220,11147,0,266,1,X,01,2026
1,3416,85,5,1220,43525,0,953,1,X,01,2026
1,3417,84,5,1220,22864,0,681,1,X,01,2026
1,3417,87,8,1220,29437,0,495,1,X,01,2026
1,3419,26,5,1220,35568,0,1454,1,X,01,2026
1,3419,84,5,1220,16432,0,488,1,X,01,2026
1,3419,85,5,1220,3472,0,76,1,X,01,2026
1,3420,07,5,1220,366987,0,36055,1,X,01,2026
1,3420,39,8,1220,13842,0,0,1,X,01,2026
1,3420,84,5,1220,10448,0,311,1,X,01,2026
1,3420,84,5,1220,284974,0,2820,2,X,01,2026
1,3421,10,5,1220,7352,0,160,1,X,01,2026
1,3421,84,5,1220,4939,0,147,1,X,01,2026
1,3421,85,5,1220,29731,0,651,1,X,01,2026
1,3422,01,5,1220,49103,0,745,1,X,01,2026
1,3422,01,8,1220,12338,0,246,1,X,01,2026
1,3422,04,5,1220,9197,0,180,1,X,01,2026
1,3422,07,5,1220,200202,0,6910,1,X,01,2026
1,3422,07,5,1220,116218,0,4266,2,X,01,2026
1,3422,08,5,1220,162863,0,2971,1,X,01,2026
1,3422,08,5,1220,38139,0,1155,2,X,01,2026
1,3422,10,5,1220,617001,0,13147,1,X,01,2026
1,3422,11,5,1220,289892,0,4992,1,X,01,2026
1,3422,11,6,1220,228324,0,1815,1,X,01,2026
1,3422,12,5,1220,2463505,0,55767,1,X,01,2026
1,3422,17,5,1220,22564,0,286,1,X,01,2026
1,3422,19,5,1220,664813,0,27770,1,X,01,2026
1,3422,20,5,1220,473527,0,9267,1,X,01,2026
1,3422,23,5,1220,1478416,0,32738,1,X,01,2026
1,3422,25,5,1220,18639,0,984,1,X,01,2026
1,3422,26,5,1220,29221,0,566,1,X,01,2026
1,3422,28,5,1220,145960,0,4462,1,X,01,2026
1,3422,29,5,1220,187396,0,3671,1,X,01,2026
1,3422,31,5,1220,407247,0,6174,1,X,01,2026
1,3422,31,5,1220,112835,0,1905,2,X,01,2026
1,3422,33,5,1220,3248,0,96,1,X,01,2026
1,3422,34,5,1220,30593,0,599,1,X,01,2026
1,3422,38,5,1220,144375,0,2159,1,X,01,2026
1,3422,39,5,1220,141842,0,1540,1,X,01,2026
1,3422,40,5,1220,31489,0,615,1,X,01,2026
1,3422,44,5,1220,26799,0,524,2,X,01,2026
1,3422,68,5,1220,193505,0,2689,1,X,01,2026
1,3422,69,5,1220,6552,0,128,1,X,01,2026
1,3422,72,5,1220,35695,0,1153,1,X,01,2026
1,3422,73,5,1220,198574,0,3333,1,X,01,2026
1,3422,73,5,1220,43663,0,856,2,X,01,2026
1,3422,76,5,1220,18655,0,363,1,X,01,2026
1,3422,83,5,1220,3393,0,42,1,X,01,2026
1,3422,84,5,1220,4080106,0,31146,1,X,01,2026
1,3422,84,5,1220,515050,0,7752,2,X,01,2026
1,3422,85,5,1220,8438,0,165,2,X,01,2026
1,3422,87,5,1220,2568420,0,25109,1,X,01,2026
1,3422,89,5,1220,92277,0,1809,1,X,01,2026
1,3422,90,5,1220,22422,0,275,1,X,01,2026
1,3422,90,5,1220,191991,0,3750,2,X,01,2026
1,3422,95,5,1220,9105,0,331,1,X,01,2026
1,3422,95,5,1220,3621,0,132,2,X,01,2026
1,3422,95,8,1220,4292,0,58,2,X,01,2026
1,3423,87,5,1220,7700,0,129,1,X,01,2026
1,3423,95,8,1220,17269,0,631,1,X,01,2026
1,3424,12,5,1220,49790,0,491,1,X,01,2026
1,3424,27,5,1220,60059,0,3572,1,X,01,2026
1,3424,29,5,1220,7708,0,151,1,X,01,2026
1,3424,38,5,1220,21451,0,905,1,X,01,2026
1,3424,40,5,1220,122149,0,2394,1,X,01,2026
1,3424,84,5,1220,102180,0,1285,2,X,01,2026
1,3424,85,5,1220,10595,0,206,2,X,01,2026
1,3424,87,5,1220,39631,0,720,1,X,01,2026
1,3424,89,5,1220,83848,0,818,1,X,01,2026
1,3424,98,8,1220,48954,0,484,1,X,01,2026
1,3430,32,5,1220,2572,0,50,1,X,01,2026
1,3430,84,5,1220,10938,0,326,1,X,01,2026
1,3430,84,5,1220,3700,0,76,2,X,01,2026
1,34XX,01,3,1220,14780,46,289,1,X,01,2026
1,34XX,16,3,1220,108006,11135,1067,1,X,01,2026
1,34XX,28,3,1220,17870,16,411,1,X,01,2026
1,34XX,29,3,1220,128160,19896,11448,1,X,01,2026
1,34XX,30,3,1220,295137,441,777,1,X,01,2026
1,34XX,33,3,1220,17609,786,609,1,X,01,2026
1,34XX,34,3,1220,114408,8699,1815,1,X,01,2026
1,34XX,35,3,1220,6325,5,25,1,X,01,2026
1,34XX,38,3,1220,45473,406,691,1,X,01,2026
1,34XX,38,3,1220,14670,39,377,2,X,01,2026
1,34XX,39,3,1220,181320,4943,3430,1,X,01,2026
1,34XX,39,3,1220,11884,18,184,2,X,01,2026
1,34XX,40,3,1220,46429,220,897,1,X,01,2026
1,34XX,40,3,1220,53713,432,821,2,X,01,2026
1,34XX,41,3,1220,10162,713,130,1,X,01,2026
1,34XX,41,3,1220,3719,45,181,2,X,01,2026
1,34XX,44,3,1220,26616,19907,54,1,X,01,2026
1,34XX,48,3,1220,18252,9080,314,1,X,01,2026
1,34XX,49,3,1220,3216,41,72,1,X,01,2026
1,34XX,59,3,1220,3091,91,13,2,X,01,2026
1,34XX,61,3,1220,12487,123,66,2,X,01,2026
1,34XX,62,3,1220,3206,352,74,2,X,01,2026
1,34XX,65,3,1220,5278,51,118,2,X,01,2026
1,34XX,70,3,1220,6382,138,237,2,X,01,2026
1,34XX,71,3,1220,25953,4,323,1,X,01,2026
1,34XX,72,3,1220,5812,2408,128,1,X,01,2026
1,34XX,73,3,1220,205545,11258,601,1,X,01,2026
1,34XX,73,3,1220,23687,344,588,2,X,01,2026
1,34XX,74,3,1220,16601,105,130,1,X,01,2026
1,34XX,75,3,1220,63247,62,88,1,X,01,2026
1,34XX,76,3,1220,6586,160,128,1,X,01,2026
1,34XX,76,3,1220,5230,437,68,2,X,01,2026
1,34XX,81,3,1220,6325,14,49,1,X,01,2026
1,34XX,82,3,1220,13480,128,166,1,X,01,2026
1,34XX,82,3,1220,7828,32,36,2,X,01,2026
1,34XX,83,3,1220,463733,11020,1948,1,X,01,2026
1,34XX,83,3,1220,6195,692,121,2,X,01,2026
1,34XX,84,3,1220,939647,9278,11987,1,X,01,2026
1,34XX,84,3,1220,424861,1906,7373,2,X,01,2026
1,34XX,85,3,1220,1602045,6168,17114,1,X,01,2026
1,34XX,85,3,1220,1754932,3630,12398,2,X,01,2026
1,34XX,86,3,1220,3619,33,71,1,X,01,2026
1,34XX,87,3,1220,11245,103,225,1,X,01,2026
1,34XX,87,3,1220,2671,90,118,2,X,01,2026
1,34XX,87,8,2010,8070,0,0,1,X,01,2026
1,34XX,88,3,1220,2827746,4399,49687,1,X,01,2026
1,34XX,88,3,1220,27919,84,472,2,X,01,2026
1,34XX,90,3,1220,714480,1407,6559,1,X,01,2026
1,34XX,90,3,1220,647873,1640,6610,2,X,01,2026
1,34XX,93,3,1220,181489,6,130,1,X,01,2026
1,34XX,94,3,1220,15915,763,373,1,X,01,2026
1,34XX,94,3,1220,15974,200,572,2,X,01,2026
1,34XX,95,3,1220,84735,544,203,1,X,01,2026
1,34XX,95,3,1220,11957,70,258,2,X,01,2026
1,34XX,96,3,1220,10010,5,130,1,X,01,2026
1,34XX,97,3,1220,6798,7,72,1,X,01,2026
1,3501,05,3,1220,35224,123,689,1,X,01,2026
1,3501,15,3,1220,6147,401,292,1,X,01,2026
1,3501,21,5,1220,45250,0,3267,1,X,01,2026
1,3501,22,3,1220,6854,92,72,1,X,01,2026
1,3501,23,5,1220,3134,0,61,1,X,01,2026
1,3501,27,3,1220,2997,5075,58,1,X,01,2026
1,3501,29,3,1220,17090,3356,689,1,X,01,2026
1,3501,30,3,1220,44358,138,810,1,X,01,2026
1,3501,30,3,1220,15894,38,311,2,X,01,2026
1,3501,30,5,1220,154165,0,4213,1,X,01,2026
1,3501,30,5,1220,75617,0,533,2,X,01,2026
1,3501,31,6,1220,598119,0,11721,2,X,01,2026
1,3501,32,5,1220,7640,0,526,1,X,01,2026
1,3501,33,3,1220,5540,49,126,1,X,01,2026
1,3501,33,5,1220,17273,0,149,1,X,01,2026
1,3501,35,5,1220,6534,0,99,2,X,01,2026
1,3501,38,3,1220,42675,540,915,1,X,01,2026
1,3501,38,3,1220,3901,7,76,2,X,01,2026
1,3501,38,5,1220,129518,0,1692,1,X,01,2026
1,3501,38,5,1220,153014,0,9276,2,X,01,2026
1,3501,39,3,1220,106454,271,1207,1,X,01,2026
1,3501,39,3,1220,2900,19,65,2,X,01,2026
1,3501,39,5,1220,18839,0,1456,1,X,01,2026
1,3501,39,5,1220,2822,0,204,2,X,01,2026
1,3501,40,3,1220,22501,973,383,1,X,01,2026
1,3501,40,3,1220,9390,23,153,2,X,01,2026
1,3501,42,3,1220,2629,52,26,1,X,01,2026
1,3501,43,5,1220,14750,0,119,2,X,01,2026
1,3501,48,3,1220,22348,3822,329,1,X,01,2026
1,3501,49,3,1220,160593,4260,1913,1,X,01,2026
1,3501,49,5,1220,51257,0,1052,1,X,01,2026
1,3501,59,3,1220,2979,87,58,2,X,01,2026
1,3501,60,3,1220,3614,18,172,1,X,01,2026
1,3501,61,3,1220,3053,73,59,2,X,01,2026
1,3501,61,5,1220,3405,0,185,1,X,01,2026
1,3501,65,5,1220,11898,0,398,1,X,01,2026
1,3501,68,3,1220,12156,99,198,1,X,01,2026
1,3501,70,3,1220,9562,164,187,1,X,01,2026
1,3501,70,5,1220,5734,0,230,1,X,01,2026
1,3501,71,3,1220,1998244,414,14967,1,X,01,2026
1,3501,71,3,1220,2202340,127,10035,2,X,01,2026
1,3501,71,5,1220,78092,0,411,1,X,01,2026
1,3501,71,5,1220,18463,0,70,2,X,01,2026
1,3501,73,3,1220,21530,258,355,1,X,01,2026
1,3501,73,3,1220,26491,892,552,2,X,01,2026
1,3501,73,5,1220,28645,0,707,1,X,01,2026
1,3501,74,3,1220,3095,17,5,1,X,01,2026
1,3501,74,5,1220,4744,0,83,1,X,01,2026
1,3501,75,3,1220,5100,13,100,2,X,01,2026
1,3501,76,5,1220,4724,0,34,2,X,01,2026
1,3501,81,5,1220,3268,0,84,1,X,01,2026
1,3501,82,3,1220,90426,456,1625,1,X,01,2026
1,3501,82,3,1220,11058,161,217,2,X,01,2026
1,3501,82,5,1220,24645,0,560,1,X,01,2026
1,3501,82,5,1220,12673,0,449,2,X,01,2026
1,3501,83,3,1220,15051,862,365,1,X,01,2026
1,3501,83,3,1220,8754,91,123,2,X,01,2026
1,3501,83,5,1220,14085,0,1422,1,X,01,2026
1,3501,84,3,1220,1552987,11765,32173,1,X,01,2026
1,3501,84,3,1220,618786,3156,7865,2,X,01,2026
1,3501,84,5,1220,422641,0,14277,1,X,01,2026
1,3501,84,5,1220,364610,0,15093,2,X,01,2026
1,3501,85,3,1220,808896,1747,11161,1,X,01,2026
1,3501,85,3,1220,775615,1915,11234,2,X,01,2026
1,3501,85,5,1220,789479,0,16252,1,X,01,2026
1,3501,85,5,1220,343865,0,11248,2,X,01,2026
1,3501,85,8,1220,9178,0,112,1,X,01,2026
1,3501,86,3,1220,3705,184,72,1,X,01,2026
1,3501,86,5,1220,47889,0,544,1,X,01,2026
1,3501,87,3,1220,17939,206,350,1,X,01,2026
1,3501,87,5,1220,9707,0,430,1,X,01,2026
1,3501,87,5,1220,7319,0,324,2,X,01,2026
1,3501,88,3,1220,209709,193,3010,1,X,01,2026
1,3501,88,5,1220,254145,0,1534,1,X,01,2026
1,3501,88,5,1220,22361,0,161,2,X,01,2026
1,3501,90,3,1220,768850,1139,9275,1,X,01,2026
1,3501,90,3,1220,232492,482,4941,2,X,01,2026
1,3501,90,5,1220,427690,0,6517,1,X,01,2026
1,3501,90,5,1220,337045,0,3203,2,X,01,2026
1,3501,91,3,1220,5726,3,84,2,X,01,2026
1,3501,92,5,1220,37563,0,558,1,X,01,2026
1,3501,93,3,1220,36307,1108,855,1,X,01,2026
1,3501,94,3,1220,2549,239,130,1,X,01,2026
1,3501,94,5,1220,5509,0,140,1,X,01,2026
1,3501,95,3,1220,33393,788,1307,1,X,01,2026
1,3501,95,3,1220,9793,94,228,2,X,01,2026
1,3501,95,5,1220,5229,0,114,1,X,01,2026
1,3501,95,5,1220,5404,0,204,2,X,01,2026
1,3501,96,3,1220,7344,44,76,2,X,01,2026
1,3501,96,5,1220,2811,0,11,1,X,01,2026
1,3501,97,5,1220,7057,0,104,1,X,01,2026
1,35XX,01,3,1220,24510,10,480,1,X,01,2026
1,35XX,21,3,1220,4942,96,670,1,X,01,2026
1,35XX,27,5,1220,3789,0,370,1,X,01,2026
1,35XX,30,3,1220,173736,1615,4957,1,X,01,2026
1,35XX,30,3,1220,226362,310,1783,2,X,01,2026
1,35XX,30,5,1220,35418,0,979,1,X,01,2026
1,35XX,32,3,1220,8850,228,1128,1,X,01,2026
1,35XX,33,3,1220,121254,2594,3459,1,X,01,2026
1,35XX,33,3,1220,4182,23,251,2,X,01,2026
1,35XX,34,3,1220,2791,213,23,1,X,01,2026
1,35XX,35,3,1220,3220,24,257,1,X,01,2026
1,35XX,38,3,1220,149757,350,3461,1,X,01,2026
1,35XX,38,3,1220,224853,1057,12093,2,X,01,2026
1,35XX,38,3,2010,245851,274,0,1,0,01,2026
1,35XX,39,3,1220,23219,121,690,1,X,01,2026
1,35XX,39,3,1220,8252,333,351,2,X,01,2026
1,35XX,39,3,2010,13384,58,0,1,0,01,2026
1,35XX,39,3,2010,87242,65,0,2,0,01,2026
1,35XX,40,3,1220,82535,1086,1331,1,X,01,2026
1,35XX,40,3,1220,16581,41,974,2,X,01,2026
1,35XX,42,3,1220,41403,344,204,1,X,01,2026
1,35XX,42,3,1220,27725,238,360,2,X,01,2026
1,35XX,48,3,1220,7249,177,291,1,X,01,2026
1,35XX,49,3,1220,48226,968,1073,1,X,01,2026
1,35XX,49,3,1220,2593,17,5,2,X,01,2026
1,35XX,54,3,1220,8308,77,795,1,X,01,2026
1,35XX,54,3,1220,3156,25,267,2,X,01,2026
1,35XX,58,3,1220,21856,354,2204,1,X,01,2026
1,35XX,59,3,1220,8234,570,26,1,X,01,2026
1,35XX,61,3,1220,40688,444,2801,2,X,01,2026
1,35XX,62,3,1220,4805,8,84,1,X,01,2026
1,35XX,62,3,1220,70502,3122,6962,2,X,01,2026
1,35XX,65,3,1220,12252,132,576,1,X,01,2026
1,35XX,68,3,1220,3017,7,79,1,X,01,2026
1,35XX,68,3,1220,32308,202,409,2,X,01,2026
1,35XX,69,3,1220,13509,2264,372,1,X,01,2026
1,35XX,70,3,1220,15984,213,20,1,X,01,2026
1,35XX,70,3,1220,6441,86,0,2,X,01,2026
1,35XX,71,3,1220,205461,90,1102,1,X,01,2026
1,35XX,71,3,1220,46417,30,319,2,X,01,2026
1,35XX,73,3,1220,94514,2652,1437,1,X,01,2026
1,35XX,73,3,1220,3025,39,16,2,X,01,2026
1,35XX,74,3,1220,3419,24,267,2,X,01,2026
1,35XX,74,3,2010,2898,8,0,1,0,01,2026
1,35XX,75,3,1220,6936,48,420,1,X,01,2026
1,35XX,76,3,1220,3699,74,466,1,X,01,2026
1,35XX,76,3,1220,16164,453,124,2,X,01,2026
1,35XX,79,3,1220,4233,51,472,2,X,01,2026
1,35XX,81,3,1220,2514,1,14,1,X,01,2026
1,35XX,81,3,2010,128334,493,0,1,0,01,2026
1,35XX,82,3,1220,53200,228,1151,1,X,01,2026
1,35XX,82,3,1220,3863,6,69,2,X,01,2026
1,35XX,83,3,1220,17078,121,882,1,X,01,2026
1,35XX,83,3,1220,15895,337,1541,2,X,01,2026
1,35XX,83,3,2010,5936,7,0,1,0,01,2026
1,35XX,84,3,1220,2103718,27802,91224,1,X,01,2026
1,35XX,84,3,1220,573764,2877,12747,2,X,01,2026
1,35XX,85,3,1220,1528385,5282,27889,1,X,01,2026
1,35XX,85,3,1220,793498,2342,19854,2,X,01,2026
1,35XX,85,3,2010,20583,30,0,1,0,01,2026
1,35XX,85,3,2010,737621,4590,0,2,0,01,2026
1,35XX,85,5,1220,20222,0,396,1,X,01,2026
1,35XX,86,3,1220,10111,30,326,1,X,01,2026
1,35XX,87,3,1220,35515,628,1166,1,X,01,2026
1,35XX,87,3,1220,13781,58,348,2,X,01,2026
1,35XX,88,3,1220,36196,530,685,1,X,01,2026
1,35XX,90,3,1220,1858183,3168,30392,1,X,01,2026
1,35XX,90,3,1220,607328,1643,6156,2,X,01,2026
1,35XX,90,3,2010,64040,968,0,1,0,01,2026
1,35XX,90,3,2010,5622,2,0,2,0,01,2026
1,35XX,94,3,1220,8070,224,156,1,X,01,2026
1,35XX,94,3,1220,2733,30,331,2,X,01,2026
1,35XX,95,3,1220,25847,416,789,1,X,01,2026
1,35XX,95,3,1220,15994,197,468,2,X,01,2026
1,35XX,97,3,1220,13988,10,98,1,X,01,2026
1,3604,07,6,1220,70396,0,2714,1,X,01,2026
1,3604,09,6,1220,747813,0,12139,1,X,01,2026
1,3604,09,6,1220,458490,0,9801,2,X,01,2026
1,3604,10,5,1220,46014,0,3266,1,X,01,2026
1,3604,10,6,1220,168847,0,13747,1,X,01,2026
1,3604,12,6,1220,281562,0,7157,1,X,01,2026
1,3604,15,6,1220,1514594,0,12995,1,X,01,2026
1,3604,15,6,1220,631242,0,7516,2,X,01,2026
1,3604,17,6,1220,236416,0,3493,1,X,01,2026
1,3604,19,5,1220,3399,0,96,1,X,01,2026
1,3604,19,6,1220,201676,0,7732,1,X,01,2026
1,3604,20,5,1220,50060,0,3094,1,X,01,2026
1,3604,20,6,1220,378726,0,24545,1,X,01,2026
1,3604,22,6,1220,2095715,0,133347,1,X,01,2026
1,3604,23,6,1220,2299517,0,34485,1,X,01,2026
1,3604,25,5,1220,80911,0,1900,1,X,01,2026
1,3604,25,6,1220,6768169,0,264948,1,X,01,2026
1,3604,26,6,1220,33171,0,3076,1,X,01,2026
1,3604,27,5,1220,140154,0,6278,1,X,01,2026
1,3604,27,6,1220,34229456,0,1082205,1,X,01,2026
1,3604,27,6,1220,74320,0,1290,2,X,01,2026
1,3604,28,5,1220,284065,0,9367,1,X,01,2026
1,3604,28,6,1220,3764446,0,233893,1,X,01,2026
1,3604,28,6,1220,330316,0,1813,2,X,01,2026
1,3604,29,5,1220,26358,0,515,1,X,01,2026
1,3604,29,6,1220,18069119,0,529931,1,X,01,2026
1,3604,29,6,1220,4303791,0,145616,2,X,01,2026
1,3604,31,6,1220,33054723,0,328961,1,X,01,2026
1,3604,31,6,1220,14962646,0,689819,2,X,01,2026
1,3604,32,5,1220,64883,0,6063,1,X,01,2026
1,3604,32,6,1220,189759,0,1815,1,X,01,2026
1,3604,34,6,1220,11879772,0,170265,1,X,01,2026
1,3604,34,6,1220,21207,0,273,2,X,01,2026
1,3604,35,5,1220,38502,0,755,1,X,01,2026
1,3604,38,5,1220,391126,0,7402,1,X,01,2026
1,3604,38,6,1220,2708224,0,58543,1,X,01,2026
1,3604,38,6,1220,64562,0,566,2,X,01,2026
1,3604,39,5,1220,870898,0,17340,1,X,01,2026
1,3604,39,5,1220,17458,0,612,2,X,01,2026
1,3604,39,6,1220,23744007,0,770455,1,X,01,2026
1,3604,39,6,1220,18212,0,52,2,X,01,2026
1,3604,40,5,1220,3931,0,76,1,X,01,2026
1,3604,40,5,1220,3473,0,53,2,X,01,2026
1,3604,40,6,1220,3646409,0,59574,1,X,01,2026
1,3604,40,6,1220,590098,0,11579,2,X,01,2026
1,3604,44,6,1220,4136413,0,106092,1,X,01,2026
1,3604,47,6,1220,5860,0,178,1,X,01,2026
1,3604,48,5,1220,245765,0,2308,1,X,01,2026
1,3604,48,6,1220,7218354,0,113438,1,X,01,2026
1,3604,49,6,1220,111036,0,0,1,X,01,2026
1,3604,56,6,1220,90797,0,3183,1,X,01,2026
1,3604,57,6,1220,53380,0,1960,1,X,01,2026
1,3604,68,5,1220,26579,0,911,1,X,01,2026
1,3604,68,6,1220,927647,0,25948,1,X,01,2026
1,3604,68,6,1220,66099,0,169,2,X,01,2026
1,3604,70,5,1220,2554,0,1,1,X,01,2026
1,3604,70,6,1220,687435,0,13910,1,X,01,2026
1,3604,72,5,1220,62125,0,72,1,X,01,2026
1,3604,72,6,1220,1027941,0,13461,1,X,01,2026
1,3604,72,6,1220,126740,0,3480,2,X,01,2026
1,3604,73,5,1220,233415,0,6023,1,X,01,2026
1,3604,73,5,1220,6975,0,17,2,X,01,2026
1,3604,73,6,1220,1328612,0,53863,1,X,01,2026
1,3604,73,6,1220,1603488,0,55177,2,X,01,2026
1,3604,82,6,1220,60532,0,1258,1,X,01,2026
1,3604,83,6,1220,7030,0,179,1,X,01,2026
1,3604,84,5,1220,1074781,0,19051,1,X,01,2026
1,3604,84,5,1220,72963,0,1144,2,X,01,2026
1,3604,84,6,1220,2324474,0,27968,1,X,01,2026
1,3604,84,6,1220,402058,0,3552,2,X,01,2026
1,3604,85,5,1220,269728,0,3860,1,X,01,2026
1,3604,85,5,1220,62173,0,966,2,X,01,2026
1,3604,85,6,1220,3192636,0,31029,1,X,01,2026
1,3604,85,6,1220,16160,0,221,2,X,01,2026
1,3604,86,6,1220,8521270,0,57006,1,X,01,2026
1,3604,87,5,1220,61288,0,863,1,X,01,2026
1,3604,87,6,1220,8104931,0,65249,1,X,01,2026
1,3604,87,6,1220,32683,0,547,2,X,01,2026
1,3604,88,5,1220,6513,0,141,1,X,01,2026
1,3604,89,5,1220,291437,0,3783,1,X,01,2026
1,3604,90,5,1220,6349,0,30,1,X,01,2026
1,3604,90,5,1220,4467,0,5,2,X,01,2026
1,3604,90,6,1220,13342,0,120,1,X,01,2026
1,3604,94,5,1220,7498,0,274,1,X,01,2026
1,3604,94,6,1220,2786,0,1,1,X,01,2026
1,3604,95,5,1220,6933,0,254,1,X,01,2026
1,3604,95,5,1220,5688,0,225,2,X,01,2026
1,3604,95,6,1220,31848,0,0,1,X,01,2026
1,3604,96,6,1220,548208,0,8078,1,X,01,2026
1,3613,09,5,1220,5878,0,93,2,X,01,2026
1,3613,12,5,1220,27775,0,2403,1,X,01,2026
1,3613,19,5,1220,44151,0,1690,1,X,01,2026
1,3613,23,5,1220,127042,0,14013,1,X,01,2026
1,3613,25,5,1220,87241,0,3163,1,X,01,2026
1,3613,27,5,1220,103625,0,6955,1,X,01,2026
1,3613,28,5,1220,342285,0,16271,1,X,01,2026
1,3613,28,5,1220,59216,0,1158,2,X,01,2026
1,3613,32,5,1220,66112,0,8424,1,X,01,2026
1,3613,32,5,1220,20782,0,409,2,X,01,2026
1,3613,35,5,1220,70276,0,2411,1,X,01,2026
1,3613,36,5,1220,124083,0,10044,1,X,01,2026
1,3613,38,5,1220,61660,0,435,1,X,01,2026
1,3613,38,5,1220,8212,0,161,2,X,01,2026
1,3613,39,5,1220,33331,0,571,1,X,01,2026
1,3613,39,5,1220,8580,0,191,2,X,01,2026
1,3613,40,5,1220,270341,0,3675,1,X,01,2026
1,3613,40,5,1220,102998,0,2015,2,X,01,2026
1,3613,44,5,1220,3310,0,64,1,X,01,2026
1,3613,48,5,1220,146161,0,4945,1,X,01,2026
1,3613,48,5,1220,4601,0,7,2,X,01,2026
1,3613,48,6,1220,189127,0,6531,1,X,01,2026
1,3613,56,5,1220,20192,0,358,1,X,01,2026
1,3613,59,5,1220,20073,0,393,1,X,01,2026
1,3613,62,5,1220,3969,0,129,1,X,01,2026
1,3613,68,5,1220,39045,0,557,1,X,01,2026
1,3613,70,5,1220,100742,0,997,1,X,01,2026
1,3613,73,5,1220,412635,0,5170,1,X,01,2026
1,3613,73,5,1220,243977,0,3222,2,X,01,2026
1,3613,74,5,1220,2907,0,57,1,X,01,2026
1,3613,76,5,1220,7050,0,153,1,X,01,2026
1,3613,83,5,1220,2572,0,58,1,X,01,2026
1,3613,83,5,1220,4271,0,103,2,X,01,2026
1,3613,84,5,1220,5965452,0,63929,1,X,01,2026
1,3613,84,5,1220,765166,0,19439,2,X,01,2026
1,3613,85,5,1220,270265,0,8011,1,X,01,2026
1,3613,85,5,1220,208417,0,4042,2,X,01,2026
1,3613,86,5,1220,550088,0,6559,1,X,01,2026
1,3613,86,5,1220,6424,0,529,2,X,01,2026
1,3613,87,5,1220,2587843,0,32460,1,X,01,2026
1,3613,87,5,1220,380784,0,6374,2,X,01,2026
1,3613,88,5,1220,129864,0,1736,1,X,01,2026
1,3613,88,5,1220,210909,0,3944,2,X,01,2026
1,3613,89,5,1220,159881,0,1779,1,X,01,2026
1,3613,90,5,1220,466470,0,5837,1,X,01,2026
1,3613,90,5,1220,15382,0,335,2,X,01,2026
1,3613,94,5,1220,4374,0,113,2,X,01,2026
1,3613,95,5,1220,8762,0,366,1,X,01,2026
1,3613,95,5,1220,10334,0,377,2,X,01,2026
1,3613,98,5,1220,1044455,0,10341,1,X,01,2026
1,36XX,83,3,1220,26871,1632,310,1,X,01,2026
1,36XX,90,3,1220,47634,42,2810,1,X,01,2026
1,36XX,90,3,1220,9604,5,186,2,X,01,2026
1,37XX,95,3,1220,7243,16,188,1,X,01,2026
1,3801,01,5,1220,790815,0,6979,1,X,01,2026
1,3801,02,5,1220,82559878,0,1170764,1,X,01,2026
1,3801,02,5,1220,1943007,0,19163,2,X,01,2026
1,3801,03,5,1220,414816,0,6641,1,X,01,2026
1,3801,03,5,1220,191218,0,4952,2,X,01,2026
1,3801,04,5,1220,8279075,0,191195,1,X,01,2026
1,3801,04,5,1220,63689,0,113,2,X,01,2026
1,3801,05,5,1220,531935,0,14712,1,X,01,2026
1,3801,06,5,1220,1175754,0,18775,1,X,01,2026
1,3801,06,5,1220,6961,0,136,2,X,01,2026
1,3801,07,5,1220,24592675,0,1180942,1,X,01,2026
1,3801,07,5,1220,47464535,0,2145021,2,X,01,2026
1,3801,08,5,1220,17109225,0,737363,1,X,01,2026
1,3801,08,5,1220,26476628,0,941540,2,X,01,2026
1,3801,09,5,1220,1175057,0,32630,1,X,01,2026
1,3801,09,5,1220,1978116,0,38431,2,X,01,2026
1,3801,09,6,1220,3624949,0,68365,2,X,01,2026
1,3801,10,5,1220,21776265,0,462235,1,X,01,2026
1,3801,10,5,1220,16016,0,376,2,X,01,2026
1,3801,10,6,1220,814789,0,24778,1,X,01,2026
1,3801,11,5,1220,3002525,0,169520,1,X,01,2026
1,3801,11,5,1220,13262,0,258,2,X,01,2026
1,3801,11,6,1220,1408552,0,28302,1,X,01,2026
1,3801,12,5,1220,7496975,0,293969,1,X,01,2026
1,3801,12,5,1220,1089448,0,40586,2,X,01,2026
1,3801,13,5,1220,533411,0,14915,1,X,01,2026
1,3801,13,5,1220,294593,0,7013,2,X,01,2026
1,3801,14,5,1220,25282,0,1766,1,X,01,2026
1,3801,14,5,1220,9950,0,660,2,X,01,2026
1,3801,15,5,1220,5207052,0,88042,1,X,01,2026
1,3801,15,5,1220,4021800,0,69245,2,X,01,2026
1,3801,15,6,1220,1097279,0,19818,1,X,01,2026
1,3801,16,5,1220,27980872,0,458855,1,X,01,2026
1,3801,16,5,1220,11873,0,243,2,X,01,2026
1,3801,17,5,1220,8791734,0,255167,1,X,01,2026
1,3801,17,5,1220,481106,0,21100,2,X,01,2026
1,3801,17,6,1220,281559,0,14883,1,X,01,2026
1,3801,18,5,1220,16367052,0,227060,1,X,01,2026
1,3801,18,5,1220,3067424,0,53661,2,X,01,2026
1,3801,19,5,1220,57305506,0,1271701,1,X,01,2026
1,3801,19,5,1220,317440,0,9555,2,X,01,2026
1,3801,20,5,1220,17158283,0,567425,1,X,01,2026
1,3801,20,5,1220,3297163,0,68013,2,X,01,2026
1,3801,20,6,1220,193089,0,1929,1,X,01,2026
1,3801,21,5,1220,44964873,0,1302814,1,X,01,2026
1,3801,21,5,1220,1100754,0,21135,2,X,01,2026
1,3801,21,6,1220,65754,0,620,1,X,01,2026
1,3801,22,5,1220,7959528,0,245547,1,X,01,2026
1,3801,22,5,1220,44729,0,1212,2,X,01,2026
1,3801,22,6,1220,13463123,0,595933,1,X,01,2026
1,3801,23,5,1220,15727021,0,359155,1,X,01,2026
1,3801,23,5,1220,531181,0,16271,2,X,01,2026
1,3801,23,6,1220,3931343,0,143419,1,X,01,2026
1,3801,23,6,1220,469372,0,4646,2,X,01,2026
1,3801,24,5,1220,185044,0,3267,1,X,01,2026
1,3801,25,5,1220,2344514,0,88795,1,X,01,2026
1,3801,25,5,1220,181891,0,6144,2,X,01,2026
1,3801,25,6,1220,835978,0,35543,1,X,01,2026
1,3801,26,5,1220,2334630,0,33212,1,X,01,2026
1,3801,26,6,1220,63114865,0,2592173,1,X,01,2026
1,3801,27,5,1220,26558437,0,899917,1,X,01,2026
1,3801,27,5,1220,669257,0,18906,2,X,01,2026
1,3801,27,6,1220,6611071,0,116721,1,X,01,2026
1,3801,27,6,1220,2814737,0,53481,2,X,01,2026
1,3801,27,7,1220,4484998,0,0,1,X,01,2026
1,3801,28,5,1220,6214682,0,241798,1,X,01,2026
1,3801,28,5,1220,700204,0,22492,2,X,01,2026
1,3801,28,6,1220,640837,0,17469,1,X,01,2026
1,3801,28,6,1220,137787,0,1363,2,X,01,2026
1,3801,29,5,1220,11135435,0,235091,1,X,01,2026
1,3801,29,5,1220,3108351,0,56445,2,X,01,2026
1,3801,29,6,1220,6272522,0,149482,1,X,01,2026
1,3801,29,6,1220,89726,0,3267,2,X,01,2026
1,3801,30,5,1220,97577769,0,634983,1,X,01,2026
1,3801,30,5,1220,5832701,0,73222,2,X,01,2026
1,3801,31,5,1220,928515,0,15568,1,X,01,2026
1,3801,31,5,1220,453142,0,10960,2,X,01,2026
1,3801,31,6,1220,7455304,0,99286,1,X,01,2026
1,3801,31,6,1220,74109,0,1089,2,X,01,2026
1,3801,32,5,1220,20584858,0,495612,1,X,01,2026
1,3801,32,5,1220,2428033,0,42322,2,X,01,2026
1,3801,32,6,1220,97605,0,2866,1,X,01,2026
1,3801,33,5,1220,34931918,0,821417,1,X,01,2026
1,3801,33,5,1220,6103490,0,94931,2,X,01,2026
1,3801,33,6,1220,440993,0,13120,1,X,01,2026
1,3801,34,5,1220,48373956,0,2149951,1,X,01,2026
1,3801,34,5,1220,1452460,0,60810,2,X,01,2026
1,3801,34,6,1220,123640,0,3267,1,X,01,2026
1,3801,35,5,1220,12526076,0,488443,1,X,01,2026
1,3801,35,5,1220,1596884,0,52761,2,X,01,2026
1,3801,35,6,1220,61813,0,7221,1,X,01,2026
1,3801,36,5,1220,12075,0,978,1,X,01,2026
1,3801,37,1,2010,36143,6845,0,1,1,01,2026
1,3801,37,5,1220,273593,0,6333,1,X,01,2026
1,3801,37,5,1220,68518,0,692,2,X,01,2026
1,3801,38,5,1220,40508485,0,889484,1,X,01,2026
1,3801,38,5,1220,3138310,0,57559,2,X,01,2026
1,3801,38,6,1220,5372251,0,125128,1,X,01,2026
1,3801,39,5,1220,126274179,0,4099152,1,X,01,2026
1,3801,39,5,1220,14587985,0,311840,2,X,01,2026
1,3801,39,6,1220,47900966,0,1430831,1,X,01,2026
1,3801,39,6,1220,1147054,0,16446,2,X,01,2026
1,3801,40,5,1220,67168463,0,1421303,1,X,01,2026
1,3801,40,5,1220,11152620,0,267498,2,X,01,2026
1,3801,40,6,1220,93110,0,3267,1,X,01,2026
1,3801,40,8,1220,3595,0,63,2,X,01,2026
1,3801,41,5,1220,128873,0,2722,1,X,01,2026
1,3801,42,5,1220,197069,0,4302,1,X,01,2026
1,3801,42,5,1220,1428169,0,33989,2,X,01,2026
1,3801,44,5,1220,9971416,0,297515,1,X,01,2026
1,3801,44,5,1220,846279,0,19619,2,X,01,2026
1,3801,44,6,1220,728653,0,16628,1,X,01,2026
1,3801,45,5,1220,14909,0,246,1,X,01,2026
1,3801,47,5,1220,705424,0,28025,1,X,01,2026
1,3801,47,5,1220,4220,0,82,2,X,01,2026
1,3801,47,6,1220,124230,0,6833,1,X,01,2026
1,3801,48,5,1220,36941675,0,1241390,1,X,01,2026
1,3801,48,5,1220,3251370,0,60217,2,X,01,2026
1,3801,48,6,1220,16505730,0,276047,1,X,01,2026
1,3801,49,5,1220,14331390,0,256386,1,X,01,2026
1,3801,49,5,1220,2517247,0,23724,2,X,01,2026
1,3801,50,5,1220,7359,0,145,2,X,01,2026
1,3801,51,5,1220,2792,0,63,2,X,01,2026
1,3801,52,5,1220,67429,0,1862,1,X,01,2026
1,3801,52,5,1220,89728,0,1555,2,X,01,2026
1,3801,53,5,1220,9931,0,285,2,X,01,2026
1,3801,54,5,1220,189207,0,8460,1,X,01,2026
1,3801,54,5,1220,70352,0,2130,2,X,01,2026
1,3801,55,5,1220,554787,0,11681,1,X,01,2026
1,3801,55,5,1220,59221,0,2791,2,X,01,2026
1,3801,56,5,1220,3524036,0,112337,1,X,01,2026
1,3801,56,5,1220,339856,0,5733,2,X,01,2026
1,3801,57,5,1220,6679884,0,112169,1,X,01,2026
1,3801,57,5,1220,731800,0,14030,2,X,01,2026
1,3801,58,5,1220,182119,0,4290,1,X,01,2026
1,3801,58,5,1220,3115,0,356,2,X,01,2026
1,3801,59,5,1220,1566440,0,33339,1,X,01,2026
1,3801,59,5,1220,413955,0,11103,2,X,01,2026
1,3801,60,5,1220,35022,0,1179,1,X,01,2026
1,3801,60,5,1220,18052,0,1298,2,X,01,2026
1,3801,61,5,1220,288079,0,10550,1,X,01,2026
1,3801,61,5,1220,4363439,0,89867,2,X,01,2026
1,3801,62,5,1220,134797,0,4734,1,X,01,2026
1,3801,62,5,1220,5033050,0,95438,2,X,01,2026
1,3801,63,5,1220,1609347,0,41005,1,X,01,2026
1,3801,63,5,1220,1389163,0,33401,2,X,01,2026
1,3801,64,5,1220,105151,0,1694,1,X,01,2026
1,3801,64,5,1220,836397,0,21277,2,X,01,2026
1,3801,65,5,1220,151859,0,2464,1,X,01,2026
1,3801,65,5,1220,561864,0,12520,2,X,01,2026
1,3801,66,5,1220,2962,0,152,1,X,01,2026
1,3801,66,5,1220,7041,0,362,2,X,01,2026
1,3801,67,5,1220,127466,0,3651,2,X,01,2026
1,3801,68,5,1220,12409188,0,565673,1,X,01,2026
1,3801,68,5,1220,476826,0,15148,2,X,01,2026
1,3801,68,6,1220,1408527,0,68455,1,X,01,2026
1,3801,69,5,1220,1990428,0,32195,1,X,01,2026
1,3801,69,5,1220,725844,0,24550,2,X,01,2026
1,3801,70,5,1220,26916346,0,452449,1,X,01,2026
1,3801,70,5,1220,1869541,0,42817,2,X,01,2026
1,3801,71,5,1220,8259683,0,98089,1,X,01,2026
1,3801,71,5,1220,196652,0,3626,2,X,01,2026
1,3801,71,6,1220,4778,0,93,1,X,01,2026
1,3801,72,5,1220,131051022,0,3986465,1,X,01,2026
1,3801,72,5,1220,4471462,0,168135,2,X,01,2026
1,3801,72,6,1220,8373796,0,47087,1,X,01,2026
1,3801,72,6,1220,1830242,0,18096,2,X,01,2026
1,3801,73,5,1220,47748652,0,1139334,1,X,01,2026
1,3801,73,5,1220,8340297,0,224386,2,X,01,2026
1,3801,73,6,1220,69239,0,3314,1,X,01,2026
1,3801,74,5,1220,25734835,0,296074,1,X,01,2026
1,3801,74,5,1220,1669083,0,23996,2,X,01,2026
1,3801,75,5,1220,1930709,0,18371,1,X,01,2026
1,3801,75,5,1220,478102,0,5449,2,X,01,2026
1,3801,76,5,1220,48317712,0,1109440,1,X,01,2026
1,3801,76,5,1220,2551221,0,61196,2,X,01,2026
1,3801,78,5,1220,981221,0,22398,1,X,01,2026
1,3801,79,5,1220,492524,0,12600,1,X,01,2026
1,3801,80,5,1220,25499,0,564,1,X,01,2026
1,3801,80,5,1220,861727,0,8531,2,X,01,2026
1,3801,81,5,1220,1594431,0,16766,1,X,01,2026
1,3801,81,5,1220,173971,0,2059,2,X,01,2026
1,3801,82,5,1220,5945263,0,101495,1,X,01,2026
1,3801,82,5,1220,3710097,0,72854,2,X,01,2026
1,3801,82,6,1220,4647,0,110,1,X,01,2026
1,3801,82,6,1220,3852,0,100,2,X,01,2026
1,3801,83,5,1220,17428246,0,315623,1,X,01,2026
1,3801,83,5,1220,2748979,0,48975,2,X,01,2026
1,3801,84,5,1220,644007567,0,7727668,1,X,01,2026
1,3801,84,5,1220,296616042,0,2729623,2,X,01,2026
1,3801,84,6,1220,10391,0,99,1,X,01,2026
1,3801,84,6,1220,8056,0,62,2,X,01,2026
1,3801,84,8,1220,7861,0,363,2,X,01,2026
1,3801,85,5,1220,193367844,0,2507426,1,X,01,2026
1,3801,85,5,1220,243917848,0,3046406,2,X,01,2026
1,3801,85,6,1220,3690,0,53,1,X,01,2026
1,3801,86,5,1220,2112598,0,33932,1,X,01,2026
1,3801,86,5,1220,2947214,0,33391,2,X,01,2026
1,3801,86,6,1220,1670889,0,19352,1,X,01,2026
1,3801,87,5,1220,1143228941,0,19633958,1,X,01,2026
1,3801,87,5,1220,72882608,0,891073,2,X,01,2026
1,3801,87,6,1220,514266724,0,5291426,1,X,01,2026
1,3801,87,6,1220,20154,0,393,2,X,01,2026
1,3801,87,8,1220,6149,0,145,1,X,01,2026
1,3801,87,8,1220,39560,0,361,2,X,01,2026
1,3801,88,5,1220,38955906,0,257111,1,X,01,2026
1,3801,88,5,1220,3955377,0,36764,2,X,01,2026
1,3801,89,5,1220,7474600,0,91297,1,X,01,2026
1,3801,89,5,1220,118143,0,1966,2,X,01,2026
1,3801,89,8,1220,50099,0,740,1,X,01,2026
1,3801,90,5,1220,68148129,0,726574,1,X,01,2026
1,3801,90,5,1220,41493394,0,580508,2,X,01,2026
1,3801,90,6,1220,8204,0,209,1,X,01,2026
1,3801,91,5,1220,40099,0,1837,1,X,01,2026
1,3801,91,5,1220,216028,0,2586,2,X,01,2026
1,3801,92,5,1220,189559,0,3889,1,X,01,2026
1,3801,92,5,1220,46468,0,1044,2,X,01,2026
1,3801,93,5,1220,104698,0,2449,1,X,01,2026
1,3801,93,5,1220,354661,0,9945,2,X,01,2026
1,3801,94,5,1220,20568243,0,486880,1,X,01,2026
1,3801,94,5,1220,13875095,0,258336,2,X,01,2026
1,3801,95,5,1220,5651416,0,119938,1,X,01,2026
1,3801,95,5,1220,11824812,0,169836,2,X,01,2026
1,3801,96,5,1220,7054609,0,168372,1,X,01,2026
1,3801,96,5,1220,3676510,0,93156,2,X,01,2026
1,3801,97,5,1220,34892,0,521,1,X,01,2026
1,3801,97,5,1220,17539,0,241,2,X,01,2026
1,3801,98,5,1220,1534238,0,28893,1,X,01,2026
1,3801,98,5,1220,12191444,0,105637,2,X,01,2026
1,3801,98,8,1220,36399,0,266,1,X,01,2026
1,3802,01,5,1220,2521033,0,47864,1,X,01,2026
1,3802,02,5,1220,5288907,0,68519,1,X,01,2026
1,3802,03,5,1220,1115840,0,41203,1,X,01,2026
1,3802,03,5,1220,697287,0,9892,2,X,01,2026
1,3802,04,5,1220,19494344,0,377848,1,X,01,2026
1,3802,04,5,1220,236378,0,12229,2,X,01,2026
1,3802,05,5,1220,537863,0,15367,1,X,01,2026
1,3802,05,5,1220,152349,0,2038,2,X,01,2026
1,3802,06,5,1220,902941,0,11077,1,X,01,2026
1,3802,06,5,1220,4054,0,79,2,X,01,2026
1,3802,07,5,1220,38242572,0,1953563,1,X,01,2026
1,3802,07,5,1220,26655341,0,1432497,2,X,01,2026
1,3802,07,6,1220,135749,0,13309,1,X,01,2026
1,3802,08,5,1220,33240016,0,986956,1,X,01,2026
1,3802,08,5,1220,31076746,0,1129730,2,X,01,2026
1,3802,08,6,1220,465184,0,4787,1,X,01,2026
1,3802,09,5,1220,3911231,0,90054,1,X,01,2026
1,3802,09,5,1220,3271398,0,62982,2,X,01,2026
1,3802,09,6,1220,656220,0,12517,1,X,01,2026
1,3802,09,6,1220,190277,0,3267,2,X,01,2026
1,3802,10,5,1220,15914844,0,361442,1,X,01,2026
1,3802,10,5,1220,371121,0,8593,2,X,01,2026
1,3802,10,6,1220,7180853,0,175443,1,X,01,2026
1,3802,10,6,1220,18287,0,354,2,X,01,2026
1,3802,11,5,1220,7971832,0,304772,1,X,01,2026
1,3802,11,5,1220,685153,0,15705,2,X,01,2026
1,3802,11,6,1220,1589670,0,35920,1,X,01,2026
1,3802,12,5,1220,14153412,0,448595,1,X,01,2026
1,3802,12,5,1220,3382709,0,78157,2,X,01,2026
1,3802,12,6,1220,3013244,0,112511,1,X,01,2026
1,3802,13,5,1220,1049708,0,19270,1,X,01,2026
1,3802,13,5,1220,1501253,0,24646,2,X,01,2026
1,3802,14,5,1220,116079,0,7596,1,X,01,2026
1,3802,14,5,1220,5159,0,278,2,X,01,2026
1,3802,14,6,1220,48425,0,3487,1,X,01,2026
1,3802,15,5,1220,6589111,0,172999,1,X,01,2026
1,3802,15,5,1220,2930571,0,39191,2,X,01,2026
1,3802,15,6,1220,2649129,0,86620,1,X,01,2026
1,3802,15,6,1220,1136943,0,12454,2,X,01,2026
1,3802,16,5,1220,9789789,0,169398,1,X,01,2026
1,3802,16,5,1220,23947,0,0,2,X,01,2026
1,3802,17,5,1220,8591990,0,403297,1,X,01,2026
1,3802,17,5,1220,954127,0,49960,2,X,01,2026
1,3802,17,6,1220,2288957,0,52033,1,X,01,2026
1,3802,17,6,1220,46702,0,3267,2,X,01,2026
1,3802,18,5,1220,16587665,0,269458,1,X,01,2026
1,3802,18,5,1220,746854,0,12218,2,X,01,2026
1,3802,19,5,1220,59837926,0,1523896,1,X,01,2026
1,3802,19,5,1220,1151553,0,22095,2,X,01,2026
1,3802,19,6,1220,3356150,0,95908,1,X,01,2026
1,3802,19,6,1220,5683,0,74,2,X,01,2026
1,3802,19,8,1220,3187,0,0,1,X,01,2026
1,3802,20,5,1220,37690875,0,1060590,1,X,01,2026
1,3802,20,5,1220,5211049,0,91425,2,X,01,2026
1,3802,20,6,1220,3918425,0,187466,1,X,01,2026
1,3802,20,6,1220,2599,0,60,2,X,01,2026
1,3802,21,5,1220,81460919,0,2162288,1,X,01,2026
1,3802,21,5,1220,1612255,0,31140,2,X,01,2026
1,3802,21,6,1220,1610667,0,33090,1,X,01,2026
1,3802,21,6,1220,42982,0,1787,2,X,01,2026
1,3802,22,5,1220,22520602,0,664379,1,X,01,2026
1,3802,22,5,1220,1575602,0,26408,2,X,01,2026
1,3802,22,6,1220,70235667,0,3719943,1,X,01,2026
1,3802,23,5,1220,39582490,0,898724,1,X,01,2026
1,3802,23,5,1220,1007329,0,21693,2,X,01,2026
1,3802,23,6,1220,11310472,0,449111,1,X,01,2026
1,3802,23,6,1220,233250,0,6534,2,X,01,2026
1,3802,24,5,1220,2155745,0,30275,1,X,01,2026
1,3802,25,5,1220,4403221,0,167334,1,X,01,2026
1,3802,25,5,1220,713570,0,14269,2,X,01,2026
1,3802,25,6,1220,3485558,0,100635,1,X,01,2026
1,3802,25,6,1220,6767,0,72,2,X,01,2026
1,3802,26,5,1220,12335376,0,133598,1,X,01,2026
1,3802,26,5,1220,6401,0,126,2,X,01,2026
1,3802,26,6,1220,16945411,0,455015,1,X,01,2026
1,3802,27,5,1220,20241357,0,622114,1,X,01,2026
1,3802,27,5,1220,582790,0,15637,2,X,01,2026
1,3802,27,6,1220,34050265,0,1211500,1,X,01,2026
1,3802,27,6,1220,137775,0,13197,2,X,01,2026
1,3802,27,7,1220,431061277,0,0,1,X,01,2026
1,3802,28,5,1220,20588120,0,539684,1,X,01,2026
1,3802,28,5,1220,2219870,0,40047,2,X,01,2026
1,3802,28,6,1220,16798867,0,552672,1,X,01,2026
1,3802,28,6,1220,2556189,0,19962,2,X,01,2026
1,3802,29,5,1220,35332586,0,892160,1,X,01,2026
1,3802,29,5,1220,6186332,0,143776,2,X,01,2026
1,3802,29,6,1220,54517131,0,1779165,1,X,01,2026
1,3802,29,6,1220,742311,0,21338,2,X,01,2026
1,3802,29,7,1220,28828947,0,0,1,X,01,2026
1,3802,30,5,1220,35520438,0,366817,1,X,01,2026
1,3802,30,5,1220,15467215,0,213617,2,X,01,2026
1,3802,30,5,2010,12027722,0,0,1,0,01,2026
1,3802,30,6,1220,135686,0,2176,1,X,01,2026
1,3802,31,5,1220,1773195,0,42041,1,X,01,2026
1,3802,31,5,1220,152655,0,3804,2,X,01,2026
1,3802,31,6,1220,12086260,0,508850,1,X,01,2026
1,3802,32,5,1220,40608024,0,865086,1,X,01,2026
1,3802,32,5,1220,2845567,0,47713,2,X,01,2026
1,3802,32,5,2010,30534,0,0,1,0,01,2026
1,3802,32,6,1220,627213,0,14104,1,X,01,2026
1,3802,32,6,1220,18807,0,425,2,X,01,2026
1,3802,33,5,1220,50684589,0,706827,1,X,01,2026
1,3802,33,5,1220,11475713,0,159920,2,X,01,2026
1,3802,33,6,1220,299595,0,3325,1,X,01,2026
1,3802,33,6,1220,267381,0,2751,2,X,01,2026
1,3802,34,5,1220,49636705,0,1499515,1,X,01,2026
1,3802,34,5,1220,3770590,0,115750,2,X,01,2026
1,3802,34,6,1220,1898696,0,38589,1,X,01,2026
1,3802,34,6,1220,234082,0,5359,2,X,01,2026
1,3802,35,5,1220,28104092,0,972606,1,X,01,2026
1,3802,35,5,1220,3485262,0,77044,2,X,01,2026
1,3802,35,6,1220,1037484,0,45583,1,X,01,2026
1,3802,36,5,1220,261666,0,4414,1,X,01,2026
1,3802,36,5,1220,250964,0,1977,2,X,01,2026
1,3802,37,5,1220,72479,0,1375,1,X,01,2026
1,3802,37,5,1220,227546,0,3398,2,X,01,2026
1,3802,38,5,1220,75176432,0,1427617,1,X,01,2026
1,3802,38,5,1220,9442991,0,144455,2,X,01,2026
1,3802,38,5,2010,12024,0,0,1,0,01,2026
1,3802,38,6,1220,21459836,0,331172,1,X,01,2026
1,3802,38,6,1220,13980,0,199,2,X,01,2026
1,3802,39,5,1220,204188192,0,6100712,1,X,01,2026
1,3802,39,5,1220,18148708,0,452169,2,X,01,2026
1,3802,39,5,2010,8364,0,0,1,0,01,2026
1,3802,39,6,1220,76436620,0,2397961,1,X,01,2026
1,3802,39,6,1220,1511362,0,21927,2,X,01,2026
1,3802,39,8,1220,12797,0,177,2,X,01,2026
1,3802,40,5,1220,32198013,0,745687,1,X,01,2026
1,3802,40,5,1220,6461847,0,136976,2,X,01,2026
1,3802,40,6,1220,4750488,0,81691,1,X,01,2026
1,3802,40,6,1220,3285070,0,63163,2,X,01,2026
1,3802,41,5,1220,132787,0,2594,1,X,01,2026
1,3802,41,5,1220,21005,0,251,2,X,01,2026
1,3802,42,5,1220,549451,0,10044,1,X,01,2026
1,3802,42,5,1220,1852978,0,33647,2,X,01,2026
1,3802,42,6,1220,3554,0,56,1,X,01,2026
1,3802,44,5,1220,12217971,0,454828,1,X,01,2026
1,3802,44,5,1220,925441,0,19418,2,X,01,2026
1,3802,44,6,1220,3682815,0,98333,1,X,01,2026
1,3802,45,5,1220,49205,0,960,1,X,01,2026
1,3802,45,5,1220,120854,0,2162,2,X,01,2026
1,3802,46,5,1220,27729,0,991,2,X,01,2026
1,3802,47,5,1220,2045631,0,86320,1,X,01,2026
1,3802,47,5,1220,8000,0,72,2,X,01,2026
1,3802,47,6,1220,842746,0,36703,1,X,01,2026
1,3802,48,5,1220,66423629,0,2432383,1,X,01,2026
1,3802,48,5,1220,3581364,0,70152,2,X,01,2026
1,3802,48,6,1220,8880622,0,194616,1,X,01,2026
1,3802,49,5,1220,13011205,0,230104,1,X,01,2026
1,3802,49,5,1220,3475620,0,29404,2,X,01,2026
1,3802,49,6,1220,57123,0,564,1,X,01,2026
1,3802,49,6,1220,51787,0,511,2,X,01,2026
1,3802,49,8,1220,23950,0,164,1,X,01,2026
1,3802,51,5,1220,14148,0,277,1,X,01,2026
1,3802,51,5,1220,219348,0,512,2,X,01,2026
1,3802,52,5,1220,171150,0,12360,1,X,01,2026
1,3802,52,5,1220,134451,0,1835,2,X,01,2026
1,3802,53,5,1220,33078,0,730,2,X,01,2026
1,3802,54,5,1220,732265,0,11491,1,X,01,2026
1,3802,54,5,1220,101568,0,1757,2,X,01,2026
1,3802,55,5,1220,710403,0,13479,1,X,01,2026
1,3802,55,5,1220,198219,0,5202,2,X,01,2026
1,3802,56,5,1220,7481040,0,202415,1,X,01,2026
1,3802,56,5,1220,557381,0,12602,2,X,01,2026
1,3802,56,6,1220,7470,0,109,1,X,01,2026
1,3802,57,5,1220,1329503,0,17839,1,X,01,2026
1,3802,57,5,1220,305753,0,6293,2,X,01,2026
1,3802,57,5,2010,4330,0,0,1,0,01,2026
1,3802,58,5,1220,426251,0,12762,1,X,01,2026
1,3802,58,5,1220,276543,0,6979,2,X,01,2026
1,3802,59,5,1220,4278448,0,77905,1,X,01,2026
1,3802,59,5,1220,1272206,0,29078,2,X,01,2026
1,3802,59,6,1220,5426,0,168,2,X,01,2026
1,3802,60,5,1220,220710,0,3858,1,X,01,2026
1,3802,60,5,1220,152474,0,3112,2,X,01,2026
1,3802,61,5,1220,336977,0,5843,1,X,01,2026
1,3802,61,5,1220,2844716,0,62353,2,X,01,2026
1,3802,61,6,1220,120948,0,1885,2,X,01,2026
1,3802,62,5,1220,825387,0,9497,1,X,01,2026
1,3802,62,5,1220,1962249,0,41754,2,X,01,2026
1,3802,63,5,1220,2675577,0,65303,1,X,01,2026
1,3802,63,5,1220,1695582,0,29997,2,X,01,2026
1,3802,63,6,1220,4915,0,103,1,X,01,2026
1,3802,63,6,1220,7976,0,175,2,X,01,2026
1,3802,64,5,1220,116657,0,1898,1,X,01,2026
1,3802,64,5,1220,812763,0,17287,2,X,01,2026
1,3802,65,5,1220,594438,0,4521,1,X,01,2026
1,3802,65,5,1220,787832,0,10666,2,X,01,2026
1,3802,66,5,1220,4394,0,226,1,X,01,2026
1,3802,66,5,1220,6275,0,435,2,X,01,2026
1,3802,67,5,1220,1422937,0,32709,2,X,01,2026
1,3802,68,5,1220,13859885,0,456792,1,X,01,2026
1,3802,68,5,1220,1946566,0,33055,2,X,01,2026
1,3802,68,6,1220,722561,0,49211,1,X,01,2026
1,3802,68,6,1220,13362,0,339,2,X,01,2026
1,3802,69,5,1220,2152778,0,49882,1,X,01,2026
1,3802,69,5,1220,1399730,0,32883,2,X,01,2026
1,3802,69,6,1220,33061,0,647,2,X,01,2026
1,3802,70,5,1220,18741368,0,454279,1,X,01,2026
1,3802,70,5,1220,3467946,0,63053,2,X,01,2026
1,3802,70,6,1220,499846,0,9775,1,X,01,2026
1,3802,70,6,1220,7064,0,84,2,X,01,2026
1,3802,71,5,1220,12558666,0,117624,1,X,01,2026
1,3802,71,5,1220,375392,0,3068,2,X,01,2026
1,3802,72,5,1220,41121410,0,1259921,1,X,01,2026
1,3802,72,5,1220,2973183,0,59012,2,X,01,2026
1,3802,72,6,1220,5040931,0,51208,1,X,01,2026
1,3802,72,6,1220,297067,0,7412,2,X,01,2026
1,3802,73,5,1220,51032962,0,1087972,1,X,01,2026
1,3802,73,5,1220,12372663,0,308642,2,X,01,2026
1,3802,73,6,1220,2255237,0,73677,1,X,01,2026
1,3802,73,6,1220,119546,0,3326,2,X,01,2026
1,3802,74,5,1220,30543309,0,331703,1,X,01,2026
1,3802,74,5,1220,1253130,0,16790,2,X,01,2026
1,3802,74,6,1220,225595,0,4872,1,X,01,2026
1,3802,74,6,1220,37391735,0,2972348,2,X,01,2026
1,3802,75,5,1220,1579785,0,16202,1,X,01,2026
1,3802,75,5,1220,181334,0,3139,2,X,01,2026
1,3802,75,6,1220,403933,0,1452,1,X,01,2026
1,3802,76,5,1220,29462853,0,545440,1,X,01,2026
1,3802,76,5,1220,4465068,0,59178,2,X,01,2026
1,3802,76,6,1220,49679,0,1076,1,X,01,2026
1,3802,76,6,1220,95547,0,347,2,X,01,2026
1,3802,78,5,1220,184593,0,3820,1,X,01,2026
1,3802,78,6,1220,3026,0,103,1,X,01,2026
1,3802,79,5,1220,810530,0,16303,1,X,01,2026
1,3802,79,5,1220,118046,0,4766,2,X,01,2026
1,3802,80,5,1220,94739,0,3008,1,X,01,2026
1,3802,81,5,1220,5966280,0,45522,1,X,01,2026
1,3802,81,5,1220,366049,0,5707,2,X,01,2026
1,3802,82,5,1220,6567958,0,101759,1,X,01,2026
1,3802,82,5,1220,3888519,0,84357,2,X,01,2026
1,3802,82,6,1220,30403,0,748,1,X,01,2026
1,3802,82,6,1220,35976,0,697,2,X,01,2026
1,3802,83,5,1220,15589997,0,289300,1,X,01,2026
1,3802,83,5,1220,5445973,0,100967,2,X,01,2026
1,3802,83,6,1220,8133,0,207,1,X,01,2026
1,3802,83,6,1220,7536,0,192,2,X,01,2026
1,3802,84,5,1220,367618418,0,5199380,1,X,01,2026
1,3802,84,5,1220,169556253,0,2641323,2,X,01,2026
1,3802,84,5,2010,194126,0,0,1,0,01,2026
1,3802,84,5,2010,378225,0,0,1,1,01,2026
1,3802,84,6,1220,1136439,0,18414,1,X,01,2026
1,3802,84,6,1220,815930,0,12913,2,X,01,2026
1,3802,85,5,1220,180201994,0,2915563,1,X,01,2026
1,3802,85,5,1220,191971167,0,2814546,2,X,01,2026
1,3802,85,5,2010,47831,0,0,1,0,01,2026
1,3802,85,5,2010,404103,0,0,2,0,01,2026
1,3802,85,6,1220,3674130,0,37088,1,X,01,2026
1,3802,85,6,1220,261634,0,3325,2,X,01,2026
1,3802,86,5,1220,7712511,0,106037,1,X,01,2026
1,3802,86,5,1220,2631466,0,28591,2,X,01,2026
1,3802,86,6,1220,9860372,0,155688,1,X,01,2026
1,3802,87,5,1220,170877588,0,2478216,1,X,01,2026
1,3802,87,5,1220,28229349,0,426398,2,X,01,2026
1,3802,87,6,1220,45770383,0,368873,1,X,01,2026
1,3802,87,6,1220,722496,0,6219,2,X,01,2026
1,3802,87,8,1220,3242237,0,32033,1,X,01,2026
1,3802,87,8,1220,109414,0,879,2,X,01,2026
1,3802,88,5,1220,94497377,0,350043,1,X,01,2026
1,3802,88,5,1220,25046386,0,40055,2,X,01,2026
1,3802,88,5,2010,98952,0,0,1,0,01,2026
1,3802,89,5,1220,7986983,0,90767,1,X,01,2026
1,3802,89,5,1220,251614,0,3518,2,X,01,2026
1,3802,89,8,1220,7694,0,270,1,X,01,2026
1,3802,90,5,1220,68625439,0,799991,1,X,01,2026
1,3802,90,5,1220,59409319,0,662107,2,X,01,2026
1,3802,90,5,2010,137711,0,0,1,0,01,2026
1,3802,90,5,2010,260500,0,0,2,0,01,2026
1,3802,90,6,1220,68637,0,748,1,X,01,2026
1,3802,90,6,1220,60987,0,438,2,X,01,2026
1,3802,90,8,1220,31899,0,0,1,X,01,2026
1,3802,90,8,1220,132645,0,3386,2,X,01,2026
1,3802,91,5,1220,57920,0,913,1,X,01,2026
1,3802,91,5,1220,1435123,0,29945,2,X,01,2026
1,3802,92,5,1220,462271,0,10182,1,X,01,2026
1,3802,92,5,1220,807683,0,25534,2,X,01,2026
1,3802,93,5,1220,8082881,0,69491,1,X,01,2026
1,3802,93,5,1220,1091560,0,14143,2,X,01,2026
1,3802,94,5,1220,31684661,0,671611,1,X,01,2026
1,3802,94,5,1220,10903866,0,292346,2,X,01,2026
1,3802,94,6,1220,216971,0,4309,1,X,01,2026
1,3802,94,6,1220,12909,0,281,2,X,01,2026
1,3802,95,5,1220,12083964,0,205645,1,X,01,2026
1,3802,95,5,1220,21870580,0,230280,2,X,01,2026
1,3802,95,6,1220,7868,0,288,1,X,01,2026
1,3802,95,6,1220,105029,0,1332,2,X,01,2026
1,3802,96,5,1220,12001449,0,312371,1,X,01,2026
1,3802,96,5,1220,4863233,0,121551,2,X,01,2026
1,3802,96,6,1220,1221383,0,38218,1,X,01,2026
1,3802,96,6,1220,24896,0,654,2,X,01,2026
1,3802,97,5,1220,84470,0,1292,1,X,01,2026
1,3802,98,5,1220,1759229,0,44565,1,X,01,2026
1,3802,98,5,1220,12004662,0,135831,2,X,01,2026
1,3802,98,8,1220,659479,0,1825,1,X,01,2026
1,3803,04,5,1220,492606,0,15689,1,X,01,2026
1,3803,07,5,1220,21070,0,2070,1,X,01,2026
1,3803,14,5,1220,5998,0,323,1,X,01,2026
1,3803,15,5,1220,32184,0,3267,1,X,01,2026
1,3803,16,5,1220,83581,0,782,1,X,01,2026
1,3803,17,5,1220,38060,0,1474,1,X,01,2026
1,3803,19,5,1220,12855,0,251,1,X,01,2026
1,3803,20,5,1220,102434,0,5492,1,X,01,2026
1,3803,21,5,1220,21396,0,418,1,X,01,2026
1,3803,22,5,1220,14157,0,1099,1,X,01,2026
1,3803,23,5,1220,257681,0,3978,1,X,01,2026
1,3803,23,6,1220,157342,0,3071,1,X,01,2026
1,3803,25,5,1220,1375957,0,44088,1,X,01,2026
1,3803,25,6,1220,23637,0,463,1,X,01,2026
1,3803,26,5,1220,245389,0,10070,1,X,01,2026
1,3803,27,5,1220,1155856,0,57880,1,X,01,2026
1,3803,28,5,1220,81823,0,4901,1,X,01,2026
1,3803,31,5,1220,142826,0,2796,1,X,01,2026
1,3803,32,5,1220,486287,0,16252,1,X,01,2026
1,3803,33,5,1220,54867,0,543,1,X,01,2026
1,3803,34,5,1220,110406,0,1678,1,X,01,2026
1,3803,35,5,1220,1032689,0,23467,1,X,01,2026
1,3803,35,5,1220,22807,0,2192,2,X,01,2026
1,3803,36,5,1220,719711,0,38626,1,X,01,2026
1,3803,36,5,1220,11442,0,777,2,X,01,2026
1,3803,38,5,1220,792820,0,18235,1,X,01,2026
1,3803,38,5,1220,67156,0,321,2,X,01,2026
1,3803,38,6,1220,42340,0,829,1,X,01,2026
1,3803,39,5,1220,2805800,0,58335,1,X,01,2026
1,3803,39,5,1220,241715,0,4667,2,X,01,2026
1,3803,40,5,1220,25081,0,710,1,X,01,2026
1,3803,40,5,1220,90349,0,1581,2,X,01,2026
1,3803,40,6,1220,65648,0,1285,2,X,01,2026
1,3803,44,5,1220,2319504,0,74939,1,X,01,2026
1,3803,44,5,1220,13035,0,127,2,X,01,2026
1,3803,47,5,1220,356713,0,32748,1,X,01,2026
1,3803,48,5,1220,2325238,0,71235,1,X,01,2026
1,3803,49,5,1220,2125670,0,19676,1,X,01,2026
1,3803,56,5,1220,97138,0,3149,1,X,01,2026
1,3803,56,5,1220,10983,0,186,2,X,01,2026
1,3803,56,8,1220,10250,0,264,1,X,01,2026
1,3803,61,5,1220,2604,0,81,2,X,01,2026
1,3803,63,5,1220,14811,0,409,1,X,01,2026
1,3803,63,5,1220,20550,0,709,2,X,01,2026
1,3803,68,5,1220,973500,0,74636,1,X,01,2026
1,3803,68,6,1220,17037,0,811,1,X,01,2026
1,3803,69,5,1220,30518,0,596,1,X,01,2026
1,3803,70,5,1220,42627,0,1832,1,X,01,2026
1,3803,70,5,1220,3267,0,26,2,X,01,2026
1,3803,70,8,1220,11397,0,271,1,X,01,2026
1,3803,71,5,1220,142758,0,2798,1,X,01,2026
1,3803,72,5,1220,2769698,0,64324,1,X,01,2026
1,3803,72,5,1220,1002278,0,23160,2,X,01,2026
1,3803,72,6,1220,2827338,0,67920,1,X,01,2026
1,3803,73,5,1220,171687,0,2360,1,X,01,2026
1,3803,73,5,1220,136498,0,1705,2,X,01,2026
1,3803,73,8,1220,25820,0,1045,1,X,01,2026
1,3803,74,5,1220,70368,0,696,1,X,01,2026
1,3803,75,5,1220,227121,0,225,1,X,01,2026
1,3803,75,5,1220,201828,0,5535,2,X,01,2026
1,3803,76,5,1220,253742,0,4297,1,X,01,2026
1,3803,76,5,1220,3700,0,28,2,X,01,2026
1,3803,81,5,1220,34631,0,96,1,X,01,2026
1,3803,81,5,1220,63437,0,1949,2,X,01,2026
1,3803,82,5,1220,2609,0,26,1,X,01,2026
1,3803,82,5,1220,3037,0,33,2,X,01,2026
1,3803,83,5,1220,4437,0,39,2,X,01,2026
1,3803,84,5,1220,7344538,0,112437,1,X,01,2026
1,3803,84,5,1220,4747663,0,53950,2,X,01,2026
1,3803,84,8,1220,43319,0,1288,1,X,01,2026
1,3803,84,8,1220,10797,0,223,2,X,01,2026
1,3803,85,5,1220,1926862,0,21893,1,X,01,2026
1,3803,85,5,1220,1571414,0,9496,2,X,01,2026
1,3803,86,5,1220,1783831,0,19191,1,X,01,2026
1,3803,87,5,1220,8423578,0,97265,1,X,01,2026
1,3803,87,5,1220,717620,0,6783,2,X,01,2026
1,3803,87,8,1220,449805,0,4151,1,X,01,2026
1,3803,88,5,1220,23600,0,912,1,X,01,2026
1,3803,88,5,1220,19351,0,157,2,X,01,2026
1,3803,89,5,1220,2173442,0,26249,1,X,01,2026
1,3803,90,5,1220,92595,0,2291,1,X,01,2026
1,3803,90,5,1220,240238,0,5396,2,X,01,2026
1,3803,94,5,1220,146673,0,5397,1,X,01,2026
1,3803,94,5,1220,39562,0,756,2,X,01,2026
1,3803,95,5,1220,102568,0,1839,1,X,01,2026
1,3803,95,5,1220,13675,0,320,2,X,01,2026
1,3804,09,6,1220,458490,0,9801,2,X,01,2026
1,3804,18,5,1220,21212,0,720,2,X,01,2026
1,3804,32,5,1220,13946,0,1708,2,X,01,2026
1,3804,34,5,1220,26443,0,703,1,X,01,2026
1,3804,34,5,1220,53121,0,1413,2,X,01,2026
1,3804,39,5,1220,31799,0,2521,1,X,01,2026
1,3804,40,5,1220,8152,0,1042,1,X,01,2026
1,3804,44,5,1220,11134,0,1408,1,X,01,2026
1,3804,48,5,1220,18749,0,405,1,X,01,2026
1,3804,59,5,1220,42728,0,1910,1,X,01,2026
1,3804,73,5,1220,29805,0,1487,1,X,01,2026
1,3804,82,5,1220,5872,0,169,1,X,01,2026
1,3804,84,5,1220,82917,0,2319,1,X,01,2026
1,3804,84,5,1220,3596,0,130,2,X,01,2026
1,3804,85,5,1220,18124,0,143,1,X,01,2026
1,3804,85,5,1220,21111,0,130,2,X,01,2026
1,3805,73,5,1220,5389,0,106,2,X,01,2026
1,3805,83,5,1220,16984,0,159,2,X,01,2026
1,3805,84,5,1220,9412,0,103,2,X,01,2026
1,3805,84,6,1220,47838,0,473,1,X,01,2026
1,3805,85,5,1220,7166,0,334,1,X,01,2026
1,3805,85,5,1220,21229,0,169,2,X,01,2026
1,3805,87,5,1220,11650,0,92,2,X,01,2026
1,3809,25,5,1220,14118,0,276,1,X,01,2026
1,3809,32,5,1220,13797,0,1758,1,X,01,2026
1,3809,56,5,1220,41167,0,807,1,X,01,2026
1,3819,39,5,1220,51147,0,505,1,X,01,2026
1,3819,40,5,1220,23899,0,466,2,X,01,2026
1,3819,87,5,1220,12352,0,230,1,X,01,2026
1,3842,85,5,1220,34984,0,766,1,X,01,2026
1,38XX,01,3,1220,16752,50,128,1,X,01,2026
1,38XX,01,3,1220,9532,118,866,2,X,01,2026
1,38XX,02,3,1220,70230,19347,1814,1,X,01,2026
1,38XX,04,3,1220,258532,28289,1752,1,X,01,2026
1,38XX,05,3,1220,93874,36,0,1,X,01,2026
1,38XX,09,3,1220,7565,210,315,1,X,01,2026
1,38XX,10,3,1220,147517,18330,12625,1,X,01,2026
1,38XX,11,3,1220,142799,17690,3267,1,X,01,2026
1,38XX,12,3,1220,11285,442,178,1,X,01,2026
1,38XX,12,3,1220,138894,1428,1736,2,X,01,2026
1,38XX,13,3,1220,4378,5,85,2,X,01,2026
1,38XX,16,3,1220,174235,17757,1720,1,X,01,2026
1,38XX,18,3,1220,7860,1712,153,1,X,01,2026
1,38XX,19,3,1220,18740,5756,0,1,X,01,2026
1,38XX,20,3,1220,24895,10333,3,1,X,01,2026
1,38XX,20,3,1220,50566,3648,108,2,X,01,2026
1,38XX,21,3,1220,114466,8776,1282,1,X,01,2026
1,38XX,23,3,1220,24250,3379,72,1,X,01,2026
1,38XX,25,1,1220,128828,355000,4524,1,X,01,2026
1,38XX,25,1,1220,74631,120351,2621,2,X,01,2026
1,38XX,25,3,1220,30740,38430,0,1,X,01,2026
1,38XX,26,1,1220,777505,4993000,3267,1,X,01,2026
1,38XX,27,1,1220,3701301,10856996,1452,1,X,01,2026
1,38XX,27,3,1220,329055,75212,9045,1,X,01,2026
1,38XX,28,3,1220,19761,19733,765,1,X,01,2026
1,38XX,28,3,1220,62203,16201,1218,2,X,01,2026
1,38XX,29,3,1220,107513,20290,3020,1,X,01,2026
1,38XX,29,3,1220,41818,1281,220,2,X,01,2026
1,38XX,30,3,1220,277770,1181,3324,1,X,01,2026
1,38XX,30,3,1220,78613,38,1265,2,X,01,2026
1,38XX,32,3,1220,86884,18660,4146,1,X,01,2026
1,38XX,32,3,1220,7104,157,138,2,X,01,2026
1,38XX,32,3,2010,4286,84,0,1,0,01,2026
1,38XX,33,3,1220,147746,2621,3124,1,X,01,2026
1,38XX,34,3,1220,479310,159667,4873,1,X,01,2026
1,38XX,34,3,1220,7716,13,139,2,X,01,2026
1,38XX,35,3,1220,160736,2734,4325,1,X,01,2026
1,38XX,37,3,1220,2656,11,68,2,X,01,2026
1,38XX,38,1,1220,51109,36072,3267,1,X,01,2026
1,38XX,38,3,1220,207131,18976,4608,1,X,01,2026
1,38XX,38,3,1220,57354,533,1748,2,X,01,2026
1,38XX,39,1,1220,33193,20344,3335,2,X,01,2026
1,38XX,39,3,1220,1693701,162013,55264,1,X,01,2026
1,38XX,39,3,1220,160647,4282,4874,2,X,01,2026
1,38XX,40,3,1220,258850,6627,8543,1,X,01,2026
1,38XX,40,3,1220,60797,3245,1178,2,X,01,2026
1,38XX,41,3,1220,2996,130,130,1,X,01,2026
1,38XX,42,3,1220,5978,33,145,1,X,01,2026
1,38XX,42,3,1220,7398,259,335,2,X,01,2026
1,38XX,48,3,1220,908782,940980,9374,1,X,01,2026
1,38XX,48,3,1220,15630,5062,982,2,X,01,2026
1,38XX,49,3,1220,63116,942,1839,1,X,01,2026
1,38XX,49,3,1220,106974,839,2174,2,X,01,2026
1,38XX,51,3,1220,12442,1134,94,2,X,01,2026
1,38XX,54,3,1220,18337,487,406,2,X,01,2026
1,38XX,55,3,1220,24531,686,265,2,X,01,2026
1,38XX,56,3,1220,10650,369,617,1,X,01,2026
1,38XX,57,3,1220,33061,3554,434,1,X,01,2026
1,38XX,58,3,1220,10132,74,575,2,X,01,2026
1,38XX,59,3,1220,17183,241,1075,1,X,01,2026
1,38XX,59,3,1220,4057,31,60,2,X,01,2026
1,38XX,61,3,1220,28206,219,550,1,X,01,2026
1,38XX,61,3,1220,28088,140,384,2,X,01,2026
1,38XX,62,3,1220,16771,25,328,1,X,01,2026
1,38XX,62,3,1220,6703,28,26,2,X,01,2026
1,38XX,63,3,1220,15191,113,802,1,X,01,2026
1,38XX,63,3,1220,26968,4363,809,2,X,01,2026
1,38XX,65,3,1220,29922,1047,912,1,X,01,2026
1,38XX,65,3,1220,4241,22,82,2,X,01,2026
1,38XX,68,1,1220,85233,42125,5792,2,X,01,2026
1,38XX,68,3,1220,360855,334451,17477,1,X,01,2026
1,38XX,68,3,1220,3847,133,18,2,X,01,2026
1,38XX,69,3,1220,2640,10,54,1,X,01,2026
1,38XX,70,3,1220,155495,38665,1837,1,X,01,2026
1,38XX,70,3,1220,3814,42,130,2,X,01,2026
1,38XX,71,3,1220,570308,195,3527,1,X,01,2026
1,38XX,71,3,1220,255409,31,1629,2,X,01,2026
1,38XX,72,3,1220,99355,56888,4016,1,X,01,2026
1,38XX,73,1,1220,58050,40000,1137,2,X,01,2026
1,38XX,73,3,1220,719491,26796,9850,1,X,01,2026
1,38XX,73,3,1220,212472,45363,5150,2,X,01,2026
1,38XX,73,8,2010,2776,0,0,1,X,01,2026
1,38XX,74,3,1220,17052,538,95,2,X,01,2026
1,38XX,75,3,1220,1538540,4928,1708,1,X,01,2026
1,38XX,75,3,1220,48110,43,213,2,X,01,2026
1,38XX,76,3,1220,506746,6444,3090,1,X,01,2026
1,38XX,76,3,1220,21107,248,280,2,X,01,2026
1,38XX,81,3,1220,118996,1325,1885,1,X,01,2026
1,38XX,82,3,1220,221542,2036,6372,1,X,01,2026
1,38XX,82,3,1220,237268,1052,3286,2,X,01,2026
1,38XX,83,3,1220,520148,8672,2949,1,X,01,2026
1,38XX,83,3,1220,182532,4960,3904,2,X,01,2026
1,38XX,84,1,1220,141198,11905,2767,2,X,01,2026
1,38XX,84,3,1220,10598230,115075,101019,1,X,01,2026
1,38XX,84,3,1220,5704667,26490,98578,2,X,01,2026
1,38XX,84,5,2010,139467,0,0,1,0,01,2026
1,38XX,85,1,1220,149517,6999,4251,2,X,01,2026
1,38XX,85,3,1220,7962969,28565,90218,1,X,01,2026
1,38XX,85,3,1220,5951809,20081,63468,2,X,01,2026
1,38XX,85,3,2010,34286,243,0,1,0,01,2026
1,38XX,86,3,1220,173568,84054,3394,1,X,01,2026
1,38XX,86,3,1220,5430,1162,130,2,X,01,2026
1,38XX,87,1,1220,3069,49,51,1,X,01,2026
1,38XX,87,3,1220,535529,75792,14300,1,X,01,2026
1,38XX,87,3,1220,51726,19342,1190,2,X,01,2026
1,38XX,87,3,2010,3609,49,0,1,0,01,2026
1,38XX,88,3,1220,18161780,48619,70834,1,X,01,2026
1,38XX,88,3,1220,12039025,21173,15116,2,X,01,2026
1,38XX,89,3,1220,133454,1022,408,1,X,01,2026
1,38XX,90,3,1220,4258220,16263,60265,1,X,01,2026
1,38XX,90,3,1220,2665419,11320,32691,2,X,01,2026
1,38XX,90,3,2010,3000,3,0,2,0,01,2026
1,38XX,91,3,1220,3053,8,44,1,X,01,2026
1,38XX,91,3,1220,38279,28,624,2,X,01,2026
1,38XX,92,3,1220,11140,59,531,1,X,01,2026
1,38XX,92,3,1220,12906,114,249,2,X,01,2026
1,38XX,94,1,1220,4242,7736,42,2,X,01,2026
1,38XX,94,3,1220,298123,8071,4990,1,X,01,2026
1,38XX,94,3,1220,110193,2469,1228,2,X,01,2026
1,38XX,95,1,1220,498975,37999,18198,2,X,01,2026
1,38XX,95,3,1220,37058,434,885,1,X,01,2026
1,38XX,95,3,1220,53486,1136,1363,2,X,01,2026
1,38XX,96,3,1220,279706,3048,758,1,X,01,2026
1,38XX,96,3,1220,54019,615,282,2,X,01,2026
1,38XX,98,3,1220,3222,11,47,2,X,01,2026
1,3901,05,3,2010,469487,447,0,1,0,01,2026
1,3901,12,3,2010,517405,281,0,1,0,01,2026
1,3901,15,3,2010,56255,41196,0,1,0,01,2026
1,3901,20,3,2010,2731,300,0,1,0,01,2026
1,3901,22,3,2010,2823,320,0,1,0,01,2026
1,3901,28,3,2010,7016,2395,0,1,0,01,2026
1,3901,29,3,2010,271633,1681,0,1,0,01,2026
1,3901,30,3,2010,30278965,20137,0,1,0,01,2026
1,3901,30,3,2010,614271,80,0,1,1,01,2026
1,3901,30,3,2010,929188,310,0,2,0,01,2026
1,3901,33,3,2010,49580,179,0,1,0,01,2026
1,3901,34,3,2010,143154,747,0,1,0,01,2026
1,3901,35,3,2010,3618,1,0,1,0,01,2026
1,3901,38,3,2010,602956,3003,0,1,0,01,2026
1,3901,39,3,2010,60563,486,0,1,0,01,2026
1,3901,39,3,2010,2800,19,0,2,0,01,2026
1,3901,48,3,2010,8849,85,0,1,0,01,2026
1,3901,59,3,2010,3036,12,0,2,0,01,2026
1,3901,69,3,2010,245740,692,0,1,0,01,2026
1,3901,71,3,2010,47400,14,0,1,0,01,2026
1,3901,73,3,2010,5229,106,0,1,0,01,2026
1,3901,76,3,2010,10143,102,0,1,0,01,2026
1,3901,82,3,2010,9152,112,0,1,0,01,2026
1,3901,82,3,2010,23348,280,0,2,0,01,2026
1,3901,83,3,2010,2828,30,0,1,0,01,2026
1,3901,83,3,2010,2673,10,0,2,0,01,2026
1,3901,84,3,2010,785387,6044,0,1,0,01,2026
1,3901,84,3,2010,418118,1165,0,2,0,01,2026
1,3901,84,8,2010,10403,0,0,1,X,01,2026
1,3901,85,3,2010,173538,405,0,1,0,01,2026
1,3901,85,3,2010,544257,1006,0,2,0,01,2026
1,3901,87,3,2010,18878,900,0,1,0,01,2026
1,3901,88,3,2010,26000,27,0,1,0,01,2026
1,3901,88,3,2010,30655,12,0,2,0,01,2026
1,3901,90,3,2010,582683,2241,0,1,0,01,2026
1,3901,90,3,2010,435688,2930,0,2,0,01,2026
1,3901,92,3,2010,180089,7108,0,1,0,01,2026
1,3901,93,3,2010,1950000,13337,0,1,0,01,2026
1,3901,97,3,2010,44000,171,0,1,0,01,2026
1,39XX,12,3,1220,266770,129,10038,1,X,01,2026
1,39XX,26,1,1220,2884467,6066500,0,1,X,01,2026
1,39XX,28,3,1220,30534,35,910,1,X,01,2026
1,39XX,29,3,1220,41330,61,21,1,X,01,2026
1,39XX,29,3,1220,4220,5,156,2,X,01,2026
1,39XX,30,3,1220,533370,5461,9485,1,X,01,2026
1,39XX,38,3,1220,12842,41,91,2,X,01,2026
1,39XX,39,1,1220,136858,12464,2224,2,X,01,2026
1,39XX,39,3,1220,8625,437,207,2,X,01,2026
1,39XX,82,3,2010,14505,25,0,1,0,01,2026
1,39XX,84,3,1220,33736,80,803,1,X,01,2026
1,39XX,84,3,1220,64922,803,1430,2,X,01,2026
1,39XX,84,3,2010,7750,9,0,1,0,01,2026
1,39XX,84,3,2010,14025,21,0,2,0,01,2026
1,39XX,85,3,1220,3057,28,64,1,X,01,2026
1,39XX,85,3,1220,41588,86,1203,2,X,01,2026
1,39XX,85,3,2010,47436,310,0,1,0,01,2026
1,39XX,88,3,1220,6805,7,21,1,X,01,2026
1,39XX,90,3,1220,98299,263,1405,1,X,01,2026
1,39XX,90,3,1220,43008,103,659,2,X,01,2026
1,39XX,94,3,1220,2702,18,37,1,X,01,2026
1,39XX,97,3,1220,13074,56,284,2,X,01,2026
1,4101,03,3,1220,2589,324,56,2,X,01,2026
1,4101,05,3,1220,119930,188,1021,1,X,01,2026
1,4101,06,3,1220,19286,454,283,1,X,01,2026
1,4101,06,3,1220,6664,213,118,2,X,01,2026
1,4101,07,3,1220,2997,1735,115,2,X,01,2026
1,4101,08,3,1220,11296,222,221,1,X,01,2026
1,4101,08,3,1220,4159,91,81,2,X,01,2026
1,4101,12,3,1220,670543,21900,3643,1,X,01,2026
1,4101,12,3,1220,538327,18742,3614,2,X,01,2026
1,4101,13,3,1220,6892,19,246,1,X,01,2026
1,4101,13,3,1220,6175,68,121,2,X,01,2026
1,4101,15,3,1220,6330,76,75,2,X,01,2026
1,4101,18,3,1220,3340,728,72,1,X,01,2026
1,4101,21,3,1220,30584,568,768,1,X,01,2026
1,4101,21,3,1220,13795,227,270,2,X,01,2026
1,4101,22,3,1220,29132,34048,0,1,X,01,2026
1,4101,23,3,1220,60884,1904,314,1,X,01,2026
1,4101,23,3,1220,8708,25,130,2,X,01,2026
1,4101,25,1,1220,570185,1480100,0,1,X,01,2026
1,4101,25,3,1220,14864,13604,497,1,X,01,2026
1,4101,27,3,1220,2531,49,49,1,X,01,2026
1,4101,27,3,1220,17706,7428,228,2,X,01,2026
1,4101,28,3,1220,491226,27113,7680,1,X,01,2026
1,4101,28,3,1220,8089,39,177,2,X,01,2026
1,4101,29,3,1220,1164308,5201,21310,1,X,01,2026
1,4101,29,3,1220,726547,1285,2844,2,X,01,2026
1,4101,30,3,1220,7675982,17899,147594,1,X,01,2026
1,4101,30,3,1220,6743654,8635,83247,2,X,01,2026
1,4101,32,3,1220,344467,18764,7982,1,X,01,2026
1,4101,32,3,1220,70767,495,1970,2,X,01,2026
1,4101,33,3,1220,279459,3851,6275,1,X,01,2026
1,4101,33,3,1220,57705,751,2806,2,X,01,2026
1,4101,34,3,1220,28416,798,1239,1,X,01,2026
1,4101,34,3,1220,19045,318,879,2,X,01,2026
1,4101,35,3,1220,470529,2106,8091,1,X,01,2026
1,4101,35,3,1220,69272,176,932,2,X,01,2026
1,4101,36,3,1220,3686,14,72,1,X,01,2026
1,4101,37,3,1220,53430,163,579,1,X,01,2026
1,4101,38,3,1220,7405696,41529,88851,1,X,01,2026
1,4101,38,3,1220,4413738,23966,115444,2,X,01,2026
1,4101,39,3,1220,2894115,53466,56544,1,X,01,2026
1,4101,39,3,1220,904471,20177,16083,2,X,01,2026
1,4101,40,3,1220,1107131,7398,20836,1,X,01,2026
1,4101,40,3,1220,994882,6619,9344,2,X,01,2026
1,4101,41,3,1220,5319,54,104,1,X,01,2026
1,4101,41,3,1220,5673,61,130,2,X,01,2026
1,4101,42,3,1220,123952,1528,2175,1,X,01,2026
1,4101,42,3,1220,264528,7092,9053,2,X,01,2026
1,4101,43,3,1220,34018,590,339,2,X,01,2026
1,4101,44,3,1220,8461,164,81,1,X,01,2026
1,4101,44,3,1220,8586,3498,213,2,X,01,2026
1,4101,47,3,1220,4476,11000,0,1,X,01,2026
1,4101,48,3,1220,180239,33745,6115,1,X,01,2026
1,4101,48,3,1220,83888,13629,1726,2,X,01,2026
1,4101,49,3,1220,1659245,22980,18923,1,X,01,2026
1,4101,49,3,1220,378417,11921,4970,2,X,01,2026
1,4101,50,3,1220,19601,94,827,2,X,01,2026
1,4101,51,3,1220,4338,286,98,1,X,01,2026
1,4101,51,3,1220,14326,101,324,2,X,01,2026
1,4101,52,3,1220,7431,1040,84,1,X,01,2026
1,4101,52,3,1220,11123,1589,381,2,X,01,2026
1,4101,54,3,1220,9331,77,601,1,X,01,2026
1,4101,54,3,1220,42680,387,1327,2,X,01,2026
1,4101,55,3,1220,6423,103,72,1,X,01,2026
1,4101,56,3,1220,7430,35,289,1,X,01,2026
1,4101,56,3,1220,9369,667,147,2,X,01,2026
1,4101,57,3,1220,14402,1124,282,1,X,01,2026
1,4101,58,3,1220,27634,788,1263,1,X,01,2026
1,4101,58,3,1220,44253,957,386,2,X,01,2026
1,4101,59,3,1220,220158,5590,8242,1,X,01,2026
1,4101,59,3,1220,124949,2786,10596,2,X,01,2026
1,4101,61,3,1220,124006,8182,3406,1,X,01,2026
1,4101,61,3,1220,336787,6096,5595,2,X,01,2026
1,4101,62,3,1220,153491,1105,3726,1,X,01,2026
1,4101,62,3,1220,254355,2738,5213,2,X,01,2026
1,4101,63,3,1220,115390,2551,3864,1,X,01,2026
1,4101,63,3,1220,71172,1182,4284,2,X,01,2026
1,4101,64,3,1220,22742,124,570,2,X,01,2026
1,4101,65,3,1220,100301,5192,3774,1,X,01,2026
1,4101,65,3,1220,53026,1309,2386,2,X,01,2026
1,4101,67,3,1220,16294,209,318,1,X,01,2026
1,4101,67,3,1220,14792,500,276,2,X,01,2026
1,4101,68,3,1220,231784,3336,3582,1,X,01,2026
1,4101,68,3,1220,58954,1175,991,2,X,01,2026
1,4101,69,3,1220,87812,5419,1013,1,X,01,2026
1,4101,69,3,1220,20458,87,389,2,X,01,2026
1,4101,70,3,1220,334926,11220,5586,1,X,01,2026
1,4101,70,3,1220,343470,12545,3420,2,X,01,2026
1,4101,71,3,1220,24837227,2938,138717,1,X,01,2026
1,4101,71,3,1220,6571976,2314,49736,2,X,01,2026
1,4101,72,3,1220,72968,102533,1965,1,X,01,2026
1,4101,72,3,1220,2851,20,217,2,X,01,2026
1,4101,73,3,1220,5490328,296211,63496,1,X,01,2026
1,4101,73,3,1220,1212036,92716,18691,2,X,01,2026
1,4101,74,3,1220,163321,4697,3647,1,X,01,2026
1,4101,74,3,1220,690229,19937,519,2,X,01,2026
1,4101,75,3,1220,724329,4524,6467,1,X,01,2026
1,4101,75,3,1220,386287,849,4506,2,X,01,2026
1,4101,76,3,1220,960857,11481,9725,1,X,01,2026
1,4101,76,3,1220,260641,5520,3964,2,X,01,2026
1,4101,78,3,1220,7607,90,148,1,X,01,2026
1,4101,79,3,1220,3352,11,5,1,X,01,2026
1,4101,80,3,1220,15324,186,236,2,X,01,2026
1,4101,81,3,1220,445474,1837,4826,1,X,01,2026
1,4101,81,3,1220,159722,206,1330,2,X,01,2026
1,4101,82,3,1220,2710214,11326,47033,1,X,01,2026
1,4101,82,3,1220,1733233,4840,21124,2,X,01,2026
1,4101,83,3,1220,1272770,13612,17530,1,X,01,2026
1,4101,83,3,1220,914208,14520,13285,2,X,01,2026
1,4101,84,3,1220,29734846,158432,380754,1,X,01,2026
1,4101,84,3,1220,21017982,76801,271103,2,X,01,2026
1,4101,85,3,1220,46297151,139533,368599,1,X,01,2026
1,4101,85,3,1220,29723767,100363,410643,2,X,01,2026
1,4101,86,3,1220,58734,597,1187,1,X,01,2026
1,4101,86,3,1220,5056,414,130,2,X,01,2026
1,4101,87,3,1220,509123,4988,12213,1,X,01,2026
1,4101,87,3,1220,184981,2407,4731,2,X,01,2026
1,4101,88,3,1220,32650178,18105,199938,1,X,01,2026
1,4101,88,3,1220,9753322,8237,54892,2,X,01,2026
1,4101,89,3,1220,241023,627,894,1,X,01,2026
1,4101,89,3,1220,19212,111,90,2,X,01,2026
1,4101,90,3,1220,36120942,51467,366548,1,X,01,2026
1,4101,90,3,1220,16047153,96425,239418,2,X,01,2026
1,4101,91,3,1220,45289,24,334,1,X,01,2026
1,4101,91,3,1220,517426,659,5375,2,X,01,2026
1,4101,92,3,1220,71184,544,1466,1,X,01,2026
1,4101,92,3,1220,13874,55,322,2,X,01,2026
1,4101,93,3,1220,22840,164,385,1,X,01,2026
1,4101,93,3,1220,9580,51,189,2,X,01,2026
1,4101,94,3,1220,1063041,28966,15250,1,X,01,2026
1,4101,94,3,1220,251915,4345,5202,2,X,01,2026
1,4101,95,3,1220,184073,2604,5778,1,X,01,2026
1,4101,95,3,1220,422276,4424,14025,2,X,01,2026
1,4101,96,3,1220,31910,393,1050,1,X,01,2026
1,4101,96,3,1220,20576,263,1101,2,X,01,2026
1,4101,97,3,1220,506745,1722,6097,1,X,01,2026
1,4101,97,3,1220,176533,177,1609,2,X,01,2026
1,4101,98,8,1220,3759906,0,12933,1,X,01,2026
1,4102,28,3,1220,16875,451,331,1,X,01,2026
1,4102,29,3,1220,25942,982,509,1,X,01,2026
1,4102,30,3,1220,11693,24,143,2,X,01,2026
1,4102,30,5,1220,38485,0,1270,1,X,01,2026
1,4102,32,3,1220,20244,74,397,1,X,01,2026
1,4102,33,3,1220,14874,291,490,1,X,01,2026
1,4102,33,5,1220,13026,0,255,1,X,01,2026
1,4102,35,3,1220,5739,19,121,1,X,01,2026
1,4102,38,3,1220,29440,68,577,1,X,01,2026
1,4102,39,3,1220,141925,1064,1917,1,X,01,2026
1,4102,39,5,1220,2727,0,103,1,X,01,2026
1,4102,40,3,1220,100625,200,2124,1,X,01,2026
1,4102,40,3,1220,8970,8,175,2,X,01,2026
1,4102,40,5,1220,8691,0,170,1,X,01,2026
1,4102,42,3,1220,21959,181,293,2,X,01,2026
1,4102,49,3,1220,8717,223,116,1,X,01,2026
1,4102,49,3,1220,4061,163,137,2,X,01,2026
1,4102,49,5,1220,14387,0,281,1,X,01,2026
1,4102,53,3,1220,3503,23,72,1,X,01,2026
1,4102,54,3,1220,7754,50,368,2,X,01,2026
1,4102,56,3,1220,3787,13,74,1,X,01,2026
1,4102,59,3,1220,6196,60,192,2,X,01,2026
1,4102,61,3,1220,8464,62,195,2,X,01,2026
1,4102,61,5,1220,2591,0,49,2,X,01,2026
1,4102,62,3,1220,17527,141,377,2,X,01,2026
1,4102,63,3,1220,29433,658,579,1,X,01,2026
1,4102,63,3,1220,4906,162,105,2,X,01,2026
1,4102,63,5,1220,3492,0,68,1,X,01,2026
1,4102,64,3,1220,2831,62,55,2,X,01,2026
1,4102,67,3,1220,2639,6,51,2,X,01,2026
1,4102,69,3,1220,5325,3,104,1,X,01,2026
1,4102,70,3,1220,19275,872,377,1,X,01,2026
1,4102,71,3,1220,74856,9,787,2,X,01,2026
1,4102,73,3,1220,215723,7412,4453,1,X,01,2026
1,4102,73,3,1220,25464,391,519,2,X,01,2026
1,4102,73,5,1220,3564,0,69,1,X,01,2026
1,4102,74,3,1220,17526,1083,343,1,X,01,2026
1,4102,75,3,1220,33463,106,653,1,X,01,2026
1,4102,76,3,1220,108434,1073,2046,1,X,01,2026
1,4102,81,3,1220,4213,4,82,1,X,01,2026
1,4102,82,3,1220,211182,1224,508,1,X,01,2026
1,4102,82,3,1220,523970,6330,823,2,X,01,2026
1,4102,83,3,1220,84878,1094,1679,1,X,01,2026
1,4102,83,3,1220,3502,229,68,2,X,01,2026
1,4102,84,3,1220,1876429,35692,29545,1,X,01,2026
1,4102,84,3,1220,484677,7087,7021,2,X,01,2026
1,4102,84,5,1220,135983,0,1642,1,X,01,2026
1,4102,84,5,1220,18217,0,326,2,X,01,2026
1,4102,85,3,1220,1111080,4783,17662,1,X,01,2026
1,4102,85,3,1220,1938198,7805,27593,2,X,01,2026
1,4102,85,5,1220,29652,0,448,1,X,01,2026
1,4102,85,5,1220,60984,0,771,2,X,01,2026
1,4102,86,3,1220,3138,9,61,1,X,01,2026
1,4102,86,3,1220,9325,4,182,2,X,01,2026
1,4102,87,3,1220,27922,322,463,1,X,01,2026
1,4102,87,3,1220,3604,84,60,2,X,01,2026
1,4102,88,3,1220,722535,571,10117,1,X,01,2026
1,4102,88,3,1220,90030,189,1605,2,X,01,2026
1,4102,88,5,1220,6764,0,131,1,X,01,2026
1,4102,88,5,1220,2754,0,53,2,X,01,2026
1,4102,90,3,1220,1489544,2564,17087,1,X,01,2026
1,4102,90,3,1220,261891,481,4882,2,X,01,2026
1,4102,90,5,1220,9302,0,196,1,X,01,2026
1,4102,94,3,1220,52876,621,941,1,X,01,2026
1,4102,94,3,1220,18491,345,513,2,X,01,2026
1,4102,95,3,1220,2959,84,58,1,X,01,2026
1,4102,96,3,1220,5965,43,116,1,X,01,2026
1,4102,97,3,1220,11634,16,726,1,X,01,2026
1,4102,98,5,1220,20296,0,397,1,X,01,2026
1,4103,84,3,1220,36177,930,503,1,X,01,2026
1,4103,84,3,1220,34170,61,220,2,X,01,2026
1,4103,85,3,1220,47214,86,268,1,X,01,2026
1,4103,85,3,1220,346252,509,1915,2,X,01,2026
1,4103,87,3,1220,4236,78,71,1,X,01,2026
1,4103,90,3,1220,15629,13,399,1,X,01,2026
1,4104,73,3,1220,4142,10,137,1,X,01,2026
1,4104,84,3,1220,3095,63,60,2,X,01,2026
1,4104,85,3,1220,6074,7,130,1,X,01,2026
1,4104,87,3,1220,4242,26,71,1,X,01,2026
1,4104,90,3,1220,14133,24,137,1,X,01,2026
1,4104,90,3,1220,2870,2,73,2,X,01,2026
1,4105,03,1,1220,51259,16329,701,2,X,01,2026
1,4105,25,1,1220,678803,19851300,6822,1,X,01,2026
1,4105,25,1,1220,13144,2133,257,2,X,01,2026
1,4105,28,1,1220,109363,322469,3267,2,X,01,2026
1,4105,29,1,1220,91149,62600,1095,2,X,01,2026
1,4105,30,1,1220,1261647,34141,4967,1,X,01,2026
1,4105,30,1,1220,1211774,1654,39503,2,X,01,2026
1,4105,33,1,1220,65244,1814,5931,1,X,01,2026
1,4105,39,1,1220,377462,302580,7986,2,X,01,2026
1,4105,42,1,1220,9911,470,48,2,X,01,2026
1,4105,48,1,1220,8034,1024,156,2,X,01,2026
1,4105,63,1,1220,91007,11663,323,2,X,01,2026
1,4105,73,1,1220,275559,54161,1448,2,X,01,2026
1,4105,84,1,1220,361565,12219,5419,2,X,01,2026
1,4105,84,3,1220,7885,13,111,1,X,01,2026
1,4105,84,5,1220,16697,0,580,2,X,01,2026
1,4105,85,1,1220,349813,6514,980,2,X,01,2026
1,4105,85,3,1220,5849,12,531,1,X,01,2026
1,4105,90,1,1220,14406,202,31,1,X,01,2026
1,4105,90,1,1220,6690,94,13,2,X,01,2026
1,4105,94,1,1220,13091,421,397,1,X,01,2026
1,4105,94,1,1220,6518,141,489,2,X,01,2026
1,4105,95,1,1220,3442,52,67,2,X,01,2026
1,4110,32,3,1220,2802,40,55,1,X,01,2026
1,4110,71,3,1220,26096,2,511,2,X,01,2026
1,4110,73,3,1220,48629,69,530,1,X,01,2026
1,4110,76,3,1220,59509,113,588,1,X,01,2026
1,4110,81,3,1220,5368,5,53,1,X,01,2026
1,4110,81,3,1220,115006,120,1138,2,X,01,2026
1,4110,82,3,1220,2991,1,267,2,X,01,2026
1,4110,84,3,1220,205096,459,2224,1,X,01,2026
1,4110,84,3,1220,88560,1068,1541,2,X,01,2026
1,4110,85,3,1220,11912,22,231,1,X,01,2026
1,4110,85,3,1220,70498,1564,1381,2,X,01,2026
1,4110,85,5,1220,13328,0,1124,1,X,01,2026
1,4110,85,5,1220,16459,0,1388,2,X,01,2026
1,4110,88,3,1220,15084,6,19,1,X,01,2026
1,4110,88,3,1220,3315,1,64,2,X,01,2026
1,4110,90,3,1220,37255,38,1121,2,X,01,2026
1,4110,90,5,1220,4320,0,381,2,X,01,2026
1,4110,94,3,1220,4744,312,43,2,X,01,2026
1,4115,29,3,1220,2847,3686,63,1,X,01,2026
1,4115,38,3,1220,8169,44,160,1,X,01,2026
1,4115,39,3,1220,3443,156,102,1,X,01,2026
1,4115,48,5,1220,4437,0,108,1,X,01,2026
1,4115,71,3,1220,63056,15,547,2,X,01,2026
1,4115,73,3,1220,13772,569,64,1,X,01,2026
1,4115,73,3,1220,55691,2095,5,2,X,01,2026
1,4115,75,3,1220,19072,107,1,2,X,01,2026
1,4115,82,3,1220,3760,45,6,1,X,01,2026
1,4115,84,3,1220,138167,676,2272,1,X,01,2026
1,4115,84,3,1220,109061,1566,3326,2,X,01,2026
1,4115,84,5,1220,133466,0,7,1,X,01,2026
1,4115,85,3,1220,27223,309,1277,1,X,01,2026
1,4115,85,3,1220,459276,3166,3500,2,X,01,2026
1,4115,85,5,1220,9201,0,180,2,X,01,2026
1,4115,87,3,1220,3158,19,57,1,X,01,2026
1,4115,87,3,1220,3640,25,71,2,X,01,2026
1,4115,87,5,1220,3281,0,63,1,X,01,2026
1,4115,88,3,1220,2939424,224,111,1,X,01,2026
1,4115,88,3,1220,9220298,843,304,2,X,01,2026
1,4115,88,5,1220,3560,0,7,1,X,01,2026
1,4115,88,5,1220,815048,0,85,2,X,01,2026
1,4115,90,3,1220,162363,458,1625,1,X,01,2026
1,4115,90,3,1220,9295,7,290,2,X,01,2026
1,41XX,12,3,2010,92198,1643,0,2,0,01,2026
1,41XX,21,3,2010,62209,2516,0,1,0,01,2026
1,41XX,27,3,2010,27675,11471,0,1,0,01,2026
1,41XX,27,3,2010,7300,6248,0,2,0,01,2026
1,41XX,28,3,2010,10388,221,0,1,0,01,2026
1,41XX,28,3,2010,3640,5,0,2,0,01,2026
1,41XX,29,3,2010,3420,25,0,1,0,01,2026
1,41XX,29,3,2010,20214,17013,0,2,0,01,2026
1,41XX,30,3,2010,641676,960,0,1,0,01,2026
1,41XX,30,3,2010,4396,3,0,2,0,01,2026
1,41XX,32,3,2010,42446,596,0,1,0,01,2026
1,41XX,32,3,2010,19182,180,0,2,0,01,2026
1,41XX,34,3,2010,98843,15868,0,1,0,01,2026
1,41XX,35,3,2010,57995,622,0,1,0,01,2026
1,41XX,37,3,2010,7743,73,0,1,0,01,2026
1,41XX,37,3,2010,12168,30,0,2,1,01,2026
1,41XX,38,3,2010,1789169,9709,0,1,0,01,2026
1,41XX,38,3,2010,194709,55,0,2,0,01,2026
1,41XX,39,3,2010,2151499,24383,0,1,0,01,2026
1,41XX,39,3,2010,462034,2521,0,2,0,01,2026
1,41XX,39,3,2010,10642,137,0,2,1,01,2026
1,41XX,40,3,2010,316196,1121,0,1,0,01,2026
1,41XX,40,3,2010,129153,358,0,2,0,01,2026
1,41XX,42,3,1220,8909,5,221,2,X,01,2026
1,41XX,42,3,2010,6602,104,0,1,0,01,2026
1,41XX,42,3,2010,51804,1257,0,2,0,01,2026
1,41XX,48,3,2010,277342,18595,0,1,0,01,2026
1,41XX,48,3,2010,17990,377,0,2,0,01,2026
1,41XX,49,3,2010,66564,3360,0,1,0,01,2026
1,41XX,49,3,2010,3063,210,0,2,0,01,2026
1,41XX,57,3,2010,3508,155,0,1,0,01,2026
1,41XX,57,3,2010,5754,826,0,2,0,01,2026
1,41XX,58,3,2010,18041,2855,0,1,0,01,2026
1,41XX,59,3,2010,83512,136,0,1,0,01,2026
1,41XX,59,3,2010,54325,49,0,2,0,01,2026
1,41XX,61,3,2010,21352,579,0,1,0,01,2026
1,41XX,61,3,2010,21771,255,0,2,0,01,2026
1,41XX,62,3,2010,33646,1326,0,1,0,01,2026
1,41XX,62,3,2010,21732,202,0,2,0,01,2026
1,41XX,63,3,2010,28637,2430,0,1,0,01,2026
1,41XX,63,3,2010,25360,397,0,2,0,01,2026
1,41XX,65,3,2010,12500,430,0,2,0,01,2026
1,41XX,68,3,2010,245924,2426,0,1,0,01,2026
1,41XX,68,3,2010,14333,23,0,1,1,01,2026
1,41XX,68,3,2010,82427,176,0,2,0,01,2026
1,41XX,69,3,2010,70891,50,0,1,0,01,2026
1,41XX,69,3,2010,13637,6,0,2,0,01,2026
1,41XX,70,3,2010,60754,1547,0,1,0,01,2026
1,41XX,70,3,2010,7719,39,0,2,0,01,2026
1,41XX,71,3,2010,2109315,565,0,1,0,01,2026
1,41XX,71,3,2010,6713700,805,0,2,0,01,2026
1,41XX,72,3,2010,61290,7711,0,1,0,01,2026
1,41XX,72,3,2010,2631,9,0,2,0,01,2026
1,41XX,73,3,2010,1208733,29411,0,1,0,01,2026
1,41XX,73,3,2010,1619881,58494,0,2,0,01,2026
1,41XX,74,3,2010,119212,3216,0,1,0,01,2026
1,41XX,74,3,2010,64990,376,0,2,0,01,2026
1,41XX,75,3,2010,2167223,3037,0,1,0,01,2026
1,41XX,75,3,2010,3024235,1061,0,2,0,01,2026
1,41XX,76,3,2010,103726,3370,0,1,0,01,2026
1,41XX,76,3,2010,55476,125,0,2,0,01,2026
1,41XX,81,3,2010,674412,1828,0,1,0,01,2026
1,41XX,81,3,2010,113499,252,0,2,0,01,2026
1,41XX,82,3,2010,2419847,46948,0,1,0,01,2026
1,41XX,82,3,2010,5419558,13412,0,2,0,01,2026
1,41XX,83,3,2010,830363,18867,0,1,0,01,2026
1,41XX,83,3,2010,296919,9591,0,2,0,01,2026
1,41XX,84,3,2010,22262396,275461,0,1,0,01,2026
1,41XX,84,3,2010,8385,10,0,1,1,01,2026
1,41XX,84,3,2010,25891871,140425,0,2,0,01,2026
1,41XX,84,5,1220,5706,0,40,2,X,01,2026
1,41XX,85,3,2010,9310656,36565,0,1,0,01,2026
1,41XX,85,3,2010,43810,77,0,1,1,01,2026
1,41XX,85,3,2010,25752413,74199,0,2,0,01,2026
1,41XX,85,3,2010,27495,41,0,2,1,01,2026
1,41XX,86,3,2010,6680,727,0,1,0,01,2026
1,41XX,87,3,2010,170078,3284,0,1,0,01,2026
1,41XX,87,3,2010,50641,1368,0,2,0,01,2026
1,41XX,88,3,2010,69168097,11702,0,1,0,01,2026
1,41XX,88,3,2010,46962882,15516,0,2,0,01,2026
1,41XX,89,3,2010,4400,13,0,1,0,01,2026
1,41XX,90,3,2010,11561233,30704,0,1,0,01,2026
1,41XX,90,3,2010,13241,10,0,1,1,01,2026
1,41XX,90,3,2010,8172662,15626,0,2,0,01,2026
1,41XX,90,3,2010,16727,26,0,2,1,01,2026
1,41XX,90,5,1220,7434,0,216,1,X,01,2026
1,41XX,90,5,1220,3208,0,19,2,X,01,2026
1,41XX,91,3,2010,310272,450,0,1,0,01,2026
1,41XX,91,3,2010,80333,987,0,2,0,01,2026
1,41XX,94,3,2010,161907,2471,0,1,0,01,2026
1,41XX,94,3,2010,26705,779,0,2,0,01,2026
1,41XX,95,3,2010,55889,2136,0,1,0,01,2026
1,41XX,95,3,2010,392328,9094,0,2,0,01,2026
1,41XX,96,3,2010,34250,861,0,1,0,01,2026
1,41XX,96,3,2010,32678,86,0,2,0,01,2026
1,41XX,97,3,2010,67900,392,0,1,0,01,2026
1,41XX,97,3,2010,31488,81,0,2,0,01,2026
1,41XX,98,8,2010,2444144,0,0,1,X,01,2026
1,4504,76,3,1220,5752,162,41,1,X,01,2026
1,4504,88,3,1220,10634412,6804,0,1,X,01,2026
1,45XX,34,3,1220,3016,239,58,1,X,01,2026
1,45XX,40,3,1220,7369,227,144,1,X,01,2026
1,45XX,84,3,1220,2988,1,58,2,X,01,2026
1,45XX,84,3,2010,46681,98,0,1,0,01,2026
1,45XX,84,3,2010,5177,25,0,2,0,01,2026
1,45XX,85,3,1220,62738,88,780,2,X,01,2026
1,45XX,88,3,1220,4856313,5000,72,1,X,01,2026
1,45XX,88,3,2010,268553,56,0,1,0,01,2026
1,45XX,88,8,2010,5250000,0,0,1,X,01,2026
1,45XX,98,8,1220,760303,0,1052,1,X,01,2026
1,49XX,21,1,2010,7278541,159663,0,1,1,01,2026
1,49XX,22,1,1220,1128383,723323,94,1,X,01,2026
1,49XX,22,1,2010,427888,2697999,0,1,1,01,2026
1,49XX,27,1,2010,65200,17939,0,1,1,01,2026
1,49XX,30,1,2010,9675292,11042,0,1,1,01,2026
1,49XX,30,3,1220,1258378,762,1815,1,X,01,2026
1,49XX,30,3,2010,3324056,14803,0,1,0,01,2026
1,49XX,30,3,2010,7596846,6213,0,2,0,01,2026
1,49XX,33,1,2010,389110,17210,0,1,1,01,2026
1,49XX,33,3,2010,18056,651,0,1,0,01,2026
1,49XX,34,1,2010,27396,1999,0,1,1,01,2026
1,49XX,35,1,2010,20361,837,0,1,0,01,2026
1,49XX,38,1,2010,89840,6239,0,1,1,01,2026
1,49XX,38,3,2010,3138,12,0,1,0,01,2026
1,49XX,39,1,1220,44600,20800,3267,1,X,01,2026
1,49XX,39,1,2010,11925,126921,0,1,1,01,2026
1,49XX,47,1,2010,111233,412503,0,1,1,01,2026
1,49XX,48,3,2010,41582,10626,0,1,0,01,2026
1,49XX,72,1,2010,18966,137485,0,1,1,01,2026
1,49XX,73,1,2010,9000,4752,0,1,1,01,2026
1,49XX,73,3,2010,17450,582,0,1,0,01,2026
1,49XX,76,1,2010,84902,33511,0,1,1,01,2026
1,49XX,76,3,2010,58372,1078,0,1,0,01,2026
1,49XX,84,1,1220,2593777,24011,0,2,X,01,2026
1,49XX,84,3,2010,4497,25,0,1,0,01,2026
1,49XX,84,3,2010,26570,120,0,2,0,01,2026
1,49XX,85,3,2010,431188,3543,0,1,0,01,2026
1,49XX,85,3,2010,15805,201,0,2,0,01,2026
1,49XX,88,3,2010,49418,18,0,1,0,01,2026
1,49XX,89,3,2010,23480,115,0,1,0,01,2026
1,49XX,90,3,1220,4557,35,20,1,X,01,2026
1,49XX,90,3,1220,11879,9,52,2,X,01,2026
1,49XX,90,3,2010,25586,657,0,1,0,01,2026
1,49XX,90,3,2010,28309,36,0,2,0,01,2026
1,49XX,97,3,2010,100000,137,0,1,0,01,2026
1,5201,22,1,2010,3503,115,0,1,0,01,2026
1,5201,22,1,2010,4952,880,0,1,1,01,2026
1,5201,47,1,2010,102913,397297,0,1,1,01,2026
1,5201,48,1,2010,31654,1333,0,1,0,01,2026
1,5201,66,1,2010,60009,1380,0,1,1,01,2026
1,5201,84,1,2010,251226,6372,0,1,0,01,2026
1,5201,84,1,2010,220520,1839,0,1,1,01,2026
1,5201,84,1,2010,5082,106,0,2,0,01,2026
1,5201,84,1,2010,287733,3826,0,2,1,01,2026
1,5201,90,1,2010,3862,3,0,1,0,01,2026
1,5201,94,1,2010,3225,562,0,2,1,01,2026
1,5203,03,1,2010,56340,19800,0,1,1,01,2026
1,5203,03,1,2010,67503,53828,0,2,1,01,2026
1,5203,04,1,2010,68723,14101,0,1,1,01,2026
1,5203,05,1,2010,14773,10235,0,1,1,01,2026
1,5203,07,1,2010,5784,4897,0,1,1,01,2026
1,5203,09,1,2010,38260,4665,0,1,1,01,2026
1,5203,11,1,2010,7884,6000,0,1,1,01,2026
1,5203,15,1,2010,53093,22861,0,1,1,01,2026
1,5203,16,1,2010,19920,2907,0,1,1,01,2026
1,5203,17,1,2010,14129,2257,0,1,1,01,2026
1,5203,18,1,2010,592976,72019,0,1,1,01,2026
1,5203,19,1,2010,53954,26408,0,1,0,01,2026
1,5203,19,1,2010,97914,35305,0,1,1,01,2026
1,5203,20,1,2010,81775,33845,0,1,1,01,2026
1,5203,21,1,2010,22091,866,0,1,0,01,2026
1,5203,21,1,2010,343074,55210,0,1,1,01,2026
1,5203,22,1,2010,1060812,103093,0,1,1,01,2026
1,5203,22,1,2010,77476,55365,0,2,1,01,2026
1,5203,24,1,2010,218701,4320,0,1,1,01,2026
1,5203,24,1,2010,42583,1089,0,2,1,01,2026
1,5203,28,1,2010,53367,220,0,1,1,01,2026
1,5203,32,1,2010,6669,123,0,1,1,01,2026
1,5203,33,1,2010,57077,888,0,1,0,01,2026
1,5203,33,1,2010,1835713,22397,0,1,1,01,2026
1,5203,34,1,2010,19364,1247,0,1,1,01,2026
1,5203,35,1,2010,9741,350,0,1,0,01,2026
1,5203,39,1,2010,13151,306,0,1,0,01,2026
1,5203,39,1,2010,295847,21936,0,1,1,01,2026
1,5203,39,1,2010,74675,2799,0,2,1,01,2026
1,5203,40,1,2010,128235,13608,0,1,0,01,2026
1,5203,40,1,2010,55433,8695,0,1,1,01,2026
1,5203,42,1,2010,10215,169,0,1,0,01,2026
1,5203,42,1,2010,16796,129,0,1,1,01,2026
1,5203,42,1,2010,19500,515,0,2,1,01,2026
1,5203,44,1,2010,37339,13472,0,1,1,01,2026
1,5203,44,1,2010,3475,144,0,2,1,01,2026
1,5203,47,1,2010,119283,457557,0,1,1,01,2026
1,5203,48,1,2010,18144,1248,0,1,0,01,2026
1,5203,48,1,2010,44873,61786,0,1,1,01,2026
1,5203,49,1,2010,68162,964,0,1,1,01,2026
1,5203,54,1,2010,5400,734,0,1,0,01,2026
1,5203,55,1,2010,3668,110,0,1,1,01,2026
1,5203,56,1,2010,28572,2125,0,1,1,01,2026
1,5203,57,1,2010,33488,5464,0,1,1,01,2026
1,5203,58,1,2010,3481,35,0,1,1,01,2026
1,5203,61,1,2010,12166,95,0,1,0,01,2026
1,5203,61,1,2010,48188,639,0,1,1,01,2026
1,5203,61,1,2010,111650,897,0,2,1,01,2026
1,5203,62,1,2010,7884,214,0,1,0,01,2026
1,5203,62,1,2010,91818,936,0,1,1,01,2026
1,5203,63,1,2010,225162,13048,0,1,1,01,2026
1,5203,63,1,2010,268746,25494,0,2,1,01,2026
1,5203,66,1,2010,87450,2527,0,1,1,01,2026
1,5203,66,1,2010,15934,1751,0,2,1,01,2026
1,5203,69,1,2010,33101,8484,0,1,1,01,2026
1,5203,70,1,2010,37895,3504,0,1,1,01,2026
1,5203,71,1,2010,69493,2,0,1,0,01,2026
1,5203,72,1,2010,2676,88,0,1,0,01,2026
1,5203,73,1,2010,80670,5316,0,1,1,01,2026
1,5203,73,1,2010,13890,997,0,2,1,01,2026
1,5203,74,1,2010,17134,423,0,1,0,01,2026
1,5203,76,1,2010,51937,4988,0,1,1,01,2026
1,5203,76,1,2010,3062,51,0,2,1,01,2026
1,5203,82,1,2010,23133,1568,0,1,1,01,2026
1,5203,83,1,2010,126800,325,0,1,1,01,2026
1,5203,83,1,2010,2529,14,0,2,1,01,2026
1,5203,84,1,2010,40418,1016,0,1,0,01,2026
1,5203,84,1,2010,873024,22428,0,1,1,01,2026
1,5203,84,1,2010,8666,583,0,2,1,01,2026
1,5203,85,1,2010,414472,8077,0,1,1,01,2026
1,5203,85,1,2010,3686,30,0,2,0,01,2026
1,5203,85,1,2010,15390,57,0,2,1,01,2026
1,5203,87,1,2010,74815,9995,0,1,1,01,2026
1,5203,88,1,2010,4946,20,0,1,1,01,2026
1,5203,89,1,2010,25342744,849968,0,1,0,01,2026
1,5203,89,1,2010,81106,4904,0,1,1,01,2026
1,5203,90,1,2010,23252,340,0,1,0,01,2026
1,5203,90,1,2010,88980,2148,0,1,1,01,2026
1,5203,90,1,2010,28100,132,0,2,1,01,2026
1,5203,91,1,2010,86509,352,0,1,1,01,2026
1,5203,94,1,2010,308093,19755,0,1,1,01,2026
1,5203,94,1,2010,13616,1138,0,2,1,01,2026
1,5203,95,1,2010,6192,331,0,1,0,01,2026
1,5203,95,1,2010,117087,3601,0,1,1,01,2026
1,5203,95,1,2010,8792,324,0,2,1,01,2026
1,5203,96,1,2010,3501,77,0,1,1,01,2026
1,5203,96,1,2010,6610,51,0,2,1,01,2026
1,52XX,01,3,1220,14879,35,297,1,X,01,2026
1,52XX,01,3,2010,54868,32911,0,1,0,01,2026
1,52XX,03,3,1220,4434,589,475,1,X,01,2026
1,52XX,03,3,1220,4337,635,59,2,X,01,2026
1,52XX,03,3,2010,8341,714,0,1,0,01,2026
1,52XX,04,3,2010,352750,5862,0,1,0,01,2026
1,52XX,05,3,2010,65898,192,0,1,0,01,2026
1,52XX,06,3,1220,3153,99,112,1,X,01,2026
1,52XX,07,3,1220,24790,12492,953,2,X,01,2026
1,52XX,09,3,2010,7185,112,0,2,0,01,2026
1,52XX,12,3,2010,175482,569,0,1,0,01,2026
1,52XX,24,3,1220,18983,615,372,2,X,01,2026
1,52XX,24,3,2010,40889,5064,0,2,0,01,2026
1,52XX,25,3,1220,18957,11000,1790,2,X,01,2026
1,52XX,28,3,2010,89100,175,0,1,0,01,2026
1,52XX,29,3,1220,90866,28,899,2,X,01,2026
1,52XX,29,3,2010,99698,10912,0,1,0,01,2026
1,52XX,30,3,1220,4099,14,95,1,X,01,2026
1,52XX,30,3,2010,2084125,10807,0,1,0,01,2026
1,52XX,30,3,2010,6077560,724,0,2,0,01,2026
1,52XX,32,3,2010,96722,943,0,1,0,01,2026
1,52XX,32,3,2010,41959,627,0,2,0,01,2026
1,52XX,33,3,2010,2933290,31517,0,2,0,01,2026
1,52XX,34,3,2010,40923,2992,0,1,0,01,2026
1,52XX,34,3,2010,13654,3519,0,2,0,01,2026
1,52XX,36,3,2010,22032,1802,0,2,0,01,2026
1,52XX,37,3,2010,9605,26,0,1,0,01,2026
1,52XX,38,3,1220,145814,456,2043,1,X,01,2026
1,52XX,38,3,2010,463516,4336,0,1,0,01,2026
1,52XX,38,3,2010,53038,229,0,2,0,01,2026
1,52XX,39,3,1220,4025,45,21,1,X,01,2026
1,52XX,39,3,1220,65101,86,4941,2,X,01,2026
1,52XX,39,3,2010,279412,6969,0,1,0,01,2026
1,52XX,39,3,2010,72191,618,0,2,0,01,2026
1,52XX,40,3,2010,406975,2294,0,1,0,01,2026
1,52XX,40,3,2010,116258,67,0,2,0,01,2026
1,52XX,42,3,2010,9620,10,0,1,0,01,2026
1,52XX,42,3,2010,44795,1419,0,2,0,01,2026
1,52XX,44,3,2010,3000,147,0,1,0,01,2026
1,52XX,48,3,2010,10771,2109,0,2,0,01,2026
1,52XX,49,3,2010,86573,3253,0,1,0,01,2026
1,52XX,49,3,2010,22800,29,0,2,0,01,2026
1,52XX,55,3,2010,5331,147,0,2,0,01,2026
1,52XX,56,3,2010,8492,349,0,2,0,01,2026
1,52XX,57,3,2010,21068,397,0,1,0,01,2026
1,52XX,58,3,2010,6366,754,0,1,0,01,2026
1,52XX,59,3,2010,10475,206,0,1,0,01,2026
1,52XX,59,3,2010,13023,32,0,2,0,01,2026
1,52XX,60,3,2010,6836,43,0,2,0,01,2026
1,52XX,61,3,2010,95199,2725,0,1,0,01,2026
1,52XX,61,3,2010,10846,142,0,2,0,01,2026
1,52XX,62,3,2010,61965,447,0,1,0,01,2026
1,52XX,62,3,2010,51474,2669,0,2,0,01,2026
1,52XX,63,3,2010,4857,280,0,1,0,01,2026
1,52XX,63,3,2010,18670,654,0,2,0,01,2026
1,52XX,64,3,2010,13308,1200,0,1,0,01,2026
1,52XX,64,3,2010,18232,240,0,2,0,01,2026
1,52XX,65,3,2010,9763,240,0,1,0,01,2026
1,52XX,65,3,2010,17200,80,0,2,0,01,2026
1,52XX,68,3,2010,32241,542,0,1,0,01,2026
1,52XX,69,3,1220,5825,3631,580,2,X,01,2026
1,52XX,69,3,2010,12766,77,0,1,0,01,2026
1,52XX,69,3,2010,7998,1649,0,2,0,01,2026
1,52XX,70,3,2010,19850,64,0,2,0,01,2026
1,52XX,71,3,2010,8190262,907,0,1,0,01,2026
1,52XX,71,3,2010,1117621,118,0,2,0,01,2026
1,52XX,71,8,2010,2015149,0,0,1,X,01,2026
1,52XX,72,3,2010,20183,4947,0,1,0,01,2026
1,52XX,73,3,2010,287122,5961,0,1,0,01,2026
1,52XX,73,3,2010,89969,874,0,2,0,01,2026
1,52XX,74,3,2010,13115,6,0,1,0,01,2026
1,52XX,75,3,2010,96004,56,0,1,0,01,2026
1,52XX,75,3,2010,201707,46,0,2,0,01,2026
1,52XX,76,3,2010,115107,2804,0,1,0,01,2026
1,52XX,78,3,2010,60750,27159,0,1,0,01,2026
1,52XX,81,3,1220,16955,3,82,1,X,01,2026
1,52XX,81,3,2010,61803,24,0,1,0,01,2026
1,52XX,82,3,2010,83345,653,0,1,0,01,2026
1,52XX,82,3,2010,39194,77,0,2,0,01,2026
1,52XX,83,3,1220,20765,693,169,2,X,01,2026
1,52XX,83,3,2010,214216,6829,0,1,0,01,2026
1,52XX,83,3,2010,33921,1063,0,2,0,01,2026
1,52XX,84,3,1220,45361,130,1223,1,X,01,2026
1,52XX,84,3,1220,232013,287,5844,2,X,01,2026
1,52XX,84,3,2010,9700904,80731,0,1,0,01,2026
1,52XX,84,3,2010,3434106,31123,0,2,0,01,2026
1,52XX,85,3,1220,30871,66,943,2,X,01,2026
1,52XX,85,3,2010,7624518,16069,0,1,0,01,2026
1,52XX,85,3,2010,12307902,24355,0,2,0,01,2026
1,52XX,85,3,2010,9150,69,0,2,1,01,2026
1,52XX,87,3,2010,91338,2383,0,1,0,01,2026
1,52XX,88,3,1220,18446608,940,7852,1,X,01,2026
1,52XX,88,3,1220,55366,9,1524,2,X,01,2026
1,52XX,88,3,2010,12598213,26280,0,1,0,01,2026
1,52XX,88,3,2010,14398,486,0,1,1,01,2026
1,52XX,88,3,2010,1904190,4751,0,2,0,01,2026
1,52XX,89,1,2010,30000,2000,0,1,0,01,2026
1,52XX,89,3,2010,31032,78,0,1,0,01,2026
1,52XX,90,3,1220,934856,685,1452,1,X,01,2026
1,52XX,90,3,1220,51256,220,1824,2,X,01,2026
1,52XX,90,3,2010,6255964,22648,0,1,0,01,2026
1,52XX,90,3,2010,36654,225,0,1,1,01,2026
1,52XX,90,3,2010,4164065,18112,0,2,0,01,2026
1,52XX,91,3,2010,203197,751,0,1,0,01,2026
1,52XX,91,3,2010,47032,252,0,1,1,01,2026
1,52XX,91,3,2010,84794,27,0,2,0,01,2026
1,52XX,91,8,2010,80820,0,0,2,X,01,2026
1,52XX,94,3,2010,689789,28113,0,1,0,01,2026
1,52XX,94,3,2010,430119,3071,0,2,0,01,2026
1,52XX,95,3,2010,22161,1463,0,1,0,01,2026
1,52XX,95,3,2010,24521,680,0,2,0,01,2026
1,52XX,96,3,2010,14700,92,0,2,0,01,2026
1,52XX,97,3,2010,1972965,4230,0,1,0,01,2026
1,52XX,97,3,2010,95950,571,0,1,1,01,2026
1,52XX,97,3,2010,1899444,5358,0,2,0,01,2026
1,52XX,98,8,2010,797686,0,0,1,X,01,2026
1,5301,10,1,2010,21867677,94817546,0,1,0,01,2026
1,5301,12,1,2010,38125552,87434609,0,1,0,01,2026
1,5301,27,1,1220,236077253,498773165,1667669,1,X,01,2026
1,5301,27,1,2010,597882388,939291024,0,1,0,01,2026
1,5301,27,1,2010,2401706,2213359,0,1,1,01,2026
1,5301,28,1,1220,253635,100000,12076,1,X,01,2026
1,5301,28,1,2010,562562,3058615,0,1,0,01,2026
1,5301,29,1,2010,156896557,245692841,0,1,0,01,2026
1,5301,29,1,2010,33433924,36481234,0,1,1,01,2026
1,5301,32,1,2010,73665,60315,0,1,1,01,2026
1,5301,33,1,2010,17355,3215,0,1,1,01,2026
1,5301,38,1,2010,4062797,2750653,0,1,0,01,2026
1,5301,38,1,2010,122400,32400,0,1,1,01,2026
1,5301,39,1,2010,2488679,1222888,0,1,1,01,2026
1,5301,70,1,2010,142898,47048,0,1,1,01,2026
1,5301,72,1,2010,9000000,25000000,0,1,0,01,2026
1,5301,84,1,2010,58710,12928,0,2,1,01,2026
1,53XX,05,3,2010,41608,568,0,1,0,01,2026
1,53XX,22,1,2010,4670079,5000000,0,1,0,01,2026
1,53XX,22,1,2010,45993,44200,0,2,0,01,2026
1,53XX,27,1,1220,255071063,514683433,646877,1,X,01,2026
1,53XX,27,1,2010,208489039,356753843,0,1,0,01,2026
1,53XX,28,1,1220,4478484,467107,0,1,X,01,2026
1,53XX,28,1,2010,11491242,26387290,0,1,0,01,2026
1,53XX,28,3,2010,11669,2501,0,1,0,01,2026
1,53XX,29,1,1220,24801,20000,3001,2,X,01,2026
1,53XX,29,1,2010,50382152,73426512,0,1,0,01,2026
1,53XX,29,1,2010,6312670,10101003,0,1,1,01,2026
1,53XX,30,1,1220,249312,9413,8127,1,X,01,2026
1,53XX,30,1,1220,280336,146571,4451,2,X,01,2026
1,53XX,30,3,1220,40532,8,200,1,X,01,2026
1,53XX,30,3,2010,19860,45,0,1,0,01,2026
1,53XX,30,3,2010,312129,125,0,2,0,01,2026
1,53XX,38,3,2010,92504,300,0,1,0,01,2026
1,53XX,38,3,2010,3590,6,0,2,0,01,2026
1,53XX,39,3,2010,32865,83,0,1,0,01,2026
1,53XX,40,3,2010,3000,135,0,1,0,01,2026
1,53XX,40,3,2010,2719,9,0,2,0,01,2026
1,53XX,54,3,2010,11432,870,0,1,0,01,2026
1,53XX,70,3,2010,8472,125,0,1,0,01,2026
1,53XX,70,3,2010,24307,192,0,2,0,01,2026
1,53XX,73,1,1220,13711,2285,0,2,X,01,2026
1,53XX,73,3,1220,15338,328,300,1,X,01,2026
1,53XX,73,3,2010,17800,223,0,1,0,01,2026
1,53XX,73,3,2010,4076,208,0,2,0,01,2026
1,53XX,83,3,2010,44513,840,0,1,0,01,2026
1,53XX,84,1,1220,161270,2515,3548,2,X,01,2026
1,53XX,84,3,1220,496431,1835,5043,1,X,01,2026
1,53XX,84,3,1220,197494,123,1981,2,X,01,2026
1,53XX,84,3,2010,1058572,1738,0,1,0,01,2026
1,53XX,84,3,2010,11128477,3099,0,2,0,01,2026
1,53XX,85,1,1220,4870,54,0,2,X,01,2026
1,53XX,85,3,1220,678450,2374,154,1,X,01,2026
1,53XX,85,3,1220,43159,56,749,2,X,01,2026
1,53XX,85,3,2010,35428,222,0,1,0,01,2026
1,53XX,85,3,2010,1021407,1543,0,2,0,01,2026
1,53XX,85,8,2010,31280,0,0,2,X,01,2026
1,53XX,86,1,1220,94888,29196,0,2,X,01,2026
1,53XX,88,3,1220,33056,116,648,1,X,01,2026
1,53XX,88,3,2010,531933,1004,0,1,0,01,2026
1,53XX,88,8,2010,7000000,0,0,1,X,01,2026
1,53XX,90,1,1220,52506,673,772,2,X,01,2026
1,53XX,90,3,1220,115082,79,1139,2,X,01,2026
1,53XX,90,3,2010,284042,626,0,1,0,01,2026
1,53XX,90,3,2010,52279,106,0,2,0,01,2026
1,53XX,98,8,1220,6575,0,624,1,X,01,2026
1,54XX,28,3,2010,8241,22,0,1,0,01,2026
1,54XX,29,3,1220,5540,14,604,1,X,01,2026
1,54XX,29,3,2010,9723,5291,0,1,0,01,2026
1,54XX,30,3,2010,7449,30,0,1,0,01,2026
1,54XX,35,3,2010,24128,4,0,1,0,01,2026
1,54XX,38,3,2010,116664,214,0,1,0,01,2026
1,54XX,38,3,2010,47097,14,0,2,0,01,2026
1,54XX,39,3,2010,41100,26,0,1,0,01,2026
1,54XX,56,3,2010,11528,41,0,1,0,01,2026
1,54XX,84,3,2010,16271,8,0,1,0,01,2026
1,54XX,84,3,2010,70482,108,0,2,0,01,2026
1,54XX,85,3,2010,13994,84,0,1,0,01,2026
1,54XX,85,3,2010,6200,67,0,2,0,01,2026
1,54XX,88,3,2010,5670,1,0,1,0,01,2026
1,54XX,88,3,2010,10973,15,0,2,0,01,2026
1,54XX,90,3,2010,49776,121,0,1,0,01,2026
1,54XX,90,3,2010,92840,63,0,2,0,01,2026
1,54XX,90,8,2010,2800,0,0,1,X,01,2026
1,54XX,94,3,2010,5902,2,0,1,0,01,2026
1,5501,01,3,2010,9500,37,0,1,0,01,2026
1,5501,28,3,2010,5276,15,0,1,0,01,2026
1,5501,29,3,2010,3018,12,0,1,0,01,2026
1,5501,32,3,2010,38652,114,0,1,0,01,2026
1,5501,32,3,2010,9575,48,0,2,0,01,2026
1,5501,39,3,2010,14984,1516,0,1,0,01,2026
1,5501,40,3,2010,7390,30,0,1,0,01,2026
1,5501,40,3,2010,10715,20,0,2,0,01,2026
1,5501,41,3,2010,13486,91,0,1,0,01,2026
1,5501,42,3,2010,3621,319,0,1,0,01,2026
1,5501,69,3,2010,8966,1723,0,2,0,01,2026
1,5501,73,3,2010,155753,2756,0,1,0,01,2026
1,5501,73,3,2010,2966,1,0,2,0,01,2026
1,5501,75,3,2010,24235,61,0,1,1,01,2026
1,5501,76,3,2010,30296,37,0,1,0,01,2026
1,5501,76,3,2010,12960,140,0,2,0,01,2026
1,5501,83,3,2010,20400,47,0,1,0,01,2026
1,5501,84,3,2010,303716,2299,0,1,0,01,2026
1,5501,84,3,2010,44423028,67033,0,2,0,01,2026
1,5501,85,3,2010,391591,1161,0,1,0,01,2026
1,5501,85,3,2010,8344133,11880,0,2,0,01,2026
1,5501,87,3,2010,45000,2652,0,1,0,01,2026
1,5501,88,3,2010,24550,10,0,1,0,01,2026
1,5501,88,3,2010,6656,6,0,2,0,01,2026
1,5501,90,3,2010,140917,1770,0,1,0,01,2026
1,5501,90,3,2010,94784,186,0,2,0,01,2026
1,5501,97,3,2010,88400,117,0,2,0,01,2026
1,5501,98,8,2010,49350,0,0,1,X,01,2026
1,55XX,28,3,1220,11993,26,235,1,X,01,2026
1,55XX,28,3,1220,4408,10,87,2,X,01,2026
1,55XX,29,3,1220,20567,3229,403,1,X,01,2026
1,55XX,29,3,1220,3426,4,66,2,X,01,2026
1,55XX,30,3,2010,82824,91,0,1,0,01,2026
1,55XX,30,3,2010,65988,196,0,2,0,01,2026
1,55XX,32,3,2010,37519,8970,0,1,0,01,2026
1,55XX,32,3,2010,7326,74,0,2,0,01,2026
1,55XX,34,3,2010,18619,87,0,1,0,01,2026
1,55XX,35,3,2010,6295,1,0,1,0,01,2026
1,55XX,38,3,2010,51472,227,0,1,0,01,2026
1,55XX,39,3,2010,205668,5780,0,1,0,01,2026
1,55XX,39,3,2010,13392,270,0,2,0,01,2026
1,55XX,40,3,2010,14588,75,0,1,0,01,2026
1,55XX,42,3,2010,3375,16,0,2,0,01,2026
1,55XX,48,3,2010,6700,374,0,1,0,01,2026
1,55XX,49,3,2010,7144,26,0,1,0,01,2026
1,55XX,59,3,2010,2910,19,0,1,0,01,2026
1,55XX,59,3,2010,5549,73,0,2,0,01,2026
1,55XX,62,3,2010,73665,1558,0,1,0,01,2026
1,55XX,68,3,2010,14490,8,0,1,0,01,2026
1,55XX,68,3,2010,18082,69,0,2,0,01,2026
1,55XX,70,3,2010,8412,119,0,1,0,01,2026
1,55XX,71,3,1220,85916453,701,0,1,X,01,2026
1,55XX,71,3,1220,2940809,442,10050,2,X,01,2026
1,55XX,71,3,2010,2431604,66,0,1,0,01,2026
1,55XX,71,3,2010,1565798,174,0,2,0,01,2026
1,55XX,73,3,2010,44397,886,0,1,0,01,2026
1,55XX,73,3,2010,2944,84,0,2,0,01,2026
1,55XX,74,3,2010,464571,7047,0,1,0,01,2026
1,55XX,76,3,2010,12478,303,0,1,0,01,2026
1,55XX,82,3,2010,451396,11837,0,1,0,01,2026
1,55XX,82,3,2010,29030,60,0,2,0,01,2026
1,55XX,83,3,1220,2544,40,55,2,X,01,2026
1,55XX,83,3,2010,17917,154,0,1,0,01,2026
1,55XX,83,3,2010,16407,105,0,2,0,01,2026
1,55XX,84,3,1220,884349,4633,10835,1,X,01,2026
1,55XX,84,3,1220,30996,127,446,2,X,01,2026
1,55XX,84,3,2010,637788,3301,0,1,0,01,2026
1,55XX,84,3,2010,3418023,6113,0,2,0,01,2026
1,55XX,85,3,1220,872959,14993,14076,1,X,01,2026
1,55XX,85,3,1220,1018275,1815,10121,2,X,01,2026
1,55XX,85,3,2010,1064748,2408,0,1,0,01,2026
1,55XX,85,3,2010,1122528,5411,0,2,0,01,2026
1,55XX,87,3,2010,7121,101,0,1,0,01,2026
1,55XX,88,3,1220,157264,87,1587,1,X,01,2026
1,55XX,88,3,2010,6459376,5539,0,1,0,01,2026
1,55XX,90,3,1220,33502,246,290,2,X,01,2026
1,55XX,90,3,2010,808891,2377,0,1,0,01,2026
1,55XX,90,3,2010,1125577,21096,0,2,0,01,2026
1,55XX,91,3,1220,1883966,955,3253,2,X,01,2026
1,55XX,95,3,2010,45623,1013,0,1,0,01,2026
1,55XX,95,3,2010,9517,379,0,2,0,01,2026
1,55XX,97,3,1220,13374,10,291,1,X,01,2026
1,55XX,98,8,1220,248607,0,824,1,X,01,2026
1,70XX,01,8,1220,833362,0,0,1,X,01,2026
1,70XX,02,8,1220,399082,0,0,1,X,01,2026
1,70XX,03,8,1220,2227655,0,0,1,X,01,2026
1,70XX,04,8,1220,1045825,0,0,1,X,01,2026
1,70XX,05,8,1220,673184,0,0,1,X,01,2026
1,70XX,06,8,1220,4892647,0,0,1,X,01,2026
1,70XX,07,8,1220,68697969,0,0,1,X,01,2026
1,70XX,08,8,1220,17031773,0,0,1,X,01,2026
1,70XX,09,8,1220,4083238,0,0,1,X,01,2026
1,70XX,09,8,1220,208656,0,0,2,X,01,2026
1,70XX,10,8,1220,762728,0,0,1,X,01,2026
1,70XX,11,8,1220,1393986,0,0,1,X,01,2026
1,70XX,12,8,1220,4970629,0,0,1,X,01,2026
1,70XX,13,8,1220,474424,0,0,1,X,01,2026
1,70XX,14,8,1220,273668,0,0,1,X,01,2026
1,70XX,15,8,1220,967242,0,0,1,X,01,2026
1,70XX,16,8,1220,545055,0,0,1,X,01,2026
1,70XX,17,8,1220,3050522,0,0,1,X,01,2026
1,70XX,18,8,1220,2537710,0,0,1,X,01,2026
1,70XX,18,8,1220,10865,0,0,2,X,01,2026
1,70XX,19,8,1220,10287578,0,0,1,X,01,2026
1,70XX,20,8,1220,11993668,0,0,1,X,01,2026
1,70XX,21,8,1220,36132751,0,0,1,X,01,2026
1,70XX,22,8,1220,6637385,0,0,1,X,01,2026
1,70XX,23,8,1220,15330574,0,0,1,X,01,2026
1,70XX,24,8,1220,1887441,0,0,1,X,01,2026
1,70XX,25,8,1220,6390899,0,0,1,X,01,2026
1,70XX,26,8,1220,95544,0,0,1,X,01,2026
1,70XX,27,8,1220,7119481,0,0,1,X,01,2026
1,70XX,28,8,1220,5997729,0,0,1,X,01,2026
1,70XX,29,8,1220,12040803,0,0,1,X,01,2026
1,70XX,30,8,1220,19643128,0,0,1,X,01,2026
1,70XX,31,8,1220,500518,0,0,1,X,01,2026
1,70XX,32,8,1220,27910944,0,0,1,X,01,2026
1,70XX,33,8,1220,63683048,0,0,1,X,01,2026
1,70XX,34,8,1220,27890696,0,0,1,X,01,2026
1,70XX,35,8,1220,6178015,0,0,1,X,01,2026
1,70XX,36,8,1220,438529,0,0,1,X,01,2026
1,70XX,37,8,1220,888587,0,0,1,X,01,2026
1,70XX,38,8,1220,27818274,0,0,1,X,01,2026
1,70XX,39,8,1220,137173501,0,0,1,X,01,2026
1,70XX,40,8,1220,66517411,0,0,1,X,01,2026
1,70XX,41,8,1220,495396,0,0,1,X,01,2026
1,70XX,42,8,1220,23609682,0,0,1,X,01,2026
1,70XX,43,8,1220,131730,0,0,1,X,01,2026
1,70XX,44,8,1220,29023028,0,0,1,X,01,2026
1,70XX,45,8,1220,167678,0,0,1,X,01,2026
1,70XX,46,8,1220,467909,0,0,1,X,01,2026
1,70XX,47,8,1220,4122797,0,0,1,X,01,2026
1,70XX,48,8,1220,55708843,0,0,1,X,01,2026
1,70XX,49,8,1220,33039375,0,0,1,X,01,2026
1,70XX,50,8,1220,14319,0,0,1,X,01,2026
1,70XX,51,8,1220,217082,0,0,1,X,01,2026
1,70XX,52,8,1220,1134042,0,0,1,X,01,2026
1,70XX,53,8,1220,90774,0,0,1,X,01,2026
1,70XX,54,8,1220,2079527,0,0,1,X,01,2026
1,70XX,55,8,1220,2859814,0,0,1,X,01,2026
1,70XX,56,8,1220,5236468,0,0,1,X,01,2026
1,70XX,57,8,1220,15529569,0,0,1,X,01,2026
1,70XX,58,8,1220,1572508,0,0,1,X,01,2026
1,70XX,59,8,1220,5179734,0,0,1,X,01,2026
1,70XX,60,8,1220,457313,0,0,1,X,01,2026
1,70XX,61,8,1220,48294318,0,0,1,X,01,2026
1,70XX,62,8,1220,41661647,0,0,1,X,01,2026
1,70XX,63,8,1220,19749029,0,0,1,X,01,2026
1,70XX,64,8,1220,17571818,0,0,1,X,01,2026
1,70XX,65,8,1220,7131973,0,0,1,X,01,2026
1,70XX,66,8,1220,286117,0,0,1,X,01,2026
1,70XX,67,8,1220,2212099,0,0,1,X,01,2026
1,70XX,68,8,1220,15813776,0,0,1,X,01,2026
1,70XX,69,8,1220,10448270,0,0,1,X,01,2026
1,70XX,70,8,1220,22078563,0,0,1,X,01,2026
1,70XX,71,8,1220,14828247,0,0,1,X,01,2026
1,70XX,72,8,1220,15917743,0,0,1,X,01,2026
1,70XX,73,8,1220,108610952,0,0,1,X,01,2026
1,70XX,74,8,1220,9350663,0,0,1,X,01,2026
1,70XX,75,8,1220,900163,0,0,1,X,01,2026
1,70XX,76,8,1220,15272449,0,0,1,X,01,2026
1,70XX,78,8,1220,75185,0,0,1,X,01,2026
1,70XX,79,8,1220,447816,0,0,1,X,01,2026
1,70XX,80,8,1220,76712,0,0,1,X,01,2026
1,70XX,81,8,1220,765829,0,0,1,X,01,2026
1,70XX,82,8,1220,45414608,0,0,1,X,01,2026
1,70XX,83,8,1220,44906280,0,0,1,X,01,2026
1,70XX,84,8,1220,465153160,0,0,1,X,01,2026
1,70XX,85,8,1220,322962312,0,0,1,X,01,2026
1,70XX,86,8,1220,1761682,0,0,1,X,01,2026
1,70XX,87,4,1220,2882,0,48,1,X,01,2026
1,70XX,87,8,1220,244049768,0,0,1,X,01,2026
1,70XX,88,8,1220,10173101,0,0,1,X,01,2026
1,70XX,89,8,1220,185021,0,0,1,X,01,2026
1,70XX,90,8,1220,152166186,0,0,1,X,01,2026
1,70XX,91,8,1220,2308356,0,0,1,X,01,2026
1,70XX,92,8,1220,4249894,0,0,1,X,01,2026
1,70XX,93,8,1220,3042274,0,0,1,X,01,2026
1,70XX,94,8,1220,149923427,0,0,1,X,01,2026
1,70XX,95,8,1220,54847067,0,0,1,X,01,2026
1,70XX,96,8,1220,25493578,0,0,1,X,01,2026
1,70XX,97,8,1220,288032,0,0,1,X,01,2026
1,70XX,98,4,1220,511528,0,2704,1,X,01,2026
1,70XX,98,5,1220,427886444,0,14573156,1,X,01,2026
1,70XX,98,5,1220,2994173,0,101251,2,X,01,2026
1,70XX,98,8,1220,393602480,0,10358970,1,X,01,2026
1,70XX,98,8,1220,11266401,0,309145,2,X,01,2026
1,70XX,98,8,2010,691838832,0,0,1,X,01,2026
1,80XX,07,4,1220,6056,0,0,1,X,01,2026
1,80XX,12,4,1220,19851,0,747,1,X,01,2026
1,80XX,19,4,1220,12223,0,0,1,X,01,2026
1,80XX,20,4,1220,3383,0,0,1,X,01,2026
1,80XX,23,4,1220,5369,0,0,1,X,01,2026
1,80XX,29,4,1220,3970,0,98,1,X,01,2026
1,80XX,30,4,1220,29172,0,950,1,X,01,2026
1,80XX,33,4,1220,27081,0,805,1,X,01,2026
1,80XX,34,4,1220,3275,0,124,1,X,01,2026
1,80XX,35,4,1220,3216,0,159,1,X,01,2026
1,80XX,37,4,1220,3703,0,0,1,X,01,2026
1,80XX,38,4,1220,7912,0,0,1,X,01,2026
1,80XX,39,4,1220,34198,0,959,1,X,01,2026
1,80XX,40,4,1220,25316,0,74,1,X,01,2026
1,80XX,40,4,1220,12336,0,0,2,X,01,2026
1,80XX,40,4,2010,8599,0,0,1,X,01,2026
1,80XX,42,4,1220,11847,0,293,1,X,01,2026
1,80XX,44,4,1220,4798,0,119,1,X,01,2026
1,80XX,48,4,2010,2895,0,0,1,X,01,2026
1,80XX,49,4,1220,94534,0,3201,1,X,01,2026
1,80XX,53,4,1220,3146,0,105,1,X,01,2026
1,80XX,55,4,1220,4833,0,103,1,X,01,2026
1,80XX,59,4,1220,15333,0,0,1,X,01,2026
1,80XX,61,4,1220,6109,0,190,1,X,01,2026
1,80XX,62,4,1220,137527,0,4476,1,X,01,2026
1,80XX,63,4,1220,10968,0,415,1,X,01,2026
1,80XX,64,4,1220,26629,0,824,1,X,01,2026
1,80XX,68,4,1220,6508,0,0,1,X,01,2026
1,80XX,68,4,2010,6562,0,0,1,X,01,2026
1,80XX,69,4,1220,5584,0,196,1,X,01,2026
1,80XX,71,4,1220,39949,0,493,1,X,01,2026
1,80XX,71,4,1220,31537,0,0,2,X,01,2026
1,80XX,71,4,2010,28355,0,0,1,X,01,2026
1,80XX,72,4,1220,30143,0,0,1,X,01,2026
1,80XX,76,4,1220,6806,0,0,1,X,01,2026
1,80XX,82,4,1220,15231,0,349,1,X,01,2026
1,80XX,82,4,2010,4570,0,0,1,X,01,2026
1,80XX,83,4,1220,4731,0,120,1,X,01,2026
1,80XX,83,4,1220,6349,0,0,2,X,01,2026
1,80XX,84,4,1220,70636,0,632,1,X,01,2026
1,80XX,84,4,1220,62816,0,0,2,X,01,2026
1,80XX,84,4,2010,3204,0,0,1,X,01,2026
1,80XX,85,4,1220,267608,0,1438,1,X,01,2026
1,80XX,85,4,1220,125119,0,0,2,X,01,2026
1,80XX,85,4,2010,61423,0,0,2,X,01,2026
1,80XX,87,4,1220,54673,0,867,1,X,01,2026
1,80XX,87,4,1220,28980,0,0,2,X,01,2026
1,80XX,90,4,1220,51438,0,270,1,X,01,2026
1,80XX,90,4,1220,63029,0,0,2,X,01,2026
1,80XX,90,4,2010,5932,0,0,1,X,01,2026
1,80XX,90,4,2010,22761,0,0,2,X,01,2026
1,80XX,91,4,1220,11195,0,242,1,X,01,2026
1,80XX,92,4,1220,2757,0,43,1,X,01,2026
1,80XX,95,4,1220,133351,0,4873,1,X,01,2026
1,80XX,98,4,1220,157818,0,3427,2,X,01,2026
2,0101,27,1,1220,165411145,275678973,2924691,,0,01,2026
2,0101,27,1,1220,2418,5730,135,,1,01,2026
2,0101,29,3,1220,70400,1,75,,0,01,2026
2,0101,59,3,1220,336,5,100,,0,01,2026
2,0101,82,3,1220,18300,85,1035,,0,01,2026
2,0101,84,3,1220,4713,23,550,,0,01,2026
2,0101,98,1,1220,8468353,12539074,173319,,0,01,2026
2,0101,98,3,1220,4290,27,193,,0,01,2026
2,0102,27,1,1220,40256471,65544070,1466731,,0,01,2026
2,0102,88,3,1220,5400000,1,1,,0,01,2026
2,0102,98,3,1220,160000,3356,2,,0,01,2026
2,0103,03,5,1220,574356,23330,1000,,0,01,2026
2,0104,01,5,1220,37850,343,750,,0,01,2026
2,0104,03,5,1220,19200,8709,366,,0,01,2026
2,0104,05,5,1220,54939,47976,1034,,0,01,2026
2,0104,10,5,1220,37380,210000,1400,,0,01,2026
2,0104,12,5,1220,68788,170953,6600,,0,01,2026
2,0104,23,5,1220,337201,1139850,6700,,0,01,2026
2,0104,25,5,1220,1201716,7573956,177420,,0,01,2026
2,0104,25,6,1220,47990,475150,750,,0,01,2026
2,0104,26,5,1220,6635,33812,297,,0,01,2026
2,0104,27,5,1220,186978,244542,1410,,0,01,2026
2,0104,27,6,1220,3192812,7184034,66500,,0,01,2026
2,0104,27,6,1220,92800,237145,600,,1,01,2026
2,0104,28,5,1220,298936,761459,14989,,0,01,2026
2,0104,28,6,1220,1162483,2878872,17940,,0,01,2026
2,0104,28,6,1220,306550,3532902,150872,,1,01,2026
2,0104,29,5,1220,133492,202196,6681,,0,01,2026
2,0104,31,5,1220,34928,98060,500,,0,01,2026
2,0104,38,5,1220,87138,132308,832,,0,01,2026
2,0104,39,5,1220,718107,207004,3090,,0,01,2026
2,0104,40,5,1220,53038,70647,632,,0,01,2026
2,0104,42,5,1220,454,11,10,,0,01,2026
2,0104,44,5,1220,9624598,21330539,437504,,0,01,2026
2,0104,47,5,1220,1790608,3384106,68103,,0,01,2026
2,0104,48,5,1220,1517560,1191201,59629,,0,01,2026
2,0104,49,5,1220,1025135,45798,133116,,0,01,2026
2,0104,54,5,1220,604073,27866,2972,,0,01,2026
2,0104,55,5,1220,470526,23689,1476,,0,01,2026
2,0104,56,5,1220,2238,139,3,,0,01,2026
2,0104,57,5,1220,87708,27137,500,,0,01,2026
2,0104,58,5,1220,31853,1015,77,,0,01,2026
2,0104,59,5,1220,18821,545,42,,0,01,2026
2,0104,68,5,1220,47359,77281,1103,,0,01,2026
2,0104,70,5,1220,3630,16183,141,,0,01,2026
2,0104,72,5,1220,68129,47103,2320,,0,01,2026
2,0104,73,5,1220,1265298,767944,9821,,0,01,2026
2,0104,76,5,1220,18532,3016,150,,0,01,2026
2,0104,82,5,1220,201085,29219,2019,,0,01,2026
2,0104,83,5,1220,20880,239,42,,0,01,2026
2,0104,84,5,1220,1726883,83106,26693,,0,01,2026
2,0104,85,5,1220,337586,930,281,,0,01,2026
2,0104,87,5,1220,1558811,151098,2817,,0,01,2026
2,0104,89,5,1220,264949,11411,977,,0,01,2026
2,0104,90,5,1220,17657,389,169,,0,01,2026
2,0104,94,5,1220,486464,57318,1538,,0,01,2026
2,0104,95,5,1220,79350,21799,209,,0,01,2026
2,0104,98,5,1220,636123,4585384,23110,,0,01,2026
2,0105,27,6,1220,434043,1267984,10000,,0,01,2026
2,0105,28,6,1220,524947,4170951,24060,,0,01,2026
2,0105,44,6,1220,985404,2058496,65352,,0,01,2026
2,0105,44,6,1220,2412879,6218659,141636,,1,01,2026
2,0105,47,6,1220,459342,638682,7779,,0,01,2026
2,0105,47,6,1220,11995015,14929801,420441,,1,01,2026
2,0105,48,6,1220,3992832,5184027,181874,,0,01,2026
2,0105,48,6,1220,8486523,10482921,313954,,1,01,2026
2,0106,01,5,1220,148972,83739,1750,,0,01,2026
2,0106,02,5,1220,44600,20433,835,,0,01,2026
2,0106,03,5,1220,19939223,1709450,180267,,0,01,2026
2,0106,04,5,1220,130570,36578,1000,,0,01,2026
2,0106,05,5,1220,96819,53759,1007,,0,01,2026
2,0106,06,5,1220,1216762,218888,7383,,0,01,2026
2,0106,07,5,1220,9625337,12578617,388484,,0,01,2026
2,0106,08,5,1220,2388608,1095448,21523,,0,01,2026
2,0106,10,5,1220,16940,55216,300,,0,01,2026
2,0106,11,5,1220,899367,872641,5766,,0,01,2026
2,0106,12,5,1220,196068,528003,12632,,0,01,2026
2,0106,15,5,1220,60000,18144,2500,,0,01,2026
2,0106,16,5,1220,5464413,412529,42853,,0,01,2026
2,0106,17,5,1220,149430,37183,750,,0,01,2026
2,0106,19,5,1220,1825791,601302,25276,,0,01,2026
2,0106,20,5,1220,33223836,20719836,471136,,0,01,2026
2,0106,21,5,1220,856107,58237,3164,,0,01,2026
2,0106,22,5,1220,115269,141372,1530,,0,01,2026
2,0106,23,5,1220,3034233,1451643,143307,,0,01,2026
2,0106,25,5,1220,104387,270648,3666,,0,01,2026
2,0106,27,5,1220,2850656,12635680,356360,,0,01,2026
2,0106,27,8,1220,12235548,0,0,,0,01,2026
2,0106,28,5,1220,56127,220410,11420,,0,01,2026
2,0106,29,5,1220,58960,300594,2998,,0,01,2026
2,0106,31,5,1220,188871,221081,3544,,0,01,2026
2,0106,38,5,1220,1004021,233318,9460,,0,01,2026
2,0106,39,5,1220,2368979,1027953,43933,,0,01,2026
2,0106,40,5,1220,29639728,4515967,31275,,0,01,2026
2,0106,41,5,1220,1750,805,32,,0,01,2026
2,0106,42,5,1220,592,10,2,,0,01,2026
2,0106,44,5,1220,13024454,23694519,527520,,0,01,2026
2,0106,44,5,1220,15689,42590,4497,,1,01,2026
2,0106,47,5,1220,693987,1025248,36625,,0,01,2026
2,0106,48,5,1220,8798692,5344057,294358,,0,01,2026
2,0106,49,5,1220,3583,1,33,,0,01,2026
2,0106,56,5,1220,53354,9956,500,,0,01,2026
2,0106,59,5,1220,76908,16351,3011,,0,01,2026
2,0106,63,5,1220,253713,79074,13720,,0,01,2026
2,0106,68,5,1220,230577,526221,708,,0,01,2026
2,0106,70,5,1220,150910,6106,273,,0,01,2026
2,0106,73,5,1220,3752627,1297993,34097,,0,01,2026
2,0106,75,5,1220,2700000,182070,2103,,0,01,2026
2,0106,76,5,1220,917162,366220,10733,,0,01,2026
2,0106,82,5,1220,55136,5569,1600,,0,01,2026
2,0106,83,5,1220,121293,11224,566,,0,01,2026
2,0106,84,5,1220,3274148,238601,31971,,0,01,2026
2,0106,85,5,1220,1381791,8656,2539,,0,01,2026
2,0106,87,5,1220,1016496,95946,4599,,0,01,2026
2,0106,88,5,1220,142357,35,350,,0,01,2026
2,0106,89,5,1220,324139,33916,3900,,0,01,2026
2,0106,90,5,1220,3960,315,5,,0,01,2026
2,0106,92,5,1220,615534,8499,2203,,0,01,2026
2,0106,94,5,1220,56156,3452,780,,0,01,2026
2,0106,94,5,1220,39978,1534,4733,,1,01,2026
2,0106,96,5,1220,3985261,934927,52292,,0,01,2026
2,0106,97,5,1220,25721,500,300,,0,01,2026
2,0106,98,5,1220,2976685,1879505,69100,,0,01,2026
2,0106,98,5,1220,52961,568,3478,,1,01,2026
2,0107,11,5,1220,67803,279590,1500,,0,01,2026
2,0107,20,5,1220,79664,55051,300,,0,01,2026
2,0107,28,5,1220,5408,9,75,,0,01,2026
2,0107,44,5,1220,52742,221050,2225,,0,01,2026
2,0107,48,5,1220,145306,61287,299,,0,01,2026
2,0108,07,5,1220,195244,376935,6647,,0,01,2026
2,0108,15,6,1220,1337606,1088840,13061,,0,01,2026
2,0108,16,5,1220,1160094,69986,5419,,0,01,2026
2,0108,19,5,1220,187421,12344,907,,0,01,2026
2,0108,20,5,1220,1900013,1670098,10023,,0,01,2026
2,0108,23,5,1220,15000,60000,400,,0,01,2026
2,0108,25,5,1220,15892,75825,1312,,0,01,2026
2,0108,27,5,1220,1535409,2225293,63758,,0,01,2026
2,0108,27,6,1220,2871586,5492526,110562,,0,01,2026
2,0108,27,6,1220,485951,1395021,4600,,1,01,2026
2,0108,28,5,1220,11026,44498,300,,0,01,2026
2,0108,29,5,1220,12000,20348,100,,0,01,2026
2,0108,31,5,1220,118300,193132,2200,,0,01,2026
2,0108,32,6,1220,640642,273380,1500,,0,01,2026
2,0108,39,5,1220,1313165,174464,3391,,0,01,2026
2,0108,44,5,1220,3879561,9273640,47925,,0,01,2026
2,0108,44,5,1220,29250,114800,1800,,1,01,2026
2,0108,44,6,1220,71182,1343053,8000,,0,01,2026
2,0108,47,6,1220,444997,841664,4700,,0,01,2026
2,0108,48,5,1220,310809,201782,3133,,0,01,2026
2,0108,68,5,1220,2484,1296,58,,0,01,2026
2,0108,84,5,1220,72679,15310,2160,,0,01,2026
2,0108,87,5,1220,33200,2041,125,,0,01,2026
2,0108,90,5,1220,3500,23,5,,0,01,2026
2,0108,98,5,1220,45480,43179,700,,0,01,2026
2,0109,27,5,1220,682616,1012434,24746,,0,01,2026
2,0109,28,5,1220,193880,2136289,9693,,0,01,2026
2,0109,28,7,1220,1946702,9573074,97335,,0,01,2026
2,0109,31,5,1220,26870,49035,350,,0,01,2026
2,0109,39,5,1220,149693,30814,1300,,0,01,2026
2,0109,40,5,1220,11602,3513,1300,,0,01,2026
2,0109,44,5,1220,6740,22671,150,,0,01,2026
2,0109,47,5,1220,425094,929250,21230,,0,01,2026
2,0109,47,7,1220,12207959,22983568,610398,,0,01,2026
2,0109,48,5,1220,497363,241943,4100,,0,01,2026
2,0109,84,5,1220,3281,45,164,,0,01,2026
2,0110,27,5,1220,134639,192597,6310,,0,01,2026
2,0110,39,5,1220,6274,617,81,,0,01,2026
2,0110,44,5,1220,7451,1540,241,,0,01,2026
2,0110,84,5,1220,5144,95,335,,0,01,2026
2,0115,03,5,1220,96139806,6540017,381070,,0,01,2026
2,0115,05,5,1220,136110,180896,3675,,0,01,2026
2,0115,06,5,1220,22461,14656,900,,0,01,2026
2,0115,07,5,1220,1605601,2438521,87045,,0,01,2026
2,0115,08,5,1220,1722698,511256,9998,,0,01,2026
2,0115,11,5,1220,112532,57017,775,,0,01,2026
2,0115,12,5,1220,95839,42627,1462,,0,01,2026
2,0115,15,5,1220,17115,1157,604,,0,01,2026
2,0115,16,5,1220,10194295,760071,81829,,0,01,2026
2,0115,17,5,1220,2269322,466574,12554,,0,01,2026
2,0115,20,5,1220,2078175,1144659,36818,,0,01,2026
2,0115,21,5,1220,42696,2584,1994,,0,01,2026
2,0115,22,5,1220,63904,88654,736,,0,01,2026
2,0115,23,5,1220,2081548,1578147,16950,,0,01,2026
2,0115,25,5,1220,381782,1278755,7254,,0,01,2026
2,0115,27,5,1220,514828,1302060,44509,,0,01,2026
2,0115,27,7,1220,2458183,0,367315,,0,01,2026
2,0115,27,8,1220,45228749,0,0,,0,01,2026
2,0115,28,5,1220,125641,1471541,7106,,0,01,2026
2,0115,31,5,1220,40757,184290,674,,0,01,2026
2,0115,32,5,1220,6561,3390,27,,0,01,2026
2,0115,34,5,1220,211073,306157,2159,,0,01,2026
2,0115,35,5,1220,711577,388725,7520,,0,01,2026
2,0115,38,5,1220,11052,1745,500,,0,01,2026
2,0115,39,5,1220,1364353,230964,16275,,0,01,2026
2,0115,40,5,1220,742510,119669,2226,,0,01,2026
2,0115,44,5,1220,3969145,9014876,151531,,0,01,2026
2,0115,47,5,1220,453938,677193,16590,,0,01,2026
2,0115,48,5,1220,8925695,9355247,354564,,0,01,2026
2,0115,49,5,1220,34000,1293,150,,0,01,2026
2,0115,51,5,1220,12226,517,1020,,0,01,2026
2,0115,56,5,1220,114937,26239,3023,,0,01,2026
2,0115,59,5,1220,4341,669,1728,,0,01,2026
2,0115,60,5,1220,51541,3646,2180,,0,01,2026
2,0115,61,5,1220,15037,422,65,,0,01,2026
2,0115,63,5,1220,18268,3880,4318,,0,01,2026
2,0115,65,5,1220,99525,1808,1565,,0,01,2026
2,0115,68,5,1220,194397,247784,4457,,0,01,2026
2,0115,70,5,1220,110705,262271,3053,,0,01,2026
2,0115,73,5,1220,616290,160412,8598,,0,01,2026
2,0115,75,5,1220,272800,18411,224,,0,01,2026
2,0115,76,5,1220,34500,1548,1009,,0,01,2026
2,0115,78,5,1220,6112,777,1,,0,01,2026
2,0115,82,5,1220,11465,821,830,,0,01,2026
2,0115,82,5,1220,2904,109,545,,1,01,2026
2,0115,83,5,1220,74030,4466,1266,,0,01,2026
2,0115,84,5,1220,4811674,99670,104281,,0,01,2026
2,0115,84,5,1220,23721,889,4455,,1,01,2026
2,0115,85,5,1220,3348788,128435,19255,,0,01,2026
2,0115,85,5,1220,174176,837,650,,1,01,2026
2,0115,86,5,1220,20106,2620,330,,0,01,2026
2,0115,87,5,1220,1385221,119487,15888,,0,01,2026
2,0115,87,5,1220,41390,2517,3000,,1,01,2026
2,0115,88,5,1220,244880,443,1180,,0,01,2026
2,0115,89,5,1220,68106,9940,932,,0,01,2026
2,0115,90,5,1220,1501596,24520,4473,,0,01,2026
2,0115,90,5,1220,11150,301,3175,,1,01,2026
2,0115,94,5,1220,47509,4171,1890,,0,01,2026
2,0115,94,5,1220,781,225,459,,1,01,2026
2,0115,95,5,1220,98524,3895,2639,,0,01,2026
2,0115,96,5,1220,679680,158682,8800,,0,01,2026
2,0115,98,5,1220,2936841,364830,92874,,0,01,2026
2,0127,07,5,1220,8500,11340,460,,0,01,2026
2,0127,20,5,1220,376578,290007,1700,,0,01,2026
2,0127,25,5,1220,20541,96167,569,,0,01,2026
2,0127,44,5,1220,39200,169282,1200,,0,01,2026
2,0131,25,1,1220,1180000,10000000,2500,,0,01,2026
2,0131,27,1,1220,63279441,100121552,714167,,0,01,2026
2,0131,65,3,1220,2800,3,150,,0,01,2026
2,0131,72,9,1220,862186,382597,17243,,0,01,2026
2,0131,74,9,1220,247851,20882,4957,,0,01,2026
2,01XX,62,5,2010,1870,275,42,,0,01,2026
2,01XX,73,5,2010,6477,628,17,,0,01,2026
2,01XX,84,1,2010,16610,185,514,,1,01,2026
2,01XX,84,5,2010,37670,55,150,,0,01,2026
2,01XX,85,1,2010,2735,132,153,,1,01,2026
2,01XX,85,5,2010,26264,963,1233,,0,01,2026
2,0203,10,5,1220,297396,1262170,18500,,0,01,2026
2,0203,10,6,1220,41333,173420,400,,0,01,2026
2,0203,11,5,1220,18787,67323,1000,,0,01,2026
2,0203,11,6,1220,167916,354646,500,,0,01,2026
2,0203,23,5,1220,421139,1441309,11549,,0,01,2026
2,0203,23,6,1220,307969,1086103,2200,,0,01,2026
2,0203,27,6,1220,909013,1717254,29000,,0,01,2026
2,0203,47,6,1220,151540,262839,1000,,0,01,2026
2,0203,98,5,1220,21000,84000,1000,,0,01,2026
2,0206,27,5,1220,6029,23014,150,,0,01,2026
2,0206,27,7,1220,141827385,0,21192598,,0,01,2026
2,0206,44,5,1220,741407,1579828,17500,,0,01,2026
2,0207,39,3,1220,3148,12,164,,0,01,2026
2,0207,84,3,1220,10792,57,1782,,0,01,2026
2,0207,85,3,1220,294077,7335,1500,,0,01,2026
2,0207,88,3,1220,27621814,20436,2000,,0,01,2026
2,0207,88,8,1220,22016775,0,500,,0,01,2026
2,0207,90,3,1220,100103,63,200,,0,01,2026
2,0207,94,3,1220,337,27,23,,0,01,2026
2,0207,98,3,1220,184734,63,1118,,0,01,2026
2,0209,03,5,1220,309704,60710,400,,0,01,2026
2,0209,04,5,1220,17359,967,50,,0,01,2026
2,0209,05,5,1220,249382,261320,5307,,0,01,2026
2,0209,06,5,1220,189442,107272,1606,,0,01,2026
2,0209,07,5,1220,619785,250788,8123,,0,01,2026
2,0209,08,5,1220,4082236,3798487,48250,,0,01,2026
2,0209,10,5,1220,1096685,4547432,30160,,0,01,2026
2,0209,11,5,1220,551967,1264662,11449,,0,01,2026
2,0209,12,5,1220,1553636,4123516,203134,,0,01,2026
2,0209,15,5,1220,219201,221875,1225,,0,01,2026
2,0209,17,5,1220,8158595,1637953,20379,,0,01,2026
2,0209,18,5,1220,158432,20304,211,,0,01,2026
2,0209,19,5,1220,120929,20240,2474,,0,01,2026
2,0209,20,5,1220,198436,54232,3152,,0,01,2026
2,0209,21,5,1220,1255726,1425682,19396,,0,01,2026
2,0209,22,5,1220,473997,513423,3389,,0,01,2026
2,0209,23,5,1220,939537,2598167,24074,,0,01,2026
2,0209,25,5,1220,1372578,29366296,88210,,0,01,2026
2,0209,26,5,1220,19856,135636,1196,,0,01,2026
2,0209,27,5,1220,8042425,13157675,422593,,0,01,2026
2,0209,27,5,1220,209000,395208,4400,,1,01,2026
2,0209,27,7,1220,4764217,0,711895,,0,01,2026
2,0209,28,5,1220,416563,210311,11134,,0,01,2026
2,0209,28,5,1220,6328,60883,3242,,1,01,2026
2,0209,29,5,1220,24879,17236,350,,0,01,2026
2,0209,31,5,1220,111701,185370,3284,,0,01,2026
2,0209,32,5,1220,176449,33267,843,,0,01,2026
2,0209,33,5,1220,35373,695,251,,0,01,2026
2,0209,35,5,1220,54986,11415,120,,0,01,2026
2,0209,38,5,1220,554197,249483,3016,,0,01,2026
2,0209,39,5,1220,6220130,2136142,73787,,0,01,2026
2,0209,39,5,1220,47269,46090,1876,,1,01,2026
2,0209,40,5,1220,612019,338879,9340,,0,01,2026
2,0209,40,5,1220,41994,1642,127,,1,01,2026
2,0209,42,5,1220,4494,43,35,,0,01,2026
2,0209,44,5,1220,22302442,28903609,656965,,0,01,2026
2,0209,44,5,1220,117329,53383,8493,,1,01,2026
2,0209,47,5,1220,61274,273075,11283,,0,01,2026
2,0209,48,5,1220,5823283,5618556,208555,,0,01,2026
2,0209,49,5,1220,168586,51084,1427,,0,01,2026
2,0209,52,5,1220,405,80,32,,0,01,2026
2,0209,55,5,1220,232850,6924,1050,,0,01,2026
2,0209,56,5,1220,21281,11191,582,,0,01,2026
2,0209,58,5,1220,606,69,1,,0,01,2026
2,0209,59,5,1220,146644,3019,933,,0,01,2026
2,0209,61,5,1220,8351,179,4,,0,01,2026
2,0209,62,5,1220,254319,5244,159,,0,01,2026
2,0209,63,5,1220,29450,21065,2390,,0,01,2026
2,0209,65,5,1220,109170,476,1435,,0,01,2026
2,0209,68,5,1220,2250867,3615277,21730,,0,01,2026
2,0209,69,5,1220,3032,1715,41,,0,01,2026
2,0209,70,5,1220,393685,124749,7225,,0,01,2026
2,0209,71,5,1220,849310,3317,327,,0,01,2026
2,0209,72,5,1220,1217335,636448,19569,,0,01,2026
2,0209,72,5,1220,2178,2638,3,,1,01,2026
2,0209,73,5,1220,10215708,4562591,90200,,0,01,2026
2,0209,73,5,1220,35121,5653,106,,1,01,2026
2,0209,74,5,1220,1187950,113037,2476,,0,01,2026
2,0209,74,5,1220,8107,272,37,,1,01,2026
2,0209,76,5,1220,6653485,1737859,73410,,0,01,2026
2,0209,78,5,1220,145598,27553,97,,0,01,2026
2,0209,80,5,1220,1507751,35961,883,,0,01,2026
2,0209,81,5,1220,49531,863,29,,0,01,2026
2,0209,82,5,1220,34797,2251,1224,,0,01,2026
2,0209,83,5,1220,136210,14189,271,,0,01,2026
2,0209,84,5,1220,24376956,644983,71833,,0,01,2026
2,0209,84,5,1220,516181,45092,1031,,1,01,2026
2,0209,85,5,1220,1333173,36242,8186,,0,01,2026
2,0209,85,5,1220,42378,4988,63,,1,01,2026
2,0209,86,5,1220,155927,6968,400,,0,01,2026
2,0209,87,5,1220,6548258,449783,13312,,0,01,2026
2,0209,89,5,1220,52568,2164,182,,0,01,2026
2,0209,90,5,1220,370834,9586,3020,,0,01,2026
2,0209,92,5,1220,17080,689,350,,0,01,2026
2,0209,93,5,1220,4800,18,1000,,0,01,2026
2,0209,94,5,1220,3356160,402783,43751,,0,01,2026
2,0209,94,5,1220,391,13,1,,1,01,2026
2,0209,95,5,1220,275344,31848,2050,,0,01,2026
2,0209,96,5,1220,354472,138581,2590,,0,01,2026
2,0209,97,5,1220,58750,1007,8111,,0,01,2026
2,0209,98,5,1220,6855303,1762875,61525,,0,01,2026
2,0209,98,5,1220,18329,486,25,,1,01,2026
2,0211,12,5,1220,108389,309499,10257,,0,01,2026
2,0211,19,5,1220,20755,7417,500,,0,01,2026
2,0211,21,5,1220,63725,36323,500,,0,01,2026
2,0211,22,5,1220,416072,858372,33343,,0,01,2026
2,0211,25,5,1220,99063,650592,3694,,0,01,2026
2,0211,25,6,1220,747764,5137440,19600,,1,01,2026
2,0211,27,5,1220,363784,651427,33416,,0,01,2026
2,0211,27,6,1220,7354810,18148455,65100,,0,01,2026
2,0211,27,6,1220,293314,775853,4100,,1,01,2026
2,0211,28,6,1220,2046465,3713540,19800,,0,01,2026
2,0211,28,6,1220,348170,2415991,103742,,1,01,2026
2,0211,31,6,1220,153277,581978,1750,,0,01,2026
2,0211,32,5,1220,130175,90803,1058,,0,01,2026
2,0211,35,5,1220,69480,31091,268,,0,01,2026
2,0211,38,5,1220,30508,24855,141,,0,01,2026
2,0211,39,5,1220,185293,59965,3509,,0,01,2026
2,0211,40,5,1220,25183,29785,200,,0,01,2026
2,0211,44,5,1220,1045312,1301881,33084,,0,01,2026
2,0211,44,6,1220,2129271,4466518,136767,,0,01,2026
2,0211,47,6,1220,919730,1744005,5000,,0,01,2026
2,0211,47,6,1220,517336,963596,6897,,1,01,2026
2,0211,48,5,1220,332299,228360,2200,,0,01,2026
2,0211,48,6,1220,231425,722740,5098,,0,01,2026
2,0211,48,6,1220,704960,1200750,54339,,1,01,2026
2,0211,68,5,1220,50071,200236,61,,0,01,2026
2,0211,70,5,1220,203916,26256,24,,0,01,2026
2,0211,72,5,1220,5297,952,5,,0,01,2026
2,0211,72,6,1220,107365,449000,1250,,1,01,2026
2,0211,73,5,1220,40658,5028,2109,,0,01,2026
2,0211,84,5,1220,411148,67073,1131,,0,01,2026
2,0211,87,5,1220,507848,63121,1101,,0,01,2026
2,0211,94,5,1220,14926,1958,202,,0,01,2026
2,0212,01,5,1220,2155790,611398,12240,,0,01,2026
2,0212,03,5,1220,3516,1170,107,,0,01,2026
2,0212,04,5,1220,619709,1001775,7150,,0,01,2026
2,0212,05,5,1220,19830,71,200,,1,01,2026
2,0212,06,5,1220,2140,454,300,,0,01,2026
2,0212,07,5,1220,1238457,885147,12601,,0,01,2026
2,0212,08,5,1220,47098,74157,1000,,0,01,2026
2,0212,09,5,1220,69717,4357,5000,,0,01,2026
2,0212,10,5,1220,1502374,6476300,57784,,0,01,2026
2,0212,11,5,1220,1092152,2643569,47482,,0,01,2026
2,0212,12,5,1220,726650,1567024,37020,,0,01,2026
2,0212,13,5,1220,10982,141,250,,0,01,2026
2,0212,15,5,1220,254105,227634,2047,,0,01,2026
2,0212,15,6,1220,570556,571529,3500,,1,01,2026
2,0212,17,5,1220,1207726,365587,4664,,0,01,2026
2,0212,18,5,1220,42713334,6515189,44500,,0,01,2026
2,0212,19,5,1220,682500,177169,6128,,0,01,2026
2,0212,20,5,1220,536630,323976,6919,,0,01,2026
2,0212,21,5,1220,810480,1007031,22998,,0,01,2026
2,0212,22,5,1220,250243,193693,2785,,0,01,2026
2,0212,22,5,1220,13882,22000,1,,1,01,2026
2,0212,23,5,1220,1868533,4413623,46816,,0,01,2026
2,0212,23,6,1220,74221,91200,100,,0,01,2026
2,0212,23,6,1220,106164,402043,2500,,1,01,2026
2,0212,25,5,1220,1524214,40284307,66844,,0,01,2026
2,0212,25,5,1220,51480,16646,2574,,1,01,2026
2,0212,27,5,1220,25234584,38332639,1175205,,0,01,2026
2,0212,27,5,1220,902500,1731109,19000,,1,01,2026
2,0212,27,6,1220,20720580,43192398,1251837,,0,01,2026
2,0212,27,6,1220,870425,1767349,96635,,1,01,2026
2,0212,27,7,1220,12595712,0,1882118,,0,01,2026
2,0212,28,5,1220,442929,1060582,10699,,0,01,2026
2,0212,28,6,1220,697095,5383988,21050,,0,01,2026
2,0212,29,5,1220,212127,41578,3646,,0,01,2026
2,0212,30,5,1220,406458,11267,5661,,0,01,2026
2,0212,31,5,1220,196682,302746,8748,,0,01,2026
2,0212,32,5,1220,1022023,367051,15081,,0,01,2026
2,0212,33,5,1220,942080,51641,2292,,0,01,2026
2,0212,34,5,1220,64937,31886,6059,,0,01,2026
2,0212,35,5,1220,75291,16597,1288,,0,01,2026
2,0212,36,5,1220,14560,19900,768,,0,01,2026
2,0212,38,5,1220,1125371,793243,12062,,0,01,2026
2,0212,39,5,1220,7393840,2635080,111535,,0,01,2026
2,0212,39,5,1220,419,127,7,,1,01,2026
2,0212,40,5,1220,140059,52319,1319,,0,01,2026
2,0212,41,5,1220,2265,85,150,,0,01,2026
2,0212,42,5,1220,260,14,2,,0,01,2026
2,0212,44,5,1220,4883225,8526845,164675,,0,01,2026
2,0212,44,5,1220,295230,152163,23155,,1,01,2026
2,0212,44,6,1220,1507780,3825442,255016,,0,01,2026
2,0212,44,6,1220,430490,1065246,14232,,1,01,2026
2,0212,47,5,1220,173563,959887,34401,,0,01,2026
2,0212,47,6,1220,134956,247175,3955,,0,01,2026
2,0212,48,5,1220,12836382,8236260,246188,,0,01,2026
2,0212,48,6,1220,736735,1031316,5821,,0,01,2026
2,0212,48,6,1220,3727529,4212102,363315,,1,01,2026
2,0212,49,5,1220,323207,49036,6462,,0,01,2026
2,0212,49,5,1220,15720,49424,1840,,1,01,2026
2,0212,54,5,1220,134491,6686,800,,0,01,2026
2,0212,55,5,1220,205309,7507,313,,0,01,2026
2,0212,56,5,1220,75480,19815,1871,,0,01,2026
2,0212,59,5,1220,117859,15502,4352,,0,01,2026
2,0212,60,5,1220,132325,10609,3492,,0,01,2026
2,0212,61,5,1220,88781,2267,184,,0,01,2026
2,0212,62,5,1220,1860002,93487,4791,,0,01,2026
2,0212,63,5,1220,160263,53122,3490,,0,01,2026
2,0212,64,5,1220,947332,161869,3769,,0,01,2026
2,0212,65,5,1220,21854,720,49,,0,01,2026
2,0212,68,5,1220,1808406,5287281,20896,,0,01,2026
2,0212,69,5,1220,2039,1050,9,,0,01,2026
2,0212,70,5,1220,421742,313804,8909,,0,01,2026
2,0212,70,5,1220,3348,1018,60,,1,01,2026
2,0212,71,5,1220,9466955,469,4240,,0,01,2026
2,0212,72,5,1220,811689,527909,20722,,0,01,2026
2,0212,73,5,1220,2954346,802859,52434,,0,01,2026
2,0212,74,5,1220,28728,3943,66,,0,01,2026
2,0212,75,5,1220,325953,3327,170,,0,01,2026
2,0212,76,5,1220,665785,59246,8920,,0,01,2026
2,0212,79,5,1220,10704,718,61,,0,01,2026
2,0212,81,5,1220,1180257,12708,1546,,0,01,2026
2,0212,82,5,1220,346046,20863,12184,,0,01,2026
2,0212,83,5,1220,400745,40559,15198,,0,01,2026
2,0212,84,5,1220,24844456,303731,64546,,0,01,2026
2,0212,85,5,1220,3596057,69300,12535,,0,01,2026
2,0212,86,5,1220,49482,1800,116,,0,01,2026
2,0212,87,5,1220,1426014,210518,19089,,0,01,2026
2,0212,88,5,1220,2511901,3466,2981,,0,01,2026
2,0212,89,5,1220,25213,212,1,,0,01,2026
2,0212,90,5,1220,1171217,26651,2486,,0,01,2026
2,0212,90,5,1220,525870,157,2500,,1,01,2026
2,0212,93,5,1220,332537,5712,1685,,0,01,2026
2,0212,94,5,1220,3275019,366123,37148,,0,01,2026
2,0212,95,5,1220,197578,29534,1706,,0,01,2026
2,0212,97,5,1220,8560,2,250,,0,01,2026
2,0212,98,5,1220,23462294,1943052,48273,,0,01,2026
2,0212,98,6,1220,300127,517080,32127,,0,01,2026
2,0212,98,6,1220,157092,258549,38319,,1,01,2026
2,02XX,07,5,2010,15116,6233,54,,0,01,2026
2,02XX,15,5,2010,10718,1445,1,,0,01,2026
2,02XX,39,5,2010,3026,212,11,,0,01,2026
2,02XX,40,5,2010,667,47,59,,0,01,2026
2,02XX,40,5,2010,782,9,1,,1,01,2026
2,02XX,61,5,2010,2486,114,37,,0,01,2026
2,02XX,62,5,2010,90536,1917,126,,0,01,2026
2,02XX,64,5,2010,8425,597,144,,0,01,2026
2,02XX,84,3,2010,25885,33,500,,0,01,2026
2,02XX,84,5,2010,266654,3513,388,,0,01,2026
2,02XX,85,5,2010,21872,6139,525,,0,01,2026
2,02XX,90,5,2010,100533,1348,900,,0,01,2026
2,02XX,94,5,2010,5465,1057,52,,0,01,2026
2,02XX,98,3,2010,64702,8,500,,0,01,2026
2,0417,27,1,1220,2645191,3852301,22945,,0,01,2026
2,0417,27,3,1220,6063,5239,791,,0,01,2026
2,0417,29,3,1220,137892,820,210,,0,01,2026
2,0417,30,8,1220,32825,2,1500,,0,01,2026
2,0417,38,3,1220,2249,2,500,,0,01,2026
2,0417,40,3,1220,1790,1,48,,0,01,2026
2,0417,42,3,1220,1876,8,43,,0,01,2026
2,0417,71,3,1220,8352,0,150,,0,01,2026
2,0417,73,3,1220,14599,1477,69,,0,01,2026
2,0417,84,3,1220,1756679,2594,12453,,0,01,2026
2,0417,84,3,1220,10352,10,600,,1,01,2026
2,0417,85,3,1220,153658,58,14813,,0,01,2026
2,0417,85,5,1220,2181816,25,100,,0,01,2026
2,0417,88,3,1220,114925,139,1461,,0,01,2026
2,0417,90,3,1220,669039,3857,5298,,0,01,2026
2,0417,94,3,1220,2512,11,157,,0,01,2026
2,0417,98,3,1220,692172,284,5275,,0,01,2026
2,0417,98,5,1220,14920,612,1500,,0,01,2026
2,04XX,03,1,1220,157772,3722,2500,,1,01,2026
2,04XX,03,3,2010,177267,19344,1252,,0,01,2026
2,04XX,22,5,2010,10561,1455,2,,0,01,2026
2,04XX,25,1,2010,1154060,57703000,12000,,1,01,2026
2,04XX,27,1,1220,357236648,559886370,9841723,,0,01,2026
2,04XX,27,1,2010,44079206,68885241,1185018,,0,01,2026
2,04XX,39,1,2010,15442,93916,173,,1,01,2026
2,04XX,39,3,1220,262,1,750,,0,01,2026
2,04XX,39,3,2010,3263,46,1500,,0,01,2026
2,04XX,65,3,2010,4781,62,750,,0,01,2026
2,04XX,70,3,1220,9980,1,15,,0,01,2026
2,04XX,73,3,1220,39702,29,258,,0,01,2026
2,04XX,76,3,1220,8322,10,100,,0,01,2026
2,04XX,82,3,1220,50065,1874,428,,0,01,2026
2,04XX,82,3,2010,9235,360,1238,,0,01,2026
2,04XX,83,3,1220,9701,2,8,,0,01,2026
2,04XX,84,1,1220,25029,33,1,,1,01,2026
2,04XX,84,3,1220,445279,878,5888,,0,01,2026
2,04XX,84,3,2010,1187156,486,9382,,0,01,2026
2,04XX,84,5,1220,84600,3022,1750,,0,01,2026
2,04XX,85,3,1220,63746,72,1195,,0,01,2026
2,04XX,85,3,2010,408223,690,4039,,0,01,2026
2,04XX,87,3,2010,10178,301,838,,0,01,2026
2,04XX,88,3,1220,61645,444,548,,0,01,2026
2,04XX,90,1,1220,36000,47,1,,1,01,2026
2,04XX,90,3,1220,835237,2492,439,,0,01,2026
2,04XX,90,3,2010,30895,34,435,,0,01,2026
2,04XX,94,3,1220,2744,2,30,,0,01,2026
2,04XX,98,1,1220,15448891,22838376,316187,,0,01,2026
2,04XX,98,3,1220,1338225,5668,12006,,0,01,2026
2,04XX,98,3,2010,662840,2586,4024,,0,01,2026
2,04XX,98,5,1220,5060,1,1,,0,01,2026
2,04XX,98,8,1220,14580,262,1,,0,01,2026
2,05XX,25,1,1220,757682,7712150,9000,,0,01,2026
2,05XX,27,1,1220,94091083,173060169,2400062,,0,01,2026
2,05XX,84,3,1220,2226,12,100,,0,01,2026
2,05XX,87,1,2010,146125889,13519757,2281184,,0,01,2026
2,05XX,88,3,1220,6250,11,300,,0,01,2026
2,05XX,90,3,1220,241296,440,58,,0,01,2026
2,05XX,98,1,1220,4450,600,1,,0,01,2026
2,0701,04,5,1220,157770,90432,962,,0,01,2026
2,0701,10,5,1220,556803,1448824,35402,,0,01,2026
2,0701,11,5,1220,397451,873978,3900,,0,01,2026
2,0701,12,5,1220,43914,174236,1930,,0,01,2026
2,0701,15,5,1220,273545,210332,8746,,0,01,2026
2,0701,17,5,1220,1137781,2830305,11712,,0,01,2026
2,0701,18,5,1220,101604,14726,87,,0,01,2026
2,0701,20,5,1220,201737,177026,946,,0,01,2026
2,0701,21,5,1220,7215,422,126,,0,01,2026
2,0701,23,5,1220,2072065,5685046,24070,,0,01,2026
2,0701,25,5,1220,52604,348125,6203,,0,01,2026
2,0701,26,5,1220,183733,94210,450,,0,01,2026
2,0701,27,5,1220,5226076,9443243,171014,,0,01,2026
2,0701,27,7,1220,204819190,0,30605166,,0,01,2026
2,0701,28,5,1220,128348,896860,8800,,0,01,2026
2,0701,28,5,1220,4345,41386,949,,1,01,2026
2,0701,32,5,1220,41292,434,386,,0,01,2026
2,0701,33,5,1220,247172,3450,2196,,0,01,2026
2,0701,34,5,1220,21879,35090,200,,0,01,2026
2,0701,35,5,1220,66385,17293,149,,0,01,2026
2,0701,38,5,1220,9458816,223675,2643,,0,01,2026
2,0701,39,5,1220,912216,256390,10050,,0,01,2026
2,0701,40,5,1220,53900,3779,218,,0,01,2026
2,0701,42,5,1220,144668,2079,1018,,0,01,2026
2,0701,44,5,1220,3481980,5420337,142871,,0,01,2026
2,0701,47,5,1220,99435,359064,6913,,0,01,2026
2,0701,48,5,1220,737891,573694,4903,,0,01,2026
2,0701,49,5,1220,81226,3474,3441,,0,01,2026
2,0701,54,5,1220,51001,408,406,,0,01,2026
2,0701,56,5,1220,155187,24618,888,,0,01,2026
2,0701,58,5,1220,96186,28311,517,,0,01,2026
2,0701,59,5,1220,473100,11141,825,,0,01,2026
2,0701,60,5,1220,1100,4,11,,0,01,2026
2,0701,61,5,1220,48862,609,234,,0,01,2026
2,0701,62,5,1220,12962,143,76,,0,01,2026
2,0701,63,5,1220,27771,517,181,,0,01,2026
2,0701,64,5,1220,114367,2760,412,,0,01,2026
2,0701,65,5,1220,11747,33,118,,0,01,2026
2,0701,68,5,1220,390062,729322,7125,,0,01,2026
2,0701,70,5,1220,26101,24179,821,,0,01,2026
2,0701,72,5,1220,2560774,3461838,53576,,0,01,2026
2,0701,73,5,1220,145469,57733,1352,,0,01,2026
2,0701,76,5,1220,953867,384387,11213,,0,01,2026
2,0701,78,5,1220,29375,4798,109,,0,01,2026
2,0701,79,5,1220,65784,19627,294,,0,01,2026
2,0701,81,5,1220,975217,2424,934,,0,01,2026
2,0701,82,5,1220,201235,505,300,,0,01,2026
2,0701,83,5,1220,80810,6266,393,,0,01,2026
2,0701,84,5,1220,17496334,456539,38224,,0,01,2026
2,0701,84,5,1220,96616,15019,1456,,1,01,2026
2,0701,85,5,1220,12820297,219491,65556,,0,01,2026
2,0701,86,5,1220,275318,30591,2,,0,01,2026
2,0701,87,5,1220,1697880,157539,3695,,0,01,2026
2,0701,88,5,1220,172381,474,398,,0,01,2026
2,0701,89,5,1220,51366,2000,95,,0,01,2026
2,0701,90,5,1220,2609605,22883,42439,,0,01,2026
2,0701,92,5,1220,18691,82,186,,0,01,2026
2,0701,94,5,1220,322759,24988,3688,,0,01,2026
2,0701,95,5,1220,130987,13293,259,,0,01,2026
2,0701,96,5,1220,22710,248,29,,0,01,2026
2,0701,98,5,1220,7113788,136322,139287,,0,01,2026
2,0704,10,5,1220,72774,121870,440,,0,01,2026
2,0704,11,5,1220,399760,770814,2800,,0,01,2026
2,0704,12,5,1220,4185,21092,200,,0,01,2026
2,0704,22,5,1220,42325,59220,7500,,0,01,2026
2,0704,23,5,1220,847835,4098772,25000,,0,01,2026
2,0704,25,5,1220,14541,114253,453,,0,01,2026
2,0704,26,5,1220,189932,475285,2400,,0,01,2026
2,0704,27,5,1220,5458339,7653321,172288,,0,01,2026
2,0704,27,7,1220,5651801,0,844522,,0,01,2026
2,0704,28,5,1220,163693,372460,3150,,0,01,2026
2,0704,28,5,1220,5732,54458,772,,1,01,2026
2,0704,31,5,1220,78986,58481,8020,,0,01,2026
2,0704,38,5,1220,2020,18000,1,,0,01,2026
2,0704,39,5,1220,280365,102982,8894,,0,01,2026
2,0704,44,5,1220,728103,1814252,20564,,0,01,2026
2,0704,47,5,1220,82334,328534,5560,,0,01,2026
2,0704,48,5,1220,204004,242237,6628,,0,01,2026
2,0704,54,5,1220,31000,5173,600,,0,01,2026
2,0704,68,5,1220,28934,73183,300,,0,01,2026
2,0704,70,5,1220,183548,1865613,9339,,0,01,2026
2,0704,72,5,1220,224231,337668,5509,,0,01,2026
2,0704,73,5,1220,37906,2881,459,,0,01,2026
2,0704,74,5,1220,199920,30844,100,,0,01,2026
2,0704,76,5,1220,441536,25682,17460,,0,01,2026
2,0704,84,5,1220,179819,22125,727,,0,01,2026
2,0704,84,5,1220,10656,223,1071,,1,01,2026
2,0704,85,5,1220,174876,817212,8069,,0,01,2026
2,0704,87,5,1220,170248,21087,380,,0,01,2026
2,0704,90,5,1220,793530,2009,37688,,0,01,2026
2,0704,94,5,1220,40780,3630,445,,0,01,2026
2,0704,96,5,1220,31831,9743,249,,0,01,2026
2,0704,98,5,1220,1257037,1228328,20025,,0,01,2026
2,0704,98,8,1220,20224887,2167726,420972,,0,01,2026
2,0708,01,5,1220,10329874,4158579,113190,,0,01,2026
2,0708,03,5,1220,581730,26527,2850,,0,01,2026
2,0708,04,5,1220,3672365,1144254,24582,,0,01,2026
2,0708,05,5,1220,20312,18000,250,,0,01,2026
2,0708,06,5,1220,4016,7711,200,,0,01,2026
2,0708,07,5,1220,1634220,1458687,16277,,0,01,2026
2,0708,08,5,1220,100380,47235,600,,0,01,2026
2,0708,09,5,1220,180168,15219,561,,0,01,2026
2,0708,10,5,1220,284703,875889,8532,,0,01,2026
2,0708,11,5,1220,940216,1788223,36322,,0,01,2026
2,0708,12,5,1220,175538,579283,42534,,0,01,2026
2,0708,13,5,1220,185760,885,200,,0,01,2026
2,0708,14,5,1220,3215,274,100,,0,01,2026
2,0708,15,5,1220,533173,476943,1902,,0,01,2026
2,0708,16,5,1220,2042026,466698,49448,,0,01,2026
2,0708,17,5,1220,3587999,1531121,25264,,0,01,2026
2,0708,18,5,1220,14341564,2830767,30548,,0,01,2026
2,0708,19,5,1220,10694285,2870756,120454,,0,01,2026
2,0708,19,8,1220,18828,11511,250,,0,01,2026
2,0708,20,5,1220,5419087,4147201,171784,,0,01,2026
2,0708,21,5,1220,9296720,3116518,97421,,0,01,2026
2,0708,22,5,1220,5108646,3559139,70675,,0,01,2026
2,0708,23,5,1220,519246,741237,26983,,0,01,2026
2,0708,24,5,1220,2687262,58479,268727,,0,01,2026
2,0708,25,5,1220,1082803,3028653,58619,,0,01,2026
2,0708,26,5,1220,23619,136490,15627,,0,01,2026
2,0708,27,5,1220,4747085,6774135,131425,,0,01,2026
2,0708,28,5,1220,10683652,2501159,89196,,0,01,2026
2,0708,28,5,1220,260760,8557,100,,1,01,2026
2,0708,29,5,1220,693498,243021,7188,,0,01,2026
2,0708,30,5,1220,3211150,326300,56429,,0,01,2026
2,0708,30,8,1220,89612,17864,2500,,0,01,2026
2,0708,31,5,1220,56646,83527,1074,,0,01,2026
2,0708,32,5,1220,5101241,1449664,27058,,0,01,2026
2,0708,33,5,1220,11687662,2219443,100023,,0,01,2026
2,0708,34,5,1220,3192849,496236,6513,,0,01,2026
2,0708,35,5,1220,426387,150676,4071,,0,01,2026
2,0708,37,5,1220,2935,221,200,,0,01,2026
2,0708,38,5,1220,5098076,4265665,75623,,0,01,2026
2,0708,39,5,1220,36266449,13421632,457190,,0,01,2026
2,0708,39,5,1220,319334,201214,15200,,1,01,2026
2,0708,40,5,1220,14254243,3231930,207977,,0,01,2026
2,0708,40,5,1220,51299,19431,250,,1,01,2026
2,0708,40,8,1220,61387,12596,234,,0,01,2026
2,0708,41,5,1220,61059,20331,154,,0,01,2026
2,0708,42,5,1220,231484,15774,11375,,0,01,2026
2,0708,44,5,1220,15107822,17181490,466780,,0,01,2026
2,0708,47,5,1220,146861,1105513,13418,,0,01,2026
2,0708,47,8,1220,2395,19958,200,,0,01,2026
2,0708,48,5,1220,44262363,32893780,1367317,,0,01,2026
2,0708,49,5,1220,3792596,421442,39407,,0,01,2026
2,0708,52,5,1220,13557,2290,244,,0,01,2026
2,0708,53,5,1220,966,51,21,,0,01,2026
2,0708,54,5,1220,4088302,936359,34713,,0,01,2026
2,0708,55,5,1220,432815,28175,967,,0,01,2026
2,0708,56,5,1220,1082917,161544,62445,,0,01,2026
2,0708,56,5,1220,89099,14484,24,,1,01,2026
2,0708,58,5,1220,4591,372,102,,0,01,2026
2,0708,59,5,1220,5072827,240358,13621,,0,01,2026
2,0708,60,5,1220,336124,12884,3044,,0,01,2026
2,0708,62,5,1220,38751,807,63,,0,01,2026
2,0708,63,5,1220,795547,54578,28166,,0,01,2026
2,0708,64,5,1220,120503,15940,1050,,0,01,2026
2,0708,65,5,1220,247170,1237,1000,,0,01,2026
2,0708,67,5,1220,66305,1102,436,,0,01,2026
2,0708,68,5,1220,1537888,1554604,18903,,0,01,2026
2,0708,69,5,1220,6617,796,146,,0,01,2026
2,0708,70,5,1220,4309700,3713962,135262,,0,01,2026
2,0708,71,5,1220,31537160,66455,35442,,0,01,2026
2,0708,72,5,1220,19362096,5963762,142576,,0,01,2026
2,0708,73,5,1220,8158823,1850767,79312,,0,01,2026
2,0708,73,5,1220,3056,331,36,,1,01,2026
2,0708,74,5,1220,1960616,159284,1523,,0,01,2026
2,0708,74,5,1220,10071151,843555,15351,,1,01,2026
2,0708,75,5,1220,502752,61586,3355,,0,01,2026
2,0708,76,5,1220,31789980,9035841,570542,,0,01,2026
2,0708,78,5,1220,5631608,2036157,21189,,0,01,2026
2,0708,79,5,1220,3064715,816651,15378,,0,01,2026
2,0708,80,5,1220,15933,17838,150,,0,01,2026
2,0708,81,5,1220,1031268,27945,4954,,0,01,2026
2,0708,82,5,1220,802195,91663,292843,,0,01,2026
2,0708,83,5,1220,1536528,191583,21722,,0,01,2026
2,0708,84,5,1220,123894059,2874764,972375,,0,01,2026
2,0708,84,5,1220,388052,9578,4713,,1,01,2026
2,0708,85,5,1220,15255903,1089967,66975,,0,01,2026
2,0708,85,5,1220,82586,559,1200,,1,01,2026
2,0708,86,5,1220,861371,95195,15121,,0,01,2026
2,0708,87,5,1220,20181250,2894131,104277,,0,01,2026
2,0708,88,5,1220,6567736,31678,5182,,0,01,2026
2,0708,89,5,1220,923872,83149,4133,,0,01,2026
2,0708,90,5,1220,7868082,309013,191425,,0,01,2026
2,0708,90,5,1220,44686,7804,2000,,1,01,2026
2,0708,93,5,1220,2720603,123976,23082,,0,01,2026
2,0708,94,5,1220,13428007,1660878,210857,,0,01,2026
2,0708,94,8,1220,6447,7196,1500,,1,01,2026
2,0708,95,5,1220,2422579,277127,12885,,0,01,2026
2,0708,96,5,1220,9786722,1758308,50695,,0,01,2026
2,0708,97,5,1220,502240,111,872,,0,01,2026
2,0708,98,5,1220,39067353,3675834,377012,,0,01,2026
2,0708,98,5,1220,22797,608,151,,1,01,2026
2,0712,01,5,1220,791674,121111,5947,,0,01,2026
2,0712,02,5,1220,36546651,8254769,346374,,0,01,2026
2,0712,03,5,1220,811395,60667,5946,,0,01,2026
2,0712,04,5,1220,2932422,1552952,21453,,0,01,2026
2,0712,05,5,1220,1091359,928584,44463,,0,01,2026
2,0712,06,5,1220,83952,26453,400,,0,01,2026
2,0712,07,5,1220,23272560,23871306,382631,,0,01,2026
2,0712,07,5,2010,10735,3675,67,,0,01,2026
2,0712,07,6,1220,69771,90060,100,,0,01,2026
2,0712,08,5,1220,2926032,1208480,23807,,0,01,2026
2,0712,08,5,2010,6032,60,50,,0,01,2026
2,0712,09,5,1220,492617,46821,3219,,0,01,2026
2,0712,09,5,2010,11605,862,12,,0,01,2026
2,0712,10,5,1220,746542,2872300,15916,,0,01,2026
2,0712,10,6,1220,4312390,10660550,10333,,0,01,2026
2,0712,11,5,1220,1896307,2767212,191683,,0,01,2026
2,0712,11,6,1220,1003129,1745766,1900,,0,01,2026
2,0712,12,5,1220,742181,1447915,122907,,0,01,2026
2,0712,13,5,1220,319350,794,1813,,0,01,2026
2,0712,15,5,1220,3722380,3225288,37732,,0,01,2026
2,0712,15,6,1220,7329120,6284838,15308,,0,01,2026
2,0712,16,5,1220,5407061,1012838,86264,,0,01,2026
2,0712,17,5,1220,4894970,1243511,36963,,0,01,2026
2,0712,18,5,1220,36844801,4920339,95019,,0,01,2026
2,0712,19,5,1220,14082454,3945048,134075,,0,01,2026
2,0712,20,5,1220,9588771,6547986,148418,,0,01,2026
2,0712,20,5,1220,22431,19886,200,,1,01,2026
2,0712,20,6,1220,76400,88381,150,,1,01,2026
2,0712,21,5,1220,15106751,5279265,130930,,0,01,2026
2,0712,22,5,1220,3762346,5271074,127940,,0,01,2026
2,0712,23,5,1220,2514471,6724650,67865,,0,01,2026
2,0712,23,6,1220,1173227,8009359,27332,,0,01,2026
2,0712,23,6,1220,237204,999186,5500,,1,01,2026
2,0712,24,5,1220,1419841,7025,200,,0,01,2026
2,0712,25,5,1220,2569738,19129773,122493,,0,01,2026
2,0712,25,5,1220,51480,16646,2574,,1,01,2026
2,0712,25,6,1220,749204,5937141,11570,,1,01,2026
2,0712,26,5,1220,78417,608734,25300,,0,01,2026
2,0712,27,5,1220,20509829,38143169,860135,,0,01,2026
2,0712,27,5,1220,47500,89820,1000,,1,01,2026
2,0712,27,6,1220,8475955,19892376,226900,,0,01,2026
2,0712,27,6,1220,1742316,4786306,62812,,1,01,2026
2,0712,27,8,1220,896472,0,0,,0,01,2026
2,0712,28,5,1220,3540986,4317571,61311,,0,01,2026
2,0712,28,5,1220,238294,397424,6053,,1,01,2026
2,0712,28,6,1220,1478761,6376700,36000,,0,01,2026
2,0712,28,6,1220,952826,5107572,114104,,1,01,2026
2,0712,29,5,1220,1901230,342358,11600,,0,01,2026
2,0712,30,5,1220,1693259,134813,23637,,0,01,2026
2,0712,31,5,1220,263809,306493,7161,,0,01,2026
2,0712,31,6,1220,61193,270795,1500,,0,01,2026
2,0712,32,5,1220,4986197,1481942,22615,,0,01,2026
2,0712,32,5,1220,12727,82,303,,1,01,2026
2,0712,32,6,1220,2538351,1093225,6000,,0,01,2026
2,0712,33,5,1220,7591830,768111,55854,,0,01,2026
2,0712,33,5,1220,4677,168,200,,1,01,2026
2,0712,33,5,2010,2579,45,80,,0,01,2026
2,0712,34,5,1220,3031187,1414696,44115,,0,01,2026
2,0712,35,5,1220,592010,126764,5205,,0,01,2026
2,0712,36,5,1220,8067992,235122,12239,,0,01,2026
2,0712,36,5,2010,24032,1052,17,,0,01,2026
2,0712,38,5,1220,14043521,2964340,55091,,0,01,2026
2,0712,38,6,1220,691437,635736,18400,,1,01,2026
2,0712,39,5,1220,39017403,23792465,655302,,0,01,2026
2,0712,39,5,1220,58330,2660,1304,,1,01,2026
2,0712,39,5,2010,72103,13225,1351,,0,01,2026
2,0712,39,6,1220,561512,586019,6300,,0,01,2026
2,0712,39,6,1220,665498,750779,1450,,1,01,2026
2,0712,40,5,1220,3137261,1088213,131301,,0,01,2026
2,0712,40,5,2010,286,28,136,,0,01,2026
2,0712,41,5,1220,1800,136,1,,0,01,2026
2,0712,42,5,1220,780264,37458,35412,,0,01,2026
2,0712,43,5,1220,285004,1176,2248,,0,01,2026
2,0712,44,5,1220,28446537,30757885,840557,,0,01,2026
2,0712,44,5,1220,287697,212891,21800,,1,01,2026
2,0712,44,5,2010,2875,1038,8,,0,01,2026
2,0712,44,6,1220,5942011,13310370,194050,,0,01,2026
2,0712,44,6,1220,1993326,5074697,133368,,1,01,2026
2,0712,47,5,1220,850703,1278849,30187,,0,01,2026
2,0712,47,6,1220,807053,1476311,7991,,0,01,2026
2,0712,47,6,1220,16091626,25568291,1181381,,1,01,2026
2,0712,48,5,1220,47529121,32960972,1435324,,0,01,2026
2,0712,48,5,1220,39867,6622,2549,,1,01,2026
2,0712,48,6,1220,10827487,13120131,158934,,0,01,2026
2,0712,48,6,1220,2325713,3061779,50501,,1,01,2026
2,0712,49,5,1220,5885014,947268,54169,,0,01,2026
2,0712,50,5,1220,729,2,78,,0,01,2026
2,0712,51,5,1220,35689,2957,1282,,0,01,2026
2,0712,51,5,2010,339,7,37,,0,01,2026
2,0712,52,5,1220,47997,4897,3541,,0,01,2026
2,0712,53,5,1220,735,1,18,,0,01,2026
2,0712,54,5,1220,377690,34932,9555,,0,01,2026
2,0712,55,5,1220,1439903,229579,16505,,0,01,2026
2,0712,55,5,2010,17870,1172,165,,0,01,2026
2,0712,56,5,1220,3334273,465031,25564,,0,01,2026
2,0712,56,5,1220,116225,20609,428,,1,01,2026
2,0712,57,5,1220,10994,666,419,,0,01,2026
2,0712,58,5,1220,70226,4153,2410,,0,01,2026
2,0712,58,5,1220,3870,65,218,,1,01,2026
2,0712,59,5,1220,2370923,122982,27279,,0,01,2026
2,0712,59,5,2010,825,14,20,,0,01,2026
2,0712,60,5,1220,181456,9124,1738,,0,01,2026
2,0712,61,5,1220,3596772,39372,61317,,0,01,2026
2,0712,61,5,2010,242772,13710,730,,0,01,2026
2,0712,62,5,1220,10919267,69414,26054,,0,01,2026
2,0712,63,5,1220,725350,163294,27926,,0,01,2026
2,0712,64,5,1220,383286,26766,8915,,0,01,2026
2,0712,65,5,1220,388072,14192,10742,,0,01,2026
2,0712,67,5,1220,34836,3337,3724,,0,01,2026
2,0712,68,5,1220,3238133,3413273,21208,,0,01,2026
2,0712,68,5,2010,2100,311,150,,0,01,2026
2,0712,69,5,1220,9678,1361,81,,0,01,2026
2,0712,70,5,1220,1995915,490188,27648,,0,01,2026
2,0712,71,5,1220,12544477,29981,15258,,0,01,2026
2,0712,72,5,1220,1462758,1114925,15414,,0,01,2026
2,0712,72,5,2010,3973,4034,19,,0,01,2026
2,0712,72,6,1220,37481,86028,500,,1,01,2026
2,0712,73,5,1220,13418899,4419588,179096,,0,01,2026
2,0712,73,5,2010,4279,1182,12,,0,01,2026
2,0712,73,6,1220,432992,59,250,,1,01,2026
2,0712,74,5,1220,600455,53377,1012,,0,01,2026
2,0712,74,5,1220,46335165,3883739,62946,,1,01,2026
2,0712,75,5,1220,327297,2886,956,,0,01,2026
2,0712,76,5,1220,14546150,2934891,101824,,0,01,2026
2,0712,76,5,1220,36100,5706,765,,1,01,2026
2,0712,76,6,1220,41744444,13214343,744506,,0,01,2026
2,0712,78,5,1220,9495032,3396424,34863,,0,01,2026
2,0712,79,5,1220,1371699,325840,16702,,0,01,2026
2,0712,79,6,1220,1597650,480780,2855,,1,01,2026
2,0712,80,5,1220,9536,1882,200,,0,01,2026
2,0712,81,5,1220,1146409,9381,7274,,0,01,2026
2,0712,82,5,1220,1080757,52197,14898,,0,01,2026
2,0712,82,5,2010,11866,6,350,,0,01,2026
2,0712,83,5,1220,3580224,128941,44554,,0,01,2026
2,0712,84,5,1220,71244476,2110396,470839,,0,01,2026
2,0712,84,5,1220,597945,13072,6425,,1,01,2026
2,0712,84,5,2010,1466168,24738,11776,,0,01,2026
2,0712,85,5,1220,41609926,1294988,327233,,0,01,2026
2,0712,85,5,1220,201056,43392,1951,,1,01,2026
2,0712,85,5,2010,244097,7627,3005,,0,01,2026
2,0712,86,5,1220,1691362,71384,11051,,0,01,2026
2,0712,87,5,1220,63201118,2675838,179545,,0,01,2026
2,0712,87,5,2010,379806,107788,1992,,0,01,2026
2,0712,88,5,1220,33405170,147616,1681257,,0,01,2026
2,0712,89,5,1220,584582,65683,4668,,0,01,2026
2,0712,90,5,1220,14828300,405387,86566,,0,01,2026
2,0712,90,5,1220,131554,14742,3000,,1,01,2026
2,0712,90,5,2010,13748,134,247,,0,01,2026
2,0712,91,5,1220,3587,0,22,,0,01,2026
2,0712,92,5,1220,210399,30351,4246,,0,01,2026
2,0712,93,5,1220,2327353,111403,10440,,0,01,2026
2,0712,94,5,1220,33346798,2797955,519233,,0,01,2026
2,0712,94,5,2010,4545,555,38,,0,01,2026
2,0712,94,6,1220,18956,15174,1500,,1,01,2026
2,0712,95,5,1220,3755662,506477,35762,,0,01,2026
2,0712,95,5,2010,38832,648,6500,,0,01,2026
2,0712,96,5,1220,2459552,532689,19197,,0,01,2026
2,0712,97,5,1220,1105832,3338,9983,,0,01,2026
2,0712,98,5,1220,52345266,3054352,313786,,0,01,2026
2,0712,98,5,1220,163510,26270,11189,,1,01,2026
2,0712,98,5,2010,53557,3709,378,,0,01,2026
2,0715,10,5,1220,291363,1071731,15152,,0,01,2026
2,0715,11,5,1220,239868,994640,8620,,0,01,2026
2,0715,11,6,1220,113972,174582,2000,,0,01,2026
2,0715,12,5,1220,75554,205934,3502,,0,01,2026
2,0715,15,6,1220,954948,830991,1800,,0,01,2026
2,0715,20,5,1220,801223,569990,5570,,0,01,2026
2,0715,23,5,1220,1267172,2383908,43291,,0,01,2026
2,0715,23,6,1220,1115597,1140492,1300,,0,01,2026
2,0715,25,5,1220,262429,2840920,12900,,0,01,2026
2,0715,25,6,1220,867335,2559513,10700,,0,01,2026
2,0715,25,6,1220,210265,257087,600,,1,01,2026
2,0715,27,5,1220,1057608,2013866,16142,,0,01,2026
2,0715,27,5,1220,133000,269502,2800,,1,01,2026
2,0715,27,6,1220,377872,1137033,19000,,0,01,2026
2,0715,27,6,1220,953299,2689778,5500,,1,01,2026
2,0715,28,5,1220,39610,92532,600,,0,01,2026
2,0715,28,6,1220,3627253,9952860,59354,,0,01,2026
2,0715,28,6,1220,176572,1864087,2675,,1,01,2026
2,0715,32,6,1220,2182750,1000525,5500,,0,01,2026
2,0715,38,6,1220,1020297,466120,200,,0,01,2026
2,0715,38,6,1220,152590,102736,150,,1,01,2026
2,0715,39,6,1220,82452,173842,1200,,0,01,2026
2,0715,44,6,1220,8058591,20041210,553309,,0,01,2026
2,0715,44,6,1220,3166572,8721270,224097,,1,01,2026
2,0715,47,5,1220,81424,522856,19220,,0,01,2026
2,0715,47,6,1220,6166936,9701375,662191,,1,01,2026
2,0715,48,5,1220,197621,305259,600,,0,01,2026
2,0715,48,6,1220,682512,972609,5330,,0,01,2026
2,0715,48,6,1220,3235961,4724200,264188,,1,01,2026
2,0715,68,6,1220,137062,362858,4,,0,01,2026
2,0715,70,6,1220,150175,1130288,9900,,0,01,2026
2,0715,70,6,1220,41605,312833,16500,,1,01,2026
2,0715,72,6,1220,856779,1031617,1900,,0,01,2026
2,0715,72,6,1220,110174,314139,2000,,1,01,2026
2,0715,74,6,1220,4123356,344148,2252,,0,01,2026
2,0715,74,6,1220,50982293,4297024,28136,,1,01,2026
2,0715,76,6,1220,5244592,1608339,172652,,0,01,2026
2,0715,94,5,1220,7596,2557,100,,0,01,2026
2,07XX,07,5,2010,29850,12521,197,,0,01,2026
2,07XX,15,5,2010,32118,3686,3,,0,01,2026
2,07XX,39,5,2010,16366,518,587,,0,01,2026
2,07XX,44,5,2010,3058,4192,201,,0,01,2026
2,07XX,59,5,2010,302,3,4,,0,01,2026
2,07XX,68,5,2010,6745,1041,132,,0,01,2026
2,07XX,70,5,2010,3406,335,36,,0,01,2026
2,07XX,73,5,2010,27844,1905,175,,0,01,2026
2,07XX,84,5,2010,521540,8257,3987,,0,01,2026
2,07XX,85,5,2010,352743,3769,3012,,0,01,2026
2,07XX,87,5,2010,895760,48178,3937,,0,01,2026
2,07XX,89,5,2010,29286,644,52,,0,01,2026
2,07XX,90,5,2010,619436,6415,3210,,0,01,2026
2,07XX,94,5,2010,699,1,1,,0,01,2026
2,07XX,98,5,2010,3186,32,6,,0,01,2026
2,0901,01,5,1220,30865483,7419611,81058,,0,01,2026
2,0901,02,5,1220,48380371,9718683,4619173,,0,01,2026
2,0901,02,5,1220,844365,362080,21,,1,01,2026
2,0901,03,5,1220,1344343,119348,24356,,0,01,2026
2,0901,04,5,1220,4898017,915650,158200,,0,01,2026
2,0901,05,5,1220,2425963,1724086,27452,,0,01,2026
2,0901,06,5,1220,19756200,4296710,356995,,0,01,2026
2,0901,07,5,1220,23568353,22409803,589369,,0,01,2026
2,0901,07,5,1220,15400,20000,3403,,1,01,2026
2,0901,07,5,2010,326435,101503,1553,,0,01,2026
2,0901,07,6,1220,5920,2863,25,,1,01,2026
2,0901,08,5,1220,1708548,791176,47309,,0,01,2026
2,0901,08,5,2010,28039,1939,99,,0,01,2026
2,0901,09,5,1220,14509565,1271176,69893,,0,01,2026
2,0901,09,5,2010,39585,4541,500,,0,01,2026
2,0901,10,1,1220,13126425,55013118,13600,,0,01,2026
2,0901,10,5,1220,5808092,19872087,82443,,0,01,2026
2,0901,10,5,1220,65553,348040,1100,,1,01,2026
2,0901,11,5,1220,3305462,5284645,84572,,0,01,2026
2,0901,11,6,1220,257966,515265,6000,,0,01,2026
2,0901,11,6,1220,370357,875306,8800,,1,01,2026
2,0901,12,5,1220,4883031,10250435,151615,,0,01,2026
2,0901,12,5,1220,141837,397773,2100,,1,01,2026
2,0901,13,5,1220,139201,10321,506,,0,01,2026
2,0901,14,5,1220,264728,150289,5650,,0,01,2026
2,0901,15,5,1220,3810822,2237611,55374,,0,01,2026
2,0901,15,6,1220,7028996,5588734,7200,,0,01,2026
2,0901,15,6,1220,246202,87179,1600,,1,01,2026
2,0901,16,5,1220,13255261,2916250,251145,,0,01,2026
2,0901,17,5,1220,13548037,6145682,146500,,0,01,2026
2,0901,17,5,2010,66924,17129,340,,0,01,2026
2,0901,17,6,1220,1607266,3272292,29600,,1,01,2026
2,0901,18,5,1220,43353378,6585798,150552,,0,01,2026
2,0901,18,5,2010,15333,3075,22,,0,01,2026
2,0901,18,6,1220,67200,18742,100,,1,01,2026
2,0901,19,5,1220,119745210,36078245,1548634,,0,01,2026
2,0901,19,5,2010,10328,3836,68,,0,01,2026
2,0901,19,6,1220,23430,8931,500,,0,01,2026
2,0901,20,5,1220,27671849,12685864,309818,,0,01,2026
2,0901,20,6,1220,56276,36021,269,,1,01,2026
2,0901,21,5,1220,27312465,11206956,253831,,0,01,2026
2,0901,22,5,1220,14975915,13545168,404454,,0,01,2026
2,0901,22,6,1220,1833829,2136825,36467,,0,01,2026
2,0901,23,5,1220,12729130,19655307,163730,,0,01,2026
2,0901,23,5,1220,4550,70000,200,,1,01,2026
2,0901,23,6,1220,293171,1941358,2100,,0,01,2026
2,0901,23,6,1220,32501,162451,1000,,1,01,2026
2,0901,24,5,1220,3312263,181538,124471,,0,01,2026
2,0901,24,9,1220,356904,31955,4640,,0,01,2026
2,0901,25,1,1220,1482355,25957416,10000,,0,01,2026
2,0901,25,5,1220,5711787,34861564,209736,,0,01,2026
2,0901,25,5,1220,58425,284094,16700,,1,01,2026
2,0901,25,6,1220,529046,7049731,44882,,0,01,2026
2,0901,25,6,1220,1046853,8653286,26325,,1,01,2026
2,0901,26,5,1220,305684,1157281,13254,,0,01,2026
2,0901,27,5,1220,30351908,41826708,556823,,0,01,2026
2,0901,27,6,1220,9763966,17110869,162560,,0,01,2026
2,0901,27,6,1220,5900625,12046969,501902,,1,01,2026
2,0901,27,7,1220,446635359,225993209,53131780,,0,01,2026
2,0901,27,8,1220,151359377,0,0,,0,01,2026
2,0901,28,5,1220,18254359,9889821,294765,,0,01,2026
2,0901,28,5,1220,19193,191118,3750,,1,01,2026
2,0901,28,5,2010,59408,19000,736,,0,01,2026
2,0901,28,6,1220,4722634,11653161,59720,,0,01,2026
2,0901,28,6,1220,1998887,17158688,412213,,1,01,2026
2,0901,29,5,1220,12394531,2871208,272995,,0,01,2026
2,0901,29,5,2010,354900,638,3500,,0,01,2026
2,0901,29,6,1220,1598792,1161289,18569,,0,01,2026
2,0901,29,6,1220,1840143,2254652,160223,,1,01,2026
2,0901,30,5,1220,128501616,934326,110474,,0,01,2026
2,0901,30,5,1220,1456747,19997,2180,,1,01,2026
2,0901,31,5,1220,837228,2054061,10578,,0,01,2026
2,0901,31,6,1220,1417805,3840052,12835,,0,01,2026
2,0901,32,5,1220,11600130,2512355,151952,,0,01,2026
2,0901,32,5,1220,3491,172,1,,1,01,2026
2,0901,32,5,2010,30137,10578,100,,0,01,2026
2,0901,33,5,1220,58719032,7357231,1569919,,0,01,2026
2,0901,33,5,1220,650178,68993,4011,,1,01,2026
2,0901,33,5,2010,46917,9299,527,,0,01,2026
2,0901,34,5,1220,24444334,10510418,343307,,0,01,2026
2,0901,34,5,2010,375834,140749,105,,0,01,2026
2,0901,35,5,1220,2100746,466022,16592,,0,01,2026
2,0901,37,5,1220,318862,2712,2239,,0,01,2026
2,0901,38,5,1220,28211027,6898903,169434,,0,01,2026
2,0901,38,5,1220,39925,76000,386,,1,01,2026
2,0901,38,5,2010,2247,1022,200,,0,01,2026
2,0901,39,3,1220,13199,285,550,,0,01,2026
2,0901,39,5,1220,157115528,64053009,2630040,,0,01,2026
2,0901,39,5,1220,780055,273299,23708,,1,01,2026
2,0901,39,5,2010,127139,10220,2423,,0,01,2026
2,0901,39,6,1220,19487720,24499186,971168,,0,01,2026
2,0901,39,6,1220,5612030,8267104,34641,,1,01,2026
2,0901,40,5,1220,10360637,3992369,253107,,0,01,2026
2,0901,40,5,1220,2696,22,14,,1,01,2026
2,0901,40,5,2010,476774,37815,2475,,0,01,2026
2,0901,40,6,1220,612749,122678,11700,,0,01,2026
2,0901,41,5,1220,138076,100427,12118,,0,01,2026
2,0901,42,5,1220,4320805,72522,294559,,0,01,2026
2,0901,43,5,1220,362964,2728,498,,0,01,2026
2,0901,44,5,1220,15254489,14492282,425987,,0,01,2026
2,0901,44,5,1220,94768,62771,1006,,1,01,2026
2,0901,44,6,1220,11567924,28585358,307395,,0,01,2026
2,0901,44,6,1220,2618232,3802464,24795,,1,01,2026
2,0901,45,5,1220,4842,364,7,,0,01,2026
2,0901,47,5,1220,2757711,21367816,222481,,0,01,2026
2,0901,47,6,1220,489325,924895,123462,,0,01,2026
2,0901,47,6,1220,2338948,3304020,78136,,1,01,2026
2,0901,48,3,1220,43372,594,670,,0,01,2026
2,0901,48,5,1220,75343174,59958851,2146224,,0,01,2026
2,0901,48,5,1220,180905,43426,13412,,1,01,2026
2,0901,48,6,1220,144541,162941,1379,,0,01,2026
2,0901,48,6,1220,1543614,1366205,70588,,1,01,2026
2,0901,49,5,1220,9091690,1101625,186452,,0,01,2026
2,0901,49,5,1220,45645,2037,1500,,1,01,2026
2,0901,50,5,1220,2710,226,59,,0,01,2026
2,0901,51,5,1220,604489,23306,4410,,0,01,2026
2,0901,52,5,1220,3727,965,262,,0,01,2026
2,0901,54,5,1220,498287,66250,10376,,0,01,2026
2,0901,55,5,1220,11709,15809,2534,,0,01,2026
2,0901,56,5,1220,1733513,319678,23995,,0,01,2026
2,0901,56,5,1220,63881,4651,44,,1,01,2026
2,0901,56,6,1220,2821,236,340,,0,01,2026
2,0901,56,6,1220,3586,236,396,,1,01,2026
2,0901,57,5,1220,130493,8290,5277,,0,01,2026
2,0901,58,5,1220,107958,12369,10836,,0,01,2026
2,0901,59,3,1220,2277,64,105,,0,01,2026
2,0901,59,3,2010,380,7,150,,0,01,2026
2,0901,59,5,1220,1708186,176788,16632,,0,01,2026
2,0901,60,5,1220,161287,8898,5224,,0,01,2026
2,0901,61,5,1220,3348959,66279,486891,,0,01,2026
2,0901,61,5,2010,189207,5651,5969,,0,01,2026
2,0901,62,5,1220,9361378,66096,67935,,0,01,2026
2,0901,62,5,1220,595,2,12,,1,01,2026
2,0901,62,5,2010,16375,640,763,,0,01,2026
2,0901,63,5,1220,900137,663523,73476,,0,01,2026
2,0901,63,5,1220,16195,60,1,,1,01,2026
2,0901,63,5,2010,1867,14,37,,0,01,2026
2,0901,64,5,1220,208510,6430,4872,,0,01,2026
2,0901,64,5,1220,1125,4,23,,1,01,2026
2,0901,64,5,2010,300,51,90,,0,01,2026
2,0901,65,5,1220,136192,5306,11117,,0,01,2026
2,0901,65,5,1220,808,5,16,,1,01,2026
2,0901,65,5,2010,807,65,8,,0,01,2026
2,0901,66,5,1220,32392,2123,3056,,0,01,2026
2,0901,67,5,1220,4701,406,2757,,0,01,2026
2,0901,68,5,1220,11487284,15191240,254513,,0,01,2026
2,0901,68,5,1220,16837,907,1000,,1,01,2026
2,0901,68,5,2010,6214,1020,35,,0,01,2026
2,0901,68,6,1220,100002,20576,150,,1,01,2026
2,0901,69,5,1220,956224,267434,9669,,0,01,2026
2,0901,70,3,1220,2165,157,42,,0,01,2026
2,0901,70,5,1220,6015790,3135862,110479,,0,01,2026
2,0901,70,5,2010,13193,513,1536,,0,01,2026
2,0901,70,6,1220,65618,368062,2000,,1,01,2026
2,0901,71,5,1220,15054469,52768,144325,,0,01,2026
2,0901,72,5,1220,31548620,41951408,609105,,0,01,2026
2,0901,72,5,2010,20979,31782,204,,0,01,2026
2,0901,72,6,1220,1274612,2649592,5950,,0,01,2026
2,0901,72,6,1220,1443126,3032018,14105,,1,01,2026
2,0901,73,5,1220,43647680,13354817,480234,,0,01,2026
2,0901,73,5,1220,183527,39121,6970,,1,01,2026
2,0901,73,5,2010,29735,461,2075,,0,01,2026
2,0901,74,5,1220,21920435,2143061,151474,,0,01,2026
2,0901,74,5,1220,14857537,1248433,64050,,1,01,2026
2,0901,75,5,1220,50227227,3778072,41399,,0,01,2026
2,0901,75,5,2010,353251,84,354,,0,01,2026
2,0901,76,3,1220,14497,41,10,,0,01,2026
2,0901,76,5,1220,55441609,14604358,775060,,0,01,2026
2,0901,76,5,1220,140936,1278,2562,,1,01,2026
2,0901,76,5,2010,26522,347,107,,0,01,2026
2,0901,76,6,1220,8218427,2686969,51365,,0,01,2026
2,0901,76,6,1220,955198,244786,1500,,1,01,2026
2,0901,78,5,1220,4151942,1621723,10788,,0,01,2026
2,0901,79,5,1220,2894202,833674,17932,,0,01,2026
2,0901,79,6,1220,5130361,1536679,71000,,1,01,2026
2,0901,80,5,1220,143883,125134,400,,0,01,2026
2,0901,81,5,1220,4893962,90171,13772,,0,01,2026
2,0901,81,5,2010,23384,4,8,,0,01,2026
2,0901,82,3,1220,8100,47,50,,0,01,2026
2,0901,82,5,1220,3849435,137503,39758,,0,01,2026
2,0901,82,5,1220,208743,1697,2001,,1,01,2026
2,0901,82,5,2010,33104,1975,25,,0,01,2026
2,0901,83,3,1220,2198,14,100,,0,01,2026
2,0901,83,5,1220,9540360,1652832,144660,,0,01,2026
2,0901,83,5,1220,5250,155,985,,1,01,2026
2,0901,83,5,2010,22757,602,439,,0,01,2026
2,0901,84,3,1220,37595,170,319,,0,01,2026
2,0901,84,3,2010,96835,720,3600,,0,01,2026
2,0901,84,5,1220,249748045,12475665,1861181,,0,01,2026
2,0901,84,5,1220,2281872,100403,46382,,1,01,2026
2,0901,84,5,2010,7905980,179256,33194,,0,01,2026
2,0901,85,3,1220,351305,862,21558,,0,01,2026
2,0901,85,3,2010,6216,3,1500,,0,01,2026
2,0901,85,5,1220,121428556,6998173,1386723,,0,01,2026
2,0901,85,5,1220,4198317,21342,79582,,1,01,2026
2,0901,85,5,2010,1630770,68027,21043,,0,01,2026
2,0901,85,5,2010,31029,292,465,,1,01,2026
2,0901,86,5,1220,845982,84749,14534,,0,01,2026
2,0901,86,5,2010,5657,1162,2,,0,01,2026
2,0901,86,6,1220,50896,38102,3000,,0,01,2026
2,0901,87,5,1220,184748276,15598387,1934093,,0,01,2026
2,0901,87,5,1220,117182,16111,13752,,1,01,2026
2,0901,87,5,2010,848221,171116,13766,,0,01,2026
2,0901,87,6,1220,67155675,6876382,272670,,0,01,2026
2,0901,88,3,1220,1337080,21026,1266,,0,01,2026
2,0901,88,5,1220,30887984,176723,80094,,0,01,2026
2,0901,88,5,1220,14459,74,1001,,1,01,2026
2,0901,88,5,2010,15000,45,1234,,0,01,2026
2,0901,89,5,1220,1217657,155448,10124,,0,01,2026
2,0901,90,3,1220,296514,1423,1751,,0,01,2026
2,0901,90,5,1220,25440753,418499,158146,,0,01,2026
2,0901,90,5,1220,3867441,114023,11501,,1,01,2026
2,0901,90,5,2010,813576,22523,2599,,0,01,2026
2,0901,90,6,1220,3374,192,169,,1,01,2026
2,0901,91,5,1220,549104,2959,9065,,0,01,2026
2,0901,92,5,1220,368248,6216,2874,,0,01,2026
2,0901,93,5,1220,474656,23067,2052,,0,01,2026
2,0901,93,5,1220,38421,4532,500,,1,01,2026
2,0901,94,3,1220,3638,30,11,,0,01,2026
2,0901,94,5,1220,69095362,8747485,1125365,,0,01,2026
2,0901,94,5,1220,386832,39172,21202,,1,01,2026
2,0901,94,5,2010,17741,3889,793,,0,01,2026
2,0901,94,6,1220,4720,326,2,,0,01,2026
2,0901,95,5,1220,5364778,613129,68139,,0,01,2026
2,0901,95,5,2010,4891,187,5,,0,01,2026
2,0901,96,5,1220,3847375,414899,14852,,0,01,2026
2,0901,96,6,1220,29497,10161,250,,0,01,2026
2,0901,96,6,1220,101878,40217,834,,1,01,2026
2,0901,97,5,1220,979113,4922,6396,,0,01,2026
2,0901,98,3,1220,2405676,37909,9542,,0,01,2026
2,0901,98,5,1220,190667328,15403868,1666931,,0,01,2026
2,0901,98,5,1220,1153170,72139,57606,,1,01,2026
2,0901,98,5,2010,383369,21631,4944,,0,01,2026
2,0901,98,5,2010,8440,706,422,,1,01,2026
2,0901,98,6,1220,91215,172366,7803,,0,01,2026
2,0901,98,6,1220,132883,258549,39465,,1,01,2026
2,0903,83,3,1220,5757,16,750,,0,01,2026
2,0903,85,3,1220,6087,7,443,,0,01,2026
2,0903,85,3,1220,45871,366,318,,1,01,2026
2,0903,85,3,2010,26370,210,182,,1,01,2026
2,0903,98,3,1220,22113,8,435,,0,01,2026
2,0904,31,1,1220,2434026,7988270,50000,,0,01,2026
2,0906,40,3,1220,1216,2,57,,0,01,2026
2,0906,84,3,1220,27962,107,187,,0,01,2026
2,0906,85,3,1220,252648,331,12800,,0,01,2026
2,0906,88,5,1220,62810,54,1200,,0,01,2026
2,0906,90,3,1220,9100,120,300,,0,01,2026
2,0906,94,3,1220,5412,103,1450,,0,01,2026
2,0906,98,3,1220,62836,29,1125,,0,01,2026
2,09XX,84,3,2010,2727,104,40,,0,01,2026
2,09XX,85,3,2010,34474,284,3450,,0,01,2026
2,1003,01,3,2010,18513,25,2040,,0,01,2026
2,1003,03,1,1220,451738,49110,1000,,1,01,2026
2,1003,03,1,2010,671711,189975,37829,,1,01,2026
2,1003,03,3,1220,103309,595,1627,,0,01,2026
2,1003,03,3,2010,514842,61840,65584,,0,01,2026
2,1003,05,1,1220,3972,4960,688,,1,01,2026
2,1003,06,3,2010,32269,943,2496,,0,01,2026
2,1003,09,1,2010,11146347,1274147,91555,,1,01,2026
2,1003,14,1,2010,30111,11090,3607,,1,01,2026
2,1003,15,1,2010,361998,56121,11822,,1,01,2026
2,1003,16,3,2010,85000,1100,1000,,0,01,2026
2,1003,17,1,2010,6909,1310,683,,1,01,2026
2,1003,19,1,2010,67259,12764,6643,,1,01,2026
2,1003,20,1,2010,284921,118490,20216,,1,01,2026
2,1003,21,1,2010,540655,78343,48573,,1,01,2026
2,1003,22,1,2010,7178434,2464809,268392,,1,01,2026
2,1003,22,5,1220,7776,1923,1000,,0,01,2026
2,1003,22,5,2010,2609,359,103,,0,01,2026
2,1003,22,9,1220,34769,6854,452,,0,01,2026
2,1003,25,1,1220,4219590,42300300,554710,,0,01,2026
2,1003,25,1,1220,223965,114900,2600,,1,01,2026
2,1003,27,1,1220,37510007,79114293,1957840,,0,01,2026
2,1003,27,1,1220,10167,1587,427,,1,01,2026
2,1003,27,1,2010,80471686,149313105,4674567,,0,01,2026
2,1003,28,1,1220,45257,246,3163,,1,01,2026
2,1003,28,3,1220,183779,207,3508,,0,01,2026
2,1003,29,1,2010,1880584,467771,38130,,1,01,2026
2,1003,29,3,1220,35277,5,150,,0,01,2026
2,1003,29,9,2010,2260082,152816,47462,,0,01,2026
2,1003,30,1,2010,128961,3936,2150,,1,01,2026
2,1003,30,3,1220,39765,194,375,,0,01,2026
2,1003,30,8,1220,82234,6,4500,,0,01,2026
2,1003,30,9,1220,121488,154,9358,,0,01,2026
2,1003,32,1,1220,30574,102,689,,1,01,2026
2,1003,32,1,2010,177079,48092,5000,,1,01,2026
2,1003,33,1,1220,1295633,47527,9242,,1,01,2026
2,1003,33,3,1220,14898,40,102,,0,01,2026
2,1003,33,9,2010,57672,881,1211,,0,01,2026
2,1003,34,1,1220,2792,1356,11,,1,01,2026
2,1003,38,3,1220,14648,6,145,,0,01,2026
2,1003,39,1,1220,5220,64,117,,1,01,2026
2,1003,39,1,2010,840406,553092,49830,,1,01,2026
2,1003,39,3,1220,1200,2,5,,0,01,2026
2,1003,39,3,2010,5469,48,485,,0,01,2026
2,1003,40,1,1220,1120,2,34,,1,01,2026
2,1003,40,1,2010,2008,37,22,,1,01,2026
2,1003,49,1,2010,3398,663,146,,1,01,2026
2,1003,61,1,2010,21141,10098,3932,,1,01,2026
2,1003,62,1,2010,167677,87760,16571,,1,01,2026
2,1003,63,1,2010,36590,10915,2500,,1,01,2026
2,1003,64,3,2010,652,4,15,,0,01,2026
2,1003,69,1,2010,26992,33243,6159,,1,01,2026
2,1003,70,1,2010,75094,84903,2337,,1,01,2026
2,1003,71,3,1220,17267039,77,4321,,0,01,2026
2,1003,71,8,2010,11707,2,618,,0,01,2026
2,1003,73,1,1220,37160,3162,575,,1,01,2026
2,1003,73,1,2010,36516,13056,102,,1,01,2026
2,1003,76,3,1220,19250,3396,650,,0,01,2026
2,1003,83,1,2010,94996,8268,4178,,1,01,2026
2,1003,83,3,2010,14682,2414,197,,0,01,2026
2,1003,84,1,1220,148520,7531,10559,,1,01,2026
2,1003,84,1,2010,85827,5408,581,,1,01,2026
2,1003,84,3,1220,102138,1937,4452,,0,01,2026
2,1003,84,3,2010,179638,976,6185,,0,01,2026
2,1003,85,1,1220,18175,1369,516,,1,01,2026
2,1003,85,1,2010,867755,231395,5801,,1,01,2026
2,1003,85,3,1220,361663,112,485,,0,01,2026
2,1003,85,3,2010,31859,388,3462,,0,01,2026
2,1003,86,3,1220,10000,241,150,,0,01,2026
2,1003,87,1,1220,30921,679,700,,1,01,2026
2,1003,87,1,2010,83488301,46558145,632468,,0,01,2026
2,1003,87,1,2010,137101,5970,546,,1,01,2026
2,1003,87,5,1220,18317,5443,4000,,0,01,2026
2,1003,87,8,2010,10000,436,500,,0,01,2026
2,1003,88,3,1220,409973,87,448,,0,01,2026
2,1003,90,1,2010,115620,3700,1633,,1,01,2026
2,1003,90,3,1220,385012,860,7600,,0,01,2026
2,1003,90,3,2010,124675,567,3414,,0,01,2026
2,1003,94,1,2010,8876,805,476,,1,01,2026
2,1003,94,3,1220,47830,114,1139,,0,01,2026
2,1003,97,1,1220,17516,20,28,,1,01,2026
2,1003,97,3,2010,5831,0,2,,0,01,2026
2,1003,98,1,1220,39368,2974,5806,,1,01,2026
2,1003,98,1,2010,97946,19856,3000,,1,01,2026
2,1003,98,3,1220,1471129,1288,19582,,0,01,2026
2,1003,98,3,2010,15693590,18193,77769,,0,01,2026
2,1003,98,5,1220,61328,3722,3000,,0,01,2026
2,1003,98,8,1220,27665,498,1500,,0,01,2026
2,1012,05,3,1220,5800,24,594,,0,01,2026
2,1012,22,5,1220,2098,178,1,,0,01,2026
2,1012,29,3,1220,4983,2,87,,0,01,2026
2,1012,33,3,1220,12237,228,2258,,0,01,2026
2,1012,34,3,1220,47359,100,1013,,0,01,2026
2,1012,38,3,1220,25213,32,720,,0,01,2026
2,1012,39,3,1220,3634,13,34,,0,01,2026
2,1012,40,3,1220,8684,12,76,,0,01,2026
2,1012,40,5,1220,6056,80,912,,0,01,2026
2,1012,42,3,1220,8185,78,481,,0,01,2026
2,1012,48,3,1220,3375,112,80,,0,01,2026
2,1012,49,3,1220,9818,782,475,,0,01,2026
2,1012,61,3,1220,7115,39,164,,0,01,2026
2,1012,62,3,1220,39781,141,503,,0,01,2026
2,1012,64,3,1220,469,10,14,,0,01,2026
2,1012,65,3,1220,406,1,18,,0,01,2026
2,1012,68,3,1220,4959,8,174,,0,01,2026
2,1012,71,3,1220,111800630,2964,120807,,0,01,2026
2,1012,71,5,1220,174645747,11764,42803,,0,01,2026
2,1012,73,3,1220,7379,4,600,,0,01,2026
2,1012,75,3,1220,6125,29,500,,0,01,2026
2,1012,84,3,1220,712199,2250,10732,,0,01,2026
2,1012,85,3,1220,407094,3871,12093,,0,01,2026
2,1012,88,3,1220,408527,261,733,,0,01,2026
2,1012,90,3,1220,1615136,2872,10002,,0,01,2026
2,1012,90,5,1220,13826,48,906,,0,01,2026
2,1012,94,3,1220,55140,248,2978,,0,01,2026
2,1012,95,3,1220,33849,20,1000,,0,01,2026
2,1012,95,4,1220,2893,4,100,,0,01,2026
2,1012,97,3,1220,76033,98,1017,,0,01,2026
2,1012,98,3,1220,1845543,1195,14301,,0,01,2026
2,1012,98,4,1220,2436,1,20,,0,01,2026
2,1012,98,5,1220,882584,4137,2422,,0,01,2026
2,10XX,03,3,2010,411044,45599,45335,,0,01,2026
2,10XX,06,3,2010,412433,14083,51150,,0,01,2026
2,10XX,07,1,2010,5150,1160,936,,1,01,2026
2,10XX,09,1,2010,132518,30318,13339,,1,01,2026
2,10XX,09,3,2010,14420,3380,10544,,0,01,2026
2,10XX,14,1,2010,6705,1668,361,,1,01,2026
2,10XX,17,1,2010,18256,14832,2195,,1,01,2026
2,10XX,18,1,2010,5851,5492,1753,,1,01,2026
2,10XX,19,1,2010,116588,35313,12228,,1,01,2026
2,10XX,20,1,2010,5833,2475,750,,1,01,2026
2,10XX,22,1,2010,33808,29349,5023,,1,01,2026
2,10XX,22,3,2010,17232,2329,752,,0,01,2026
2,10XX,22,5,2010,106913,22998,1342,,0,01,2026
2,10XX,28,1,1220,21875,132,43,,1,01,2026
2,10XX,29,3,2010,155445,189,14098,,0,01,2026
2,10XX,30,3,2010,2178720,4924,49897,,0,01,2026
2,10XX,30,8,2010,42290,2,1500,,0,01,2026
2,10XX,33,1,1220,5685,302,25,,1,01,2026
2,10XX,35,1,2010,7040,1751,379,,1,01,2026
2,10XX,39,1,1220,1031,1,21,,1,01,2026
2,10XX,39,1,2010,1473,32,84,,1,01,2026
2,10XX,39,3,2010,44477,3963,4237,,0,01,2026
2,10XX,39,5,1220,124900,9196,1798,,0,01,2026
2,10XX,40,1,2010,313,22,58,,1,01,2026
2,10XX,40,3,2010,2570,17,76,,0,01,2026
2,10XX,40,5,1220,62490,6163,1499,,0,01,2026
2,10XX,42,3,2010,2211,3,46,,0,01,2026
2,10XX,44,5,1220,4476,404,150,,0,01,2026
2,10XX,48,3,1220,2323,11,25,,0,01,2026
2,10XX,49,3,2010,24406,424,1001,,0,01,2026
2,10XX,49,5,1220,7436,86,150,,0,01,2026
2,10XX,54,5,1220,5897,331,200,,0,01,2026
2,10XX,55,5,1220,2076,71,93,,0,01,2026
2,10XX,61,3,2010,243119,7525,532,,0,01,2026
2,10XX,62,3,2010,4112,10,12,,0,01,2026
2,10XX,63,3,2010,4204,1268,553,,0,01,2026
2,10XX,64,3,2010,285,1,0,,0,01,2026
2,10XX,69,1,2010,17738,16454,5250,,1,01,2026
2,10XX,70,5,1220,44980,1089,200,,0,01,2026
2,10XX,71,3,1220,44000,1,300,,0,01,2026
2,10XX,71,3,2010,251236,30,24583,,0,01,2026
2,10XX,73,5,1220,11378,666,430,,0,01,2026
2,10XX,76,5,1220,11654,928,150,,0,01,2026
2,10XX,83,1,1220,5116,223,261,,1,01,2026
2,10XX,83,5,1220,11040,44,100,,0,01,2026
2,10XX,84,3,1220,8534,21,22,,0,01,2026
2,10XX,84,3,2010,5037256,11261,31125,,0,01,2026
2,10XX,84,5,1220,106932,3747,1402,,0,01,2026
2,10XX,84,5,2010,5041598,23920,29471,,0,01,2026
2,10XX,85,1,2010,7293,55,145,,1,01,2026
2,10XX,85,3,1220,6096,29,28,,0,01,2026
2,10XX,85,3,2010,1819849,9275,27914,,0,01,2026
2,10XX,85,3,2010,5001,96,722,,1,01,2026
2,10XX,85,5,1220,66259,7484,717,,0,01,2026
2,10XX,85,5,2010,2264,114,6,,0,01,2026
2,10XX,85,5,2010,11810,76,530,,1,01,2026
2,10XX,86,5,1220,21501,674,240,,0,01,2026
2,10XX,87,3,2010,29828,641,2585,,0,01,2026
2,10XX,87,5,1220,86120,4986,1225,,0,01,2026
2,10XX,88,5,1220,114847,535,400,,0,01,2026
2,10XX,90,1,2010,2486,1,19,,1,01,2026
2,10XX,90,3,1220,15529,363,2500,,0,01,2026
2,10XX,90,3,2010,313592,1114,3612,,0,01,2026
2,10XX,90,5,1220,20462,236,406,,0,01,2026
2,10XX,94,3,2010,8622,93,49,,0,01,2026
2,10XX,94,5,1220,5858,195,438,,0,01,2026
2,10XX,97,3,2010,766420,790,3541,,0,01,2026
2,10XX,98,3,1220,10740,1,45,,0,01,2026
2,10XX,98,3,2010,434977,1456,5076,,0,01,2026
2,10XX,98,5,1220,17286,1253,513,,0,01,2026
2,11XX,03,3,2010,24979,2552,3404,,0,01,2026
2,11XX,12,3,2010,7555,1082,3145,,0,01,2026
2,11XX,20,1,2010,20160,19656,2000,,1,01,2026
2,11XX,25,1,1220,938995,43023000,1,,0,01,2026
2,11XX,25,1,2010,2547220,50440000,10000,,0,01,2026
2,11XX,27,1,1220,51328808,117553235,1325869,,0,01,2026
2,11XX,27,1,1220,29849,962,1336,,1,01,2026
2,11XX,27,1,2010,55500571,130635300,2811503,,0,01,2026
2,11XX,29,3,1220,50944,13,301,,0,01,2026
2,11XX,29,3,2010,59314,1280,2241,,0,01,2026
2,11XX,30,3,1220,2870,1,87,,0,01,2026
2,11XX,33,1,2010,254281,8693,5605,,1,01,2026
2,11XX,39,1,2010,377003,229842,22920,,1,01,2026
2,11XX,39,3,1220,17656,51,643,,0,01,2026
2,11XX,39,3,2010,2921,138,884,,0,01,2026
2,11XX,39,5,1220,335,64,144,,0,01,2026
2,11XX,40,1,1220,15163,2326,1516,,1,01,2026
2,11XX,40,1,2010,113407,20958,10679,,1,01,2026
2,11XX,40,3,2010,1030,1,332,,0,01,2026
2,11XX,42,3,2010,534,4,23,,0,01,2026
2,11XX,59,5,1220,614,35,15,,0,01,2026
2,11XX,60,5,1220,466,52,11,,0,01,2026
2,11XX,61,3,1220,281,1,25,,0,01,2026
2,11XX,62,3,1220,2718,7,192,,0,01,2026
2,11XX,62,3,2010,2674,7,112,,0,01,2026
2,11XX,70,3,1220,5321,54,208,,0,01,2026
2,11XX,70,3,2010,12663,6018,642,,0,01,2026
2,11XX,71,3,1220,9209,0,150,,0,01,2026
2,11XX,73,1,2010,5568,145,53,,1,01,2026
2,11XX,73,3,1220,7138,372,300,,0,01,2026
2,11XX,75,3,2010,21948,42,50,,0,01,2026
2,11XX,82,3,1220,6414,34,205,,0,01,2026
2,11XX,83,1,1220,5116,199,218,,1,01,2026
2,11XX,83,1,2010,4910,389,101,,1,01,2026
2,11XX,83,3,1220,3678,1,198,,0,01,2026
2,11XX,83,3,2010,9000,10,250,,0,01,2026
2,11XX,84,1,1220,20811,2290,599,,1,01,2026
2,11XX,84,1,2010,254945,7697,8690,,1,01,2026
2,11XX,84,3,1220,134823,745,8100,,0,01,2026
2,11XX,84,3,2010,23855,73,1468,,0,01,2026
2,11XX,84,5,2010,4143872,134588,32,,0,01,2026
2,11XX,85,1,1220,122545,4444,3753,,1,01,2026
2,11XX,85,1,2010,30417,684,406,,1,01,2026
2,11XX,85,3,1220,540082,1808,15441,,0,01,2026
2,11XX,85,3,1220,42305,35,500,,1,01,2026
2,11XX,85,3,2010,879011,5525,46102,,0,01,2026
2,11XX,85,5,2010,72234,2382,10,,0,01,2026
2,11XX,87,1,1220,15937,610,410,,1,01,2026
2,11XX,87,1,2010,27977858,2167162,682888,,0,01,2026
2,11XX,87,1,2010,270497,12365,2126,,1,01,2026
2,11XX,88,3,1220,65994,34,1121,,0,01,2026
2,11XX,88,3,2010,9529,9,1518,,0,01,2026
2,11XX,88,5,1220,351710,1514,7154,,0,01,2026
2,11XX,90,1,1220,18743,64,375,,1,01,2026
2,11XX,90,1,2010,1148187,3473,4707,,1,01,2026
2,11XX,90,3,1220,185768,943,2970,,0,01,2026
2,11XX,90,3,2010,623403,2481,17301,,0,01,2026
2,11XX,94,1,1220,668,18,12,,1,01,2026
2,11XX,94,3,1220,23074,3270,1397,,0,01,2026
2,11XX,94,5,1220,3750,165,330,,0,01,2026
2,11XX,95,3,1220,2255,159,186,,0,01,2026
2,11XX,98,1,2010,59999,25977,2100,,1,01,2026
2,11XX,98,3,1220,1594963,572,16193,,0,01,2026
2,11XX,98,3,2010,10415,1,250,,0,01,2026
2,11XX,98,5,1220,5040,320,326,,0,01,2026
2,11XX,98,9,1220,12340,120,2,,0,01,2026
2,1303,27,1,1220,8041651,19856773,575051,,0,01,2026
2,1303,39,1,1220,2052,27,3,,1,01,2026
2,1303,40,1,1220,906,3,15,,1,01,2026
2,1303,76,1,1220,82336926,30302967,4754865,,0,01,2026
2,1303,76,1,1220,19634923,6973889,1586719,,1,01,2026
2,1303,81,1,1220,18989926,351248,22400,,1,01,2026
2,1303,84,1,1220,197319,930,1565,,1,01,2026
2,1303,84,3,1220,5415,36,87,,0,01,2026
2,1303,85,1,1220,32957,1005,444,,1,01,2026
2,1303,88,1,1220,4490,3,5,,1,01,2026
2,13XX,16,5,2010,670190,28615,4006,,0,01,2026
2,13XX,25,1,2010,1277871,52158000,3000,,0,01,2026
2,13XX,26,1,2010,2980060,151287,11600,,1,01,2026
2,13XX,28,1,2010,101228,127090,7570,,1,01,2026
2,13XX,28,3,1220,26439,29,348,,0,01,2026
2,13XX,39,3,1220,337,35,500,,0,01,2026
2,13XX,40,1,2010,413,1,1,,1,01,2026
2,13XX,78,1,2010,2804765,1199130,47175,,1,01,2026
2,13XX,83,3,1220,18720,2335,442,,0,01,2026
2,13XX,84,3,1220,12522,5,1770,,0,01,2026
2,13XX,85,3,1220,13485,112,3329,,0,01,2026
2,13XX,85,3,2010,24124,1,550,,0,01,2026
2,13XX,87,1,2010,216569329,19785837,3693256,,0,01,2026
2,13XX,87,1,2010,7302,340,829,,1,01,2026
2,13XX,88,1,2010,227220,318,370,,1,01,2026
2,13XX,90,3,1220,3475,2,32,,0,01,2026
2,13XX,94,3,1220,6484,23,141,,0,01,2026
2,13XX,98,3,1220,7900,8,93,,0,01,2026
2,14XX,29,3,1220,2575,1,100,,0,01,2026
2,14XX,30,1,1220,9692,243,0,,1,01,2026
2,14XX,34,1,2010,78958,40700,6,,0,01,2026
2,14XX,39,1,2010,73765,40090,6,,0,01,2026
2,14XX,39,1,2010,21564,882,855,,1,01,2026
2,14XX,39,3,1220,297,39,1,,0,01,2026
2,14XX,39,5,1220,74972,4475,150,,0,01,2026
2,14XX,39,5,2010,57110,7598,3066,,0,01,2026
2,14XX,40,9,2010,108433,2711,1408,,0,01,2026
2,14XX,48,5,2010,30968,3194,2433,,0,01,2026
2,14XX,62,1,2010,295,21,0,,1,01,2026
2,14XX,63,1,2010,179710,6305,0,,1,01,2026
2,14XX,69,1,2010,156923,444579,42500,,1,01,2026
2,14XX,73,1,2010,10764843,2181213,45000,,0,01,2026
2,14XX,73,1,2010,14358,1230,187,,1,01,2026
2,14XX,73,9,2010,41552,4754,540,,0,01,2026
2,14XX,76,9,1220,4181824,1215868,83641,,0,01,2026
2,14XX,82,1,2010,836178,61731,28885,,1,01,2026
2,14XX,84,1,2010,1019296,102225,20149,,1,01,2026
2,14XX,84,3,2010,30979,233,535,,0,01,2026
2,14XX,84,5,2010,765447,50401,76576,,0,01,2026
2,14XX,84,9,2010,63848,879,830,,0,01,2026
2,14XX,85,1,2010,18391,993,1839,,1,01,2026
2,14XX,85,3,1220,104622,234,250,,0,01,2026
2,14XX,85,9,2010,95340,4,1240,,0,01,2026
2,14XX,87,1,2010,16296,811,642,,1,01,2026
2,14XX,90,1,2010,40777,1039,31,,1,01,2026
2,14XX,90,3,1220,55525,184,2014,,0,01,2026
2,14XX,90,3,2010,8109,4,2,,0,01,2026
2,14XX,94,5,1220,7250,22,150,,0,01,2026
2,14XX,95,5,2010,1843574,299283,22881,,0,01,2026
2,14XX,95,6,2010,114449,18055,1375,,0,01,2026
2,14XX,98,3,1220,2949,1,250,,0,01,2026
2,1502,39,3,2010,1000,4,22,,0,01,2026
2,15XX,22,5,2010,5392,743,322,,0,01,2026
2,15XX,24,9,2010,650880,71565,3900,,1,01,2026
2,15XX,25,1,1220,959330,43954000,1,,0,01,2026
2,15XX,27,1,1220,5976886,48257232,190907,,0,01,2026
2,15XX,38,3,1220,8791,4,75,,0,01,2026
2,15XX,39,1,2010,2379,22,30,,1,01,2026
2,15XX,39,3,2010,1498,1,43,,0,01,2026
2,15XX,39,5,1220,1865,176,250,,1,01,2026
2,15XX,40,1,2010,34997,8860,3000,,1,01,2026
2,15XX,42,1,2010,1837,34,20,,1,01,2026
2,15XX,42,3,1220,1148,185,51,,0,01,2026
2,15XX,48,3,1220,4829,25,63,,0,01,2026
2,15XX,59,3,2010,2688,86,3,,0,01,2026
2,15XX,61,3,1220,670,48,60,,0,01,2026
2,15XX,61,3,2010,22570,560,1858,,0,01,2026
2,15XX,62,3,1220,920,68,84,,0,01,2026
2,15XX,62,3,2010,5411,124,416,,0,01,2026
2,15XX,65,3,1220,280,19,28,,0,01,2026
2,15XX,71,3,1220,60096,44,1783,,0,01,2026
2,15XX,73,3,1220,3430,1,250,,0,01,2026
2,15XX,76,3,1220,7893,39,571,,0,01,2026
2,15XX,82,3,1220,4060,18,400,,0,01,2026
2,15XX,84,1,1220,2516,450,59,,1,01,2026
2,15XX,84,1,2010,4621,148,95,,0,01,2026
2,15XX,84,1,2010,14761,427,306,,1,01,2026
2,15XX,84,3,1220,129975,285,4518,,0,01,2026
2,15XX,84,3,2010,41473,475,2201,,0,01,2026
2,15XX,84,9,2010,9384575,94952,187696,,0,01,2026
2,15XX,84,9,2010,351146,3641,7023,,1,01,2026
2,15XX,85,3,1220,446945,5400,2419,,0,01,2026
2,15XX,85,3,2010,59979,758,1000,,0,01,2026
2,15XX,85,9,2010,36680,1011,734,,0,01,2026
2,15XX,88,3,1220,17477500,45026,1379130,,0,01,2026
2,15XX,90,1,2010,7970,14,188,,1,01,2026
2,15XX,90,3,1220,1630471,9172,8387,,0,01,2026
2,15XX,90,3,2010,123280,122,1623,,0,01,2026
2,15XX,94,3,1220,13219,1905,1913,,0,01,2026
2,15XX,94,8,2010,437,60,1500,,0,01,2026
2,15XX,98,3,1220,281595,136,4616,,0,01,2026
2,15XX,98,3,2010,215877,34,1400,,0,01,2026
2,15XX,98,5,1220,7715,3054,2302,,0,01,2026
2,15XX,98,9,2010,67575,12859,1000,,1,01,2026
2,1603,73,1,1220,132096,30720,4254,,1,01,2026
2,1603,83,3,1220,14850,5,150,,0,01,2026
2,1603,83,9,1220,440559,53920,5727,,0,01,2026
2,1603,84,3,1220,82125,4495,79575,,0,01,2026
2,1603,84,9,1220,161498,2239,2098,,0,01,2026
2,1603,85,3,1220,7892,64,626,,0,01,2026
2,1603,87,9,1220,709135,228718,9218,,0,01,2026
2,1603,98,1,1220,41022,15580,1322,,1,01,2026
2,1603,98,3,1220,11000,4,361,,0,01,2026
2,16XX,08,1,2010,86508,25411,6352,,1,01,2026
2,16XX,09,1,2010,1070760,100300,5000,,1,01,2026
2,16XX,25,1,1220,962550,69768790,17500,,0,01,2026
2,16XX,27,1,1220,7370752,10692165,117894,,0,01,2026
2,16XX,28,3,1220,28925,35,100,,0,01,2026
2,16XX,29,1,2010,292036,366894,66270,,1,01,2026
2,16XX,33,5,1220,68044,3402,476,,0,01,2026
2,16XX,39,1,1220,945,22,6,,1,01,2026
2,16XX,39,1,2010,201026,167469,20434,,1,01,2026
2,16XX,39,3,2010,16090,84,546,,0,01,2026
2,16XX,39,5,2010,70649,4044,210,,0,01,2026
2,16XX,39,9,1220,2866208,4214089,53963,,0,01,2026
2,16XX,39,9,1220,8750624,10790448,65090,,1,01,2026
2,16XX,39,9,2010,336764,70851,5250,,0,01,2026
2,16XX,40,3,1220,682,1,300,,1,01,2026
2,16XX,40,3,2010,2320,21,600,,0,01,2026
2,16XX,40,9,2010,1429892,228057,22628,,0,01,2026
2,16XX,42,1,2010,1928,41,5,,1,01,2026
2,16XX,49,1,2010,3931,66,516,,1,01,2026
2,16XX,55,1,2010,286458,199592,12640,,1,01,2026
2,16XX,57,9,2010,103420,11294,1345,,0,01,2026
2,16XX,63,3,1220,23974,95,138,,0,01,2026
2,16XX,65,1,2010,5536,24,38,,1,01,2026
2,16XX,70,9,2010,48907,2659,978,,0,01,2026
2,16XX,73,1,1220,557216,140712,10296,,1,01,2026
2,16XX,73,1,2010,11332,4058,516,,1,01,2026
2,16XX,73,3,1220,3416,7,14,,0,01,2026
2,16XX,73,9,2010,50243,8198,1275,,0,01,2026
2,16XX,75,3,1220,4585,15,40,,0,01,2026
2,16XX,82,3,1220,6994,57,400,,0,01,2026
2,16XX,83,9,2010,1434607,92180,18883,,0,01,2026
2,16XX,84,1,2010,38542,1498,2737,,1,01,2026
2,16XX,84,3,1220,234861,114,520,,0,01,2026
2,16XX,84,3,2010,20779,977,2202,,0,01,2026
2,16XX,84,9,2010,2584857,100638,35053,,0,01,2026
2,16XX,85,1,2010,60963,3026,371,,1,01,2026
2,16XX,85,3,1220,266971,276,5999,,0,01,2026
2,16XX,85,3,2010,689359,2125,19131,,0,01,2026
2,16XX,85,9,2010,11231771,281129,194881,,0,01,2026
2,16XX,87,1,1220,2029,230,68,,1,01,2026
2,16XX,87,1,2010,482727,36047,6274,,1,01,2026
2,16XX,87,3,2010,5313,382,128,,0,01,2026
2,16XX,87,9,2010,74540956,19175750,1029358,,0,01,2026
2,16XX,87,9,2010,47245,2817,614,,1,01,2026
2,16XX,88,3,1220,11631,24,39,,0,01,2026
2,16XX,90,1,2010,3570,35,56,,0,01,2026
2,16XX,90,1,2010,13899,288,166,,1,01,2026
2,16XX,90,3,1220,145311,129,349,,0,01,2026
2,16XX,90,3,2010,50894,202,356,,0,01,2026
2,16XX,94,3,2010,2605,346,148,,0,01,2026
2,16XX,94,9,2010,19020,3994,246,,0,01,2026
2,16XX,98,1,1220,56752,18616,1048,,1,01,2026
2,16XX,98,3,1220,228576,113,578,,0,01,2026
2,16XX,98,3,2010,125159,334,835,,0,01,2026
2,16XX,98,9,2010,1015883,16873,13211,,0,01,2026
2,1704,24,5,1220,362244,32860,200,,0,01,2026
2,1704,30,3,1220,350343,2140,9570,,0,01,2026
2,1704,39,3,1220,24809,2385,1025,,0,01,2026
2,1704,39,5,1220,7067,297,50,,0,01,2026
2,1704,40,1,1220,1185,57,194,,0,01,2026
2,1704,40,3,1220,14258,116,50,,0,01,2026
2,1704,42,3,1220,2418,21,5,,0,01,2026
2,1704,49,3,1220,10915,146,1091,,0,01,2026
2,1704,54,5,1220,51630,2241,918,,0,01,2026
2,1704,59,5,1220,1915546,29159,23824,,0,01,2026
2,1704,73,3,1220,11300,67,660,,0,01,2026
2,1704,74,3,1220,19720,90,1001,,0,01,2026
2,1704,82,3,1220,5608,45,101,,0,01,2026
2,1704,83,3,1220,9234,18,500,,0,01,2026
2,1704,84,1,1220,4951,262,259,,0,01,2026
2,1704,84,3,1220,1185371,1255,11160,,0,01,2026
2,1704,85,3,1220,1404748,1745,9857,,0,01,2026
2,1704,88,3,1220,1846941,3928,16544,,0,01,2026
2,1704,88,3,1220,28780,6,250,,1,01,2026
2,1704,90,3,1220,918153,1977,2561,,0,01,2026
2,1704,94,3,1220,80424,4745,655,,0,01,2026
2,1704,94,5,1220,1456,49,14,,0,01,2026
2,1704,98,3,1220,1609224,2553,11591,,0,01,2026
2,1704,98,3,1220,6934,5,250,,1,01,2026
2,1704,98,5,1220,19852,618,1345,,0,01,2026
2,17XX,06,3,2010,801364,28282,107109,,0,01,2026
2,17XX,12,3,2010,40044,5516,11205,,0,01,2026
2,17XX,17,1,2010,2744953,7575000,121200,,0,01,2026
2,17XX,22,1,2010,1652668,1813070,96845,,1,01,2026
2,17XX,25,1,1220,887080,40644000,1,,0,01,2026
2,17XX,27,1,1220,6169152,9731531,123756,,0,01,2026
2,17XX,27,1,2010,6648423,19764044,400165,,0,01,2026
2,17XX,30,1,2010,137762,587,710,,1,01,2026
2,17XX,30,3,1220,31860,64,526,,0,01,2026
2,17XX,38,3,2010,187383,612,1836,,0,01,2026
2,17XX,39,1,1220,8705,151,175,,1,01,2026
2,17XX,39,3,1220,13476,1250,170,,0,01,2026
2,17XX,39,3,2010,77436,1148,1469,,0,01,2026
2,17XX,40,1,2010,2715,134,80,,1,01,2026
2,17XX,40,3,1220,5601,1,75,,0,01,2026
2,17XX,40,3,2010,21447,5027,21728,,0,01,2026
2,17XX,42,3,2010,2422,2,2,,0,01,2026
2,17XX,44,1,2010,103396,31142,30228,,1,01,2026
2,17XX,56,1,1220,968,2,24,,1,01,2026
2,17XX,57,3,2010,294,16,4,,0,01,2026
2,17XX,62,3,1220,273,1,0,,0,01,2026
2,17XX,64,3,2010,7827,130,500,,0,01,2026
2,17XX,69,3,2010,12135,1794,57,,0,01,2026
2,17XX,70,3,2010,4831,304,33,,0,01,2026
2,17XX,73,1,1220,18704,1039,527,,1,01,2026
2,17XX,73,1,2010,2888,283,99,,1,01,2026
2,17XX,73,3,1220,5994,1,17,,0,01,2026
2,17XX,73,3,2010,252706,539,1745,,0,01,2026
2,17XX,76,1,1220,8889502,3197674,854364,,1,01,2026
2,17XX,76,1,2010,9369,2269,333,,1,01,2026
2,17XX,76,3,1220,53496,2848,125,,0,01,2026
2,17XX,84,1,1220,14499,468,416,,1,01,2026
2,17XX,84,1,2010,8286,167,484,,0,01,2026
2,17XX,84,1,2010,95075,1803,889,,1,01,2026
2,17XX,84,3,1220,208122,1206,2309,,0,01,2026
2,17XX,84,3,2010,16763235,52996,101736,,0,01,2026
2,17XX,85,1,1220,147499,7864,3377,,1,01,2026
2,17XX,85,1,2010,82410,2327,2623,,1,01,2026
2,17XX,85,3,1220,148062,23,227,,0,01,2026
2,17XX,85,3,2010,4395998,10836,50836,,0,01,2026
2,17XX,85,3,2010,8837,105,884,,1,01,2026
2,17XX,85,8,2010,3089,16,3,,0,01,2026
2,17XX,87,1,1220,85099,5977,1721,,1,01,2026
2,17XX,87,1,2010,145462423,11490353,6232858,,0,01,2026
2,17XX,87,1,2010,106310,5324,6344,,1,01,2026
2,17XX,87,3,2010,37026,1629,1299,,0,01,2026
2,17XX,88,3,1220,266794,142,998,,0,01,2026
2,17XX,88,3,2010,34646,60,1593,,0,01,2026
2,17XX,90,1,1220,3849,22,93,,1,01,2026
2,17XX,90,1,2010,75172,424,7245,,1,01,2026
2,17XX,90,3,1220,14543,22,75,,0,01,2026
2,17XX,90,3,2010,3170786,12221,16849,,0,01,2026
2,17XX,94,1,1220,761,16,15,,1,01,2026
2,17XX,94,1,2010,858,180,13,,1,01,2026
2,17XX,94,3,2010,37729,288,1228,,0,01,2026
2,17XX,96,1,1220,7467,186,3,,1,01,2026
2,17XX,98,3,1220,146411,18,75,,0,01,2026
2,17XX,98,3,2010,688110,941,6833,,0,01,2026
2,17XX,98,3,2010,30000,34,57,,1,01,2026
2,18XX,03,1,2010,1746202,189094,51016,,1,01,2026
2,18XX,03,3,2010,406351,24033,26308,,0,01,2026
2,18XX,07,1,2010,10141,24494,1,,0,01,2026
2,18XX,07,1,2010,838774,1532028,253000,,1,01,2026
2,18XX,08,1,2010,1041453,1431424,304000,,1,01,2026
2,18XX,09,1,2010,544658,57145,5501,,1,01,2026
2,18XX,11,1,2010,186503,222270,22001,,1,01,2026
2,18XX,12,1,2010,262080,38102,5000,,1,01,2026
2,18XX,16,1,2010,122502,5395,2650,,1,01,2026
2,18XX,17,1,2010,151319,143680,2,,0,01,2026
2,18XX,17,1,2010,270411,304236,2636,,1,01,2026
2,18XX,19,1,2010,457258,107763,35739,,1,01,2026
2,18XX,20,1,2010,229683,155440,3,,0,01,2026
2,18XX,20,1,2010,4280160,4507139,213500,,1,01,2026
2,18XX,22,1,2010,11992368,1864309,359126,,1,01,2026
2,18XX,22,5,1220,2069,250,39,,0,01,2026
2,18XX,22,5,2010,95048,20840,5000,,0,01,2026
2,18XX,22,9,2010,446065,138961,900,,0,01,2026
2,18XX,24,5,2010,12180,390,828,,0,01,2026
2,18XX,25,1,1220,27607719,283699950,60001,,0,01,2026
2,18XX,25,1,2010,320124,1280611,110101,,1,01,2026
2,18XX,27,1,1220,10414852,15126911,166584,,0,01,2026
2,18XX,27,1,2010,2121483,26943541,414317,,1,01,2026
2,18XX,28,1,2010,585911,599180,242900,,1,01,2026
2,18XX,31,1,2010,33666,19350,3900,,1,01,2026
2,18XX,33,1,2010,383000,20000,5000,,1,01,2026
2,18XX,34,1,2010,58933,20000,2000,,1,01,2026
2,18XX,39,1,2010,896546,119989,12201,,1,01,2026
2,18XX,39,3,1220,11343,142,1471,,0,01,2026
2,18XX,39,3,2010,6611,203,603,,0,01,2026
2,18XX,39,5,1220,12536,44,15,,0,01,2026
2,18XX,40,1,2010,896788,128777,74310,,1,01,2026
2,18XX,42,1,2010,123083,9108,190,,1,01,2026
2,18XX,42,5,1220,3308,4,18,,0,01,2026
2,18XX,44,1,1220,4900,1540,0,,0,01,2026
2,18XX,44,1,2010,210742,183634,19123,,1,01,2026
2,18XX,48,3,2010,5850,334,500,,0,01,2026
2,18XX,49,3,2010,2195,242,566,,0,01,2026
2,18XX,55,1,2010,48944,8774,3,,1,01,2026
2,18XX,57,1,2010,80354,19494,5000,,1,01,2026
2,18XX,61,1,2010,1717017,42020,23857,,1,01,2026
2,18XX,61,5,1220,98349,6843,49,,0,01,2026
2,18XX,61,8,2010,364,8,48,,0,01,2026
2,18XX,62,1,2010,10813027,1049615,139439,,1,01,2026
2,18XX,62,5,1220,253112,3635,60,,0,01,2026
2,18XX,63,1,2010,25482,2054,103,,1,01,2026
2,18XX,64,1,2010,174731,3775,993,,1,01,2026
2,18XX,64,5,1220,22311,25,5,,0,01,2026
2,18XX,65,1,2010,72976,1573,559,,1,01,2026
2,18XX,65,5,1220,11668,569,2,,0,01,2026
2,18XX,65,8,2010,592,31,231,,0,01,2026
2,18XX,68,1,2010,65120,226461,1759,,1,01,2026
2,18XX,69,1,2010,2744837,3694922,395889,,1,01,2026
2,18XX,70,1,2010,968500,236790,38921,,1,01,2026
2,18XX,71,3,1220,2760,0,150,,0,01,2026
2,18XX,71,8,1220,13500,0,22,,0,01,2026
2,18XX,71,8,2010,31070,29,283,,0,01,2026
2,18XX,73,1,1220,5270,17,0,,0,01,2026
2,18XX,73,1,2010,674197,136570,59540,,1,01,2026
2,18XX,76,1,2010,727359,82052,18750,,1,01,2026
2,18XX,76,3,1220,16916,31,958,,0,01,2026
2,18XX,83,3,1220,4948,3,60,,0,01,2026
2,18XX,84,1,1220,4800,39,0,,0,01,2026
2,18XX,84,1,2010,15992703,1731037,1797163,,1,01,2026
2,18XX,84,3,1220,803389,1768,2032,,0,01,2026
2,18XX,84,3,1220,9739,11,300,,1,01,2026
2,18XX,84,3,2010,60754,461,1314,,0,01,2026
2,18XX,84,5,1220,48920,1350,250,,0,01,2026
2,18XX,85,1,2010,357496,9342,1799,,0,01,2026
2,18XX,85,1,2010,4164088,297543,292380,,1,01,2026
2,18XX,85,3,1220,514726,1463,13020,,0,01,2026
2,18XX,85,3,2010,25379,1884,173,,0,01,2026
2,18XX,85,5,1220,3800,193,50,,0,01,2026
2,18XX,87,1,2010,154044775,30501274,353425,,0,01,2026
2,18XX,87,1,2010,856074,83471,25163,,1,01,2026
2,18XX,87,5,1220,21300,11072,268,,0,01,2026
2,18XX,87,8,1220,12370,2268,120,,0,01,2026
2,18XX,88,3,1220,765057,576,11430,,0,01,2026
2,18XX,88,3,2010,197084,1119,2750,,0,01,2026
2,18XX,89,1,2010,1156455,69177,12574,,1,01,2026
2,18XX,89,5,2010,8200,774,150,,0,01,2026
2,18XX,90,1,2010,48594,952,919,,1,01,2026
2,18XX,90,3,1220,882316,2408,11112,,0,01,2026
2,18XX,90,3,2010,9279,17,860,,0,01,2026
2,18XX,94,1,1220,26445,222,0,,0,01,2026
2,18XX,94,1,2010,2106422,261002,104914,,1,01,2026
2,18XX,94,5,1220,13149,468,174,,0,01,2026
2,18XX,98,1,2010,211717,210121,4623,,0,01,2026
2,18XX,98,1,2010,6057107,198847,20655,,1,01,2026
2,18XX,98,3,1220,580043,452,11136,,0,01,2026
2,18XX,98,3,2010,6500,7,65,,0,01,2026
2,18XX,98,5,1220,5250,47,550,,0,01,2026
2,18XX,98,5,2010,53674,5557,1336,,0,01,2026
2,18XX,98,8,1220,342665,43963,4532,,0,01,2026
2,19XX,23,1,2010,8589,156180,1499,,1,01,2026
2,19XX,25,6,2010,88295,518239,300,,1,01,2026
2,19XX,27,1,2010,127700514,328262573,4696213,,0,01,2026
2,19XX,28,1,2010,1316153,4803000,62,,0,01,2026
2,19XX,28,1,2010,857517,1071849,12832,,1,01,2026
2,19XX,29,1,2010,113958,70050,20334,,0,01,2026
2,19XX,29,1,2010,1191062,1739090,63145,,1,01,2026
2,19XX,31,1,2010,231795,182237,12318,,1,01,2026
2,19XX,32,3,1220,5894,48,589,,0,01,2026
2,19XX,33,5,1220,78560,3348,501,,0,01,2026
2,19XX,34,1,2010,213467,82320,21839,,1,01,2026
2,19XX,34,3,1220,6866,7,687,,0,01,2026
2,19XX,35,3,1220,19711,64,1971,,0,01,2026
2,19XX,38,1,2010,108033,160240,2750,,0,01,2026
2,19XX,38,1,2010,266978,250660,10500,,1,01,2026
2,19XX,39,1,2010,1860557,2733594,29835,,0,01,2026
2,19XX,39,1,2010,1484258,1799261,117862,,1,01,2026
2,19XX,39,3,1220,40149,461,4918,,0,01,2026
2,19XX,40,3,1220,2321,8,264,,0,01,2026
2,19XX,67,5,1220,262,13,2,,0,01,2026
2,19XX,70,1,2010,8342,316,263,,1,01,2026
2,19XX,71,3,1220,3470,0,160,,0,01,2026
2,19XX,72,1,2010,85277924,155040094,8527793,,0,01,2026
2,19XX,72,1,2010,580658,1471782,7509,,1,01,2026
2,19XX,73,3,1220,17944,92,1577,,0,01,2026
2,19XX,75,1,2010,76811,14060,2867,,1,01,2026
2,19XX,76,3,1220,58333,33,5835,,0,01,2026
2,19XX,81,3,1220,6122,6,612,,0,01,2026
2,19XX,82,3,1220,2820,15,282,,0,01,2026
2,19XX,83,3,1220,41595,13,4160,,0,01,2026
2,19XX,83,5,1220,6139,62,614,,0,01,2026
2,19XX,84,3,1220,29000,411,1493,,0,01,2026
2,19XX,84,3,2010,9864,395,137,,0,01,2026
2,19XX,84,9,2010,5172,2,68,,0,01,2026
2,19XX,85,1,2010,30692,1806,399,,1,01,2026
2,19XX,85,3,1220,90826,1231,8305,,0,01,2026
2,19XX,85,3,2010,53628,1554,2607,,0,01,2026
2,19XX,88,3,1220,170847,186,10279,,0,01,2026
2,19XX,88,9,2010,6710,9,87,,0,01,2026
2,19XX,90,3,1220,621498,337,3601,,0,01,2026
2,19XX,90,3,2010,4694,42,209,,0,01,2026
2,19XX,94,5,2010,2100,21,210,,0,01,2026
2,19XX,98,3,1220,3565068,788,14307,,0,01,2026
2,19XX,98,5,1220,8089,82,809,,0,01,2026
2,2006,27,7,1220,1459196,0,218041,,0,01,2026
2,2006,39,1,1220,392,5,2,,1,01,2026
2,2006,39,3,1220,7780,96,659,,0,01,2026
2,2006,84,3,1220,3178737,4499,15678,,0,01,2026
2,2006,84,3,1220,379861,340,2500,,1,01,2026
2,2006,85,3,1220,33028,21,3750,,0,01,2026
2,2006,90,3,1220,46226,145,1329,,0,01,2026
2,2006,98,3,1220,146289,1079,5912,,0,01,2026
2,2007,22,1,2010,28381,17157,3836,,1,01,2026
2,2007,62,3,2010,7119,157,196,,0,01,2026
2,2007,84,3,2010,46217,857,234,,0,01,2026
2,2007,85,3,2010,9813600,1777,0,,0,01,2026
2,20XX,08,3,1220,5267,11,650,,0,01,2026
2,20XX,09,1,2010,13866322,1632791,93130,,1,01,2026
2,20XX,09,3,1220,6602,349,312,,0,01,2026
2,20XX,09,3,2010,8065,552,650,,0,01,2026
2,20XX,10,3,2010,43237,16624,4350,,0,01,2026
2,20XX,12,3,1220,8735,40,900,,0,01,2026
2,20XX,13,3,1220,3578,1,500,,0,01,2026
2,20XX,17,3,1220,3240,86,650,,0,01,2026
2,20XX,18,3,1220,2940,11,650,,0,01,2026
2,20XX,21,3,1220,7616,171,650,,0,01,2026
2,20XX,21,3,2010,29800,138,1950,,0,01,2026
2,20XX,21,6,2010,965425,410460,10000,,1,01,2026
2,20XX,22,5,1220,536265,377260,30018,,0,01,2026
2,20XX,22,6,1220,503158,557183,14000,,1,01,2026
2,20XX,22,6,2010,125079,128283,4000,,1,01,2026
2,20XX,25,1,2010,7533526,15015052,1,,0,01,2026
2,20XX,25,3,2010,9386,2000,650,,0,01,2026
2,20XX,27,1,2010,89187448,261111742,4880559,,0,01,2026
2,20XX,27,3,1220,7409,657,1100,,0,01,2026
2,20XX,28,1,2010,23333450,16700000,780400,,0,01,2026
2,20XX,28,3,1220,10314378,35998,386556,,0,01,2026
2,20XX,28,3,2010,9539,163,1950,,0,01,2026
2,20XX,29,1,2010,7837460,7599871,298888,,1,01,2026
2,20XX,29,3,1220,2461133,7033,45034,,0,01,2026
2,20XX,29,3,2010,10391,43,1050,,0,01,2026
2,20XX,30,3,1220,480123,695,23035,,0,01,2026
2,20XX,31,1,2010,24721599,37255780,1303986,,0,01,2026
2,20XX,32,1,2010,750832,332480,10768,,1,01,2026
2,20XX,32,3,1220,11535,194,650,,0,01,2026
2,20XX,33,3,1220,65835,643,7313,,0,01,2026
2,20XX,33,3,2010,20065,1060,1750,,0,01,2026
2,20XX,34,3,1220,5130,14,450,,0,01,2026
2,20XX,34,3,2010,6624,116,555,,0,01,2026
2,20XX,35,3,1220,268147,37859,6509,,0,01,2026
2,20XX,37,3,1220,5610,3,450,,0,01,2026
2,20XX,38,3,1220,1690288,1965,77750,,0,01,2026
2,20XX,38,3,2010,833928,16654,11565,,0,01,2026
2,20XX,38,5,1220,3885,1,450,,0,01,2026
2,20XX,39,3,1220,2408167,60031,94389,,0,01,2026
2,20XX,39,3,2010,1576488,56560,88219,,0,01,2026
2,20XX,39,5,1220,5374,57,369,,0,01,2026
2,20XX,39,5,2010,1310,1,26,,0,01,2026
2,20XX,40,1,2010,963,8,97,,1,01,2026
2,20XX,40,3,1220,461836,2872,30271,,0,01,2026
2,20XX,40,3,2010,754746,23698,62300,,0,01,2026
2,20XX,40,5,2010,10211,36,1036,,0,01,2026
2,20XX,40,9,2010,1194,4,16,,0,01,2026
2,20XX,41,3,1220,6835,113,1141,,0,01,2026
2,20XX,41,3,2010,16073,882,2300,,0,01,2026
2,20XX,42,3,1220,343335,5478,18589,,0,01,2026
2,20XX,42,3,2010,232361,2454,8816,,0,01,2026
2,20XX,43,3,1220,25140,104,432,,0,01,2026
2,20XX,44,3,1220,2400,205,450,,0,01,2026
2,20XX,44,3,2010,23263,2133,650,,0,01,2026
2,20XX,45,3,1220,3684,10,450,,0,01,2026
2,20XX,48,3,1220,202170,8304,17120,,0,01,2026
2,20XX,48,3,2010,47016,601,1755,,0,01,2026
2,20XX,49,3,1220,816596,9902,46002,,0,01,2026
2,20XX,49,3,2010,293126,13309,16539,,0,01,2026
2,20XX,50,3,1220,408,20,0,,0,01,2026
2,20XX,50,3,2010,675,4,0,,0,01,2026
2,20XX,51,3,1220,2793,70,0,,0,01,2026
2,20XX,51,3,2010,3616,313,650,,0,01,2026
2,20XX,52,3,1220,356,9,0,,0,01,2026
2,20XX,52,3,2010,5189,390,0,,0,01,2026
2,20XX,53,3,1220,2430,1,0,,0,01,2026
2,20XX,53,3,2010,600,1,0,,0,01,2026
2,20XX,54,3,1220,15009,273,650,,0,01,2026
2,20XX,54,3,2010,4429,86,0,,0,01,2026
2,20XX,55,3,1220,10272,193,450,,0,01,2026
2,20XX,55,3,2010,2400,9,298,,0,01,2026
2,20XX,56,3,1220,22233,728,1758,,0,01,2026
2,20XX,56,3,2010,2709,185,0,,0,01,2026
2,20XX,57,3,1220,437,64,0,,0,01,2026
2,20XX,57,3,2010,2608,150,4000,,0,01,2026
2,20XX,58,3,1220,45520,454,1070,,0,01,2026
2,20XX,58,3,2010,1246093,8887,17343,,0,01,2026
2,20XX,59,3,1220,64196,756,3746,,0,01,2026
2,20XX,59,3,2010,32193,490,1005,,0,01,2026
2,20XX,60,3,1220,15520,174,1200,,0,01,2026
2,20XX,60,3,2010,6950,197,650,,0,01,2026
2,20XX,61,3,1220,140541,1103,4544,,0,01,2026
2,20XX,61,3,2010,86920,2002,4890,,0,01,2026
2,20XX,62,3,1220,247638,1215,4479,,0,01,2026
2,20XX,62,3,2010,197405,3196,8463,,0,01,2026
2,20XX,63,1,2010,2129,8,7,,1,01,2026
2,20XX,63,3,1220,186608,1441,4461,,0,01,2026
2,20XX,63,3,2010,42618,1262,2900,,0,01,2026
2,20XX,64,3,1220,44545,823,42,,0,01,2026
2,20XX,64,3,2010,183963,4146,4226,,0,01,2026
2,20XX,64,5,1220,400,3,8,,0,01,2026
2,20XX,65,1,2010,2677,11,9,,1,01,2026
2,20XX,65,3,1220,22397,143,1213,,0,01,2026
2,20XX,65,3,2010,62545,2484,4900,,0,01,2026
2,20XX,66,3,1220,1456,9,0,,0,01,2026
2,20XX,66,3,2010,300,4,0,,0,01,2026
2,20XX,67,3,1220,2915,12,0,,0,01,2026
2,20XX,68,3,1220,24494,1204,1799,,0,01,2026
2,20XX,68,3,2010,159352,247,11959,,0,01,2026
2,20XX,68,9,2010,12046,1312,156,,0,01,2026
2,20XX,69,3,2010,74002,65,1289,,0,01,2026
2,20XX,70,3,1220,73498,880,3060,,0,01,2026
2,20XX,70,3,2010,471958,5872,24320,,0,01,2026
2,20XX,71,3,1220,8938310,1254,139583,,0,01,2026
2,20XX,71,3,2010,11700068,1164,39675,,0,01,2026
2,20XX,71,5,1220,9500,2,543,,0,01,2026
2,20XX,72,1,2010,1342568,1386736,44168,,0,01,2026
2,20XX,72,3,1220,14834,972,764,,0,01,2026
2,20XX,72,3,2010,25982,1919,1850,,0,01,2026
2,20XX,73,1,1220,2739,1009,537,,1,01,2026
2,20XX,73,3,1220,837669,19742,32902,,0,01,2026
2,20XX,73,3,2010,519204,11675,36467,,0,01,2026
2,20XX,73,5,1220,6804,98,650,,0,01,2026
2,20XX,73,9,2010,6217,9,81,,0,01,2026
2,20XX,74,3,1220,48667,119,3279,,0,01,2026
2,20XX,74,3,2010,84522,2274,10132,,0,01,2026
2,20XX,75,3,1220,829441,1331,31604,,0,01,2026
2,20XX,75,3,2010,124741,28,745,,0,01,2026
2,20XX,76,3,1220,357147,3291,16696,,0,01,2026
2,20XX,76,3,2010,83812,1070,7980,,0,01,2026
2,20XX,78,3,1220,8841,31,650,,0,01,2026
2,20XX,79,3,1220,5500,26,450,,0,01,2026
2,20XX,81,3,1220,311266,875,15297,,0,01,2026
2,20XX,81,3,2010,14958,270,784,,0,01,2026
2,20XX,82,3,1220,615418,6275,28113,,0,01,2026
2,20XX,82,3,2010,45698,324,5068,,0,01,2026
2,20XX,82,9,2010,163248,6,2123,,0,01,2026
2,20XX,83,3,1220,776479,12730,50549,,0,01,2026
2,20XX,83,3,2010,307818,5756,21182,,0,01,2026
2,20XX,83,9,2010,3730,14,48,,0,01,2026
2,20XX,84,1,1220,11631,4554,2280,,1,01,2026
2,20XX,84,1,2010,886964,160019,14347,,1,01,2026
2,20XX,84,3,1220,48577499,216505,828827,,0,01,2026
2,20XX,84,3,2010,129715999,396412,521688,,0,01,2026
2,20XX,84,5,1220,170247,14065,13161,,0,01,2026
2,20XX,84,5,2010,364364,44107,7585,,0,01,2026
2,20XX,84,9,2010,13497465,1085230,175473,,0,01,2026
2,20XX,85,1,2010,10869,510,809,,1,01,2026
2,20XX,85,3,1220,59726240,296747,1414024,,0,01,2026
2,20XX,85,3,2010,106715347,500503,993579,,0,01,2026
2,20XX,85,5,1220,46442,5362,5343,,0,01,2026
2,20XX,85,6,2010,2410,378,19,,1,01,2026
2,20XX,85,9,2010,141609,26638,1842,,0,01,2026
2,20XX,86,3,1220,19869,137,1850,,0,01,2026
2,20XX,86,3,2010,47895,3504,2259,,0,01,2026
2,20XX,87,3,1220,193700,3537,15071,,0,01,2026
2,20XX,87,3,2010,674825,47872,66506,,0,01,2026
2,20XX,87,5,1220,13101,220,1850,,0,01,2026
2,20XX,87,5,2010,649423,111037,5242,,0,01,2026
2,20XX,87,9,2010,25394445,1721695,218015,,0,01,2026
2,20XX,88,3,1220,12365797,13680,246017,,0,01,2026
2,20XX,88,3,2010,1558292,2679,54079,,0,01,2026
2,20XX,90,1,1220,212000,45,1,,0,01,2026
2,20XX,90,1,2010,8846,160,12,,0,01,2026
2,20XX,90,1,2010,52404,838,1044,,1,01,2026
2,20XX,90,3,1220,37606774,171498,922491,,0,01,2026
2,20XX,90,3,2010,22231103,121327,299966,,0,01,2026
2,20XX,90,5,1220,5020,52,900,,0,01,2026
2,20XX,90,9,2010,4601,2,60,,0,01,2026
2,20XX,91,3,1220,178050,21,4248,,0,01,2026
2,20XX,92,3,1220,341419,1428,22739,,0,01,2026
2,20XX,92,3,2010,6000,17,450,,0,01,2026
2,20XX,94,3,1220,5405495,110661,73401,,0,01,2026
2,20XX,94,3,2010,465443,21654,28358,,0,01,2026
2,20XX,94,5,1220,253,10,5,,0,01,2026
2,20XX,95,3,1220,210727,7939,11864,,0,01,2026
2,20XX,95,3,2010,161417,3566,10513,,0,01,2026
2,20XX,96,3,1220,26360,877,3032,,0,01,2026
2,20XX,96,3,2010,9504,167,450,,0,01,2026
2,20XX,97,3,1220,194815,719,10449,,0,01,2026
2,20XX,97,3,2010,39609,271,2675,,0,01,2026
2,20XX,98,1,2010,924542,426710,7343,,0,01,2026
2,20XX,98,3,1220,139111937,188655,1915916,,0,01,2026
2,20XX,98,3,2010,24614822,94204,323068,,0,01,2026
2,20XX,98,5,1220,434075,2927,12390,,0,01,2026
2,20XX,98,5,2010,44919,13724,300,,0,01,2026
2,20XX,98,8,1220,8500,4,450,,0,01,2026
2,20XX,98,9,2010,615770,19215,8005,,0,01,2026
2,20XX,99,3,1220,11579,8,450,,0,01,2026
2,21XX,27,1,2010,105006705,305520180,6172521,,0,01,2026
2,21XX,27,7,1220,136234950,376979896,22587941,,0,01,2026
2,21XX,72,9,1220,52635,605,1053,,0,01,2026
2,21XX,84,1,2010,29677,15,0,,1,01,2026
2,21XX,98,9,1220,18410,39,368,,0,01,2026
2,2301,03,5,2010,618887,44191,12216,,0,01,2026
2,2301,06,5,2010,2119447,75719,5750,,0,01,2026
2,2301,07,5,2010,2534109,1156285,191,,0,01,2026
2,2301,09,5,2010,3805577,384260,20,,0,01,2026
2,2301,11,5,2010,687565,462329,256,,0,01,2026
2,2301,12,5,2010,25353,13100,229,,0,01,2026
2,2301,15,5,2010,397083,74926,575,,0,01,2026
2,2301,16,5,2010,158250,9928,1736,,0,01,2026
2,2301,17,5,2010,1922318,1337574,9309,,0,01,2026
2,2301,17,6,2010,544165,462672,900,,0,01,2026
2,2301,18,5,2010,5591392,739519,61,,0,01,2026
2,2301,19,5,2010,1241861,173650,541,,0,01,2026
2,2301,20,5,2010,1308646,555690,36130,,0,01,2026
2,2301,21,5,2010,104911,57729,480,,0,01,2026
2,2301,22,5,2010,299509,238708,141,,0,01,2026
2,2301,25,5,2010,28771,60897,678,,0,01,2026
2,2301,27,5,2010,36203,314603,3900,,0,01,2026
2,2301,27,6,2010,27458410,134784088,1162500,,0,01,2026
2,2301,28,5,2010,315365,269670,23186,,0,01,2026
2,2301,28,6,2010,11814144,6309157,73764,,0,01,2026
2,2301,28,6,2010,1337017,809821,133701,,1,01,2026
2,2301,29,5,2010,856028,148247,8800,,0,01,2026
2,2301,30,5,2010,1711134,96982,5950,,0,01,2026
2,2301,31,5,2010,242633,117649,18097,,0,01,2026
2,2301,33,5,2010,9947,850,2,,0,01,2026
2,2301,34,5,2010,668468,133863,8553,,0,01,2026
2,2301,36,5,2010,2427424,66135,1144,,0,01,2026
2,2301,38,5,2010,2800033,675688,36274,,0,01,2026
2,2301,39,5,2010,27329662,8231792,101417,,0,01,2026
2,2301,39,9,2010,6094,335,61,,0,01,2026
2,2301,40,5,2010,21086031,6494833,465989,,0,01,2026
2,2301,41,5,2010,22069,23174,7,,0,01,2026
2,2301,42,5,2010,1075499,49346,1551,,0,01,2026
2,2301,44,5,2010,171740,131094,7164,,0,01,2026
2,2301,48,5,2010,9920552,3117419,35794,,0,01,2026
2,2301,49,5,2010,108922,26549,296,,0,01,2026
2,2301,55,5,2010,74914,30418,25,,0,01,2026
2,2301,56,5,2010,133049,8364,346,,0,01,2026
2,2301,57,5,2010,34954,2777,43,,0,01,2026
2,2301,58,5,2010,9479,449,15,,0,01,2026
2,2301,59,5,2010,23500,826,75,,0,01,2026
2,2301,61,5,2010,133396,1955,322,,0,01,2026
2,2301,62,5,2010,466080,7446,515,,0,01,2026
2,2301,63,5,2010,1433779,339693,3905,,0,01,2026
2,2301,64,5,2010,1517105,25801,1045,,0,01,2026
2,2301,65,5,2010,16532,163,503,,0,01,2026
2,2301,68,5,2010,308802,533508,16056,,0,01,2026
2,2301,69,5,2010,7449,11438,56,,0,01,2026
2,2301,70,5,2010,8264732,3269002,16663,,0,01,2026
2,2301,71,5,2010,519880,5651,1622,,0,01,2026
2,2301,72,5,2010,1112867,2222044,12030,,0,01,2026
2,2301,72,6,2010,9939239,24321402,71806,,0,01,2026
2,2301,72,6,2010,718397,1387395,19849,,1,01,2026
2,2301,73,5,2010,20978644,3554249,294520,,0,01,2026
2,2301,74,5,2010,333117,44078,674,,0,01,2026
2,2301,75,5,2010,27902,282,218,,0,01,2026
2,2301,76,5,2010,3150018,506463,8038,,0,01,2026
2,2301,79,6,2010,7808493,2508774,90,,0,01,2026
2,2301,80,5,2010,265800,147819,431,,0,01,2026
2,2301,81,5,2010,348429,130894,1297,,0,01,2026
2,2301,82,5,2010,4097078,207169,3218,,0,01,2026
2,2301,83,5,2010,2377650,344260,3863,,0,01,2026
2,2301,84,1,2010,40403,1,15,,1,01,2026
2,2301,84,5,2010,58403941,6632476,555400,,0,01,2026
2,2301,85,3,2010,44080,185,18,,0,01,2026
2,2301,85,5,2010,180015532,5957391,246912,,0,01,2026
2,2301,85,9,2010,1251780,15604,16231,,0,01,2026
2,2301,87,5,2010,74260579,4225601,131993,,0,01,2026
2,2301,88,5,2010,8690,42,2,,0,01,2026
2,2301,90,5,2010,17760716,177529,18833,,0,01,2026
2,2301,91,5,2010,1023153,62449,1560,,0,01,2026
2,2301,94,3,2010,401,52,600,,0,01,2026
2,2301,94,5,2010,56504042,7248207,261024,,0,01,2026
2,2301,95,5,2010,202063,19108,1104,,0,01,2026
2,2301,96,5,2010,1600942,70289,1830,,0,01,2026
2,2301,97,5,2010,12475,1180,146,,0,01,2026
2,2301,98,5,2010,12592542,1800712,79934,,0,01,2026
2,2302,08,5,2010,1082996,110715,8,,0,01,2026
2,2302,18,5,2010,5821,595,1,,0,01,2026
2,2302,20,5,2010,6614,1357,3,,0,01,2026
2,2302,25,5,2010,608029,3723234,474,,0,01,2026
2,2302,25,5,2010,204067,1336925,7280,,1,01,2026
2,2302,39,5,2010,10885855,3649701,126955,,0,01,2026
2,2302,39,5,2010,1225287,276734,11012,,1,01,2026
2,2302,40,5,2010,43269,240,29,,0,01,2026
2,2302,40,5,2010,3577,174,19,,1,01,2026
2,2302,41,5,2010,2285,320,95,,0,01,2026
2,2302,42,5,2010,300522,7393,686,,0,01,2026
2,2302,42,5,2010,3573,173,15,,1,01,2026
2,2302,44,5,2010,6560,24600,3,,0,01,2026
2,2302,48,5,2010,23431,4680,117,,0,01,2026
2,2302,54,5,2010,1176,44,300,,1,01,2026
2,2302,56,5,2010,60079,8657,63,,0,01,2026
2,2302,58,5,2010,345,12,1,,0,01,2026
2,2302,58,5,2010,10765,282,273,,1,01,2026
2,2302,59,5,2010,43906,1986,498,,0,01,2026
2,2302,59,5,2010,10580,396,407,,1,01,2026
2,2302,60,5,2010,121715,5669,2256,,1,01,2026
2,2302,61,5,2010,31645,745,503,,1,01,2026
2,2302,62,5,2010,797553,15685,339,,0,01,2026
2,2302,62,5,2010,1356370,164199,8959,,1,01,2026
2,2302,63,5,2010,481759,148266,3519,,0,01,2026
2,2302,63,5,2010,2474141,488982,10610,,1,01,2026
2,2302,64,5,2010,877009,7260,7030,,0,01,2026
2,2302,65,5,2010,1051,25,1,,0,01,2026
2,2302,65,5,2010,8311,4395,14,,1,01,2026
2,2302,68,5,2010,63646,31495,2412,,0,01,2026
2,2302,71,5,2010,146731,1932,36,,0,01,2026
2,2302,72,5,2010,271862,282367,9838,,0,01,2026
2,2302,73,5,2010,2525115,331239,9419,,0,01,2026
2,2302,73,5,2010,778161,274705,7540,,1,01,2026
2,2302,74,5,2010,822048,86528,121,,0,01,2026
2,2302,75,5,2010,310592,1764,54,,0,01,2026
2,2302,75,5,2010,326226,33032,1075,,1,01,2026
2,2302,76,5,2010,3177902,247301,1910,,0,01,2026
2,2302,81,5,2010,101083,270,45,,0,01,2026
2,2302,81,5,2010,950212,86810,1654,,1,01,2026
2,2302,82,5,2010,3016,66,3,,0,01,2026
2,2302,83,5,2010,813371,16817,433,,0,01,2026
2,2302,83,5,2010,33697,604,343,,1,01,2026
2,2302,84,5,2010,23827882,2187847,36892,,0,01,2026
2,2302,84,5,2010,51508582,317439,24568,,1,01,2026
2,2302,85,1,2010,12849,698,2,,1,01,2026
2,2302,85,5,2010,48845794,2081900,77384,,0,01,2026
2,2302,85,5,2010,2132959,63158,7528,,1,01,2026
2,2302,86,5,2010,336906,56496,887,,0,01,2026
2,2302,87,5,2010,42760100,2715784,48394,,0,01,2026
2,2302,87,5,2010,171211,70708,3030,,1,01,2026
2,2302,88,5,2010,5989,9,3,,0,01,2026
2,2302,88,5,2010,14272,404,14,,1,01,2026
2,2302,90,5,2010,4934979,66789,4815,,0,01,2026
2,2302,90,5,2010,53791,376,92,,1,01,2026
2,2302,92,5,2010,62189,4729,33,,0,01,2026
2,2302,94,5,2010,71439671,7010455,301778,,0,01,2026
2,2302,94,5,2010,10457807,525414,34465,,1,01,2026
2,2302,96,5,2010,7197023,478991,4971,,1,01,2026
2,2302,98,5,2010,1743477,191397,7090,,0,01,2026
2,2302,98,5,2010,6206628,405597,20482,,1,01,2026
2,2303,04,6,2010,182426,260813,900,,1,01,2026
2,2303,15,6,2010,1295941,1137406,38551,,0,01,2026
2,2303,15,6,2010,473970,406022,9551,,1,01,2026
2,2303,16,6,2010,2344726,444814,23,,0,01,2026
2,2303,17,6,2010,51661,9168,147,,1,01,2026
2,2303,18,5,2010,2777219,516029,8998,,0,01,2026
2,2303,18,6,2010,1564909,282267,4607,,1,01,2026
2,2303,19,5,2010,84667,23294,296,,0,01,2026
2,2303,19,6,2010,6267522,4062482,83246,,0,01,2026
2,2303,19,6,2010,8907626,4184210,48829,,1,01,2026
2,2303,20,5,2010,28870705,4536482,135824,,0,01,2026
2,2303,20,6,2010,2512646,898294,9800,,0,01,2026
2,2303,20,6,2010,280176,105774,1502,,1,01,2026
2,2303,21,5,2010,1118946,261950,5935,,0,01,2026
2,2303,21,6,2010,534072,252186,975,,0,01,2026
2,2303,22,5,2010,39909956,39812369,993691,,0,01,2026
2,2303,22,6,2010,260335374,244833247,3217434,,0,01,2026
2,2303,22,6,2010,545292,887652,8250,,1,01,2026
2,2303,25,5,2010,1913534,12960303,8211,,0,01,2026
2,2303,25,5,2010,29557,144000,1200,,1,01,2026
2,2303,25,6,2010,1269303,5289829,11839,,0,01,2026
2,2303,25,6,2010,336369,2243275,3000,,1,01,2026
2,2303,28,5,2010,8202,58785,3,,0,01,2026
2,2303,28,5,2010,2612,22000,200,,1,01,2026
2,2303,28,6,2010,3175059,2467394,43348,,0,01,2026
2,2303,28,6,2010,401612,224136,56174,,1,01,2026
2,2303,29,6,2010,995155,1537890,41444,,1,01,2026
2,2303,30,6,2010,86419,75425,3600,,0,01,2026
2,2303,30,6,2010,2312928,1720887,20327,,1,01,2026
2,2303,32,5,2010,404315,506297,9798,,0,01,2026
2,2303,32,6,2010,133503,60216,8,,0,01,2026
2,2303,33,6,2010,864005,260688,3210,,0,01,2026
2,2303,33,6,2010,6178801,1796550,18064,,1,01,2026
2,2303,34,6,2010,33423,19421,1,,0,01,2026
2,2303,34,6,2010,8696502,6863622,61906,,1,01,2026
2,2303,36,5,2010,311148,130291,3050,,0,01,2026
2,2303,38,5,2010,46016,22992,302,,0,01,2026
2,2303,38,5,2010,172680,155216,1800,,1,01,2026
2,2303,38,6,2010,31095,20893,1001,,0,01,2026
2,2303,38,6,2010,1707012,2265185,22597,,1,01,2026
2,2303,39,5,2010,734318,185349,11596,,0,01,2026
2,2303,39,5,2010,135717,60680,455,,1,01,2026
2,2303,39,6,2010,2256737,631140,52777,,0,01,2026
2,2303,39,6,2010,9301086,6198793,79097,,1,01,2026
2,2303,40,5,2010,20436028,1118859,161967,,0,01,2026
2,2303,40,6,2010,16594976,4162221,144711,,0,01,2026
2,2303,40,6,2010,19914001,2738107,762761,,1,01,2026
2,2303,41,5,2010,443447,29561,651,,0,01,2026
2,2303,42,5,2010,27277,3685,147,,0,01,2026
2,2303,42,6,2010,494009,43096,3003,,0,01,2026
2,2303,44,5,2010,538145,321685,40,,0,01,2026
2,2303,44,6,2010,61502,16707,1365,,1,01,2026
2,2303,48,5,2010,525448,199345,2593,,0,01,2026
2,2303,48,6,2010,1365138,1577660,14006,,0,01,2026
2,2303,48,6,2010,375362,62375,826,,1,01,2026
2,2303,49,5,2010,266266,28899,15,,0,01,2026
2,2303,49,5,2010,11034,5544,366,,1,01,2026
2,2303,52,5,2010,5159,1310,30,,0,01,2026
2,2303,55,5,2010,662288,74962,3859,,0,01,2026
2,2303,55,6,2010,63933,96439,3595,,1,01,2026
2,2303,56,5,2010,11709,1154,39,,1,01,2026
2,2303,56,6,2010,414,90,3,,0,01,2026
2,2303,57,6,2010,238659,424635,10443,,0,01,2026
2,2303,59,5,2010,3454,551,45,,0,01,2026
2,2303,59,6,2010,257831,27312,3284,,1,01,2026
2,2303,61,5,2010,2431699,47947,2755,,0,01,2026
2,2303,62,5,2010,32577381,1572008,62118,,0,01,2026
2,2303,63,5,2010,120240,10211,725,,0,01,2026
2,2303,64,5,2010,230375,8048,1991,,0,01,2026
2,2303,64,6,2010,1103685,94535,10001,,1,01,2026
2,2303,65,5,2010,64456,2965,421,,0,01,2026
2,2303,66,5,2010,36844,4268,11,,0,01,2026
2,2303,68,5,2010,202638,415778,576,,0,01,2026
2,2303,68,6,2010,837230,281425,10800,,0,01,2026
2,2303,68,6,2010,139778,51423,3555,,1,01,2026
2,2303,69,5,2010,1084787,5439517,9727,,0,01,2026
2,2303,69,6,2010,4194986,1642217,71476,,0,01,2026
2,2303,69,6,2010,7173749,9839241,316792,,1,01,2026
2,2303,70,5,2010,27672,3304,624,,0,01,2026
2,2303,70,6,2010,1121854,538590,16478,,0,01,2026
2,2303,70,6,2010,1688111,1065681,19442,,1,01,2026
2,2303,71,5,2010,25262,1013,5,,0,01,2026
2,2303,72,5,2010,64918,124048,1494,,0,01,2026
2,2303,72,6,2010,5638984,9784869,301508,,0,01,2026
2,2303,72,6,2010,112371,167280,2331,,1,01,2026
2,2303,73,5,2010,53174976,20933851,261213,,0,01,2026
2,2303,73,5,2010,872870,217934,3600,,1,01,2026
2,2303,73,6,2010,7927532,1949628,75292,,0,01,2026
2,2303,73,6,2010,15697016,2523066,395916,,1,01,2026
2,2303,74,5,2010,6473244,588348,34695,,0,01,2026
2,2303,76,5,2010,1036630,180148,31070,,0,01,2026
2,2303,76,6,2010,249146,29014,958,,0,01,2026
2,2303,76,6,2010,28331,3530,1500,,1,01,2026
2,2303,79,5,2010,279459,116931,603,,0,01,2026
2,2303,82,5,2010,15929,1791,93,,0,01,2026
2,2303,82,6,2010,3762823,1467924,107989,,1,01,2026
2,2303,83,5,2010,2177367,483380,12136,,0,01,2026
2,2303,83,6,2010,1168249,295980,20019,,0,01,2026
2,2303,83,6,2010,137024,14335,748,,1,01,2026
2,2303,84,5,2010,39107550,6635775,1065327,,0,01,2026
2,2303,84,5,2010,1044728,6488,792,,1,01,2026
2,2303,84,6,2010,76503841,12217188,688628,,0,01,2026
2,2303,84,6,2010,69125541,10095507,1926250,,1,01,2026
2,2303,85,5,2010,86102958,4245196,165480,,0,01,2026
2,2303,85,6,2010,23567351,3842193,172579,,0,01,2026
2,2303,85,6,2010,12699646,2415367,253815,,1,01,2026
2,2303,86,5,2010,374416,148609,19081,,0,01,2026
2,2303,86,6,2010,115160,8751,1192,,1,01,2026
2,2303,87,5,2010,74364095,5551823,200323,,0,01,2026
2,2303,87,5,2010,3645237,199505,11754,,1,01,2026
2,2303,87,6,2010,1036341862,128855779,4277876,,0,01,2026
2,2303,87,6,2010,11769358,1946116,125043,,1,01,2026
2,2303,90,5,2010,111674,2297,315,,0,01,2026
2,2303,90,6,2010,3875074,857650,18505,,0,01,2026
2,2303,93,5,2010,951967,79916,11743,,0,01,2026
2,2303,94,5,2010,15609795,3180170,280419,,0,01,2026
2,2303,94,5,2010,14047423,411343,24415,,1,01,2026
2,2303,94,6,2010,10601400,1602005,136076,,0,01,2026
2,2303,94,6,2010,1329008,186863,9276,,1,01,2026
2,2303,95,5,2010,7011,1185,1,,0,01,2026
2,2303,95,6,2010,675459,127462,51535,,0,01,2026
2,2303,95,6,2010,394260,27463,4466,,1,01,2026
2,2303,96,5,2010,12486,2140,2,,0,01,2026
2,2303,96,5,2010,161722,15973,116,,1,01,2026
2,2303,96,6,2010,1587309,233957,4513,,0,01,2026
2,2303,96,6,2010,1279361,447821,4200,,1,01,2026
2,2303,97,5,2010,5000,5,1,,0,01,2026
2,2303,98,5,2010,4267116,734761,16195,,0,01,2026
2,2303,98,5,2010,898846,53415,2547,,1,01,2026
2,2303,98,6,2010,535269,36358,3199,,0,01,2026
2,2303,98,6,2010,179245,36190,210,,1,01,2026
2,2304,02,5,2010,162911497,19812190,212098,,0,01,2026
2,2304,02,6,2010,488408,51842,900,,1,01,2026
2,2304,03,5,2010,802043,82688,1203,,0,01,2026
2,2304,04,5,2010,7023524,3388189,70820,,0,01,2026
2,2304,04,6,2010,1303031,1315936,5700,,1,01,2026
2,2304,05,5,2010,3391335,579665,13255,,0,01,2026
2,2304,06,5,2010,1334783,727640,69283,,0,01,2026
2,2304,07,5,2010,184508662,87951572,4998692,,0,01,2026
2,2304,08,5,2010,315769362,104249138,7843588,,0,01,2026
2,2304,09,5,2010,9892206,1229523,50172,,0,01,2026
2,2304,10,5,2010,267608,179355,7390,,0,01,2026
2,2304,10,6,2010,85774,271003,300,,0,01,2026
2,2304,11,5,2010,6014498,5503713,225689,,0,01,2026
2,2304,11,5,2010,256499,42306,7500,,1,01,2026
2,2304,11,6,2010,837779,1667922,11400,,1,01,2026
2,2304,12,5,2010,1872527,1059077,9649,,0,01,2026
2,2304,13,5,2010,2978297,499545,29323,,0,01,2026
2,2304,14,5,2010,987530,116189,2128,,0,01,2026
2,2304,14,5,2010,43560,2798,10,,1,01,2026
2,2304,15,5,2010,35129202,7167385,597017,,0,01,2026
2,2304,15,6,2010,4482071,645380,2519,,0,01,2026
2,2304,15,6,2010,754165,80060,10000,,1,01,2026
2,2304,16,5,2010,9260868,2058476,16046,,0,01,2026
2,2304,17,5,2010,53843721,19267017,747502,,0,01,2026
2,2304,17,5,2010,121824,24485,1861,,1,01,2026
2,2304,17,6,2010,104025,22280,700,,0,01,2026
2,2304,18,5,2010,37351854,10336501,238432,,0,01,2026
2,2304,18,6,2010,3120190,3095526,65200,,0,01,2026
2,2304,19,5,2010,88461996,38344368,827518,,0,01,2026
2,2304,19,5,2010,44084,12378,1100,,1,01,2026
2,2304,19,6,2010,10288342,6573250,232196,,0,01,2026
2,2304,19,6,2010,16800549,7554876,88878,,1,01,2026
2,2304,20,5,2010,64014645,23301992,1327881,,0,01,2026
2,2304,20,5,2010,20764,8208,390,,1,01,2026
2,2304,20,6,2010,124043,58001,5900,,1,01,2026
2,2304,21,5,2010,99491352,24112647,597788,,0,01,2026
2,2304,21,5,2010,11282,2656,2,,1,01,2026
2,2304,21,6,2010,757867,433166,49,,0,01,2026
2,2304,22,5,2010,120601019,92546901,1667957,,0,01,2026
2,2304,22,5,2010,7630502,1568535,14645,,1,01,2026
2,2304,22,6,2010,3071960,648544,43842,,0,01,2026
2,2304,22,6,2010,39882702,7153241,158006,,1,01,2026
2,2304,23,5,2010,7487701,2031562,84034,,0,01,2026
2,2304,24,5,2010,142710,6802,14271,,0,01,2026
2,2304,24,5,2010,18931829,1558628,204000,,1,01,2026
2,2304,25,5,2010,2285787,343256510,80587,,0,01,2026
2,2304,25,5,2010,13036,37900,8330,,1,01,2026
2,2304,25,6,2010,1107637,6555740,39901,,0,01,2026
2,2304,25,6,2010,918353,36980071,36400,,1,01,2026
2,2304,26,5,2010,651650,176762,8850,,0,01,2026
2,2304,27,5,2010,1395522,496697,33767,,0,01,2026
2,2304,27,7,2010,65471,336374,300,,0,01,2026
2,2304,28,5,2010,26273285,17077062,280630,,0,01,2026
2,2304,28,5,2010,2625,20833,2220,,1,01,2026
2,2304,28,6,2010,3649555,7625164,117772,,0,01,2026
2,2304,29,5,2010,17135416,3123429,179865,,0,01,2026
2,2304,29,6,2010,800703,349809,1362,,0,01,2026
2,2304,30,5,2010,27270140,13108631,591655,,0,01,2026
2,2304,30,6,2010,822045,1103606,53100,,0,01,2026
2,2304,30,6,2010,3031940,2198236,109398,,1,01,2026
2,2304,31,5,2010,899841,262244,17090,,0,01,2026
2,2304,32,5,2010,25864713,8510422,283586,,0,01,2026
2,2304,32,5,2010,429329,154253,25148,,1,01,2026
2,2304,32,6,2010,67222,15149,751,,1,01,2026
2,2304,33,5,2010,79687784,13414691,582327,,0,01,2026
2,2304,33,5,2010,249645,1780,1501,,1,01,2026
2,2304,33,6,2010,13925798,2402087,86098,,0,01,2026
2,2304,33,6,2010,3476244,924042,9728,,1,01,2026
2,2304,34,5,2010,59340072,41389265,1188598,,0,01,2026
2,2304,34,6,2010,6741677,4369001,229500,,0,01,2026
2,2304,34,6,2010,1978355,1712290,12554,,1,01,2026
2,2304,35,5,2010,7236200,2042458,92120,,0,01,2026
2,2304,35,5,2010,2880,29,1500,,1,01,2026
2,2304,36,5,2010,3024243,82187,2125,,0,01,2026
2,2304,37,5,2010,694243,10550,463,,0,01,2026
2,2304,38,1,2010,1364080,150824,8,,0,01,2026
2,2304,38,5,2010,28773093,12464187,464997,,0,01,2026
2,2304,38,5,2010,1127021,496942,73000,,1,01,2026
2,2304,38,6,2010,8361561,5096179,50595,,0,01,2026
2,2304,38,6,2010,1899278,1701047,21626,,1,01,2026
2,2304,39,3,2010,122126,16463,8644,,0,01,2026
2,2304,39,5,2010,270973061,65213493,3686983,,0,01,2026
2,2304,39,5,2010,5636334,339722,649399,,1,01,2026
2,2304,39,6,2010,29243436,21810387,186487,,0,01,2026
2,2304,39,6,2010,5622926,2429571,107971,,1,01,2026
2,2304,40,3,2010,16634,1221,1065,,0,01,2026
2,2304,40,5,2010,180693428,45735150,4415878,,0,01,2026
2,2304,40,5,2010,8323140,2080252,675393,,1,01,2026
2,2304,40,6,2010,26704441,6469318,232033,,0,01,2026
2,2304,40,6,2010,29252029,6108377,739837,,1,01,2026
2,2304,41,5,2010,3104047,306820,31394,,0,01,2026
2,2304,42,5,2010,9733069,533799,49220,,0,01,2026
2,2304,42,5,2010,81298,9500,16264,,1,01,2026
2,2304,42,6,2010,151738,4435,400,,0,01,2026
2,2304,42,9,2010,110204,2365,2400,,0,01,2026
2,2304,44,5,2010,19165332,8606660,392239,,0,01,2026
2,2304,44,5,2010,4784,20391,1000,,1,01,2026
2,2304,44,6,2010,29908,8792,830,,1,01,2026
2,2304,45,5,2010,128705,6413,1397,,0,01,2026
2,2304,46,5,2010,1785630,515313,9487,,0,01,2026
2,2304,48,5,2010,64785150,28115560,2033902,,0,01,2026
2,2304,48,5,2010,1520509,167474,106596,,1,01,2026
2,2304,48,6,2010,73483,3432,208,,0,01,2026
2,2304,48,6,2010,2134338,1311937,24237,,1,01,2026
2,2304,49,5,2010,22193503,3984150,310291,,0,01,2026
2,2304,49,5,2010,914777,143027,46346,,1,01,2026
2,2304,49,6,2010,1284919,475774,26685,,0,01,2026
2,2304,51,5,2010,1141073,30121,4954,,0,01,2026
2,2304,52,5,2010,2910815,710503,56962,,0,01,2026
2,2304,53,5,2010,59491,35096,1448,,0,01,2026
2,2304,54,5,2010,5956407,935816,85625,,0,01,2026
2,2304,54,5,2010,14850,1160,552,,1,01,2026
2,2304,55,5,2010,3932631,312472,16376,,0,01,2026
2,2304,56,5,2010,10667671,2055930,134390,,0,01,2026
2,2304,56,5,2010,440009,39733,3015,,1,01,2026
2,2304,57,5,2010,4534744,721972,98012,,0,01,2026
2,2304,57,5,2010,2066098,327445,111000,,1,01,2026
2,2304,57,6,2010,142904,130732,2438,,0,01,2026
2,2304,58,5,2010,2464454,142920,16940,,0,01,2026
2,2304,59,3,2010,423,16,3,,0,01,2026
2,2304,59,5,2010,8749697,1363323,127424,,0,01,2026
2,2304,59,5,2010,236755,11778,3029,,1,01,2026
2,2304,60,5,2010,3725624,518582,32434,,0,01,2026
2,2304,61,5,2010,32380577,1999860,208808,,0,01,2026
2,2304,61,5,2010,483704,52203,12901,,1,01,2026
2,2304,61,9,2010,263816,6358,3000,,0,01,2026
2,2304,62,5,2010,50247404,1351058,99275,,0,01,2026
2,2304,63,5,2010,23374382,1960227,168574,,0,01,2026
2,2304,63,5,2010,53341,3320,233,,1,01,2026
2,2304,64,5,2010,32460747,930786,179788,,0,01,2026
2,2304,64,6,2010,613883,19614,4500,,0,01,2026
2,2304,65,5,2010,34472527,376268,66404,,0,01,2026
2,2304,66,5,2010,141993,10114,6,,0,01,2026
2,2304,67,5,2010,26142,2093,47,,0,01,2026
2,2304,68,5,2010,31527080,33867904,1278836,,0,01,2026
2,2304,68,5,2010,7754,854,4,,1,01,2026
2,2304,68,6,2010,70334,16711,1300,,0,01,2026
2,2304,69,5,2010,56192963,25987014,905483,,0,01,2026
2,2304,69,5,2010,120703,55486,1734,,1,01,2026
2,2304,69,6,2010,1569277,1014032,52671,,0,01,2026
2,2304,69,6,2010,155574,429920,28700,,1,01,2026
2,2304,70,5,2010,109920067,60602594,2652686,,0,01,2026
2,2304,70,5,2010,557332,78153,2805,,1,01,2026
2,2304,70,6,2010,432987,214798,10100,,0,01,2026
2,2304,70,6,2010,545884,392433,12836,,1,01,2026
2,2304,71,3,2010,5414,1,500,,0,01,2026
2,2304,71,5,2010,570071669,293824,14220,,0,01,2026
2,2304,72,5,2010,27078317,20568354,472366,,0,01,2026
2,2304,72,5,2010,17576,17898,1,,1,01,2026
2,2304,72,6,2010,880012,1427280,41399,,0,01,2026
2,2304,72,6,2010,9952652,17493506,207547,,1,01,2026
2,2304,73,5,2010,261511796,75925837,2596344,,0,01,2026
2,2304,73,5,2010,2626327,1130229,120857,,1,01,2026
2,2304,73,6,2010,5312329,1657825,86949,,0,01,2026
2,2304,73,6,2010,4365066,1272645,57701,,1,01,2026
2,2304,74,5,2010,20130096,2130849,66456,,0,01,2026
2,2304,74,5,2010,247794,18851,5972,,1,01,2026
2,2304,75,5,2010,10904277,501779,17462,,0,01,2026
2,2304,76,5,2010,83538303,22384011,3430109,,0,01,2026
2,2304,76,5,2010,675595,201495,33716,,1,01,2026
2,2304,76,6,2010,14252753,3768828,13100,,0,01,2026
2,2304,76,6,2010,149726,17744,9000,,1,01,2026
2,2304,78,5,2010,24883418,10177854,327470,,0,01,2026
2,2304,79,5,2010,224284,13868,1773,,0,01,2026
2,2304,79,6,2010,9290543,2997936,81259,,0,01,2026
2,2304,80,5,2010,244273,4360,560,,0,01,2026
2,2304,81,5,2010,5587106,663442,14086,,0,01,2026
2,2304,82,5,2010,35701455,3570719,201510,,0,01,2026
2,2304,82,6,2010,80440,62236,1200,,0,01,2026
2,2304,82,6,2010,1337897,605344,39718,,1,01,2026
2,2304,83,3,2010,54566,4837,6,,0,01,2026
2,2304,83,5,2010,91543444,10651516,1433261,,0,01,2026
2,2304,83,6,2010,5581155,2695133,50944,,0,01,2026
2,2304,83,6,2010,24686,676,109,,1,01,2026
2,2304,84,1,2010,278289,13076,1,,0,01,2026
2,2304,84,3,2010,45840,2062,3024,,0,01,2026
2,2304,84,5,2010,5732231299,274775741,18423460,,0,01,2026
2,2304,84,5,2010,7067068,617550,137269,,1,01,2026
2,2304,84,6,2010,107187899,9766195,393432,,0,01,2026
2,2304,84,6,2010,36725914,4762146,382769,,1,01,2026
2,2304,84,9,2010,3439398,994816,61181,,0,01,2026
2,2304,85,3,2010,802389,17460,10982,,0,01,2026
2,2304,85,5,2010,2950402882,151062872,14589350,,0,01,2026
2,2304,85,5,2010,13690670,826848,126391,,1,01,2026
2,2304,85,6,2010,58021694,8442665,242747,,0,01,2026
2,2304,85,6,2010,9324298,1948915,68055,,1,01,2026
2,2304,85,9,2010,2031053,130288,586,,0,01,2026
2,2304,86,5,2010,12739167,3550704,131279,,0,01,2026
2,2304,86,9,2010,318653,150928,10406,,0,01,2026
2,2304,87,1,2010,86912,6571,1,,0,01,2026
2,2304,87,3,2010,1038010,213516,58600,,0,01,2026
2,2304,87,5,2010,2281819125,293837712,20642425,,0,01,2026
2,2304,87,5,2010,14990229,2172651,379354,,1,01,2026
2,2304,87,6,2010,1162418381,130647954,5866218,,0,01,2026
2,2304,87,6,2010,18245118,2101177,1676193,,1,01,2026
2,2304,88,5,2010,15707267,50860,83684,,0,01,2026
2,2304,89,5,2010,43163872,1590244,57451,,0,01,2026
2,2304,90,3,2010,6944,300,80,,0,01,2026
2,2304,90,5,2010,278014647,6862206,996974,,0,01,2026
2,2304,90,5,2010,537634,5418,5480,,1,01,2026
2,2304,90,6,2010,5197809,327728,7116,,0,01,2026
2,2304,90,6,2010,37031,16560,1163,,1,01,2026
2,2304,90,9,2010,54977,3570,1099,,0,01,2026
2,2304,91,5,2010,116834,5080,1968,,0,01,2026
2,2304,92,5,2010,79719,1949,331,,0,01,2026
2,2304,94,3,2010,9163,1523,917,,0,01,2026
2,2304,94,5,2010,400216797,45961935,6556040,,0,01,2026
2,2304,94,5,2010,4560003,303397,41390,,1,01,2026
2,2304,94,6,2010,2074158,279015,6138,,0,01,2026
2,2304,94,6,2010,1882031,560132,50262,,1,01,2026
2,2304,94,9,2010,919577,97772,8387,,0,01,2026
2,2304,95,5,2010,33536749,2811901,655944,,0,01,2026
2,2304,95,5,2010,22939,2236,600,,1,01,2026
2,2304,95,6,2010,1334553,270556,136761,,0,01,2026
2,2304,96,5,2010,19331123,3584641,248584,,0,01,2026
2,2304,96,5,2010,4908,100,500,,1,01,2026
2,2304,96,6,2010,12745,3334,289,,0,01,2026
2,2304,96,6,2010,1103139,334823,15099,,1,01,2026
2,2304,97,5,2010,16041,2097,227,,0,01,2026
2,2304,98,3,2010,57341,229,753,,0,01,2026
2,2304,98,5,2010,238284421,22209834,2497852,,0,01,2026
2,2304,98,5,2010,3377129,305360,126082,,1,01,2026
2,2304,98,6,2010,646444,106513,4316,,0,01,2026
2,2304,98,6,2010,354931,556384,47755,,1,01,2026
2,2304,98,8,2010,4550000,6307,15000,,0,01,2026
2,2305,04,5,2010,92344,70108,2723,,0,01,2026
2,2305,05,5,2010,22959,17955,100,,0,01,2026
2,2305,06,5,2010,137301,62460,313,,0,01,2026
2,2305,07,3,2010,2555,201,1,,0,01,2026
2,2305,07,5,2010,187928071,193457853,7393455,,0,01,2026
2,2305,07,5,2010,2093639,3452465,140661,,1,01,2026
2,2305,08,5,2010,367069812,202994941,18926431,,0,01,2026
2,2305,08,5,2010,20418184,13463396,870402,,1,01,2026
2,2305,09,5,2010,3601166,698453,21949,,0,01,2026
2,2305,09,5,2010,747226,111532,13717,,1,01,2026
2,2305,10,5,2010,33642,32770,1864,,0,01,2026
2,2305,11,5,2010,778657,993495,48043,,0,01,2026
2,2305,12,3,2010,34957,2622,7,,0,01,2026
2,2305,12,5,2010,884083,889135,37702,,0,01,2026
2,2305,12,5,2010,62672,34310,5556,,1,01,2026
2,2305,13,5,2010,517075,205761,28552,,0,01,2026
2,2305,14,5,2010,1019026,278959,17247,,0,01,2026
2,2305,14,5,2010,111960,18268,3668,,1,01,2026
2,2305,15,5,2010,69200,24800,1900,,1,01,2026
2,2305,17,5,2010,11432280,3576935,41996,,0,01,2026
2,2305,17,5,2010,580178,172678,12446,,1,01,2026
2,2305,18,5,2010,126008,41434,337,,0,01,2026
2,2305,18,5,2010,38133,12824,1320,,1,01,2026
2,2305,19,5,2010,12845522,3725094,79387,,0,01,2026
2,2305,19,5,2010,103925,33593,6960,,1,01,2026
2,2305,20,5,2010,28365165,14940774,353645,,0,01,2026
2,2305,20,5,2010,427065,173979,41264,,1,01,2026
2,2305,21,5,2010,918374,260628,9340,,0,01,2026
2,2305,21,5,2010,11372,3157,1875,,1,01,2026
2,2305,22,1,2010,103651,14277,4654,,1,01,2026
2,2305,22,5,2010,535779,253492,5955,,0,01,2026
2,2305,22,5,2010,256825,192301,24601,,1,01,2026
2,2305,23,5,2010,43680,5917,2899,,1,01,2026
2,2305,25,5,2010,96562,728318,35301,,0,01,2026
2,2305,26,5,2010,25947,23253,11,,0,01,2026
2,2305,30,5,2010,6088684,310156,10440,,0,01,2026
2,2305,32,5,2010,2900,1856,3,,0,01,2026
2,2305,32,5,2010,2209,1636,100,,1,01,2026
2,2305,33,5,2010,1249277,66932,3449,,0,01,2026
2,2305,33,5,2010,368700,19326,3100,,1,01,2026
2,2305,34,5,2010,24356,30478,3185,,0,01,2026
2,2305,34,5,2010,197435,105065,14024,,1,01,2026
2,2305,35,5,2010,30654,6934,1575,,0,01,2026
2,2305,38,5,2010,587531,766526,23947,,0,01,2026
2,2305,38,5,2010,313727,247285,19200,,1,01,2026
2,2305,39,5,2010,39308562,8635314,233449,,0,01,2026
2,2305,39,5,2010,1065961,419724,20995,,1,01,2026
2,2305,40,5,2010,9964916,1242773,53768,,0,01,2026
2,2305,40,5,2010,1250070,174817,3536,,1,01,2026
2,2305,41,5,2010,2548,101,4,,0,01,2026
2,2305,42,5,2010,1076680,37535,1881,,0,01,2026
2,2305,42,5,2010,1227,290,9,,1,01,2026
2,2305,44,5,2010,2082191,1016224,29071,,0,01,2026
2,2305,44,5,2010,69120,74186,4807,,1,01,2026
2,2305,47,5,2010,146830,718362,2918,,0,01,2026
2,2305,48,5,2010,10066445,3719196,98795,,0,01,2026
2,2305,48,5,2010,33454,10069,1530,,1,01,2026
2,2305,49,5,2010,6423745,400576,13235,,0,01,2026
2,2305,54,5,2010,77471,19817,1881,,0,01,2026
2,2305,54,5,2010,292,14,950,,1,01,2026
2,2305,55,5,2010,29440,986,188,,0,01,2026
2,2305,56,5,2010,93935,21226,256,,0,01,2026
2,2305,56,5,2010,26963,627,37,,1,01,2026
2,2305,58,5,2010,16577,1214,118,,0,01,2026
2,2305,58,5,2010,177028,4321,294,,1,01,2026
2,2305,59,5,2010,587752,46975,4351,,0,01,2026
2,2305,60,5,2010,40775,10126,372,,0,01,2026
2,2305,61,5,2010,9007699,336830,326021,,0,01,2026
2,2305,61,5,2010,1216801,175876,5067,,1,01,2026
2,2305,62,5,2010,3139066,121751,7706,,0,01,2026
2,2305,62,5,2010,1274062,75229,2328,,1,01,2026
2,2305,63,5,2010,3493582,193681,18110,,0,01,2026
2,2305,63,5,2010,8205,282,507,,1,01,2026
2,2305,64,5,2010,859222,28128,1049,,0,01,2026
2,2305,65,5,2010,148927,7750,571,,0,01,2026
2,2305,65,5,2010,884009,83609,1875,,1,01,2026
2,2305,68,5,2010,7167628,2445591,23087,,0,01,2026
2,2305,69,5,2010,678886,828187,29432,,0,01,2026
2,2305,70,5,2010,4487155,262071,7672,,0,01,2026
2,2305,70,5,2010,4938099,637379,4252,,1,01,2026
2,2305,71,5,2010,1657381,23347,767,,0,01,2026
2,2305,72,5,2010,1479843,4068348,66174,,0,01,2026
2,2305,73,3,2010,2154,243,500,,0,01,2026
2,2305,73,5,2010,11654216,2015302,45906,,0,01,2026
2,2305,73,5,2010,155333,57244,2549,,1,01,2026
2,2305,74,5,2010,8962261,998730,11763,,0,01,2026
2,2305,75,5,2010,476211,17872,167,,0,01,2026
2,2305,76,5,2010,3840359,923125,30109,,0,01,2026
2,2305,76,5,2010,2247007,525957,5816,,1,01,2026
2,2305,78,5,2010,602901,298124,4350,,0,01,2026
2,2305,78,5,2010,3810363,2114987,15750,,1,01,2026
2,2305,80,5,2010,958417,22041,962,,0,01,2026
2,2305,81,5,2010,6880,1,3,,0,01,2026
2,2305,82,5,2010,905223,91171,5594,,0,01,2026
2,2305,83,5,2010,3156393,277017,15015,,0,01,2026
2,2305,83,5,2010,234784,12197,72,,1,01,2026
2,2305,84,5,2010,208460171,25501929,569147,,0,01,2026
2,2305,84,5,2010,11293675,1121909,17556,,1,01,2026
2,2305,85,3,2010,3072,30,3,,0,01,2026
2,2305,85,5,2010,809869762,32369371,3728004,,0,01,2026
2,2305,85,5,2010,71168408,1855763,50453,,1,01,2026
2,2305,85,9,2010,4614729,278431,19078,,0,01,2026
2,2305,87,5,2010,69289199,8766435,223842,,0,01,2026
2,2305,87,5,2010,8891124,911168,18618,,1,01,2026
2,2305,88,5,2010,709520,1292,618,,0,01,2026
2,2305,88,5,2010,401401,1069,533,,1,01,2026
2,2305,89,5,2010,6302340,197144,8207,,0,01,2026
2,2305,90,5,2010,191195201,5880818,78814,,0,01,2026
2,2305,90,5,2010,8218449,806475,11077,,1,01,2026
2,2305,91,5,2010,141325,1216,60,,0,01,2026
2,2305,92,5,2010,16369,154,150,,0,01,2026
2,2305,93,5,2010,2022477,513708,1587,,0,01,2026
2,2305,94,5,2010,42198850,8882964,125533,,0,01,2026
2,2305,94,5,2010,111818,30055,6401,,1,01,2026
2,2305,95,5,2010,3823091,576939,8288,,0,01,2026
2,2305,95,5,2010,46839,1063,40,,1,01,2026
2,2305,96,5,2010,500584,31587,2846,,0,01,2026
2,2305,96,5,2010,11445,272,900,,1,01,2026
2,2305,98,5,2010,111597105,5819060,202230,,0,01,2026
2,2305,98,5,2010,9044980,992846,38469,,1,01,2026
2,2307,03,5,2010,5200,648,1000,,0,01,2026
2,2307,07,5,2010,164082,1673257,75755,,0,01,2026
2,2307,20,5,2010,11940,2225,250,,0,01,2026
2,2307,22,5,2010,12173,9504,17,,0,01,2026
2,2307,25,5,2010,370110,2191596,45610,,0,01,2026
2,2307,28,5,2010,64287,3709,5063,,0,01,2026
2,2307,32,5,2010,502860,1581295,31200,,0,01,2026
2,2307,34,5,2010,3573,1916,88,,0,01,2026
2,2307,35,5,2010,4600,21760,465,,0,01,2026
2,2307,38,5,2010,420185,1212583,23216,,0,01,2026
2,2307,39,5,2010,216489,145131,1591,,0,01,2026
2,2307,40,5,2010,1592,111,15,,0,01,2026
2,2307,41,5,2010,1320,100,62,,0,01,2026
2,2307,42,5,2010,375,8,27,,0,01,2026
2,2307,44,5,2010,18302,1653,1,,0,01,2026
2,2307,64,5,2010,2730,44,88,,0,01,2026
2,2307,68,5,2010,6233806,19424795,493059,,0,01,2026
2,2307,69,5,2010,1435057,8108111,69041,,0,01,2026
2,2307,70,5,2010,7332,3329,30,,0,01,2026
2,2307,72,5,2010,1631367,1698703,42353,,0,01,2026
2,2307,73,5,2010,1213033,1417429,47447,,0,01,2026
2,2307,85,5,2010,28716,1004,2439,,0,01,2026
2,2309,07,5,2010,1956019,5872828,1208,,0,01,2026
2,2309,08,5,2010,3914192,8526723,372506,,0,01,2026
2,2309,08,5,2010,214803,603630,31350,,1,01,2026
2,2309,13,5,2010,1659644,117961,9900,,0,01,2026
2,2309,14,5,2010,2351,270,100,,0,01,2026
2,2309,19,5,2010,2680,350,120,,0,01,2026
2,2309,22,5,2010,34230,25131,606,,0,01,2026
2,2309,25,5,2010,241386,5732625,60750,,0,01,2026
2,2309,39,5,2010,60225,8164,1704,,0,01,2026
2,2309,42,5,2010,9000,1000,1,,0,01,2026
2,2309,48,5,2010,8574,526,3,,0,01,2026
2,2309,49,5,2010,4762,121,1,,0,01,2026
2,2309,63,5,2010,6640,3000,250,,0,01,2026
2,2309,68,5,2010,42984,46000,1996,,0,01,2026
2,2309,70,5,2010,18450,5788,593,,0,01,2026
2,2309,73,5,2010,3049,7734,1,,0,01,2026
2,2309,84,5,2010,48420,1793,11990,,1,01,2026
2,2309,85,3,2010,8228,17,89,,0,01,2026
2,2309,85,5,2010,1297086,23811,139,,0,01,2026
2,2309,87,5,2010,12681,1808,400,,0,01,2026
2,2309,90,5,2010,349260,10548,15452,,0,01,2026
2,2309,94,5,2010,15387,5096,1544,,0,01,2026
2,2309,98,5,2010,270352,26660,476,,0,01,2026
2,2310,04,5,2010,130744,65786,32,,0,01,2026
2,2310,06,5,2010,98910,19683,380,,0,01,2026
2,2310,07,5,2010,30173654,32591162,418940,,0,01,2026
2,2310,08,5,2010,2932267,3292779,51148,,0,01,2026
2,2310,09,5,2010,136092,22958,15,,0,01,2026
2,2310,09,5,2010,3406,756,116,,1,01,2026
2,2310,10,5,2010,17416,9188,316,,0,01,2026
2,2310,11,5,2010,481514,332012,280,,0,01,2026
2,2310,12,5,2010,177180,96737,149,,0,01,2026
2,2310,14,5,2010,1444245,353390,103,,0,01,2026
2,2310,15,5,2010,44021,26890,30,,0,01,2026
2,2310,15,5,2010,6688,3040,213,,1,01,2026
2,2310,17,5,2010,589256,155643,242,,0,01,2026
2,2310,17,5,2010,157836,54603,5398,,1,01,2026
2,2310,19,5,2010,9628313,849034,2262,,0,01,2026
2,2310,19,5,2010,89971,30992,2919,,1,01,2026
2,2310,20,5,2010,3433120,460290,572,,0,01,2026
2,2310,20,5,2010,131643,54428,3979,,1,01,2026
2,2310,21,5,2010,1046967,302640,509,,0,01,2026
2,2310,21,5,2010,12140,4212,394,,1,01,2026
2,2310,22,5,2010,5541067,3433359,3872,,0,01,2026
2,2310,25,5,2010,47953,59740,11,,0,01,2026
2,2310,29,5,2010,3367,342,13,,0,01,2026
2,2310,32,5,2010,16358,41240,1330,,0,01,2026
2,2310,33,5,2010,40370,13931,14,,0,01,2026
2,2310,34,5,2010,405561,246710,39,,0,01,2026
2,2310,38,5,2010,103316,94219,10,,0,01,2026
2,2310,39,5,2010,256323,110419,1378,,0,01,2026
2,2310,39,5,2010,4920,1405,176,,1,01,2026
2,2310,40,5,2010,7006,210,100,,0,01,2026
2,2310,44,5,2010,1077513,1421440,2394,,0,01,2026
2,2310,46,5,2010,11209,4546,2,,0,01,2026
2,2310,48,5,2010,555601,403217,3927,,0,01,2026
2,2310,49,5,2010,15120,2497,200,,0,01,2026
2,2310,63,5,2010,36305,9404,12,,0,01,2026
2,2310,68,5,2010,94965,291543,8947,,0,01,2026
2,2310,69,5,2010,111689,30057,12,,0,01,2026
2,2310,72,5,2010,18154,19575,1,,0,01,2026
2,2310,73,5,2010,220128,201977,14960,,0,01,2026
2,2310,81,5,2010,71200,4147,200,,0,01,2026
2,2310,84,5,2010,118131,17135,2137,,0,01,2026
2,2310,85,5,2010,85876,3244,351,,0,01,2026
2,2310,87,5,2010,84108,10356,2000,,0,01,2026
2,2310,94,5,2010,376,800,13,,0,01,2026
2,2310,95,5,2010,12483,3824,4,,0,01,2026
2,2310,96,5,2010,43252,12968,8,,0,01,2026
2,2310,98,5,2010,22256,4154,1349,,0,01,2026
2,2383,85,3,2010,2590,20,3,,0,01,2026
2,2383,97,3,2010,5818,0,2,,1,01,2026
2,23XX,12,5,1220,66000,59337,754,,0,01,2026
2,23XX,17,5,1220,545439,17436,6961,,0,01,2026
2,23XX,19,5,1220,347353,22744,1771,,0,01,2026
2,23XX,20,5,1220,18528,18794,100,,0,01,2026
2,23XX,30,5,1220,35707,656,51,,0,01,2026
2,23XX,34,5,1220,41455,1464,151,,0,01,2026
2,23XX,39,3,1220,7261,128,860,,0,01,2026
2,23XX,39,5,1220,493820,76219,4423,,0,01,2026
2,23XX,39,6,1220,442,14,3,,0,01,2026
2,23XX,39,9,1220,3900,809,78,,0,01,2026
2,23XX,40,5,1220,14321,8666,548,,0,01,2026
2,23XX,40,5,1220,91917,17783,5313,,1,01,2026
2,23XX,40,6,1220,69918,14662,1050,,0,01,2026
2,23XX,40,9,1220,120668,2521,2415,,0,01,2026
2,23XX,42,5,1220,1000,169,152,,0,01,2026
2,23XX,44,5,1220,382563,178305,3432,,0,01,2026
2,23XX,48,5,1220,75119,1148,354,,0,01,2026
2,23XX,49,5,1220,18943,1151,300,,0,01,2026
2,23XX,54,5,1220,361017,38225,44,,0,01,2026
2,23XX,55,5,1220,767,40,4,,0,01,2026
2,23XX,58,5,1220,7837,912,87,,0,01,2026
2,23XX,59,5,1220,33330,187,233,,0,01,2026
2,23XX,63,5,1220,2044302,184225,11743,,0,01,2026
2,23XX,68,5,1220,463888,57449,1332,,0,01,2026
2,23XX,72,5,1220,29289,6185,288,,0,01,2026
2,23XX,72,6,1220,2529813,2373878,7500,,1,01,2026
2,23XX,73,5,1220,723737,203608,13889,,0,01,2026
2,23XX,73,9,1220,7912,16,158,,0,01,2026
2,23XX,76,5,1220,764370,117580,2346,,0,01,2026
2,23XX,76,9,1220,4570054,1359319,3969,,0,01,2026
2,23XX,83,5,1220,94082,2114,338,,0,01,2026
2,23XX,83,9,1220,140337,7562,2807,,0,01,2026
2,23XX,84,5,1220,2991769,313276,7356,,0,01,2026
2,23XX,84,5,1220,24705,14061,150,,1,01,2026
2,23XX,84,9,1220,161992,6023,2139,,0,01,2026
2,23XX,85,5,1220,5127002,25581,16301,,0,01,2026
2,23XX,85,5,1220,6805,233,18,,1,01,2026
2,23XX,85,6,1220,2449,6,17,,0,01,2026
2,23XX,85,9,1220,826189,5555,3749,,0,01,2026
2,23XX,86,5,1220,17997,2572,396,,0,01,2026
2,23XX,87,5,1220,96441,21309,651,,0,01,2026
2,23XX,87,6,1220,39520,10242,354,,0,01,2026
2,23XX,87,9,1220,84845,934,543,,0,01,2026
2,23XX,90,5,1220,212854,2053,1105,,0,01,2026
2,23XX,94,5,1220,125613,19028,3855,,0,01,2026
2,23XX,98,5,1220,1403590,63355,5304,,0,01,2026
2,23XX,98,8,1220,6000,12000,200,,0,01,2026
2,23XX,98,9,1220,24391,406,488,,0,01,2026
2,2401,02,5,2010,5560769,693043,31295,,0,01,2026
2,2401,04,5,2010,279300,119250,1565,,0,01,2026
2,2401,07,5,2010,985099,996124,219,,0,01,2026
2,2401,08,5,2010,17834962,2519755,25453,,0,01,2026
2,2401,09,5,2010,1665709,759268,3408,,0,01,2026
2,2401,11,5,2010,42300,6000,3,,0,01,2026
2,2401,12,5,2010,327346,139596,21,,0,01,2026
2,2401,16,5,2010,482045,121872,2274,,0,01,2026
2,2401,17,5,2010,3561239,1137688,2257,,0,01,2026
2,2401,18,5,2010,874402,154109,30,,0,01,2026
2,2401,19,5,2010,1406700,357117,21097,,0,01,2026
2,2401,20,5,2010,8059208,5487456,11684,,0,01,2026
2,2401,21,5,2010,922136,280987,8700,,0,01,2026
2,2401,22,5,2010,256776,262055,6128,,0,01,2026
2,2401,25,5,2010,179002,22152915,887,,0,01,2026
2,2401,27,5,2010,37964,12111,6,,0,01,2026
2,2401,28,5,2010,1146200,288945,37273,,0,01,2026
2,2401,29,5,2010,41350,415,100,,0,01,2026
2,2401,30,5,2010,8343857,3279472,274433,,0,01,2026
2,2401,31,5,2010,176411,129704,2312,,0,01,2026
2,2401,32,5,2010,192077,383466,5716,,0,01,2026
2,2401,33,5,2010,1246305,337243,1633,,0,01,2026
2,2401,34,5,2010,56862,7932,4,,0,01,2026
2,2401,35,5,2010,23857,6011,36,,0,01,2026
2,2401,38,5,2010,3940219,711027,305421,,0,01,2026
2,2401,39,5,2010,56232910,8807982,363051,,0,01,2026
2,2401,39,5,2010,30135,3283,85,,1,01,2026
2,2401,40,5,2010,18871011,1177747,124692,,0,01,2026
2,2401,41,5,2010,1280,90,27,,0,01,2026
2,2401,42,5,2010,4378275,936401,14901,,0,01,2026
2,2401,44,5,2010,11737526,18034872,343008,,0,01,2026
2,2401,48,5,2010,9141917,3857224,158216,,0,01,2026
2,2401,49,5,2010,313927,22271,449,,0,01,2026
2,2401,54,5,2010,241673,36865,805,,0,01,2026
2,2401,55,5,2010,19861,1924,54,,0,01,2026
2,2401,56,5,2010,1099294,77688,3197,,0,01,2026
2,2401,56,5,2010,4206,111,3,,1,01,2026
2,2401,58,5,2010,14958,848,390,,0,01,2026
2,2401,59,5,2010,18438786,2764308,56934,,0,01,2026
2,2401,60,5,2010,265825,37661,601,,0,01,2026
2,2401,61,5,2010,2470310,165034,12951,,0,01,2026
2,2401,62,5,2010,7813158,490101,28526,,0,01,2026
2,2401,63,5,2010,10894274,1526283,19484,,0,01,2026
2,2401,64,5,2010,727,57,1,,0,01,2026
2,2401,65,5,2010,233883,3835,9474,,0,01,2026
2,2401,66,5,2010,12141,1517,80,,0,01,2026
2,2401,67,5,2010,756,45,251,,0,01,2026
2,2401,68,5,2010,4506508,3156209,51289,,0,01,2026
2,2401,69,5,2010,1119921,3939151,114675,,0,01,2026
2,2401,70,5,2010,1790513,719310,34519,,0,01,2026
2,2401,71,5,2010,192037,3209,44,,0,01,2026
2,2401,72,5,2010,542080,790515,16079,,0,01,2026
2,2401,73,5,2010,15905066,4180840,230548,,0,01,2026
2,2401,73,5,2010,7833,513,78,,1,01,2026
2,2401,74,5,2010,12914847,1693559,85230,,0,01,2026
2,2401,74,5,2010,414592,48737,8608,,1,01,2026
2,2401,75,5,2010,59273,14521,962,,0,01,2026
2,2401,76,5,2010,14933617,3683552,52444,,0,01,2026
2,2401,76,5,2010,2050,233,49,,1,01,2026
2,2401,78,5,2010,32158,1921,20,,0,01,2026
2,2401,80,5,2010,660376,11914,320,,0,01,2026
2,2401,81,5,2010,213105,90348,341,,0,01,2026
2,2401,82,5,2010,123395,5005,2216,,0,01,2026
2,2401,83,5,2010,17594536,1665981,60749,,0,01,2026
2,2401,83,5,2010,3082,19,2,,1,01,2026
2,2401,84,5,2010,3716819546,49909817,1488778,,0,01,2026
2,2401,84,5,2010,612250,40037,3979,,1,01,2026
2,2401,84,6,2010,6188313,29135,350,,0,01,2026
2,2401,85,5,2010,1061051192,54386266,5746091,,0,01,2026
2,2401,85,5,2010,2458395,214308,64667,,1,01,2026
2,2401,86,5,2010,137491,40958,833,,0,01,2026
2,2401,87,5,2010,413997952,47148931,1315328,,0,01,2026
2,2401,87,5,2010,6135144,380186,7364,,1,01,2026
2,2401,88,5,2010,51428339,166838,85214,,0,01,2026
2,2401,89,5,2010,2394505,84910,5664,,0,01,2026
2,2401,90,3,2010,2618,47,352,,0,01,2026
2,2401,90,5,2010,433922388,18302417,1030507,,0,01,2026
2,2401,90,5,2010,648025,7429,1203,,1,01,2026
2,2401,91,5,2010,1579916,62328,1319,,0,01,2026
2,2401,94,5,2010,117443497,10720078,509644,,0,01,2026
2,2401,94,5,2010,3173521,1036847,31225,,1,01,2026
2,2401,95,5,2010,4295766,455433,8138,,0,01,2026
2,2401,96,5,2010,173115,7766,347,,0,01,2026
2,2401,98,5,2010,67174098,4263730,873611,,0,01,2026
2,2401,98,5,2010,980672,11248,1705,,1,01,2026
2,2402,01,5,2010,42000,273,150,,0,01,2026
2,2402,04,5,2010,86808,13524,701,,0,01,2026
2,2402,06,5,2010,4319,2105,563,,0,01,2026
2,2402,07,5,2010,242497,281285,510,,0,01,2026
2,2402,08,5,2010,30114,35367,6,,0,01,2026
2,2402,17,6,2010,102782,432779,8000,,0,01,2026
2,2402,19,5,2010,9188,2688,200,,0,01,2026
2,2402,20,5,2010,214329,113764,2203,,0,01,2026
2,2402,25,5,2010,178097,430685,6258,,0,01,2026
2,2402,25,6,2010,5076180,54436454,2220132,,0,01,2026
2,2402,25,6,2010,1023845,7290837,8600,,1,01,2026
2,2402,27,5,2010,2708,1400,27,,0,01,2026
2,2402,28,6,2010,2753438,7057798,40967,,0,01,2026
2,2402,30,5,2010,760361,1147941,66060,,0,01,2026
2,2402,32,5,2010,36057,92151,4346,,0,01,2026
2,2402,33,5,2010,735647,195545,2218,,0,01,2026
2,2402,34,5,2010,769292,464034,4663,,0,01,2026
2,2402,35,5,2010,14628,47,6,,0,01,2026
2,2402,38,5,2010,286944,215660,2400,,0,01,2026
2,2402,38,6,2010,124120,750851,24,,0,01,2026
2,2402,39,3,2010,8811,1075,1134,,0,01,2026
2,2402,39,5,2010,1855156,415216,8539,,0,01,2026
2,2402,39,6,2010,987686,619570,945,,0,01,2026
2,2402,39,6,2010,2060643,2301706,77604,,1,01,2026
2,2402,39,9,2010,9550,844,125,,0,01,2026
2,2402,40,3,2010,897,3,126,,0,01,2026
2,2402,40,5,2010,21740,658,21,,0,01,2026
2,2402,40,9,2010,12990,8850,260,,0,01,2026
2,2402,41,5,2010,1095,69,12,,0,01,2026
2,2402,42,5,2010,47318,1133,91,,0,01,2026
2,2402,44,5,2010,267542,255852,4698,,0,01,2026
2,2402,48,5,2010,586021,165115,8289,,0,01,2026
2,2402,48,5,2010,12094,2544,371,,1,01,2026
2,2402,48,6,2010,79413,79697,1,,0,01,2026
2,2402,49,5,2010,69178,22656,827,,0,01,2026
2,2402,52,5,2010,14344,2593,6,,0,01,2026
2,2402,56,5,2010,101521,14906,69,,0,01,2026
2,2402,59,5,2010,2282587,530586,2650,,0,01,2026
2,2402,61,3,2010,94662,936,312,,0,01,2026
2,2402,62,5,2010,821704,31627,61,,0,01,2026
2,2402,63,5,2010,25350,1521,126,,0,01,2026
2,2402,64,5,2010,459158,12149,614,,0,01,2026
2,2402,65,5,2010,94897,12425,305,,0,01,2026
2,2402,66,5,2010,100010,19018,105,,0,01,2026
2,2402,68,5,2010,2550966,6260157,161716,,0,01,2026
2,2402,68,6,2010,374936,947513,10001,,0,01,2026
2,2402,69,5,2010,176546,516236,7109,,0,01,2026
2,2402,70,5,2010,396929,36141,314,,0,01,2026
2,2402,71,5,2010,816848,23759,896,,0,01,2026
2,2402,72,5,2010,165332,172821,1723,,0,01,2026
2,2402,72,6,2010,1896104,3157789,102911,,0,01,2026
2,2402,73,5,2010,3130862,1377489,76191,,0,01,2026
2,2402,74,5,2010,341941,67084,60243,,0,01,2026
2,2402,75,5,2010,632464,6762,96,,0,01,2026
2,2402,76,5,2010,3791307,789788,56356,,0,01,2026
2,2402,78,5,2010,16244,958,27,,0,01,2026
2,2402,78,6,2010,655751,335353,2500,,0,01,2026
2,2402,79,6,2010,16390090,5262338,35717,,0,01,2026
2,2402,80,5,2010,2412081,64630,1911,,0,01,2026
2,2402,82,5,2010,23285,23,545,,0,01,2026
2,2402,83,3,2010,3296,5,650,,0,01,2026
2,2402,83,5,2010,1965282,645578,9909,,0,01,2026
2,2402,84,3,2010,31890,741,750,,0,01,2026
2,2402,84,5,2010,22380485,2317366,143344,,0,01,2026
2,2402,84,5,2010,176806,18523,24000,,1,01,2026
2,2402,84,6,2010,6094414,1000692,198,,0,01,2026
2,2402,84,9,2010,394470027,2266382,346696,,0,01,2026
2,2402,85,1,2010,23647,33,81,,1,01,2026
2,2402,85,3,2010,410187,2778,2516,,0,01,2026
2,2402,85,5,2010,147384117,15453158,311839,,0,01,2026
2,2402,85,6,2010,4169547,149501,351,,0,01,2026
2,2402,85,6,2010,2875735,126970,749,,1,01,2026
2,2402,85,9,2010,111949168,880911,703464,,0,01,2026
2,2402,87,3,2010,2915,392,400,,0,01,2026
2,2402,87,5,2010,3227793,344665,26158,,0,01,2026
2,2402,87,6,2010,280677657,29335378,922392,,0,01,2026
2,2402,87,9,2010,122344,16587,320,,0,01,2026
2,2402,88,5,2010,54099,619,3,,0,01,2026
2,2402,90,3,2010,11607,47,800,,0,01,2026
2,2402,90,5,2010,12586375,163506,10863,,0,01,2026
2,2402,90,9,2010,7556423,124697,96475,,0,01,2026
2,2402,94,5,2010,20034066,3485518,71353,,0,01,2026
2,2402,94,9,2010,45022,2543,380,,0,01,2026
2,2402,95,5,2010,1103751,592678,7931,,0,01,2026
2,2402,96,5,2010,3172,46,10,,0,01,2026
2,2402,97,5,2010,8330,16,237,,0,01,2026
2,2402,98,3,2010,49000,7,300,,0,01,2026
2,2402,98,5,2010,5333164,350095,72660,,0,01,2026
2,2402,98,6,2010,46663,92001,6100,,0,01,2026
2,2402,98,9,2010,177497,973,784,,0,01,2026
2,2403,07,5,2010,244489,224391,3500,,0,01,2026
2,2403,08,5,2010,4407532,869922,2862,,0,01,2026
2,2403,12,5,2010,83390,355348,6035,,0,01,2026
2,2403,22,5,2010,2395,10919,50,,0,01,2026
2,2403,25,5,2010,41030,247120,6000,,0,01,2026
2,2403,39,5,2010,54038,9226,918,,0,01,2026
2,2403,42,5,2010,39583,2815,2000,,0,01,2026
2,2403,72,5,2010,10287,49875,560,,0,01,2026
2,2403,73,5,2010,1672959,415947,3380,,0,01,2026
2,2403,76,5,2010,452135,52034,1540,,0,01,2026
2,2403,83,5,2010,19563,1339,100,,0,01,2026
2,2403,84,5,2010,1774737,522881,9028,,0,01,2026
2,2403,87,5,2010,2247832,670923,12280,,0,01,2026
2,2403,90,5,2010,105536,24201,4000,,0,01,2026
2,2403,94,5,2010,1754702,591868,201,,0,01,2026
2,2403,95,5,2010,3804,320,500,,0,01,2026
2,2403,98,5,2010,15265,12257,20,,0,01,2026
2,2404,08,5,2010,3191085,408116,4586,,0,01,2026
2,2404,14,5,2010,11667,2000,829,,0,01,2026
2,2404,19,5,2010,36469,5025,2640,,0,01,2026
2,2404,21,5,2010,94717,143212,1320,,0,01,2026
2,2404,25,5,2010,41809,240858,36,,0,01,2026
2,2404,30,5,2010,1810118,1886,25,,0,01,2026
2,2404,32,5,2010,101672,691204,7654,,0,01,2026
2,2404,38,5,2010,124887,49917,3006,,0,01,2026
2,2404,39,5,2010,1981684,114673,8993,,0,01,2026
2,2404,40,5,2010,89508,1763,1347,,0,01,2026
2,2404,42,5,2010,301,20,3,,0,01,2026
2,2404,44,5,2010,212189,414989,1445,,0,01,2026
2,2404,54,5,2010,8064,1274,70,,0,01,2026
2,2404,56,5,2010,343,37,6,,0,01,2026
2,2404,58,5,2010,143623,4608,24,,0,01,2026
2,2404,63,5,2010,304446,17747,2107,,0,01,2026
2,2404,72,5,2010,78486,135081,48,,0,01,2026
2,2404,73,5,2010,4674970,3189769,53826,,0,01,2026
2,2404,74,1,2010,32229,6110,34,,0,01,2026
2,2404,74,5,2010,3900,1336,3,,0,01,2026
2,2404,75,5,2010,23179,95256,15,,0,01,2026
2,2404,76,5,2010,19110,18200,1,,0,01,2026
2,2404,81,5,2010,13902,4083,9,,0,01,2026
2,2404,83,5,2010,270330,34325,4885,,0,01,2026
2,2404,84,5,2010,634302729,3057099,66984,,0,01,2026
2,2404,85,5,2010,44579263,3784618,115803,,0,01,2026
2,2404,86,5,2010,168750,52110,20,,0,01,2026
2,2404,87,5,2010,10763843,3460778,591551,,0,01,2026
2,2404,90,5,2010,18937972,626290,17357,,0,01,2026
2,2404,91,5,2010,11492,15,69,,0,01,2026
2,2404,94,5,2010,13041262,1566707,13234,,0,01,2026
2,2404,98,5,2010,710947,134770,5373,,0,01,2026
2,2406,04,5,2010,53699,7731,600,,0,01,2026
2,2406,07,5,2010,1501202,4736529,13440,,0,01,2026
2,2406,08,5,2010,1474469,142190,110,,0,01,2026
2,2406,09,5,2010,1210371,1479759,5434,,0,01,2026
2,2406,11,5,2010,12220,14000,2,,0,01,2026
2,2406,12,5,2010,161512,1216235,3257,,0,01,2026
2,2406,20,5,2010,577162,95259,26,,0,01,2026
2,2406,42,5,2010,145227,9285,356,,0,01,2026
2,2406,44,5,2010,16850,20268,3,,0,01,2026
2,2406,69,5,2010,13097,691,5,,0,01,2026
2,2406,84,5,2010,28009,1300,100,,0,01,2026
2,2406,94,5,2010,8000,802,200,,0,01,2026
2,2408,07,5,2010,1780881,2435139,4548,,0,01,2026
2,2408,08,5,2010,59908,88608,1700,,0,01,2026
2,2408,09,5,2010,3963730,1507996,9361,,0,01,2026
2,2408,11,5,2010,24624,10720,350,,0,01,2026
2,2408,12,5,2010,28290,210506,1650,,0,01,2026
2,2408,17,5,2010,22655374,7576364,8637,,0,01,2026
2,2408,18,5,2010,20739,6032,33,,0,01,2026
2,2408,20,5,2010,1604996,1126610,4136,,0,01,2026
2,2408,21,5,2010,7938,5402,9,,0,01,2026
2,2408,23,5,2010,40020,61848,300,,0,01,2026
2,2408,25,5,2010,473771,1368348,22676,,0,01,2026
2,2408,29,5,2010,2953,401,276,,0,01,2026
2,2408,30,5,2010,309586,4398,150,,0,01,2026
2,2408,32,5,2010,135604,758582,10334,,0,01,2026
2,2408,34,5,2010,89340,25642,15,,0,01,2026
2,2408,38,5,2010,11219523,940184,62371,,0,01,2026
2,2408,39,3,2010,4893,166,3,,0,01,2026
2,2408,39,5,2010,5923159,814972,20925,,0,01,2026
2,2408,39,5,2010,5268,658,54,,1,01,2026
2,2408,39,9,2010,595,4267,3,,0,01,2026
2,2408,40,3,2010,3849,582,9,,0,01,2026
2,2408,40,5,2010,264727,47776,567,,0,01,2026
2,2408,41,5,2010,23916,9000,3,,0,01,2026
2,2408,42,5,2010,165486,10212,4387,,0,01,2026
2,2408,44,5,2010,1519392,2173561,68922,,0,01,2026
2,2408,48,5,2010,574436,336877,13406,,0,01,2026
2,2408,49,5,2010,3386501,614264,1217,,0,01,2026
2,2408,52,5,2010,6556,65543,500,,0,01,2026
2,2408,56,5,2010,31418,1993,490,,0,01,2026
2,2408,58,5,2010,10301,206,6,,0,01,2026
2,2408,59,5,2010,2635185,109220,113,,0,01,2026
2,2408,61,5,2010,3790018,395074,1435,,0,01,2026
2,2408,62,5,2010,1895524,34058,197,,0,01,2026
2,2408,63,5,2010,2931791,1409579,19947,,0,01,2026
2,2408,64,5,2010,750,54,15,,0,01,2026
2,2408,65,5,2010,11569,2385,75,,0,01,2026
2,2408,67,5,2010,2301,126,501,,0,01,2026
2,2408,68,5,2010,693240,2387839,105364,,0,01,2026
2,2408,69,5,2010,29304,97295,1750,,0,01,2026
2,2408,70,5,2010,69667,18899,326,,0,01,2026
2,2408,71,5,2010,147475224,30295,600,,0,01,2026
2,2408,72,5,2010,1266830,4369409,77236,,0,01,2026
2,2408,72,5,2010,15212,39614,600,,1,01,2026
2,2408,73,5,2010,4728803,2111593,79380,,0,01,2026
2,2408,73,5,2010,92385,7453,1060,,1,01,2026
2,2408,74,5,2010,2457998,691297,8594,,0,01,2026
2,2408,76,5,2010,1033966,654124,7744,,0,01,2026
2,2408,76,5,2010,12454,5355,670,,1,01,2026
2,2408,80,5,2010,19062,687,1,,0,01,2026
2,2408,82,5,2010,7500,1134,2,,0,01,2026
2,2408,83,5,2010,173065,15170,6597,,0,01,2026
2,2408,83,5,2010,39073,2021,250,,1,01,2026
2,2408,84,5,2010,1944735347,11627064,341575,,0,01,2026
2,2408,84,9,2010,32885042,138323,5900,,0,01,2026
2,2408,85,3,2010,8984,340,6,,0,01,2026
2,2408,85,5,2010,91899457,4329679,193233,,0,01,2026
2,2408,85,5,2010,5393863,196519,23528,,1,01,2026
2,2408,86,5,2010,312203,86480,44,,0,01,2026
2,2408,87,5,2010,22519763,5326396,554913,,0,01,2026
2,2408,90,5,2010,26128459,684814,21984,,0,01,2026
2,2408,90,5,2010,316833,4538,722,,1,01,2026
2,2408,94,5,2010,8472595,1327109,15197,,0,01,2026
2,2408,94,5,2010,1331266,308530,10325,,1,01,2026
2,2408,95,5,2010,81568,5692,5,,0,01,2026
2,2408,96,5,2010,1182230,138581,416,,0,01,2026
2,2408,98,5,2010,24507704,7485133,158896,,0,01,2026
2,2408,98,5,2010,4238674,72989,10418,,1,01,2026
2,24XX,21,5,1220,14744,786,20,,0,01,2026
2,24XX,30,5,1220,229977,1067,2130,,0,01,2026
2,24XX,39,3,1220,9044,113,260,,0,01,2026
2,24XX,39,5,1220,140586,6862,147,,0,01,2026
2,24XX,39,9,1220,116573,502319,61,,0,01,2026
2,24XX,40,3,1220,17689,479,1,,0,01,2026
2,24XX,40,5,1220,17689,479,1,,0,01,2026
2,24XX,54,5,1220,6312,238,4,,0,01,2026
2,24XX,56,5,1220,185761,155,155,,0,01,2026
2,24XX,58,5,1220,288,1,3,,0,01,2026
2,24XX,59,9,1220,412007,56330,8,,0,01,2026
2,24XX,63,5,1220,260,11,2,,0,01,2026
2,24XX,73,1,1220,119244,427724,6,,0,01,2026
2,24XX,73,5,1220,7057,1781,7,,0,01,2026
2,24XX,73,9,1220,28221,14111,9,,0,01,2026
2,24XX,74,5,1220,21222,1907,10,,0,01,2026
2,24XX,76,5,1220,278609,25712,4901,,0,01,2026
2,24XX,76,6,1220,1024669,303454,49132,,0,01,2026
2,24XX,82,5,1220,351739,12020,811,,0,01,2026
2,24XX,83,3,1220,2883,23,396,,0,01,2026
2,24XX,83,5,1220,8982,9,28,,0,01,2026
2,24XX,84,3,1220,72575,179,150,,0,01,2026
2,24XX,84,5,1220,1008976,1665,2311,,0,01,2026
2,24XX,84,9,1220,50899,563,6,,0,01,2026
2,24XX,85,3,1220,437546,2189,8870,,0,01,2026
2,24XX,85,5,1220,181130,9130,2570,,0,01,2026
2,24XX,85,9,1220,36776,920,21,,0,01,2026
2,24XX,87,5,1220,166486,12718,25872,,0,01,2026
2,24XX,90,5,1220,249538,4144,161,,0,01,2026
2,24XX,90,9,1220,14977,3247,12,,0,01,2026
2,24XX,90,9,1220,2236,22,3,,1,01,2026
2,24XX,91,5,1220,13348,117,8,,0,01,2026
2,24XX,94,3,1220,2076,22,109,,0,01,2026
2,24XX,94,5,1220,45347,3852,476,,0,01,2026
2,24XX,98,5,1220,614924,8886,9560,,0,01,2026
2,24XX,98,6,1220,42780,92016,3365,,0,01,2026
2,2501,17,1,2010,10865780,30089110,2,,0,01,2026
2,2501,62,3,2010,1000,7,0,,0,01,2026
2,2501,71,3,2010,11995,0,100,,0,01,2026
2,2501,85,3,2010,4680,12,200,,0,01,2026
2,2501,85,5,2010,1000503,16870,9600,,0,01,2026
2,2501,87,1,2010,7762071,1067806,10000,,0,01,2026
2,2501,90,3,2010,41270,62,84,,0,01,2026
2,2501,90,5,2010,111855,4441,3,,0,01,2026
2,2501,98,1,2010,52994,5540,5503,,0,01,2026
2,2501,98,3,2010,14866,9,300,,0,01,2026
2,2501,98,5,2010,46525,6440,2,,0,01,2026
2,2504,84,3,2010,7600,145,75,,0,01,2026
2,2504,85,3,2010,42240,15,75,,0,01,2026
2,2505,13,5,2010,190000,48647,450,,0,01,2026
2,2505,21,5,2010,180480,97012,6,,0,01,2026
2,2505,25,5,2010,499136,1336158,3133,,0,01,2026
2,2505,30,5,2010,7774,485,65,,0,01,2026
2,2505,34,5,2010,65741,52332,300,,0,01,2026
2,2505,38,5,2010,211740,339286,3900,,0,01,2026
2,2505,39,5,2010,1205578,207504,3125,,0,01,2026
2,2505,40,5,2010,834803,95302,589,,0,01,2026
2,2505,42,5,2010,492852,20852,2449,,0,01,2026
2,2505,44,5,2010,61057,3834,35,,0,01,2026
2,2505,48,5,2010,10104,1543,12,,0,01,2026
2,2505,49,5,2010,2250,2,2,,0,01,2026
2,2505,54,5,2010,12960,196,46,,0,01,2026
2,2505,56,5,2010,2880,112,10,,0,01,2026
2,2505,61,5,2010,96414,4207,60,,0,01,2026
2,2505,62,5,2010,57436,882,489,,0,01,2026
2,2505,63,5,2010,309928,5497,1892,,0,01,2026
2,2505,65,5,2010,1296,160,29,,0,01,2026
2,2505,68,5,2010,152473,205912,2834,,0,01,2026
2,2505,69,5,2010,307901,260852,2252,,0,01,2026
2,2505,70,5,2010,6375,2814,400,,0,01,2026
2,2505,71,5,2010,4710325,1175,2112,,0,01,2026
2,2505,73,5,2010,1011715,444112,2728,,0,01,2026
2,2505,74,5,2010,2248,1,1,,0,01,2026
2,2505,76,5,2010,144376,25676,179,,0,01,2026
2,2505,78,5,2010,16669,1905,4,,0,01,2026
2,2505,79,5,2010,3040,544,1,,0,01,2026
2,2505,82,5,2010,363290,11492,4870,,0,01,2026
2,2505,83,5,2010,380613,138291,154,,0,01,2026
2,2505,84,5,2010,6156062,445813,3963,,0,01,2026
2,2505,85,5,2010,26128531,467151,18640,,0,01,2026
2,2505,87,5,2010,1092095,249312,539,,0,01,2026
2,2505,89,5,2010,178055,6267,10,,0,01,2026
2,2505,90,5,2010,1433074,50071,3064,,0,01,2026
2,2505,92,5,2010,2368757,76563,2073,,0,01,2026
2,2505,94,5,2010,1820814,521818,9776,,0,01,2026
2,2505,95,5,2010,79422,9178,268,,0,01,2026
2,2505,98,5,2010,2757934,1200880,5583,,0,01,2026
2,2506,02,5,2010,3298721,345923,67,,0,01,2026
2,2506,03,5,2010,13018319,1565234,6602,,0,01,2026
2,2506,03,8,2010,41538,7180,3,,0,01,2026
2,2506,04,5,2010,1787260,654753,4852,,0,01,2026
2,2506,05,5,2010,159480,234170,1887,,0,01,2026
2,2506,06,5,2010,2358620,1301897,26310,,0,01,2026
2,2506,07,5,2010,38488972,32835103,398486,,0,01,2026
2,2506,08,5,2010,102363347,40183375,3576222,,0,01,2026
2,2506,09,5,2010,332228,151449,5816,,0,01,2026
2,2506,10,5,2010,36820,52103,676,,0,01,2026
2,2506,11,5,2010,679409,357940,96,,0,01,2026
2,2506,12,5,2010,1705352,738605,26856,,0,01,2026
2,2506,13,5,2010,637260,93189,1724,,0,01,2026
2,2506,14,5,2010,422434,72227,1574,,0,01,2026
2,2506,15,5,2010,689195,339637,8127,,0,01,2026
2,2506,16,5,2010,2696124,389774,11199,,0,01,2026
2,2506,17,5,2010,7188361,1845231,16056,,0,01,2026
2,2506,18,5,2010,361781,80475,2203,,0,01,2026
2,2506,19,5,2010,17138325,6816331,58325,,0,01,2026
2,2506,19,5,2010,28217,5350,1,,1,01,2026
2,2506,20,5,2010,4826086,2647837,51532,,0,01,2026
2,2506,21,5,2010,3912816,1817620,23121,,0,01,2026
2,2506,22,5,2010,21505341,24897712,78500,,0,01,2026
2,2506,24,5,2010,341764,9429,3200,,0,01,2026
2,2506,25,5,2010,690756,2488059,1135,,0,01,2026
2,2506,28,5,2010,410077,73541,934,,0,01,2026
2,2506,29,5,2010,8661,4690,2,,0,01,2026
2,2506,30,5,2010,7671037,862597,16071,,0,01,2026
2,2506,31,5,2010,34178,22608,102,,0,01,2026
2,2506,32,5,2010,645310,152165,1776,,0,01,2026
2,2506,33,5,2010,3931393,554128,11595,,0,01,2026
2,2506,34,5,2010,3213795,1729915,7392,,0,01,2026
2,2506,35,5,2010,66871,46270,605,,0,01,2026
2,2506,38,5,2010,4058925,999895,4700,,0,01,2026
2,2506,39,5,2010,146434830,24163479,671369,,0,01,2026
2,2506,40,5,2010,8372750,1875189,27602,,0,01,2026
2,2506,40,5,2010,1109,42,3,,1,01,2026
2,2506,41,5,2010,26930,1579,577,,0,01,2026
2,2506,42,5,2010,4619014,455759,27037,,0,01,2026
2,2506,42,5,2010,11993,17,55,,1,01,2026
2,2506,44,5,2010,11174658,4733726,220148,,0,01,2026
2,2506,46,5,2010,2341634,496657,17734,,0,01,2026
2,2506,47,5,2010,138519,491093,195,,0,01,2026
2,2506,48,5,2010,20462814,7101167,227195,,0,01,2026
2,2506,48,9,2010,7620,758,97,,0,01,2026
2,2506,49,5,2010,3500277,506686,27513,,0,01,2026
2,2506,52,5,2010,4657,4447,221,,0,01,2026
2,2506,53,5,2010,5628,2355,3000,,0,01,2026
2,2506,54,5,2010,88558,9502,515,,0,01,2026
2,2506,55,5,2010,1698,2859,141,,0,01,2026
2,2506,56,5,2010,406403,29241,2443,,0,01,2026
2,2506,57,5,2010,45471,10849,767,,0,01,2026
2,2506,58,5,2010,16472,382,320,,0,01,2026
2,2506,59,5,2010,2468803,487190,34783,,0,01,2026
2,2506,59,5,2010,91161,4932,300,,1,01,2026
2,2506,60,5,2010,151066,2366,80,,0,01,2026
2,2506,61,5,2010,16591143,2395800,43625,,0,01,2026
2,2506,62,5,2010,2298153,81622,9828,,0,01,2026
2,2506,63,5,2010,27295504,1455521,78084,,0,01,2026
2,2506,64,5,2010,1437498,50623,8766,,0,01,2026
2,2506,65,5,2010,2794512,222347,3205,,0,01,2026
2,2506,66,5,2010,1119,714,7,,0,01,2026
2,2506,67,5,2010,178407,21232,4351,,0,01,2026
2,2506,68,5,2010,9047207,8761967,34476,,0,01,2026
2,2506,69,5,2010,613766,143862,2594,,0,01,2026
2,2506,70,5,2010,3228677,420973,14703,,0,01,2026
2,2506,71,5,2010,1749021,24546,194,,0,01,2026
2,2506,72,5,2010,2380435,7679077,31042,,0,01,2026
2,2506,73,5,2010,28561871,6852196,133753,,0,01,2026
2,2506,73,5,2010,69189,19113,6,,1,01,2026
2,2506,74,5,2010,2094304,303506,11612,,0,01,2026
2,2506,75,5,2010,348794,5467,627,,0,01,2026
2,2506,76,5,2010,24522282,5403617,72955,,0,01,2026
2,2506,76,5,2010,339010,132038,5970,,1,01,2026
2,2506,78,5,2010,51987,50630,1420,,0,01,2026
2,2506,79,5,2010,259370,116861,27,,0,01,2026
2,2506,81,5,2010,1100243,7700,2246,,0,01,2026
2,2506,82,5,2010,828019,98267,4029,,0,01,2026
2,2506,83,5,2010,39549269,2850063,25806,,0,01,2026
2,2506,83,9,2010,53303,180,1749,,0,01,2026
2,2506,84,5,2010,203856766,16019019,493848,,0,01,2026
2,2506,84,5,2010,5629975,987612,34420,,1,01,2026
2,2506,84,9,2010,8889891,623069,184769,,0,01,2026
2,2506,85,3,2010,7179,3,3,,0,01,2026
2,2506,85,5,2010,816191215,53116400,2627640,,0,01,2026
2,2506,85,5,2010,10126837,722975,297117,,1,01,2026
2,2506,85,9,2010,17047,181,341,,0,01,2026
2,2506,86,5,2010,666538,131994,7502,,0,01,2026
2,2506,87,5,2010,528885354,55845626,740941,,0,01,2026
2,2506,87,5,2010,1936953,425008,3992,,1,01,2026
2,2506,88,5,2010,11937829,43401,12047,,0,01,2026
2,2506,90,3,2010,3937,108,500,,0,01,2026
2,2506,90,5,2010,447662897,12419105,781310,,0,01,2026
2,2506,90,5,2010,4591410,48549,318,,1,01,2026
2,2506,90,9,2010,11083,15,222,,0,01,2026
2,2506,91,5,2010,1774754,83712,3708,,0,01,2026
2,2506,92,5,2010,5025835,106664,2253,,0,01,2026
2,2506,93,5,2010,218468,83652,488,,0,01,2026
2,2506,94,5,2010,79362763,17652459,331027,,0,01,2026
2,2506,94,9,2010,213429,32030,4259,,0,01,2026
2,2506,95,5,2010,25238982,1153811,34200,,0,01,2026
2,2506,96,5,2010,10384190,1904417,32052,,0,01,2026
2,2506,97,5,2010,62350,1400,150,,0,01,2026
2,2506,98,5,2010,150590637,23958295,936895,,0,01,2026
2,2506,98,5,2010,2490053,1890731,10438,,1,01,2026
2,2506,98,9,2010,738839,27860,15852,,0,01,2026
2,2507,02,5,2010,43141308,5146936,75841,,0,01,2026
2,2507,07,5,2010,48323222,52638869,786996,,0,01,2026
2,2507,08,5,2010,2350438,884502,3366,,0,01,2026
2,2507,11,5,2010,8037970,11094678,935,,0,01,2026
2,2507,11,6,2010,1069966,1881236,20,,0,01,2026
2,2507,12,5,2010,126146,41731,4003,,0,01,2026
2,2507,15,5,2010,542696,146717,10003,,0,01,2026
2,2507,15,6,2010,429185,267496,3,,0,01,2026
2,2507,17,5,2010,2604638,782464,1061,,0,01,2026
2,2507,18,5,2010,315980,72262,30,,0,01,2026
2,2507,19,5,2010,27353810,10578719,212724,,0,01,2026
2,2507,20,5,2010,8344252,2691600,60050,,0,01,2026
2,2507,21,5,2010,709248,152208,72,,0,01,2026
2,2507,22,5,2010,14158203,19613634,161795,,0,01,2026
2,2507,23,5,2010,131745,95000,625,,0,01,2026
2,2507,25,5,2010,640288,64933484,3304,,0,01,2026
2,2507,27,5,2010,5301,14155,7,,0,01,2026
2,2507,28,5,2010,7359,19,17,,0,01,2026
2,2507,30,5,2010,1998055,5549,3873,,0,01,2026
2,2507,31,5,2010,98616,84094,4,,0,01,2026
2,2507,32,5,2010,12660,26651,10,,0,01,2026
2,2507,33,5,2010,202325,51912,1799,,0,01,2026
2,2507,34,5,2010,1598223,2617803,47600,,0,01,2026
2,2507,34,5,2010,3635,18176,1,,1,01,2026
2,2507,35,5,2010,127961,902,189,,0,01,2026
2,2507,38,5,2010,1256795,1975175,36896,,0,01,2026
2,2507,39,5,2010,26725688,5653846,900438,,0,01,2026
2,2507,39,5,2010,4583490,123467,379860,,1,01,2026
2,2507,40,5,2010,325696,33676,483,,0,01,2026
2,2507,40,5,2010,1451714,192450,54031,,1,01,2026
2,2507,40,6,2010,109038,14455,3859,,1,01,2026
2,2507,42,5,2010,640817,103697,1568,,0,01,2026
2,2507,44,5,2010,135650,113717,1460,,0,01,2026
2,2507,48,5,2010,11251219,5646687,101914,,0,01,2026
2,2507,49,5,2010,259532,8002,1424,,0,01,2026
2,2507,56,5,2010,77805,4136,219,,0,01,2026
2,2507,57,5,2010,8346,281,19,,0,01,2026
2,2507,58,5,2010,12891,314,207,,0,01,2026
2,2507,59,5,2010,1439132,121748,10226,,0,01,2026
2,2507,60,5,2010,363,2,2,,0,01,2026
2,2507,61,5,2010,157320,9213,1225,,0,01,2026
2,2507,62,5,2010,210415,1811,487,,0,01,2026
2,2507,63,5,2010,2322234,111773,7765,,0,01,2026
2,2507,65,5,2010,2744195,68649,5017,,0,01,2026
2,2507,66,5,2010,72008,2678,334,,0,01,2026
2,2507,68,5,2010,3213645,5850519,6873,,0,01,2026
2,2507,70,5,2010,21818673,20232484,61697,,0,01,2026
2,2507,72,5,2010,794713,2276143,9267,,0,01,2026
2,2507,73,5,2010,18514467,10018067,26441,,0,01,2026
2,2507,74,5,2010,2520283,494730,15299,,0,01,2026
2,2507,75,5,2010,1440695,7506,2418,,0,01,2026
2,2507,76,5,2010,2635764,630824,4807,,0,01,2026
2,2507,81,5,2010,449038,14695,584,,0,01,2026
2,2507,82,5,2010,76109,23713,81,,0,01,2026
2,2507,83,5,2010,16491004,1757730,16838,,0,01,2026
2,2507,84,5,2010,124863831,14234270,557024,,0,01,2026
2,2507,84,6,2010,41075,2588,150,,1,01,2026
2,2507,85,5,2010,149991429,10077257,411057,,0,01,2026
2,2507,87,5,2010,33020407,4152597,74629,,0,01,2026
2,2507,88,5,2010,59249349,251481,24472,,0,01,2026
2,2507,89,5,2010,36900,3700,180,,0,01,2026
2,2507,90,3,2010,73180,84,98,,0,01,2026
2,2507,90,5,2010,142204331,2074685,95390,,0,01,2026
2,2507,94,5,2010,11941273,5741324,35211,,0,01,2026
2,2507,95,5,2010,148249,2115,1,,0,01,2026
2,2507,96,5,2010,13350946,1244255,8058,,0,01,2026
2,2507,98,5,2010,57316333,2553232,85922,,0,01,2026
2,25XX,02,9,1220,2721235,1144237,6300,,0,01,2026
2,25XX,15,9,1220,31861,17205,100,,0,01,2026
2,25XX,27,6,1220,18053,104034,500,,0,01,2026
2,25XX,29,3,1220,2688,0,250,,0,01,2026
2,25XX,38,3,1220,21474,4,500,,0,01,2026
2,25XX,39,3,1220,17006,39,1337,,0,01,2026
2,25XX,39,5,1220,52344,2968,351,,0,01,2026
2,25XX,40,5,1220,259,3,3,,0,01,2026
2,25XX,42,5,1220,329249,44013,63,,0,01,2026
2,25XX,44,5,1220,86097,17440,3,,0,01,2026
2,25XX,44,9,1220,23458,38980,200,,0,01,2026
2,25XX,48,5,1220,5339,2268,125,,0,01,2026
2,25XX,54,5,1220,330,25,16,,0,01,2026
2,25XX,58,5,1220,13511,2748,26,,0,01,2026
2,25XX,62,3,1220,1320,12,1,,0,01,2026
2,25XX,63,5,1220,254585,9282,2147,,0,01,2026
2,25XX,65,5,1220,724,7,3,,0,01,2026
2,25XX,82,5,1220,135995,5022,1350,,0,01,2026
2,25XX,84,3,1220,3648,5,3648,,0,01,2026
2,25XX,84,5,1220,348006,1366,528,,0,01,2026
2,25XX,85,3,1220,484640,387,25332,,0,01,2026
2,25XX,85,5,1220,128458,12936,273,,0,01,2026
2,25XX,85,5,1220,4036,5,16,,1,01,2026
2,25XX,85,9,1220,5812,110,1,,0,01,2026
2,25XX,87,3,1220,3723,10,250,,0,01,2026
2,25XX,87,5,1220,322160,57645,63,,0,01,2026
2,25XX,88,3,1220,7055,5,1500,,0,01,2026
2,25XX,90,3,1220,355950,417,3529,,0,01,2026
2,25XX,90,5,1220,56927,1236,177,,0,01,2026
2,25XX,90,5,1220,2206,3,10,,1,01,2026
2,25XX,94,5,1220,21778,3464,95,,0,01,2026
2,25XX,98,3,1220,805227,5305,6079,,0,01,2026
2,25XX,98,5,1220,144474,1173,674,,0,01,2026
2,2601,25,5,2010,222844,1238434,562,,0,01,2026
2,2601,26,5,2010,4854032,197773,2500,,0,01,2026
2,2601,39,5,2010,2441427,317864,2060,,0,01,2026
2,2601,40,5,2010,62911,1090,343,,0,01,2026
2,2601,44,5,2010,370078,272950,2077,,0,01,2026
2,2601,46,5,2010,287027,53643,48,,0,01,2026
2,2601,48,5,2010,4575,1320,2,,0,01,2026
2,2601,56,5,2010,71545,6279,1029,,0,01,2026
2,2601,58,5,2010,70860,2860,37,,0,01,2026
2,2601,59,5,2010,830694,58102,135,,0,01,2026
2,2601,60,5,2010,199015,17737,58,,0,01,2026
2,2601,61,5,2010,92229,43225,21,,0,01,2026
2,2601,62,5,2010,383442,45973,2413,,0,01,2026
2,2601,63,5,2010,7620630,677127,7709,,0,01,2026
2,2601,65,5,2010,201938,28479,26,,0,01,2026
2,2601,68,5,2010,785118,2066902,92502,,0,01,2026
2,2601,69,5,2010,41063,74204,400,,0,01,2026
2,2601,72,5,2010,2400,1000,1,,0,01,2026
2,2601,73,5,2010,25183,8493,1000,,0,01,2026
2,2601,74,5,2010,25004966,2160955,27752,,0,01,2026
2,2601,76,5,2010,607063,51888,36,,0,01,2026
2,2601,82,5,2010,10874,68,1,,0,01,2026
2,2601,83,5,2010,56618,2323,5,,0,01,2026
2,2601,84,5,2010,884663,45752,774,,0,01,2026
2,2601,85,5,2010,27393065,393210,3648,,0,01,2026
2,2601,87,5,2010,66086,3284,7,,0,01,2026
2,2601,90,5,2010,3387560,98682,3162,,0,01,2026
2,2601,94,5,2010,5770623,343407,476,,0,01,2026
2,2601,95,5,2010,97262,15524,610,,0,01,2026
2,2601,98,5,2010,2231109,212824,527,,0,01,2026
2,2602,03,5,2010,8643,2000,190,,0,01,2026
2,2602,13,5,2010,3081,350,150,,0,01,2026
2,2602,20,5,2010,65124,164115,27,,0,01,2026
2,2602,44,5,2010,14000,1270,1400,,0,01,2026
2,2602,87,5,2010,2500,1000,150,,0,01,2026
2,2602,94,5,2010,23782,4554,1490,,0,01,2026
2,2602,98,5,2010,48586,35535,3257,,0,01,2026
2,2603,39,5,2010,1000,317,250,,0,01,2026
2,2603,40,5,2010,16800,1144,248,,0,01,2026
2,2603,73,5,2010,10000,4854,250,,0,01,2026
2,2603,84,5,2010,1824802,463024,6226,,0,01,2026
2,2603,85,5,2010,221536,7832,1617,,0,01,2026
2,2603,94,5,2010,431,226,125,,0,01,2026
2,2603,98,5,2010,60375,34965,837,,0,01,2026
2,2604,02,5,2010,12531666,2622317,17658,,0,01,2026
2,2604,03,5,2010,16502465,1492022,462959,,0,01,2026
2,2604,04,5,2010,162000,9081,9,,0,01,2026
2,2604,05,5,2010,163279,73843,387,,0,01,2026
2,2604,07,5,2010,286498096,280740196,16926522,,0,01,2026
2,2604,07,5,2010,8068,18145,800,,1,01,2026
2,2604,08,5,2010,36243250,39437201,1823438,,0,01,2026
2,2604,08,5,2010,5760,24480,350,,1,01,2026
2,2604,10,5,2010,215795,759370,120,,0,01,2026
2,2604,11,5,2010,944946,1084229,126,,0,01,2026
2,2604,11,6,2010,147936,261384,3,,0,01,2026
2,2604,12,5,2010,504050,47131,8111,,0,01,2026
2,2604,15,5,2010,5001920,770478,101624,,0,01,2026
2,2604,15,6,2010,843861,749278,84383,,0,01,2026
2,2604,16,5,2010,1077097,60098,902,,0,01,2026
2,2604,17,5,2010,1132065,403713,34645,,0,01,2026
2,2604,19,5,2010,6593064,3084355,161489,,0,01,2026
2,2604,20,5,2010,2119550,1858643,65336,,0,01,2026
2,2604,21,5,2010,1386854,662505,10019,,0,01,2026
2,2604,22,5,2010,16521878,15477218,449119,,0,01,2026
2,2604,22,6,2010,104992994,100859058,1081350,,0,01,2026
2,2604,23,5,2010,1165559,234980,36712,,0,01,2026
2,2604,23,6,2010,54470,34000,1000,,0,01,2026
2,2604,25,5,2010,1629335,35476549,81066,,0,01,2026
2,2604,25,6,2010,2258658,23268268,97208,,0,01,2026
2,2604,26,5,2010,825358,110253,1500,,0,01,2026
2,2604,28,5,2010,2509,4040,1,,0,01,2026
2,2604,28,6,2010,5487004,56353704,59,,0,01,2026
2,2604,30,5,2010,10876,139,5,,0,01,2026
2,2604,31,5,2010,215536,141819,2104,,0,01,2026
2,2604,32,5,2010,104976,5832,1780,,0,01,2026
2,2604,33,5,2010,16668099,2316729,179952,,0,01,2026
2,2604,34,5,2010,167809,28755,259,,0,01,2026
2,2604,35,5,2010,12109,194,298,,0,01,2026
2,2604,38,5,2010,11974023,649894,38516,,0,01,2026
2,2604,39,5,2010,15322038,3080975,67660,,0,01,2026
2,2604,39,5,2010,2234,543,348,,1,01,2026
2,2604,39,9,2010,138250,72544,4830,,0,01,2026
2,2604,40,5,2010,461960,29136,2894,,0,01,2026
2,2604,42,5,2010,1012140,73474,12944,,0,01,2026
2,2604,44,5,2010,987024,1966005,54792,,0,01,2026
2,2604,44,6,2010,64800,93600,9,,0,01,2026
2,2604,48,5,2010,1321808,436963,23635,,0,01,2026
2,2604,48,9,2010,45507,9104,2000,,0,01,2026
2,2604,49,5,2010,248147,51031,1618,,0,01,2026
2,2604,51,5,2010,340,1,3,,0,01,2026
2,2604,53,5,2010,41041,118200,21,,0,01,2026
2,2604,54,5,2010,3872,953,35,,0,01,2026
2,2604,55,5,2010,628,641,6,,0,01,2026
2,2604,56,5,2010,209580,5227,394,,0,01,2026
2,2604,57,5,2010,19550,152,43,,0,01,2026
2,2604,58,5,2010,298447,6872,789,,0,01,2026
2,2604,59,5,2010,89783,1668,98,,0,01,2026
2,2604,61,5,2010,1652,50,1,,0,01,2026
2,2604,62,5,2010,10449,1028,156,,0,01,2026
2,2604,63,5,2010,5729629,796373,26048,,0,01,2026
2,2604,64,5,2010,16035,912,1603,,0,01,2026
2,2604,65,5,2010,110156,27070,244,,0,01,2026
2,2604,67,5,2010,89348,6958,705,,0,01,2026
2,2604,68,5,2010,2292870,1901902,2335,,0,01,2026
2,2604,69,5,2010,89912,182985,6029,,0,01,2026
2,2604,70,5,2010,155213,39439,1837,,0,01,2026
2,2604,71,5,2010,61377270,16508,3020,,0,01,2026
2,2604,72,5,2010,341029,518958,876,,0,01,2026
2,2604,72,6,2010,1789201,6588472,44625,,0,01,2026
2,2604,73,5,2010,2172537,118450,10997,,0,01,2026
2,2604,74,5,2010,951035,184357,2384,,0,01,2026
2,2604,74,6,2010,41187098,3599371,46,,0,01,2026
2,2604,74,6,2010,6637486,553200,7500,,1,01,2026
2,2604,75,5,2010,181004,25950,428,,0,01,2026
2,2604,76,5,2010,1025771,386669,9687,,0,01,2026
2,2604,79,5,2010,2300,3,26,,0,01,2026
2,2604,81,5,2010,191962,7859,2915,,0,01,2026
2,2604,82,5,2010,1136352,121026,1070,,0,01,2026
2,2604,83,3,2010,9762,576,3,,0,01,2026
2,2604,83,5,2010,24794358,1923953,127646,,0,01,2026
2,2604,84,5,2010,130552719,11121317,114248,,0,01,2026
2,2604,84,9,2010,182244,3109,4000,,0,01,2026
2,2604,85,5,2010,281393911,11632592,529346,,0,01,2026
2,2604,85,9,2010,125746,528,2000,,0,01,2026
2,2604,86,5,2010,575563,38341,114,,0,01,2026
2,2604,87,5,2010,226459952,16709748,426382,,0,01,2026
2,2604,87,5,2010,85566,31761,15220,,1,01,2026
2,2604,87,6,2010,237276472,17486192,437211,,0,01,2026
2,2604,88,5,2010,3151762,9011,3984,,0,01,2026
2,2604,90,3,2010,10894,10,1000,,0,01,2026
2,2604,90,5,2010,94108974,2097510,52101,,0,01,2026
2,2604,90,9,2010,296297,17544,9030,,0,01,2026
2,2604,92,5,2010,2347632,51584,15859,,0,01,2026
2,2604,93,5,2010,1024328,7178,300,,0,01,2026
2,2604,94,5,2010,10346344,1583658,74195,,0,01,2026
2,2604,94,5,2010,104615,32809,16432,,1,01,2026
2,2604,95,5,2010,1462436,42228,292,,0,01,2026
2,2604,96,5,2010,7416392,525764,4245,,0,01,2026
2,2604,98,5,2010,53003467,4972513,649568,,0,01,2026
2,2604,98,9,2010,2140881,74485,24000,,0,01,2026
2,2605,39,3,2010,1432,1,0,,0,01,2026
2,2605,40,3,2010,299,1,42,,0,01,2026
2,2605,58,8,2010,4741,506,3000,,0,01,2026
2,2605,71,8,2010,106300,0,2,,0,01,2026
2,2605,84,3,2010,4425118,5717,54137,,0,01,2026
2,2605,84,9,2010,21994,54,286,,0,01,2026
2,2605,85,1,2010,3868,106,2,,1,01,2026
2,2605,85,3,2010,456728,11488,5615,,0,01,2026
2,2605,85,9,2010,108636,4051,2171,,0,01,2026
2,2605,90,3,2010,124085,103,407,,0,01,2026
2,2605,95,3,2010,37388,572,1502,,0,01,2026
2,2605,98,3,2010,829920,739,6166,,0,01,2026
2,2605,98,5,2010,8496,119,3,,0,01,2026
2,2605,98,9,2010,101519,1,1320,,0,01,2026
2,2608,07,5,2010,38891142,21581352,138650,,0,01,2026
2,2608,08,5,2010,3105992,673789,1147,,0,01,2026
2,2608,11,5,2010,76447,94192,12,,0,01,2026
2,2608,16,5,2010,2934471,422991,5439,,0,01,2026
2,2608,19,5,2010,1911540,273826,4546,,0,01,2026
2,2608,20,5,2010,166608,85702,203,,0,01,2026
2,2608,21,5,2010,177395,25475,12,,0,01,2026
2,2608,39,5,2010,102170,23244,883,,0,01,2026
2,2608,44,5,2010,275100,837181,11974,,0,01,2026
2,2608,48,5,2010,157012,71687,269,,0,01,2026
2,2608,49,5,2010,56207,912,24,,0,01,2026
2,2608,56,5,2010,342652,49632,12,,0,01,2026
2,2608,61,5,2010,1187574,62530,5651,,0,01,2026
2,2608,62,5,2010,90576,7349,174,,0,01,2026
2,2608,63,5,2010,47050,5991,138,,0,01,2026
2,2608,68,5,2010,18088,41456,300,,0,01,2026
2,2608,69,5,2010,2778,4750,3,,0,01,2026
2,2608,70,5,2010,362843,41686,3554,,0,01,2026
2,2608,71,5,2010,213175,8,116,,0,01,2026
2,2608,73,5,2010,994906,858586,6521,,0,01,2026
2,2608,83,5,2010,4748,2598,6,,0,01,2026
2,2608,84,5,2010,1965888,571085,1392,,0,01,2026
2,2608,85,5,2010,6022264,163418,216132,,0,01,2026
2,2608,87,5,2010,5380841,894126,21695,,0,01,2026
2,2608,90,5,2010,8691,488,203,,0,01,2026
2,2608,94,5,2010,2392569,338327,3828,,0,01,2026
2,2608,95,5,2010,294538,11908,3970,,0,01,2026
2,2608,98,5,2010,10285076,2384380,49583,,0,01,2026
2,2608,98,8,2010,92414,1662,4562,,0,01,2026
2,2609,39,3,2010,14081,36,15,,0,01,2026
2,2609,84,3,2010,34551,2056,560,,0,01,2026
2,2609,85,3,2010,2140,4,500,,0,01,2026
2,2609,85,5,2010,50327,452,67,,0,01,2026
2,2609,88,3,2010,67645,35,30,,0,01,2026
2,2609,90,3,2010,35291,862,3063,,0,01,2026
2,26XX,07,5,1220,16720,19958,3,,0,01,2026
2,26XX,30,5,1220,390877,7816,220,,0,01,2026
2,26XX,39,3,1220,24634,1079,2336,,0,01,2026
2,26XX,39,5,1220,86694,15992,4947,,0,01,2026
2,26XX,40,3,1220,276,1,2,,0,01,2026
2,26XX,40,5,1220,853,7,9,,0,01,2026
2,26XX,42,3,1220,10334,137,250,,0,01,2026
2,26XX,56,5,1220,57840,564,203,,0,01,2026
2,26XX,63,3,1220,1549,21,50,,0,01,2026
2,26XX,73,5,1220,16000,129,6,,0,01,2026
2,26XX,76,5,1220,4867,211,1,,0,01,2026
2,26XX,82,3,1220,2016,70,207,,0,01,2026
2,26XX,83,3,1220,34003,30,555,,0,01,2026
2,26XX,83,5,1220,42863,641,10,,0,01,2026
2,26XX,84,3,1220,1380528,11340,16430,,0,01,2026
2,26XX,84,5,1220,22415,637,2635,,0,01,2026
2,26XX,85,3,1220,3589372,76590,20592,,0,01,2026
2,26XX,85,5,1220,389237,21474,546,,0,01,2026
2,26XX,88,3,1220,178673,168,393,,0,01,2026
2,26XX,90,3,1220,1233720,3805,8084,,0,01,2026
2,26XX,90,5,1220,903061,65188,942,,0,01,2026
2,26XX,93,3,1220,121369,39,300,,0,01,2026
2,26XX,98,3,1220,4002310,40862,73636,,0,01,2026
2,26XX,98,5,1220,873382,36932,4000,,0,01,2026
2,2704,03,1,2010,436217,94752,8650,,1,01,2026
2,2704,08,1,2010,1079088,1443946,89521,,1,01,2026
2,2704,09,1,2010,36416,2897,527,,1,01,2026
2,2704,16,1,1220,194929,6071,685,,1,01,2026
2,2704,17,1,1220,9900,2851,1153,,1,01,2026
2,2704,20,1,2010,49165,47232,7060,,1,01,2026
2,2704,22,1,2010,4593509,1240604,143402,,1,01,2026
2,2704,22,5,2010,615182,153664,24516,,0,01,2026
2,2704,27,1,1220,125220181,274725770,5253454,,0,01,2026
2,2704,29,1,1220,9620,2,3854,,1,01,2026
2,2704,33,1,2010,18803,199,180,,1,01,2026
2,2704,39,1,1220,1778,15,34,,1,01,2026
2,2704,40,1,1220,23403,3748,1320,,1,01,2026
2,2704,40,1,2010,61619,8144,3404,,1,01,2026
2,2704,42,5,1220,10526,146,653,,0,01,2026
2,2704,42,5,2010,18584,507,139,,0,01,2026
2,2704,48,5,1220,5986,384,65,,0,01,2026
2,2704,56,1,1220,288,1,7,,1,01,2026
2,2704,61,5,1220,72256,970,5102,,0,01,2026
2,2704,62,5,1220,13441,11,760,,0,01,2026
2,2704,64,5,1220,12702,15,1016,,0,01,2026
2,2704,64,5,2010,201908,5604,1356,,0,01,2026
2,2704,83,1,1220,20462,1102,1267,,1,01,2026
2,2704,84,1,1220,5288,30,92,,0,01,2026
2,2704,84,1,1220,101427,1496,4013,,1,01,2026
2,2704,84,1,2010,7991,186,250,,0,01,2026
2,2704,84,1,2010,302497,4880,5266,,1,01,2026
2,2704,84,5,1220,12324,181,44,,0,01,2026
2,2704,84,9,2010,104154,8,1353,,0,01,2026
2,2704,85,1,1220,300995,25779,3460,,1,01,2026
2,2704,85,1,2010,19667,106,317,,0,01,2026
2,2704,85,1,2010,1070205,45486,13883,,1,01,2026
2,2704,85,3,2010,578573,11368,7278,,0,01,2026
2,2704,85,5,1220,9300,469,768,,0,01,2026
2,2704,85,9,2010,301630,20000,6031,,0,01,2026
2,2704,87,1,1220,58775,687,1577,,1,01,2026
2,2704,87,1,2010,3619547,292250,87675,,0,01,2026
2,2704,87,1,2010,70808,2149,1084,,1,01,2026
2,2704,90,1,2010,5957,32,95,,0,01,2026
2,2704,90,1,2010,32995,130,1136,,1,01,2026
2,2704,90,9,1220,62150,230,100,,0,01,2026
2,2704,94,1,1220,1901,320,48,,1,01,2026
2,2704,94,1,2010,2205,253,149,,1,01,2026
2,2704,94,9,2010,263735,36851,3421,,0,01,2026
2,2704,95,1,2010,8500,560,3750,,1,01,2026
2,2704,98,1,1220,8000,1184,10,,0,01,2026
2,2704,98,1,1220,78801,15732,3831,,1,01,2026
2,2704,98,1,2010,1007363,302356,14842,,0,01,2026
2,2704,98,1,2010,457790,4570,4962,,1,01,2026
2,2704,98,3,2010,20559,53,267,,0,01,2026
2,2704,98,9,2010,28342,318,568,,0,01,2026
2,2720,01,3,2010,62827,89,2628,,0,01,2026
2,2720,03,3,2010,140375,17666,31838,,0,01,2026
2,2720,07,3,2010,507572,36248,30521,,0,01,2026
2,2720,12,3,2010,1515982,1051,3747,,0,01,2026
2,2720,29,3,2010,10901,98,1090,,0,01,2026
2,2720,30,3,2010,164307,1764,2909,,0,01,2026
2,2720,30,8,2010,42290,2,1500,,0,01,2026
2,2720,39,3,2010,115239,7445,10567,,0,01,2026
2,2720,40,3,2010,18356,503,2199,,0,01,2026
2,2720,42,3,2010,35456,1535,3193,,0,01,2026
2,2720,48,3,2010,8064,244,498,,0,01,2026
2,2720,49,3,2010,6970,91,501,,0,01,2026
2,2720,56,3,2010,8818,2,85,,0,01,2026
2,2720,57,3,2010,1089,46,51,,0,01,2026
2,2720,61,3,2010,112445,3603,909,,0,01,2026
2,2720,62,3,2010,210120,1106,1559,,0,01,2026
2,2720,63,3,2010,337,79,247,,0,01,2026
2,2720,64,3,2010,55440,2027,6500,,0,01,2026
2,2720,65,3,2010,675,22,330,,0,01,2026
2,2720,67,3,2010,300,65,107,,0,01,2026
2,2720,69,3,2010,2557,193,205,,0,01,2026
2,2720,70,3,2010,20118,20,975,,0,01,2026
2,2720,71,3,2010,1280208,39,5065,,0,01,2026
2,2720,71,8,2010,245738,2,100,,0,01,2026
2,2720,73,3,2010,31321,219,585,,0,01,2026
2,2720,76,3,2010,14330,14,324,,0,01,2026
2,2720,83,3,2010,188517,1570,1067,,0,01,2026
2,2720,84,3,2010,1893328,22567,47054,,0,01,2026
2,2720,84,3,2010,20198,90,478,,1,01,2026
2,2720,85,3,2010,9648823,52444,133953,,0,01,2026
2,2720,85,5,2010,107684,2532,3412,,0,01,2026
2,2720,85,8,2010,2502,20,150,,0,01,2026
2,2720,87,3,2010,65133,8430,6565,,0,01,2026
2,2720,88,3,2010,586214,349,3212,,0,01,2026
2,2720,90,3,2010,12057878,40820,185241,,0,01,2026
2,2720,94,3,2010,31029,2102,7324,,0,01,2026
2,2720,97,3,2010,2347821,7359,4777,,0,01,2026
2,2720,98,3,2010,7005256,9701,28791,,0,01,2026
2,27XX,03,1,2010,336739,29718,9112,,1,01,2026
2,27XX,03,3,1220,132778,5021,10125,,0,01,2026
2,27XX,05,3,1220,2272,18,240,,0,01,2026
2,27XX,08,1,2010,5427360,10714644,789120,,1,01,2026
2,27XX,15,1,2010,3299,1904,313,,1,01,2026
2,27XX,20,1,2010,2352,1357,222,,1,01,2026
2,27XX,22,1,2010,25956,14981,2464,,1,01,2026
2,27XX,24,5,1220,1260240,115032,700,,0,01,2026
2,27XX,28,3,1220,331770,119,1700,,0,01,2026
2,27XX,29,3,1220,1378980,252,1696,,0,01,2026
2,27XX,30,3,1220,969378,29989,9478,,0,01,2026
2,27XX,33,3,1220,59197,418,1178,,0,01,2026
2,27XX,38,3,1220,17440,5,186,,0,01,2026
2,27XX,39,3,1220,11134,28,1032,,0,01,2026
2,27XX,40,3,1220,304,12,33,,0,01,2026
2,27XX,44,3,1220,20000,10,29,,0,01,2026
2,27XX,51,1,2010,6715,787,1013,,1,01,2026
2,27XX,61,3,1220,2170,148,333,,0,01,2026
2,27XX,62,3,1220,33106,251,2086,,0,01,2026
2,27XX,63,3,1220,291,7,146,,0,01,2026
2,27XX,71,3,1220,339566,34,815,,0,01,2026
2,27XX,75,3,1220,620244,6624,8405,,0,01,2026
2,27XX,76,3,1220,27651,16,189,,0,01,2026
2,27XX,83,3,1220,56607,119,1391,,0,01,2026
2,27XX,84,3,1220,827349,23525,10428,,0,01,2026
2,27XX,84,3,1220,7504,300,290,,1,01,2026
2,27XX,84,5,1220,32361,278,3236,,0,01,2026
2,27XX,85,1,2010,7533,326,167,,1,01,2026
2,27XX,85,3,1220,7095595,9026,137710,,0,01,2026
2,27XX,85,3,2010,28967,45,162,,0,01,2026
2,27XX,85,5,1220,4898,217,100,,0,01,2026
2,27XX,87,1,2010,32803520,22859341,488608,,0,01,2026
2,27XX,87,1,2010,101147,7835,1513,,1,01,2026
2,27XX,87,3,1220,3314,101,198,,0,01,2026
2,27XX,87,8,1220,4167,1227,100,,0,01,2026
2,27XX,88,3,1220,440667,767,9921,,0,01,2026
2,27XX,88,5,1220,123545,322,1930,,0,01,2026
2,27XX,90,1,2010,57482,16464,12,,0,01,2026
2,27XX,90,3,1220,2047290,9310,16941,,0,01,2026
2,27XX,90,3,1220,411192,1855,525,,1,01,2026
2,27XX,90,3,2010,3003,5,18,,0,01,2026
2,27XX,90,5,1220,151235,162,1324,,0,01,2026
2,27XX,93,3,1220,33095,70,100,,0,01,2026
2,27XX,94,3,1220,31368,555,7767,,0,01,2026
2,27XX,94,5,1220,1000,135,350,,0,01,2026
2,27XX,97,3,1220,15151,69,195,,0,01,2026
2,27XX,98,3,1220,2589893,2139,23838,,0,01,2026
2,27XX,98,5,1220,89716,1967,1999,,0,01,2026
2,27XX,98,8,1220,290293,7500,500,,0,01,2026
2,2801,03,3,2010,4529,574,2523,,0,01,2026
2,2801,12,3,2010,37739,82,727,,0,01,2026
2,2801,30,8,2010,42290,2,1500,,0,01,2026
2,2801,39,3,2010,29654,1692,3064,,0,01,2026
2,2801,39,3,2010,344,1,6,,1,01,2026
2,2801,40,3,2010,634,1,37,,0,01,2026
2,2801,42,3,2010,1438,21,15,,0,01,2026
2,2801,44,3,2010,2471,6,0,,0,01,2026
2,2801,57,3,2010,363,15,15,,0,01,2026
2,2801,61,3,2010,762,18,97,,0,01,2026
2,2801,62,3,2010,559,22,0,,0,01,2026
2,2801,64,3,2010,16719,319,519,,0,01,2026
2,2801,71,3,2010,87486,2,450,,0,01,2026
2,2801,74,3,2010,3289,2,295,,0,01,2026
2,2801,84,3,2010,2188531,6865,22460,,0,01,2026
2,2801,84,3,2010,2923,10,53,,1,01,2026
2,2801,85,3,2010,3467994,18216,58117,,0,01,2026
2,2801,85,8,2010,2502,20,150,,0,01,2026
2,2801,87,3,2010,17063,43907,770,,0,01,2026
2,2801,88,3,2010,8074,33,503,,0,01,2026
2,2801,90,3,2010,895341,1928,16041,,0,01,2026
2,2801,90,3,2010,5187,58,318,,1,01,2026
2,2801,94,3,2010,23716,551,2334,,0,01,2026
2,2801,97,3,2010,10385,558,256,,0,01,2026
2,2801,98,3,2010,484056,2570,12051,,0,01,2026
2,28XX,03,3,1220,9448,70,134,,0,01,2026
2,28XX,09,1,2010,2642257,296262,25000,,1,01,2026
2,28XX,15,1,2010,2690749,321846,38174,,1,01,2026
2,28XX,17,1,2010,9338276,15000000,17,,0,01,2026
2,28XX,22,1,2010,7467210,1863191,256158,,1,01,2026
2,28XX,25,1,1220,1636520,185757000,4400000,,0,01,2026
2,28XX,25,1,2010,1904468,84458000,693989,,0,01,2026
2,28XX,27,1,1220,104137539,228242979,3674340,,0,01,2026
2,28XX,28,3,1220,44892,35,4800,,0,01,2026
2,28XX,29,3,1220,12503,39,416,,0,01,2026
2,28XX,32,3,1220,6109,41,611,,0,01,2026
2,28XX,33,3,1220,22013,114,578,,0,01,2026
2,28XX,39,1,2010,32357,2206,6350,,1,01,2026
2,28XX,39,3,1220,13121,270,756,,0,01,2026
2,28XX,39,3,2010,381860,15118,4961,,0,01,2026
2,28XX,39,9,2010,4569,6,100,,0,01,2026
2,28XX,40,1,1220,61245,7440,3008,,1,01,2026
2,28XX,40,1,2010,3756,111,86,,1,01,2026
2,28XX,42,3,1220,1335,3,0,,0,01,2026
2,28XX,61,3,1220,727,15,0,,0,01,2026
2,28XX,62,3,1220,1371,21,0,,0,01,2026
2,28XX,63,3,1220,314,3,36,,0,01,2026
2,28XX,71,3,1220,7462,0,150,,0,01,2026
2,28XX,73,1,1220,4355,289,74,,1,01,2026
2,28XX,73,9,2010,2225,9,100,,0,01,2026
2,28XX,76,1,1220,7898,20,4,,1,01,2026
2,28XX,76,3,1220,2912,4,17,,0,01,2026
2,28XX,82,3,1220,2988,13,75,,0,01,2026
2,28XX,83,1,1220,9209,510,356,,1,01,2026
2,28XX,83,1,2010,55493,1916,802,,1,01,2026
2,28XX,84,1,1220,6581,97,245,,1,01,2026
2,28XX,84,1,2010,2419,37,73,,1,01,2026
2,28XX,84,3,1220,379068,777,3453,,0,01,2026
2,28XX,84,3,2010,173240,50,2253,,0,01,2026
2,28XX,84,5,2010,878842,29577,10374,,0,01,2026
2,28XX,84,9,2010,148219,9284,1926,,0,01,2026
2,28XX,85,1,1220,7714,1356,247,,1,01,2026
2,28XX,85,3,1220,5098820,3869,7752,,0,01,2026
2,28XX,85,3,1220,7114,23,160,,1,01,2026
2,28XX,85,3,2010,398809,2652,4872,,0,01,2026
2,28XX,85,5,1220,163649,822,4616,,0,01,2026
2,28XX,85,5,2010,183397,6491,844,,0,01,2026
2,28XX,85,8,2010,8081,50,550,,0,01,2026
2,28XX,85,9,2010,251624,1784,1028,,0,01,2026
2,28XX,87,1,1220,10187,410,283,,1,01,2026
2,28XX,87,1,2010,19004019,14843065,10370,,0,01,2026
2,28XX,87,1,2010,20370,894,4929,,1,01,2026
2,28XX,87,5,1220,103601,3397,608,,0,01,2026
2,28XX,88,3,1220,92075,48,1542,,0,01,2026
2,28XX,90,1,2010,10820,1754,5739,,1,01,2026
2,28XX,90,3,1220,2118391,3643,15180,,0,01,2026
2,28XX,90,3,1220,11770,45,500,,1,01,2026
2,28XX,90,3,2010,21918,8,285,,0,01,2026
2,28XX,94,3,1220,6244,22,473,,0,01,2026
2,28XX,96,3,1220,33653,278,650,,0,01,2026
2,28XX,97,3,1220,31398,57,14,,0,01,2026
2,28XX,98,3,1220,1831682,1778,17995,,0,01,2026
2,28XX,98,3,2010,323976,253,661,,0,01,2026
2,28XX,98,5,1220,391163,811,7977,,0,01,2026
2,28XX,98,8,1220,29437,2003,1,,0,01,2026
2,28XX,98,9,2010,65069,109,300,,0,01,2026
2,29XX,22,6,1220,218233,80226,1000,,0,01,2026
2,29XX,25,1,1220,264897,37200546,10000,,0,01,2026
2,29XX,27,1,1220,3220984,6819859,247765,,0,01,2026
2,29XX,27,9,1220,3462,12294,69,,0,01,2026
2,29XX,32,9,1220,15028,1657,300,,0,01,2026
2,29XX,38,3,1220,5950,1,65,,0,01,2026
2,29XX,38,9,1220,11120,10340,223,,0,01,2026
2,29XX,39,3,2010,2927,10,38,,0,01,2026
2,29XX,39,9,1220,19328,2097,387,,0,01,2026
2,29XX,39,9,2010,338,4,7,,0,01,2026
2,29XX,44,1,1220,778063,3999996,4,,0,01,2026
2,29XX,49,9,2010,8884,3,115,,0,01,2026
2,29XX,59,9,1220,2078,41,42,,0,01,2026
2,29XX,63,3,1220,3348,12,55,,0,01,2026
2,29XX,70,3,1220,2822,97,3000,,0,01,2026
2,29XX,71,3,1220,2964,0,150,,0,01,2026
2,29XX,73,9,1220,4893,873,98,,0,01,2026
2,29XX,82,3,1220,2040,25,75,,0,01,2026
2,29XX,84,3,1220,13535,350,152,,0,01,2026
2,29XX,84,3,2010,289892,3002,3883,,0,01,2026
2,29XX,84,9,2010,553671,33238,7198,,0,01,2026
2,29XX,85,3,1220,203458,1034,666,,0,01,2026
2,29XX,85,3,2010,37147,167,483,,0,01,2026
2,29XX,85,9,2010,33264,1632,433,,0,01,2026
2,29XX,88,3,1220,260210,213,687,,0,01,2026
2,29XX,90,3,1220,29639,44,624,,0,01,2026
2,29XX,90,3,2010,21034,33,99,,0,01,2026
2,29XX,94,3,1220,2451,22,600,,0,01,2026
2,29XX,98,3,1220,1113435,144,898,,0,01,2026
2,29XX,98,9,1220,11402,3960,228,,0,01,2026
2,3001,24,5,1220,16107,220,200,,0,01,2026
2,3001,25,1,1220,4211115,102574757,157850,,0,01,2026
2,3001,25,1,1220,202380,16000000,3000,,1,01,2026
2,3001,27,1,1220,2278663,5809556,152202,,0,01,2026
2,3001,72,1,1220,3274323,11385000,20000,,0,01,2026
2,3001,84,1,1220,3432,226,73,,1,01,2026
2,3001,85,1,1220,8661,20246,439,,1,01,2026
2,3001,88,3,1220,2760,60,350,,0,01,2026
2,3001,88,5,1220,73465,82,146,,0,01,2026
2,3001,98,3,1220,3192,176,80,,0,01,2026
2,3002,27,1,1220,4943021,10539290,150726,,0,01,2026
2,3002,72,1,1220,2382633,10457505,239374,,0,01,2026
2,3002,76,1,1220,494634,767399,49386,,0,01,2026
2,3002,84,1,1220,5739,464,232,,1,01,2026
2,3002,84,3,1220,1589120,381,648,,0,01,2026
2,3002,88,1,1220,204520,64,53,,1,01,2026
2,3004,01,5,1220,272101,8669,3602,,0,01,2026
2,3004,02,5,1220,822459,209876,2130,,0,01,2026
2,3004,03,5,1220,30571697,2897078,146522,,0,01,2026
2,3004,04,5,1220,499772,134798,6113,,0,01,2026
2,3004,05,5,1220,1055122,1041086,19035,,0,01,2026
2,3004,06,5,1220,7748277,2491536,193755,,0,01,2026
2,3004,07,5,1220,6743663,2085039,38424,,0,01,2026
2,3004,07,6,1220,139580,285520,300,,0,01,2026
2,3004,08,5,1220,7058023,2295779,57088,,0,01,2026
2,3004,09,5,1220,2633423,145113,15307,,0,01,2026
2,3004,10,5,1220,125303,50155,802,,0,01,2026
2,3004,10,6,1220,1971836,5215885,156440,,0,01,2026
2,3004,10,6,1220,49301,251006,450,,1,01,2026
2,3004,11,5,1220,2650324,3336007,26726,,0,01,2026
2,3004,11,5,1220,81018,105000,1800,,1,01,2026
2,3004,11,6,1220,1674229,2770891,5300,,0,01,2026
2,3004,12,5,1220,851724,614094,8212,,0,01,2026
2,3004,13,5,1220,63729,6063,3950,,0,01,2026
2,3004,14,5,1220,5434,544,200,,0,01,2026
2,3004,15,5,1220,5968396,4457609,28938,,0,01,2026
2,3004,15,6,1220,2835312,2387540,3000,,0,01,2026
2,3004,15,6,1220,3016855,2571493,29673,,1,01,2026
2,3004,16,5,1220,3265485,530161,6353,,0,01,2026
2,3004,17,5,1220,1532253,169067,6247,,0,01,2026
2,3004,18,5,1220,18887686,1361517,27982,,0,01,2026
2,3004,19,5,1220,35286404,9400895,486572,,0,01,2026
2,3004,20,5,1220,11929571,2189197,130007,,0,01,2026
2,3004,21,5,1220,12733379,1623717,41366,,0,01,2026
2,3004,22,5,1220,3706335,6942132,256124,,0,01,2026
2,3004,23,5,1220,9429718,3874148,63216,,0,01,2026
2,3004,23,6,1220,11889987,50123384,51900,,0,01,2026
2,3004,23,6,1220,4176002,20205258,100000,,1,01,2026
2,3004,25,5,1220,691688,3702742,27390,,0,01,2026
2,3004,25,6,1220,89202,483396,1000,,0,01,2026
2,3004,25,6,1220,1025458,6332190,12800,,1,01,2026
2,3004,26,6,1220,118842,1524430,5500,,0,01,2026
2,3004,27,5,1220,2147655,6309202,98234,,0,01,2026
2,3004,27,6,1220,19173111,49788365,445603,,0,01,2026
2,3004,27,6,1220,72722100,200186473,4969965,,1,01,2026
2,3004,28,5,1220,13455807,5035281,55900,,0,01,2026
2,3004,28,6,1220,4490744,14930566,79692,,0,01,2026
2,3004,28,6,1220,155406,341395,600,,1,01,2026
2,3004,29,5,1220,466054,744197,2283,,0,01,2026
2,3004,29,6,1220,5318904,8244848,48720,,0,01,2026
2,3004,29,6,1220,6540729,12310311,777877,,1,01,2026
2,3004,30,5,1220,162043,2128,6413,,0,01,2026
2,3004,31,5,1220,736234,424564,12688,,0,01,2026
2,3004,31,6,1220,56118,81072,1100,,0,01,2026
2,3004,31,6,1220,5369067,17649749,387700,,1,01,2026
2,3004,32,5,1220,288624,57734,3967,,0,01,2026
2,3004,33,5,1220,5239210,241870,22215,,0,01,2026
2,3004,34,5,1220,3510016,1257984,29052,,0,01,2026
2,3004,35,5,1220,4257428,615140,10894,,0,01,2026
2,3004,36,5,1220,120870,3141,227,,0,01,2026
2,3004,37,5,1220,3244,166,56,,0,01,2026
2,3004,38,5,1220,11175771,1234912,66290,,0,01,2026
2,3004,38,6,1220,3212236,4925483,30900,,0,01,2026
2,3004,39,5,1220,26289778,6230448,295870,,0,01,2026
2,3004,39,5,1220,387871,131411,4850,,1,01,2026
2,3004,39,6,1220,4887264,6226079,29112,,0,01,2026
2,3004,39,6,1220,2107154,2180310,3300,,1,01,2026
2,3004,40,5,1220,2105975,2021698,112615,,0,01,2026
2,3004,40,5,1220,5023,18309,1845,,1,01,2026
2,3004,42,5,1220,115222,104019,12608,,0,01,2026
2,3004,43,5,1220,745,52,15,,0,01,2026
2,3004,44,5,1220,52439927,68153603,1768076,,0,01,2026
2,3004,44,5,1220,180916,57523,5012,,1,01,2026
2,3004,44,6,1220,35857023,84487555,6308088,,0,01,2026
2,3004,44,6,1220,5679001,10866559,15673,,1,01,2026
2,3004,46,5,1220,7148,1795,2,,0,01,2026
2,3004,47,5,1220,2073628,7672115,81051,,0,01,2026
2,3004,47,6,1220,3962004,7500023,32030,,0,01,2026
2,3004,47,6,1220,248945,465443,5000,,1,01,2026
2,3004,48,5,1220,18465528,13066841,867855,,0,01,2026
2,3004,48,5,1220,627165,454875,33150,,1,01,2026
2,3004,48,6,1220,3685198,2806947,7001,,0,01,2026
2,3004,48,6,1220,26077,19685,598,,1,01,2026
2,3004,49,5,1220,2598241,537881,45667,,0,01,2026
2,3004,50,5,1220,374,11,7,,0,01,2026
2,3004,51,5,1220,14533,466,480,,0,01,2026
2,3004,55,5,1220,43468,1891,1246,,0,01,2026
2,3004,56,5,1220,433761,59719,1798,,0,01,2026
2,3004,56,5,1220,11769,143,286,,1,01,2026
2,3004,57,5,1220,21306,5243,1822,,0,01,2026
2,3004,58,5,1220,41903,605,243,,0,01,2026
2,3004,59,5,1220,135539,5347,3695,,0,01,2026
2,3004,60,5,1220,739,28,8,,0,01,2026
2,3004,61,5,1220,1505125,30113,523122,,0,01,2026
2,3004,62,5,1220,1304503,7157,2198,,0,01,2026
2,3004,63,5,1220,2920642,135236,5245,,0,01,2026
2,3004,64,5,1220,37525,102199,1753,,0,01,2026
2,3004,65,5,1220,51708,676,729,,0,01,2026
2,3004,66,5,1220,577,6,26,,0,01,2026
2,3004,67,5,1220,35433,340,1527,,0,01,2026
2,3004,68,5,1220,2957408,3188504,140603,,0,01,2026
2,3004,68,6,1220,425186,261341,300,,1,01,2026
2,3004,69,5,1220,34807,4423,427,,0,01,2026
2,3004,70,5,1220,2972756,1122821,52222,,0,01,2026
2,3004,71,5,1220,2610294,17323,4317,,0,01,2026
2,3004,72,5,1220,3716784,11073591,41297,,0,01,2026
2,3004,72,6,1220,179290,154987,3520,,0,01,2026
2,3004,72,6,1220,342783,2299681,7599,,1,01,2026
2,3004,73,5,1220,9179395,2699679,69928,,0,01,2026
2,3004,73,5,1220,331337,134262,7323,,1,01,2026
2,3004,74,5,1220,963361,205914,2646,,0,01,2026
2,3004,74,6,1220,3166766,266129,44100,,1,01,2026
2,3004,76,5,1220,12179940,2733087,138616,,0,01,2026
2,3004,76,5,1220,5579,172,333,,1,01,2026
2,3004,76,6,1220,14878043,4562778,603708,,0,01,2026
2,3004,76,6,1220,717772,323443,5000,,1,01,2026
2,3004,78,5,1220,221263,66845,399,,0,01,2026
2,3004,79,5,1220,155146,29981,804,,0,01,2026
2,3004,80,5,1220,5500,91,130,,0,01,2026
2,3004,81,5,1220,774823,3254,785,,0,01,2026
2,3004,82,5,1220,1894967,39457,15688,,0,01,2026
2,3004,82,5,1220,46180,494,927,,1,01,2026
2,3004,83,5,1220,1428631,162902,31426,,0,01,2026
2,3004,84,5,1220,67393095,3109570,475923,,0,01,2026
2,3004,84,5,1220,314717,10028,5032,,1,01,2026
2,3004,85,5,1220,58134716,1206528,235452,,0,01,2026
2,3004,85,5,1220,414717,4008,4020,,1,01,2026
2,3004,86,5,1220,102360,4003,2288,,0,01,2026
2,3004,86,5,1220,16428,340,638,,1,01,2026
2,3004,87,5,1220,15223721,985063,67145,,0,01,2026
2,3004,88,5,1220,21319219,72936,106943,,0,01,2026
2,3004,88,5,1220,2171,98,183,,1,01,2026
2,3004,89,5,1220,963718,30945,1938,,0,01,2026
2,3004,90,5,1220,23389273,727323,156211,,0,01,2026
2,3004,91,5,1220,10791,28,5849,,0,01,2026
2,3004,92,5,1220,157872,17236,1426,,0,01,2026
2,3004,92,5,1220,158143,417,548,,1,01,2026
2,3004,93,5,1220,3548066,231344,1207,,0,01,2026
2,3004,94,5,1220,11884759,1420827,133459,,0,01,2026
2,3004,94,5,1220,37202,1288,1203,,1,01,2026
2,3004,95,5,1220,2113291,99483,14833,,0,01,2026
2,3004,96,5,1220,113525,25770,2831,,0,01,2026
2,3004,97,5,1220,670357,1961,815,,0,01,2026
2,3004,98,5,1220,77534789,8906603,535381,,0,01,2026
2,3004,98,5,1220,713959,18238,4502,,1,01,2026
2,3005,27,1,1220,2244478,5638433,105872,,0,01,2026
2,3005,27,7,1220,263753898,569353136,23101687,,0,01,2026
2,3006,25,1,1220,431895,29819000,50000,,0,01,2026
2,3006,44,1,1220,526912,3191690,10000,,0,01,2026
2,3007,44,1,1220,369285,3778191,10400,,0,01,2026
2,3007,76,6,1220,305651,92172,11283,,0,01,2026
2,3007,98,1,1220,6600,626,2,,0,01,2026
2,3007,98,5,1220,12500,4899,333,,0,01,2026
2,3008,27,7,1220,218115586,0,32591984,,0,01,2026
2,3009,01,5,1220,1698762,807464,13981,,0,01,2026
2,3009,04,5,1220,453056,423185,41100,,0,01,2026
2,3009,05,5,1220,70230,113635,900,,0,01,2026
2,3009,06,5,1220,2510908,771377,68552,,0,01,2026
2,3009,06,6,1220,8517,43000,1000,,0,01,2026
2,3009,07,5,1220,13430413,3549844,106795,,0,01,2026
2,3009,08,5,1220,2200640,921430,37608,,0,01,2026
2,3009,09,5,1220,7279,454,73,,0,01,2026
2,3009,10,5,1220,103564,313277,1100,,0,01,2026
2,3009,11,5,1220,3758088,5342982,30663,,0,01,2026
2,3009,12,5,1220,130833,104767,1471,,0,01,2026
2,3009,15,5,1220,52933,39336,400,,0,01,2026
2,3009,17,5,1220,134092,8883,3001,,0,01,2026
2,3009,18,5,1220,1592327,105437,1801,,0,01,2026
2,3009,19,5,1220,1117842,552113,14720,,0,01,2026
2,3009,20,5,1220,493580,194551,12858,,0,01,2026
2,3009,21,5,1220,438230,299411,3348,,0,01,2026
2,3009,22,5,1220,231518,2180530,94161,,0,01,2026
2,3009,23,5,1220,1442776,6254140,28282,,0,01,2026
2,3009,25,5,1220,418890,2999097,12665,,0,01,2026
2,3009,27,5,1220,719332,1972601,12900,,0,01,2026
2,3009,27,6,1220,1699544,5149000,10200,,1,01,2026
2,3009,27,7,1220,77012875,180175908,20200,,0,01,2026
2,3009,28,5,1220,5120,6613,1244,,0,01,2026
2,3009,29,5,1220,11215,0,6,,0,01,2026
2,3009,31,5,1220,315829,925445,13619,,0,01,2026
2,3009,32,5,1220,10788,1752,102,,0,01,2026
2,3009,33,5,1220,481659,35896,3064,,0,01,2026
2,3009,34,5,1220,53675,19739,300,,0,01,2026
2,3009,35,5,1220,27052,19699,100,,0,01,2026
2,3009,38,5,1220,7436,15319,135,,0,01,2026
2,3009,39,5,1220,2194499,426747,24072,,0,01,2026
2,3009,40,5,1220,271287,152082,3483,,0,01,2026
2,3009,41,5,1220,1685,22861,900,,0,01,2026
2,3009,42,5,1220,35345,1164,1243,,0,01,2026
2,3009,43,5,1220,1000,21,15,,0,01,2026
2,3009,44,5,1220,30150971,42102318,1146188,,0,01,2026
2,3009,44,5,1220,233782,209068,7815,,1,01,2026
2,3009,44,6,1220,763945,1257275,14999,,0,01,2026
2,3009,44,6,1220,190863,150000,50,,1,01,2026
2,3009,47,5,1220,251089,878854,6240,,0,01,2026
2,3009,48,5,1220,1275456,1212427,156823,,0,01,2026
2,3009,57,5,1220,780,2,10,,0,01,2026
2,3009,61,5,1220,1800,6554,1107,,0,01,2026
2,3009,62,5,1220,3150,37,1,,0,01,2026
2,3009,63,5,1220,16060,37550,865,,0,01,2026
2,3009,63,5,1220,7260,94,21,,1,01,2026
2,3009,65,5,1220,900,1,18,,0,01,2026
2,3009,68,5,1220,4331880,11102938,113517,,0,01,2026
2,3009,68,5,1220,13728,26021,1,,1,01,2026
2,3009,69,5,1220,14870,742,4,,0,01,2026
2,3009,70,5,1220,597785,235448,8011,,0,01,2026
2,3009,72,5,1220,1130880,1923433,13114,,0,01,2026
2,3009,73,5,1220,1314187,266400,14016,,0,01,2026
2,3009,73,5,1220,4715046,97616,17627,,1,01,2026
2,3009,74,5,1220,122009,29955,350,,0,01,2026
2,3009,76,5,1220,5737901,1435687,128851,,0,01,2026
2,3009,82,5,1220,9284,654,27,,0,01,2026
2,3009,83,5,1220,690532,144546,10721,,0,01,2026
2,3009,84,5,1220,9716832,649875,70584,,0,01,2026
2,3009,84,5,1220,173300,4593,2500,,1,01,2026
2,3009,85,5,1220,2648294,181623,20877,,0,01,2026
2,3009,85,5,1220,9660,4733,960,,1,01,2026
2,3009,86,5,1220,17155,27669,3,,0,01,2026
2,3009,87,5,1220,4869599,1393692,54686,,0,01,2026
2,3009,88,5,1220,546172,6298,5612,,0,01,2026
2,3009,89,5,1220,355055,24266,722,,0,01,2026
2,3009,90,5,1220,63544,332,366,,0,01,2026
2,3009,94,5,1220,2897519,264720,98959,,0,01,2026
2,3009,95,5,1220,302442,14249,350,,0,01,2026
2,3009,98,5,1220,19402554,1487666,42773,,0,01,2026
2,3009,98,5,1220,6030000,10000,1,,1,01,2026
2,3009,98,8,1220,5715,1277,1,,0,01,2026
2,3010,27,1,1220,2356000,4418605,100,,0,01,2026
2,3010,27,7,1220,154822409,351992694,1319724,,0,01,2026
2,3010,89,8,1220,28400,2325,50,,0,01,2026
2,3015,26,6,1220,40305,1442400,1500,,0,01,2026
2,3015,28,6,1220,474257,9716093,109,,0,01,2026
2,3015,31,6,1220,1395041,5468911,62,,0,01,2026
2,3015,39,6,1220,54851,86182,500,,0,01,2026
2,3015,44,6,1220,1963773,5734921,12497,,0,01,2026
2,3015,44,6,1220,59225,47187,50,,1,01,2026
2,3015,47,6,1220,61715,92061,500,,0,01,2026
2,3015,78,6,1220,13277445,5718779,51100,,0,01,2026
2,3015,79,6,1220,56034990,15774284,38200,,0,01,2026
2,3015,84,5,1220,238939,12601,1049,,0,01,2026
2,3016,26,6,1220,49748,2167584,3150,,1,01,2026
2,3016,44,5,1220,137877,388173,3002,,0,01,2026
2,3016,44,6,1220,1225727,2954614,6598,,0,01,2026
2,3016,68,5,1220,822240,525455,27446,,0,01,2026
2,3017,22,7,1220,49960,376691,50,,0,01,2026
2,3017,25,5,1220,2017,30000,200,,0,01,2026
2,3017,89,8,1220,277137,25863,1486,,0,01,2026
2,3017,98,1,1220,43002,9072,200,,0,01,2026
2,3017,98,5,1220,6000,2,2,,0,01,2026
2,3019,01,5,1220,612391,79138,300,,0,01,2026
2,3019,11,5,1220,204230,303704,6159,,0,01,2026
2,3019,12,5,1220,85458,37251,600,,0,01,2026
2,3019,19,5,1220,17329,19005,100,,0,01,2026
2,3019,20,5,1220,361435,27708,1065,,0,01,2026
2,3019,22,5,1220,51675,35198,3900,,0,01,2026
2,3019,23,5,1220,747404,1001885,5510,,0,01,2026
2,3019,34,5,1220,6128,2044,250,,0,01,2026
2,3019,38,5,1220,24084,101,54,,0,01,2026
2,3019,39,5,1220,1438273,76457,33161,,0,01,2026
2,3019,40,5,1220,26895,9015,189,,0,01,2026
2,3019,42,5,1220,46370,416,238,,0,01,2026
2,3019,44,5,1220,9829717,11972099,113271,,0,01,2026
2,3019,44,5,1220,11358,2722,198,,1,01,2026
2,3019,47,5,1220,36747,232029,1900,,0,01,2026
2,3019,48,5,1220,18478,1334,100,,0,01,2026
2,3019,63,5,1220,26012,1848,4793,,1,01,2026
2,3019,68,5,1220,485547,516371,17078,,0,01,2026
2,3019,70,5,1220,267,6,50,,1,01,2026
2,3019,71,5,1220,40035,6,250,,0,01,2026
2,3019,72,5,1220,31332,110723,300,,0,01,2026
2,3019,73,5,1220,587962,127219,4434,,0,01,2026
2,3019,74,5,1220,5930,85,593,,0,01,2026
2,3019,76,5,1220,956249,206298,7391,,0,01,2026
2,3019,84,5,1220,1637680,154488,26061,,0,01,2026
2,3019,85,5,1220,406944,34298,26954,,0,01,2026
2,3019,85,5,1220,33980,3863,2,,1,01,2026
2,3019,87,5,1220,2106266,115012,3146,,0,01,2026
2,3019,89,5,1220,114253,9674,271,,0,01,2026
2,3019,94,5,1220,434558,62453,3261,,0,01,2026
2,3019,95,5,1220,167802,7440,396,,0,01,2026
2,3019,97,5,1220,7297,15,600,,0,01,2026
2,3019,98,5,1220,3957995,429979,19237,,0,01,2026
2,3020,28,5,1220,5256425,2693811,19121,,0,01,2026
2,3020,31,5,1220,1963901,6834710,217,,0,01,2026
2,3020,39,5,1220,21436,42796,350,,0,01,2026
2,3020,44,5,1220,401244,961750,6952,,0,01,2026
2,3020,78,5,1220,918953,364826,5000,,0,01,2026
2,3020,79,5,1220,209248,58139,600,,0,01,2026
2,3022,24,9,1220,539136,48053,4500,,0,01,2026
2,3022,27,8,1220,41423826,0,0,,0,01,2026
2,3022,39,3,1220,578,5,400,,0,01,2026
2,3022,40,3,1220,3227,1,750,,0,01,2026
2,3022,84,3,1220,96125,20537,4441,,0,01,2026
2,3022,85,3,1220,39572,269,5251,,0,01,2026
2,3022,94,3,1220,591,90,59,,0,01,2026
2,3022,98,3,1220,185772,262,2250,,0,01,2026
2,3023,06,5,1220,26837,60913,1562,,0,01,2026
2,3023,08,5,1220,354875,247595,1901,,0,01,2026
2,3023,39,5,1220,14400,16282,1,,0,01,2026
2,3023,44,5,1220,129777,134719,1340,,0,01,2026
2,3023,63,5,1220,701,54,4,,0,01,2026
2,3023,83,5,1220,30053,7600,800,,0,01,2026
2,3023,93,5,1220,183226,2999,231,,0,01,2026
2,3023,97,5,1220,21699,84,15,,0,01,2026
2,3023,98,5,1220,409139,509804,5152,,0,01,2026
2,3025,44,5,1220,375910,491586,352,,0,01,2026
2,3029,12,5,1220,4300,42,69,,0,01,2026
2,3029,21,5,1220,22169,151,286,,0,01,2026
2,3029,22,5,1220,7128,8693,39,,0,01,2026
2,3029,24,5,1220,22820,294,100,,0,01,2026
2,3029,25,5,1220,24819,5205,783,,0,01,2026
2,3029,30,5,1220,42550,65,211,,0,01,2026
2,3029,32,5,1220,4704,167,145,,0,01,2026
2,3029,33,5,1220,243986,5061,7475,,0,01,2026
2,3029,34,5,1220,8970,535,485,,0,01,2026
2,3029,35,5,1220,59420,229,570,,0,01,2026
2,3029,37,5,1220,4514,98,98,,0,01,2026
2,3029,38,3,1220,18760,5,850,,0,01,2026
2,3029,38,5,1220,74824,131,562,,0,01,2026
2,3029,39,3,1220,12147,361,24,,0,01,2026
2,3029,39,5,1220,413082,10823,20259,,0,01,2026
2,3029,40,3,1220,189377,99,178,,0,01,2026
2,3029,40,5,1220,47345,692,2068,,0,01,2026
2,3029,42,5,1220,25173,1334,1704,,0,01,2026
2,3029,43,5,1220,287,24,12,,0,01,2026
2,3029,44,5,1220,2870,41,150,,0,01,2026
2,3029,48,5,1220,68948,2326,4826,,0,01,2026
2,3029,49,5,1220,231540,15918,14681,,0,01,2026
2,3029,51,5,1220,3109,62,64,,0,01,2026
2,3029,52,5,1220,809,38,86,,0,01,2026
2,3029,56,5,1220,4214,40,119,,0,01,2026
2,3029,58,5,1220,637,6,36,,0,01,2026
2,3029,59,5,1220,5121,115,374,,0,01,2026
2,3029,60,5,1220,332,14,17,,0,01,2026
2,3029,61,5,1220,30737,330,1413,,0,01,2026
2,3029,62,3,1220,2885,16,0,,0,01,2026
2,3029,62,5,1220,48530,233,1728,,0,01,2026
2,3029,63,3,1220,7809,18,35,,0,01,2026
2,3029,63,5,1220,65461,1413,4593,,0,01,2026
2,3029,64,5,1220,5342,344,244,,0,01,2026
2,3029,65,5,1220,15103,167,798,,0,01,2026
2,3029,66,5,1220,2572,520,254,,0,01,2026
2,3029,67,5,1220,1336,165,102,,0,01,2026
2,3029,68,5,1220,11918,6903,231,,0,01,2026
2,3029,69,5,1220,2184,1023,124,,0,01,2026
2,3029,70,5,1220,10754,580,1279,,0,01,2026
2,3029,71,5,1220,7889,4,65,,0,01,2026
2,3029,73,3,1220,211537,101,301,,0,01,2026
2,3029,73,5,1220,12218,9,132,,0,01,2026
2,3029,76,3,1220,35241,62,99,,0,01,2026
2,3029,76,5,1220,14359,49,273,,0,01,2026
2,3029,80,5,1220,4875,33,292,,0,01,2026
2,3029,82,3,1220,31585,460,17,,0,01,2026
2,3029,82,5,1220,563810,122658,17485,,0,01,2026
2,3029,83,3,1220,118218,121,236,,0,01,2026
2,3029,83,5,1220,65318,1696,4330,,0,01,2026
2,3029,84,3,1220,428097,817,11750,,0,01,2026
2,3029,84,5,1220,1235433,78944,33763,,0,01,2026
2,3029,85,3,1220,2649505,4017,16276,,0,01,2026
2,3029,85,5,1220,3614333,105318,29375,,0,01,2026
2,3029,86,5,1220,4678,20,67,,0,01,2026
2,3029,87,5,1220,250381,57068,8798,,0,01,2026
2,3029,88,3,1220,1270088,2599,24244,,0,01,2026
2,3029,88,5,1220,368131,413,1227,,0,01,2026
2,3029,90,3,1220,1849111,16075,10753,,0,01,2026
2,3029,90,5,1220,3482363,69194,32171,,0,01,2026
2,3029,92,5,1220,34392,10822,625,,0,01,2026
2,3029,94,3,1220,47417,2248,579,,0,01,2026
2,3029,94,5,1220,928885,24548,31202,,0,01,2026
2,3029,95,5,1220,79550,9267,1265,,0,01,2026
2,3029,96,5,1220,315,2,1,,0,01,2026
2,3029,97,5,1220,48276,4495,863,,0,01,2026
2,3029,98,3,1220,1442521,4940,59727,,0,01,2026
2,3029,98,5,1220,927893,4636,17188,,0,01,2026
2,3082,87,5,1220,132000,59876,15040,,0,01,2026
2,3082,98,5,1220,205000,170443,41250,,0,01,2026
2,30XX,07,5,2010,148294,44791,3407,,0,01,2026
2,30XX,08,5,2010,74803,32812,220,,0,01,2026
2,30XX,09,1,2010,631437,144834,10488,,1,01,2026
2,30XX,09,5,2010,267355,23598,248,,0,01,2026
2,30XX,17,5,2010,117580,11030,241,,0,01,2026
2,30XX,22,1,2010,245316,47381,7201,,1,01,2026
2,30XX,25,1,2010,768310,36500000,1295288,,0,01,2026
2,30XX,28,5,2010,76646,19000,250,,0,01,2026
2,30XX,33,5,2010,3592,831,800,,0,01,2026
2,30XX,39,1,2010,1519,109,86,,1,01,2026
2,30XX,39,3,2010,5590,345,373,,0,01,2026
2,30XX,39,5,2010,53468,11953,836,,0,01,2026
2,30XX,40,5,2010,6422,1082,278,,0,01,2026
2,30XX,42,5,2010,279,5,10,,0,01,2026
2,30XX,61,5,2010,42585,1142,6773,,0,01,2026
2,30XX,62,5,2010,676,9,34,,0,01,2026
2,30XX,63,5,2010,305,2,9,,0,01,2026
2,30XX,64,5,2010,1380,128,39,,0,01,2026
2,30XX,70,1,2010,26718,19253,8000,,1,01,2026
2,30XX,70,3,2010,2661,8,15,,0,01,2026
2,30XX,73,1,2010,66403,3289,334,,1,01,2026
2,30XX,73,3,2010,17424,849,10,,0,01,2026
2,30XX,73,5,2010,14943,1340,703,,0,01,2026
2,30XX,82,5,2010,2417,54,39,,0,01,2026
2,30XX,84,1,2010,30901,1895,536,,1,01,2026
2,30XX,84,3,2010,7607,119,151,,0,01,2026
2,30XX,84,5,2010,584245,28180,4041,,0,01,2026
2,30XX,85,1,2010,144882,789,510,,1,01,2026
2,30XX,85,3,2010,11790560,29581,16619,,0,01,2026
2,30XX,85,3,2010,178000,2902,4000,,1,01,2026
2,30XX,85,5,2010,3781776,37281,97811,,0,01,2026
2,30XX,87,1,2010,5839,603,259,,1,01,2026
2,30XX,87,5,2010,551588,57755,6248,,0,01,2026
2,30XX,88,3,2010,5088,4,4,,0,01,2026
2,30XX,89,5,2010,9375,170,100,,0,01,2026
2,30XX,90,5,2010,861223,49835,13222,,0,01,2026
2,30XX,94,3,2010,321397,2285,867,,0,01,2026
2,30XX,94,5,2010,7920,930,647,,0,01,2026
2,30XX,94,9,2010,66968,11213,869,,0,01,2026
2,30XX,98,5,2010,303250,34319,874,,0,01,2026
2,3101,27,1,1220,1360510,2278005,10000,,0,01,2026
2,3102,27,1,1220,8860805,13544523,40001,,0,01,2026
2,3103,26,5,1220,11470016,622214,44850,,0,01,2026
2,3103,27,1,1220,63135,105757,10000,,0,01,2026
2,3103,27,5,1220,15908,38554,200,,0,01,2026
2,3103,98,5,1220,14533,15468,649,,0,01,2026
2,3104,01,5,1220,110813,22113,100,,0,01,2026
2,3104,06,5,1220,16688,5897,48,,0,01,2026
2,3104,21,5,1220,18907,850,850,,0,01,2026
2,3104,25,5,1220,18513,16824,350,,0,01,2026
2,3104,27,5,1220,435774,589896,53742,,0,01,2026
2,3104,29,5,1220,104058,35520,7580,,0,01,2026
2,3104,31,5,1220,32462,52900,15000,,0,01,2026
2,3104,32,5,1220,7405,2501,334,,0,01,2026
2,3104,34,5,1220,62671,12374,2687,,0,01,2026
2,3104,36,5,1220,180591,7947,247,,0,01,2026
2,3104,38,5,1220,18024,19994,550,,0,01,2026
2,3104,39,5,1220,163240,76692,8041,,0,01,2026
2,3104,40,5,1220,18570,495,541,,0,01,2026
2,3104,40,5,1220,13635,292,403,,1,01,2026
2,3104,42,5,1220,339,9,9,,0,01,2026
2,3104,44,5,1220,548045,257329,21547,,0,01,2026
2,3104,44,5,1220,94145,51846,12805,,1,01,2026
2,3104,58,5,1220,1377,10,4,,0,01,2026
2,3104,59,5,1220,3310,134,151,,0,01,2026
2,3104,59,5,1220,67549,890,1000,,1,01,2026
2,3104,72,5,1220,4073,336,629,,1,01,2026
2,3104,73,5,1220,1140585,490682,68846,,0,01,2026
2,3104,73,5,1220,585075,75748,5846,,1,01,2026
2,3104,76,5,1220,18307,680,150,,0,01,2026
2,3104,82,5,1220,22332,504,504,,0,01,2026
2,3104,84,5,1220,3910112,350793,81494,,0,01,2026
2,3104,84,5,1220,777530,16166,23047,,1,01,2026
2,3104,85,5,1220,118574,5377,3218,,0,01,2026
2,3104,85,5,1220,41986,721,2151,,1,01,2026
2,3104,87,5,1220,6095452,287433,217123,,0,01,2026
2,3104,88,5,1220,93170,1461,200,,0,01,2026
2,3104,90,5,1220,5850,22,17,,0,01,2026
2,3104,90,5,1220,17915,163,1116,,1,01,2026
2,3104,94,5,1220,315788,97670,8942,,0,01,2026
2,3104,94,5,1220,89100,2903,520,,1,01,2026
2,3104,96,5,1220,69300,396,1000,,0,01,2026
2,3104,98,5,1220,7705309,243363,76726,,0,01,2026
2,3104,98,5,1220,289651,3241,9279,,1,01,2026
2,3106,27,5,1220,32755,48832,400,,0,01,2026
2,3106,36,5,1220,85215,20453,867,,0,01,2026
2,3106,73,5,1220,16705,3800,1000,,0,01,2026
2,3106,98,5,1220,15351,3428,58,,0,01,2026
2,3126,27,1,1220,48624909,92354885,726173,,0,01,2026
2,3126,39,3,1220,23830,369,1001,,0,01,2026
2,3126,40,3,1220,882,8,38,,0,01,2026
2,3126,43,3,1220,20236,375,2,,0,01,2026
2,3126,44,3,1220,4818,91,1250,,0,01,2026
2,3126,56,3,1220,2803,263,1,,0,01,2026
2,3126,71,3,1220,24106,19,758,,0,01,2026
2,3126,73,3,1220,7249,13,465,,0,01,2026
2,3126,76,3,1220,68401,180,6001,,0,01,2026
2,3126,83,3,1220,6031,2,450,,0,01,2026
2,3126,84,3,1220,181934,3697,21727,,0,01,2026
2,3126,85,3,1220,455895,120,3535,,0,01,2026
2,3126,87,3,1220,5000,21,1500,,0,01,2026
2,3126,87,8,1220,18276,1724,100,,0,01,2026
2,3126,88,3,1220,6090,7,450,,0,01,2026
2,3126,90,3,1220,489699,777,15279,,0,01,2026
2,3126,94,3,1220,864,1,0,,0,01,2026
2,3126,96,3,1220,7859,47,2,,0,01,2026
2,3126,98,3,1220,289091,2160,5201,,0,01,2026
2,31XX,03,1,2010,23760,48000,10000,,1,01,2026
2,31XX,36,5,2010,2263,100,3,,0,01,2026
2,31XX,39,3,2010,17555,938,48,,0,01,2026
2,31XX,40,3,2010,1386,2,0,,0,01,2026
2,31XX,55,3,2010,468,17,0,,0,01,2026
2,31XX,62,3,2010,297,1,0,,0,01,2026
2,31XX,74,3,2010,7832,67,650,,0,01,2026
2,31XX,84,3,2010,164686,1753,5368,,0,01,2026
2,31XX,84,5,2010,12379,93,46,,1,01,2026
2,31XX,85,3,2010,573261,2550,8055,,0,01,2026
2,31XX,85,5,2010,5044,175,175,,0,01,2026
2,31XX,85,5,2010,2367,11,482,,1,01,2026
2,31XX,88,3,2010,101423,156,650,,0,01,2026
2,31XX,90,3,2010,317330,158,5460,,0,01,2026
2,31XX,90,5,2010,11109,83,42,,1,01,2026
2,31XX,94,3,2010,421,1,6,,0,01,2026
2,32XX,03,3,1220,13935,650,900,,0,01,2026
2,32XX,06,3,1220,5190,1437,2679,,0,01,2026
2,32XX,15,1,1220,11160707,9956814,168947,,0,01,2026
2,32XX,25,1,1220,396229,1040550,5000,,0,01,2026
2,32XX,27,1,1220,4640202,5750731,7005,,1,01,2026
2,32XX,39,1,1220,91080,51803,10500,,1,01,2026
2,32XX,39,3,1220,5029,85,200,,0,01,2026
2,32XX,44,3,1220,27750,106,278,,0,01,2026
2,32XX,62,3,1220,711,1,0,,0,01,2026
2,32XX,65,3,2010,2271,2,450,,0,01,2026
2,32XX,84,3,1220,22629,5,450,,0,01,2026
2,32XX,84,3,1220,21876,862,2586,,1,01,2026
2,32XX,84,3,2010,202073,792,3033,,0,01,2026
2,32XX,85,3,1220,130112,237,3597,,0,01,2026
2,32XX,85,3,1220,3430,135,405,,1,01,2026
2,32XX,85,3,2010,36890,75,2351,,0,01,2026
2,32XX,87,1,2010,18945752,1550954,20387,,0,01,2026
2,32XX,90,3,1220,27896,12,469,,0,01,2026
2,32XX,90,3,2010,204612,3440,5065,,0,01,2026
2,32XX,94,3,1220,5697,202,1399,,0,01,2026
2,32XX,95,1,1220,166882,4849,3500,,0,01,2026
2,32XX,97,3,1220,3175,2,668,,0,01,2026
2,32XX,98,1,2010,2194,1,206,,1,01,2026
2,3301,01,5,1220,1400674,233169,3502,,0,01,2026
2,3301,04,5,1220,70845,20031,200,,0,01,2026
2,3301,07,5,1220,1025872,2490998,13000,,0,01,2026
2,3301,09,5,1220,17952,19484,200,,0,01,2026
2,3301,10,5,1220,182477,635335,1850,,0,01,2026
2,3301,11,5,1220,709465,748956,6490,,0,01,2026
2,3301,12,5,1220,148001,226879,12421,,0,01,2026
2,3301,19,5,1220,32440,20797,215,,0,01,2026
2,3301,20,5,1220,18952,22486,150,,0,01,2026
2,3301,23,5,1220,184807,91144,600,,0,01,2026
2,3301,25,5,1220,40293,78072,850,,0,01,2026
2,3301,27,5,1220,2282949,5676775,79996,,0,01,2026
2,3301,27,7,1220,11818180,31050190,1000,,0,01,2026
2,3301,28,5,1220,4713554,369241,14050,,0,01,2026
2,3301,29,5,1220,208937,41524,6650,,0,01,2026
2,3301,31,5,1220,3578587,6566132,33653,,0,01,2026
2,3301,38,5,1220,373719,173320,2802,,0,01,2026
2,3301,39,5,1220,659690,42207,6686,,0,01,2026
2,3301,40,5,1220,4046,22,1,,0,01,2026
2,3301,44,5,1220,679542,1830332,37750,,0,01,2026
2,3301,48,5,1220,2558,22,1,,0,01,2026
2,3301,71,5,1220,6940808,25916,400,,0,01,2026
2,3301,73,5,1220,398285,171771,1500,,0,01,2026
2,3301,84,5,1220,15664101,1075694,96151,,0,01,2026
2,3301,85,5,1220,59250,7594,700,,0,01,2026
2,3301,86,5,1220,5700,38986,500,,0,01,2026
2,3301,95,5,1220,24431,688,200,,0,01,2026
2,3301,98,5,1220,2814900,779399,14611,,0,01,2026
2,3302,01,5,1220,25634915,5569375,19850,,0,01,2026
2,3302,05,5,1220,19042,25450,200,,0,01,2026
2,3302,05,6,1220,185444,200027,1000,,1,01,2026
2,3302,07,5,1220,762001,474975,4813,,0,01,2026
2,3302,10,5,1220,117498,191931,3400,,0,01,2026
2,3302,10,6,1220,76553,303320,500,,0,01,2026
2,3302,11,5,1220,3889288,4232559,42784,,0,01,2026
2,3302,11,6,1220,1039946,2024940,8903,,0,01,2026
2,3302,12,5,1220,1353755,739500,19223,,0,01,2026
2,3302,13,5,1220,5882,649,717,,0,01,2026
2,3302,15,5,1220,1452039,803663,5900,,0,01,2026
2,3302,15,6,1220,17196502,13490485,19713,,0,01,2026
2,3302,15,6,1220,3166852,1924602,11500,,1,01,2026
2,3302,17,5,1220,79600,95272,1000,,0,01,2026
2,3302,18,5,1220,267470,34875,698,,0,01,2026
2,3302,19,5,1220,769882,140805,20207,,0,01,2026
2,3302,20,5,1220,4174611,1935049,76888,,0,01,2026
2,3302,21,5,1220,574331,555326,17951,,0,01,2026
2,3302,22,5,1220,94164,13218,1000,,0,01,2026
2,3302,23,5,1220,180487,178466,703,,0,01,2026
2,3302,23,6,1220,4609225,28087696,30600,,0,01,2026
2,3302,23,6,1220,10142265,40577301,201500,,1,01,2026
2,3302,25,5,1220,161632,337959,1200,,0,01,2026
2,3302,25,6,1220,514629,1774813,14500,,0,01,2026
2,3302,25,6,1220,11015405,34427459,28700,,1,01,2026
2,3302,27,5,1220,1436804,3861542,76969,,0,01,2026
2,3302,27,6,1220,15455454,38315328,320798,,0,01,2026
2,3302,27,6,1220,17682256,38520290,1133322,,1,01,2026
2,3302,27,7,1220,447626365,0,66886698,,0,01,2026
2,3302,28,5,1220,314445,974531,8446,,0,01,2026
2,3302,28,6,1220,661151,10654307,4897,,0,01,2026
2,3302,28,6,1220,7668142,33522878,769850,,1,01,2026
2,3302,29,5,1220,6427,87,784,,0,01,2026
2,3302,29,6,1220,2183550,3431536,18200,,0,01,2026
2,3302,31,5,1220,813590,2735939,24998,,0,01,2026
2,3302,31,6,1220,78311636,317927504,167005,,0,01,2026
2,3302,31,6,1220,3534136,11915113,298600,,1,01,2026
2,3302,34,5,1220,2696,710,150,,0,01,2026
2,3302,35,5,1220,103950,18900,100,,0,01,2026
2,3302,38,5,1220,68975,128561,700,,0,01,2026
2,3302,39,5,1220,4303748,993669,28383,,0,01,2026
2,3302,39,5,1220,157331,31921,1600,,1,01,2026
2,3302,39,6,1220,1254919,1533462,19040,,0,01,2026
2,3302,39,6,1220,1280354,2019032,2700,,1,01,2026
2,3302,40,5,1220,31315,36739,1604,,0,01,2026
2,3302,41,5,1220,500,78,50,,0,01,2026
2,3302,44,5,1220,7693732,10807605,146709,,0,01,2026
2,3302,44,5,1220,75055,9794,2582,,1,01,2026
2,3302,44,6,1220,5258767,16048030,1607869,,0,01,2026
2,3302,44,6,1220,1363017,2762835,134,,1,01,2026
2,3302,47,5,1220,200901,718562,25656,,0,01,2026
2,3302,47,6,1220,1129016,1698695,8600,,0,01,2026
2,3302,48,5,1220,1058615,518058,18815,,0,01,2026
2,3302,49,5,1220,2233,517,250,,0,01,2026
2,3302,54,5,1220,4844,23,75,,0,01,2026
2,3302,59,5,1220,2044,64,17,,0,01,2026
2,3302,63,5,1220,42364,12913,1217,,0,01,2026
2,3302,68,5,1220,1569242,3234865,60237,,0,01,2026
2,3302,70,5,1220,2394326,1860172,47629,,0,01,2026
2,3302,72,5,1220,49370,130720,1280,,0,01,2026
2,3302,72,6,1220,2227820,2380456,6000,,1,01,2026
2,3302,73,5,1220,1359913,532125,10273,,0,01,2026
2,3302,73,5,1220,656750,28755,5370,,1,01,2026
2,3302,75,5,1220,252480,3297,200,,0,01,2026
2,3302,76,5,1220,523486,95757,1741,,0,01,2026
2,3302,78,5,1220,437628,173739,2750,,0,01,2026
2,3302,79,5,1220,146463,39216,400,,0,01,2026
2,3302,79,6,1220,291269,82854,200,,0,01,2026
2,3302,82,5,1220,11512,286,38,,0,01,2026
2,3302,83,5,1220,35092,1528,117,,0,01,2026
2,3302,84,5,1220,4973945,250279,9454,,0,01,2026
2,3302,85,5,1220,546758,50908,2267,,0,01,2026
2,3302,86,5,1220,23004,1089,350,,0,01,2026
2,3302,87,5,1220,3934009,465285,22123,,0,01,2026
2,3302,90,5,1220,115744,9905,618,,0,01,2026
2,3302,94,5,1220,578448,104203,12745,,0,01,2026
2,3302,97,5,1220,19400,42,370,,0,01,2026
2,3302,98,5,1220,35283604,3751885,134514,,0,01,2026
2,3302,98,5,1220,15838,38245,677,,1,01,2026
2,3303,33,3,1220,24411,128,2,,0,01,2026
2,3303,39,3,1220,890,2,2,,0,01,2026
2,3303,42,3,1220,1021,2,2,,0,01,2026
2,3303,42,5,1220,53924,42,100,,0,01,2026
2,3303,71,3,1220,69777,34,8335,,0,01,2026
2,3303,75,3,1220,16038,88,1128,,0,01,2026
2,3303,82,3,1220,5409,32,10,,0,01,2026
2,3303,84,1,1220,45578,3750,805,,1,01,2026
2,3303,84,3,1220,71971,514,1392,,0,01,2026
2,3303,85,3,1220,146589,894,950,,0,01,2026
2,3303,90,3,1220,805954,286,3168,,0,01,2026
2,3303,94,3,1220,2455,6,1092,,0,01,2026
2,3303,98,5,1220,219450,49101,750,,0,01,2026
2,3304,23,5,1220,30029,177095,600,,0,01,2026
2,3304,27,7,1220,146251293,243898211,12544512,,0,01,2026
2,3304,84,3,1220,2052,31,20,,0,01,2026
2,3304,88,3,1220,600000,2074,100,,0,01,2026
2,3304,90,3,1220,2587,14,200,,0,01,2026
2,3304,98,3,1220,422572,1110,21,,0,01,2026
2,3305,84,5,1220,65250,1152,200,,0,01,2026
2,3306,31,5,1220,76755,116067,800,,0,01,2026
2,3307,27,7,1220,255538307,733174166,17384547,,0,01,2026
2,3307,39,3,1220,10702,7,25,,0,01,2026
2,3307,62,3,2010,11829,441,3033,,0,01,2026
2,3307,71,3,1220,6497,0,150,,0,01,2026
2,3307,73,3,1220,46889,16,109,,0,01,2026
2,3307,83,3,2010,16000,67,1,,0,01,2026
2,3307,84,1,2010,3600,95,12,,1,01,2026
2,3307,84,3,1220,120607,193,3566,,0,01,2026
2,3307,84,3,2010,24274,471,1668,,0,01,2026
2,3307,85,1,2010,8968,213,1,,1,01,2026
2,3307,85,3,1220,135595,475,4900,,0,01,2026
2,3307,88,3,1220,868743,186,2086,,0,01,2026
2,3307,90,3,1220,146572,156,1524,,0,01,2026
2,3307,90,3,2010,3959,20,100,,0,01,2026
2,3307,94,3,1220,6721,85,602,,0,01,2026
2,3307,94,3,2010,18000,76,1,,0,01,2026
2,3307,95,3,1220,12800,630,3150,,0,01,2026
2,3307,98,3,1220,133633,161,2071,,0,01,2026
2,3307,98,3,2010,32174,33,350,,0,01,2026
2,3308,10,5,1220,12510,70932,300,,0,01,2026
2,3308,12,5,1220,4990,44000,202,,0,01,2026
2,3310,01,5,1220,48416471,11581421,52897,,0,01,2026
2,3310,02,5,1220,180085606,23761882,732978,,0,01,2026
2,3310,04,5,1220,1599678,84532,2925,,0,01,2026
2,3310,05,5,1220,2162797,338570,14573,,0,01,2026
2,3310,05,6,1220,43917,79832,500,,0,01,2026
2,3310,07,5,1220,8063749,9087448,92874,,0,01,2026
2,3310,09,5,1220,68680,42739,477,,0,01,2026
2,3310,10,5,1220,4040827,8549445,24906,,0,01,2026
2,3310,11,5,1220,4917561,6833784,50722,,0,01,2026
2,3310,11,6,1220,265509,974602,1800,,0,01,2026
2,3310,12,5,1220,4307381,1780323,11011,,0,01,2026
2,3310,15,5,1220,2484410,2025470,9036,,0,01,2026
2,3310,15,6,1220,5509112,4487288,5000,,0,01,2026
2,3310,15,6,1220,10168728,7758288,44500,,1,01,2026
2,3310,16,5,1220,2402777,717304,25480,,0,01,2026
2,3310,17,5,1220,302480,362020,4300,,0,01,2026
2,3310,18,5,1220,299703,26987,700,,0,01,2026
2,3310,19,5,1220,5182837,1072969,41975,,0,01,2026
2,3310,20,5,1220,19692190,10370351,372303,,0,01,2026
2,3310,21,5,1220,536434,360052,8225,,0,01,2026
2,3310,22,5,1220,53894,35526,3000,,0,01,2026
2,3310,23,5,1220,1482225,1600758,16543,,0,01,2026
2,3310,23,6,1220,15347722,65592754,65100,,0,01,2026
2,3310,23,6,1220,7466748,30284021,150000,,1,01,2026
2,3310,25,5,1220,859917,3572211,16669,,0,01,2026
2,3310,25,6,1220,46750,210280,400,,0,01,2026
2,3310,25,6,1220,277658,1561297,5420,,1,01,2026
2,3310,27,5,1220,3900349,10402489,232233,,0,01,2026
2,3310,27,6,1220,10389709,38527965,236100,,0,01,2026
2,3310,27,6,1220,4921936,14238427,394427,,1,01,2026
2,3310,27,7,1220,136570349,406763339,5943484,,0,01,2026
2,3310,27,8,1220,3008573,0,0,,0,01,2026
2,3310,28,5,1220,2127910,2094326,41220,,0,01,2026
2,3310,28,6,1220,165557,1354649,6001,,0,01,2026
2,3310,28,6,1220,1204352,2507475,39800,,1,01,2026
2,3310,29,5,1220,1693021,312819,12433,,0,01,2026
2,3310,29,5,1220,38352,13504,538,,1,01,2026
2,3310,29,6,1220,3298758,7024508,18500,,0,01,2026
2,3310,29,6,1220,64413,186377,17536,,1,01,2026
2,3310,30,5,1220,201705,2402,10622,,0,01,2026
2,3310,31,5,1220,9962323,25254827,609603,,0,01,2026
2,3310,31,6,1220,3497204,12431071,88600,,0,01,2026
2,3310,31,6,1220,3666417,7187714,82500,,1,01,2026
2,3310,32,5,1220,363964,42238,13631,,0,01,2026
2,3310,33,5,1220,517832,19749,10532,,0,01,2026
2,3310,34,5,1220,235375,82147,3201,,0,01,2026
2,3310,35,5,1220,46407,8645,303,,0,01,2026
2,3310,36,5,1220,172877,9484,216,,0,01,2026
2,3310,38,5,1220,8208118,3699948,51507,,0,01,2026
2,3310,39,5,1220,14383658,3816280,153458,,0,01,2026
2,3310,39,6,1220,138447,184702,400,,0,01,2026
2,3310,39,6,1220,1114494,1617278,2100,,1,01,2026
2,3310,40,5,1220,1042494,741297,12797,,0,01,2026
2,3310,40,6,1220,32002,1520,1,,1,01,2026
2,3310,42,5,1220,14010,344,415,,0,01,2026
2,3310,43,5,1220,5641,309,387,,0,01,2026
2,3310,44,5,1220,9740005,17145421,650190,,0,01,2026
2,3310,44,6,1220,3145477,8286148,817422,,0,01,2026
2,3310,44,6,1220,564623,358818,68,,1,01,2026
2,3310,47,5,1220,1413658,2248532,50578,,0,01,2026
2,3310,48,5,1220,6186291,6274897,610723,,0,01,2026
2,3310,49,5,1220,82773,2573,517,,0,01,2026
2,3310,51,5,1220,1609,63,1301,,0,01,2026
2,3310,54,5,1220,88998,7130,2,,0,01,2026
2,3310,55,5,1220,3019,414,130,,0,01,2026
2,3310,56,5,1220,28736,553,1186,,0,01,2026
2,3310,57,5,1220,4910,606,279,,0,01,2026
2,3310,58,5,1220,2500,130,253,,0,01,2026
2,3310,59,5,1220,1011699,27665,43857,,0,01,2026
2,3310,60,5,1220,1586,66,33,,0,01,2026
2,3310,61,5,1220,28423,492,1017,,0,01,2026
2,3310,62,5,1220,18647,262,773,,0,01,2026
2,3310,63,5,1220,93037,7820,5619,,0,01,2026
2,3310,64,5,1220,19209,1487,14057,,0,01,2026
2,3310,65,5,1220,1267,581,32,,0,01,2026
2,3310,67,5,1220,2450,47,48,,0,01,2026
2,3310,68,5,1220,2781970,5471769,49443,,0,01,2026
2,3310,69,5,1220,10724,1413,3219,,0,01,2026
2,3310,70,5,1220,4095216,2211439,64761,,0,01,2026
2,3310,71,5,1220,726947,7195,579,,0,01,2026
2,3310,72,5,1220,58881,44217,14960,,0,01,2026
2,3310,73,5,1220,5554719,1617588,89200,,0,01,2026
2,3310,73,5,1220,2786276,63406,11501,,1,01,2026
2,3310,74,5,1220,74391,16994,493,,0,01,2026
2,3310,75,5,1220,1195316,26008,4949,,0,01,2026
2,3310,76,5,1220,2063121,209584,18437,,0,01,2026
2,3310,76,5,1220,3463,467,500,,1,01,2026
2,3310,76,6,1220,304917,97105,1606,,0,01,2026
2,3310,80,5,1220,27450,320,2,,0,01,2026
2,3310,81,5,1220,1193758,15506,463,,0,01,2026
2,3310,82,5,1220,978639,38317,9461,,0,01,2026
2,3310,83,5,1220,586026,60349,7440,,0,01,2026
2,3310,83,5,1220,28950,1810,10000,,1,01,2026
2,3310,84,5,1220,133913050,4854472,499643,,0,01,2026
2,3310,84,5,1220,7523192,75246,12607,,1,01,2026
2,3310,85,5,1220,32317078,1232428,204526,,0,01,2026
2,3310,85,5,1220,33263,10750,3501,,1,01,2026
2,3310,86,5,1220,26664,48335,922,,0,01,2026
2,3310,86,5,1220,8925,5443,91,,1,01,2026
2,3310,87,5,1220,19281838,1885982,107730,,0,01,2026
2,3310,88,5,1220,1258978,3858,4137,,0,01,2026
2,3310,90,5,1220,10933791,303621,71192,,0,01,2026
2,3310,92,5,1220,16710,440,166,,0,01,2026
2,3310,94,5,1220,5583084,835968,93481,,0,01,2026
2,3310,95,5,1220,702475,22277,3566,,0,01,2026
2,3310,96,5,1220,390348,57173,649,,0,01,2026
2,3310,97,5,1220,905425,1303,2661,,0,01,2026
2,3310,98,5,1220,86434466,8598467,289550,,0,01,2026
2,3310,98,5,1220,14164,462,3642,,1,01,2026
2,3316,12,5,1220,17900,105834,300,,0,01,2026
2,3316,27,5,1220,901283,2159217,19400,,0,01,2026
2,3316,27,7,1220,8810124,0,1316455,,0,01,2026
2,3318,15,5,1220,69003,43910,42,,0,01,2026
2,3318,27,5,1220,2149287,5027084,39371,,0,01,2026
2,3318,28,5,1220,22699,16810,892,,0,01,2026
2,3318,31,5,1220,43968,101062,3300,,0,01,2026
2,3318,39,5,1220,82750,12382,2048,,0,01,2026
2,3318,44,5,1220,4259338,9142056,75784,,0,01,2026
2,3318,68,5,1220,44724,102503,600,,0,01,2026
2,3318,73,5,1220,37267,13312,4856,,0,01,2026
2,3318,84,5,1220,57373,7118,516,,0,01,2026
2,3318,85,5,1220,59100,36742,500,,0,01,2026
2,3318,98,5,1220,163959,2870,4034,,0,01,2026
2,3321,27,7,1220,996888,0,148960,,0,01,2026
2,3322,12,5,1220,6300,26254,100,,0,01,2026
2,3322,27,7,1220,43320979,80678430,1000,,0,01,2026
2,3322,39,5,1220,1652,176,28,,0,01,2026
2,3322,44,5,1220,55862,5946,1392,,0,01,2026
2,3322,70,5,1220,82208,7824,2192,,0,01,2026
2,3322,84,5,1220,248894,8528,200,,0,01,2026
2,3322,94,5,1220,255,24,5,,0,01,2026
2,3322,98,5,1220,11459,343,455,,0,01,2026
2,3323,27,5,1220,59058,127615,600,,0,01,2026
2,3323,31,5,1220,1059869,2202854,53578,,0,01,2026
2,33XX,22,5,2010,13050,3965,5311,,0,01,2026
2,33XX,24,9,2010,672999,64353,8749,,1,01,2026
2,33XX,39,5,2010,37669,1268,856,,0,01,2026
2,33XX,40,1,2010,402,32,44,,1,01,2026
2,33XX,40,3,2010,299,1,19,,0,01,2026
2,33XX,40,5,2010,1481,13,18,,0,01,2026
2,33XX,62,5,2010,20402,187,994,,0,01,2026
2,33XX,64,5,2010,2200,21,21,,0,01,2026
2,33XX,71,3,2010,83124458,2109,7465,,0,01,2026
2,33XX,73,1,2010,25795,162,307,,1,01,2026
2,33XX,73,5,2010,27654,14652,800,,0,01,2026
2,33XX,83,5,2010,6031,70,400,,0,01,2026
2,33XX,84,1,2010,20688,854,1657,,1,01,2026
2,33XX,84,3,2010,18837,34,1270,,0,01,2026
2,33XX,84,3,2010,7470,24,250,,1,01,2026
2,33XX,84,5,2010,78532,5313,2076,,0,01,2026
2,33XX,85,3,2010,80913,20,949,,0,01,2026
2,33XX,85,5,2010,129719,1433,1545,,0,01,2026
2,33XX,87,5,2010,56511,12613,1075,,0,01,2026
2,33XX,90,3,2010,66009,381,2518,,0,01,2026
2,33XX,94,5,2010,400,19,8,,0,01,2026
2,33XX,95,5,2010,26351,294,95,,0,01,2026
2,33XX,98,5,2010,2175,119,13,,0,01,2026
2,3401,01,5,1220,19948627,4261022,32418,,0,01,2026
2,3401,02,5,1220,26265193,6451833,72097,,0,01,2026
2,3401,03,5,1220,6567822,438206,8071,,0,01,2026
2,3401,04,5,1220,1893406,736952,36595,,0,01,2026
2,3401,05,5,1220,3069542,707428,16136,,0,01,2026
2,3401,06,5,1220,73647,10206,2400,,0,01,2026
2,3401,07,5,1220,11018028,13740270,148485,,0,01,2026
2,3401,07,5,1220,7225,19278,100,,1,01,2026
2,3401,07,6,1220,147968,403040,400,,0,01,2026
2,3401,09,5,1220,137618,58332,1250,,0,01,2026
2,3401,10,5,1220,4401293,13739861,115839,,0,01,2026
2,3401,10,6,1220,9561969,38635570,46300,,0,01,2026
2,3401,10,6,1220,1573879,4732271,29000,,1,01,2026
2,3401,11,5,1220,17733092,22668301,144607,,0,01,2026
2,3401,11,6,1220,1939582,3826975,8908,,0,01,2026
2,3401,12,5,1220,19490694,29624995,344205,,0,01,2026
2,3401,12,5,1220,7500,40443,200,,1,01,2026
2,3401,12,6,1220,849314,671052,2568,,0,01,2026
2,3401,12,6,1220,1011787,2050660,12500,,1,01,2026
2,3401,14,5,1220,4914,12129,2048,,0,01,2026
2,3401,15,5,1220,1231257,724849,14862,,0,01,2026
2,3401,15,6,1220,60530890,51244008,109400,,0,01,2026
2,3401,15,6,1220,30480524,22616459,122503,,1,01,2026
2,3401,16,5,1220,3290782,556423,11049,,0,01,2026
2,3401,17,5,1220,354369,32885,16121,,0,01,2026
2,3401,18,5,1220,339001,29959,400,,0,01,2026
2,3401,19,5,1220,6755174,1556986,111766,,0,01,2026
2,3401,20,5,1220,30853758,27479044,352986,,0,01,2026
2,3401,20,6,1220,11648445,12868669,24850,,1,01,2026
2,3401,21,5,1220,554017,248244,4116,,0,01,2026
2,3401,22,5,1220,1249449,1410184,15153,,0,01,2026
2,3401,23,5,1220,3607419,12597519,105183,,0,01,2026
2,3401,23,6,1220,11246141,71100618,103000,,0,01,2026
2,3401,23,6,1220,345908,1583906,8500,,1,01,2026
2,3401,25,5,1220,930577,2798642,36831,,0,01,2026
2,3401,25,6,1220,1427463,11180584,24600,,0,01,2026
2,3401,26,5,1220,78539,40684,700,,0,01,2026
2,3401,27,5,1220,7305390,18213265,318570,,0,01,2026
2,3401,27,6,1220,11277985,20253884,185452,,0,01,2026
2,3401,27,6,1220,67184900,225325900,13911862,,1,01,2026
2,3401,27,7,1220,14835650,43129875,2500,,0,01,2026
2,3401,27,8,1220,27864989,0,0,,0,01,2026
2,3401,28,5,1220,2121994,1522760,13847,,0,01,2026
2,3401,28,6,1220,3652155,9188815,54110,,0,01,2026
2,3401,28,6,1220,73873,663601,24309,,1,01,2026
2,3401,29,5,1220,89885,926679,400,,0,01,2026
2,3401,29,6,1220,5356926,6829350,90500,,0,01,2026
2,3401,30,5,1220,3256183,40746,22677,,0,01,2026
2,3401,31,5,1220,1377078,3128746,128756,,0,01,2026
2,3401,31,5,1220,22873,19051,1500,,1,01,2026
2,3401,31,6,1220,43279738,139206625,753050,,0,01,2026
2,3401,31,6,1220,11697759,39571527,907100,,1,01,2026
2,3401,32,5,1220,118841,12445,404,,0,01,2026
2,3401,33,5,1220,180512,58174,9437,,0,01,2026
2,3401,34,5,1220,339448,59605,37096,,0,01,2026
2,3401,35,5,1220,3783272,646145,19653,,0,01,2026
2,3401,36,5,1220,103547,1860,131,,0,01,2026
2,3401,37,5,1220,29341,373,238,,0,01,2026
2,3401,38,5,1220,3725431,886437,18252,,0,01,2026
2,3401,38,6,1220,357576,312569,1700,,0,01,2026
2,3401,38,6,1220,76065,73139,1141,,1,01,2026
2,3401,39,5,1220,38526123,9390274,323417,,0,01,2026
2,3401,39,5,1220,22001,2132,1000,,1,01,2026
2,3401,39,6,1220,446796,505085,6295,,0,01,2026
2,3401,39,6,1220,465184,713019,1200,,1,01,2026
2,3401,40,5,1220,6783175,1661711,32136,,0,01,2026
2,3401,40,5,1220,5206,39008,3000,,1,01,2026
2,3401,41,5,1220,13224,313,644,,0,01,2026
2,3401,42,5,1220,39817,1159,1942,,0,01,2026
2,3401,43,5,1220,35422,1628,1473,,0,01,2026
2,3401,44,5,1220,16523703,23235028,785444,,0,01,2026
2,3401,44,5,1220,2400,590,200,,1,01,2026
2,3401,44,6,1220,5498230,14679290,515038,,0,01,2026
2,3401,44,6,1220,4007912,5896598,856,,1,01,2026
2,3401,46,5,1220,48351,27976,3,,0,01,2026
2,3401,47,5,1220,589664,3832008,59330,,0,01,2026
2,3401,47,6,1220,1386048,2290186,18304,,1,01,2026
2,3401,48,5,1220,12263104,8498553,579609,,0,01,2026
2,3401,48,6,1220,1606713,3604528,455589,,1,01,2026
2,3401,49,5,1220,6760579,914063,7980,,0,01,2026
2,3401,51,5,1220,2697,105,210,,0,01,2026
2,3401,52,5,1220,358,7,7,,0,01,2026
2,3401,53,5,1220,15508,10587,200,,0,01,2026
2,3401,55,5,1220,29675,3615,101,,0,01,2026
2,3401,56,5,1220,117141,22281,4862,,0,01,2026
2,3401,57,5,1220,7024,62,213,,0,01,2026
2,3401,58,5,1220,1144012,78003,4201,,0,01,2026
2,3401,59,5,1220,80457,2494,3058,,0,01,2026
2,3401,60,5,1220,1113,1,13,,0,01,2026
2,3401,61,5,1220,75189,678,1300,,0,01,2026
2,3401,62,5,1220,645815,2895,4153,,0,01,2026
2,3401,63,5,1220,674769,43007,8397,,0,01,2026
2,3401,64,5,1220,4989,155,194,,0,01,2026
2,3401,65,5,1220,70513,1173,1510,,0,01,2026
2,3401,66,5,1220,176984,23553,2137,,0,01,2026
2,3401,67,5,1220,1363,258,25,,0,01,2026
2,3401,68,5,1220,414332,539384,13991,,0,01,2026
2,3401,69,5,1220,3113,113,3,,0,01,2026
2,3401,70,5,1220,1088727,460713,24040,,0,01,2026
2,3401,71,5,1220,59778,7034,220,,0,01,2026
2,3401,72,5,1220,4867242,4531620,47290,,0,01,2026
2,3401,72,6,1220,6261031,10544521,25609,,0,01,2026
2,3401,72,6,1220,330040,1011183,1800,,1,01,2026
2,3401,73,5,1220,6751856,1484445,81013,,0,01,2026
2,3401,73,5,1220,10801,383,400,,1,01,2026
2,3401,74,5,1220,275001,35749,2206,,0,01,2026
2,3401,75,5,1220,1098049,33171,1890,,0,01,2026
2,3401,76,5,1220,4265366,1060954,164338,,0,01,2026
2,3401,76,6,1220,2245826,725979,114189,,0,01,2026
2,3401,79,5,1220,2264,624,1,,0,01,2026
2,3401,80,5,1220,23017,594,80,,0,01,2026
2,3401,81,5,1220,1156085,19247,3152,,0,01,2026
2,3401,82,5,1220,692121,30239,14627,,0,01,2026
2,3401,83,5,1220,1442122,130646,17121,,0,01,2026
2,3401,84,5,1220,102931344,8440327,481720,,0,01,2026
2,3401,84,5,1220,80803,11535,1667,,1,01,2026
2,3401,85,5,1220,31506819,1958952,265566,,0,01,2026
2,3401,85,5,1220,79628,2103,5001,,1,01,2026
2,3401,86,5,1220,1295814,474083,8205,,0,01,2026
2,3401,86,6,1220,463092,123140,20000,,1,01,2026
2,3401,87,5,1220,55718730,5163773,210019,,0,01,2026
2,3401,88,5,1220,15968521,61864,14705,,0,01,2026
2,3401,89,5,1220,39000,662,5000,,1,01,2026
2,3401,90,5,1220,8521300,568506,31565,,0,01,2026
2,3401,92,5,1220,199294,6189,1260,,0,01,2026
2,3401,94,5,1220,14406267,1700882,264117,,0,01,2026
2,3401,94,5,1220,4787,1910,850,,1,01,2026
2,3401,95,5,1220,1306911,38317,2729,,0,01,2026
2,3401,96,5,1220,435264,35366,2190,,0,01,2026
2,3401,97,5,1220,80529,1354,1292,,0,01,2026
2,3401,98,5,1220,102092406,4748196,291977,,0,01,2026
2,3401,98,5,1220,32508,2153,7028,,1,01,2026
2,3403,01,5,1220,10758400,2692071,28041,,0,01,2026
2,3403,04,5,1220,3291646,615891,16385,,0,01,2026
2,3403,05,5,1220,475336,228974,2300,,0,01,2026
2,3403,05,6,1220,447658,467582,2200,,1,01,2026
2,3403,06,5,1220,220716,30586,7200,,0,01,2026
2,3403,07,5,1220,5872302,11337101,61716,,0,01,2026
2,3403,07,5,1220,13932,20000,100,,1,01,2026
2,3403,07,6,1220,402857,1147468,2000,,0,01,2026
2,3403,07,6,1220,36765,181946,1000,,1,01,2026
2,3403,08,5,1220,184747,58163,200,,0,01,2026
2,3403,09,5,1220,789411,64016,16100,,0,01,2026
2,3403,10,5,1220,2950347,6285557,29985,,0,01,2026
2,3403,10,5,1220,3890,4545,100,,1,01,2026
2,3403,10,6,1220,19417994,68207270,67900,,0,01,2026
2,3403,10,6,1220,15892,38102,200,,1,01,2026
2,3403,11,5,1220,3698974,4402311,27970,,0,01,2026
2,3403,11,6,1220,818088,1093598,4800,,0,01,2026
2,3403,11,6,1220,21554,38000,2000,,1,01,2026
2,3403,12,5,1220,2465772,2793708,45463,,0,01,2026
2,3403,12,6,1220,8720200,18514137,20701,,0,01,2026
2,3403,12,6,1220,15295,98572,104,,1,01,2026
2,3403,13,5,1220,9540,1633,400,,0,01,2026
2,3403,15,5,1220,503541,228016,2524,,0,01,2026
2,3403,15,6,1220,1441561,1103744,1200,,0,01,2026
2,3403,15,6,1220,1112710,1247614,7000,,1,01,2026
2,3403,17,5,1220,22490,2236,50,,0,01,2026
2,3403,17,6,1220,912977,1334741,6700,,0,01,2026
2,3403,17,6,1220,186881,266000,7000,,1,01,2026
2,3403,18,5,1220,674907,51776,3469,,0,01,2026
2,3403,19,5,1220,2165578,679500,18952,,0,01,2026
2,3403,19,6,1220,218215,94800,1250,,1,01,2026
2,3403,20,5,1220,4238481,3073078,237639,,0,01,2026
2,3403,20,6,1220,8777000,5712889,200000,,0,01,2026
2,3403,20,6,1220,446558,315545,400,,1,01,2026
2,3403,21,5,1220,408200,221547,8729,,0,01,2026
2,3403,22,5,1220,75868,58775,1800,,0,01,2026
2,3403,23,5,1220,1042483,882824,5419,,0,01,2026
2,3403,23,6,1220,1082842,1248437,2300,,0,01,2026
2,3403,25,5,1220,1356249,5598523,67443,,0,01,2026
2,3403,25,6,1220,1570618,5801673,20350,,0,01,2026
2,3403,25,6,1220,9425008,29965269,461250,,1,01,2026
2,3403,26,6,1220,564901,0,14000,,0,01,2026
2,3403,27,5,1220,3416734,8364735,78259,,0,01,2026
2,3403,27,6,1220,24239821,67501108,630024,,0,01,2026
2,3403,27,6,1220,31236277,91652033,2865739,,1,01,2026
2,3403,27,8,1220,10164164,0,0,,0,01,2026
2,3403,28,5,1220,57561135,1116133,7721,,0,01,2026
2,3403,28,5,1220,70810,907,1,,1,01,2026
2,3403,28,6,1220,3112433,10946769,137225,,0,01,2026
2,3403,28,6,1220,49172315,58836297,617500,,1,01,2026
2,3403,29,5,1220,465028,211603,18660,,0,01,2026
2,3403,29,6,1220,7983805,13851368,87500,,0,01,2026
2,3403,29,6,1220,21797744,33127655,3064760,,1,01,2026
2,3403,30,5,1220,1844094,223229,3750,,0,01,2026
2,3403,31,5,1220,2430760,4627680,46616,,0,01,2026
2,3403,31,6,1220,28494354,117111853,355501,,0,01,2026
2,3403,31,6,1220,567453,2129673,57200,,1,01,2026
2,3403,32,5,1220,7913,2781,205,,0,01,2026
2,3403,33,5,1220,408222,68780,11227,,0,01,2026
2,3403,34,5,1220,1628221,153342,13332,,0,01,2026
2,3403,34,6,1220,33885,14051,1746,,1,01,2026
2,3403,35,5,1220,141569,18400,350,,0,01,2026
2,3403,38,5,1220,25008144,4084013,57936,,0,01,2026
2,3403,38,6,1220,565256,327205,2500,,0,01,2026
2,3403,38,6,1220,24803,128,52605,,1,01,2026
2,3403,39,5,1220,11007172,3329751,73404,,0,01,2026
2,3403,39,6,1220,31619361,42449514,345750,,0,01,2026
2,3403,39,6,1220,24974779,32809231,62588,,1,01,2026
2,3403,40,5,1220,595493,291800,4928,,0,01,2026
2,3403,41,5,1220,3843,164,254,,0,01,2026
2,3403,43,5,1220,3867,131,428,,0,01,2026
2,3403,44,5,1220,9481139,18915440,1064188,,0,01,2026
2,3403,44,6,1220,20957416,47444580,1416300,,0,01,2026
2,3403,44,6,1220,3240995,4714913,3916,,1,01,2026
2,3403,47,5,1220,143023,573334,13205,,0,01,2026
2,3403,47,6,1220,7838280,12504793,58995,,0,01,2026
2,3403,47,6,1220,51794,107390,400,,1,01,2026
2,3403,48,5,1220,4522785,3984159,327189,,0,01,2026
2,3403,48,6,1220,3147451,2419339,5898,,0,01,2026
2,3403,48,6,1220,300823,301168,6404,,1,01,2026
2,3403,49,5,1220,4954,18589,1445,,0,01,2026
2,3403,56,5,1220,9721,894,816,,0,01,2026
2,3403,58,5,1220,936,75,1,,0,01,2026
2,3403,59,5,1220,42744,8588,50,,0,01,2026
2,3403,62,5,1220,2284,27,104,,0,01,2026
2,3403,63,5,1220,163943,29693,1148,,0,01,2026
2,3403,68,5,1220,195916,370723,4407,,0,01,2026
2,3403,70,5,1220,703885,390610,17093,,0,01,2026
2,3403,71,5,1220,4081932,13400,200,,0,01,2026
2,3403,72,5,1220,390732,472584,10200,,0,01,2026
2,3403,72,5,1220,2447,18496,25,,1,01,2026
2,3403,72,6,1220,66824,164000,400,,0,01,2026
2,3403,72,6,1220,7413420,20336185,175582,,1,01,2026
2,3403,73,5,1220,3604224,1327737,54408,,0,01,2026
2,3403,74,5,1220,46500,21092,2500,,0,01,2026
2,3403,75,6,1220,27640,18045,200,,0,01,2026
2,3403,75,6,1220,317031,73745,2000,,1,01,2026
2,3403,76,5,1220,3795091,724050,19045,,0,01,2026
2,3403,76,6,1220,117954,35534,1215,,1,01,2026
2,3403,78,6,1220,844058,661052,1900,,0,01,2026
2,3403,78,6,1220,158025,163651,500,,1,01,2026
2,3403,79,6,1220,11787238,3383353,8200,,0,01,2026
2,3403,81,5,1220,117000,2049,200,,0,01,2026
2,3403,82,5,1220,86954,5512,953,,0,01,2026
2,3403,83,5,1220,192338,110668,3535,,0,01,2026
2,3403,84,5,1220,109683972,6602910,361851,,0,01,2026
2,3403,84,5,1220,148451,29539,101,,1,01,2026
2,3403,85,5,1220,12083388,428605,76512,,0,01,2026
2,3403,86,5,1220,202502,27422,951,,0,01,2026
2,3403,87,5,1220,9386027,1233842,44436,,0,01,2026
2,3403,89,5,1220,72021,6098,132,,0,01,2026
2,3403,90,5,1220,2753022,23719,5330,,0,01,2026
2,3403,94,5,1220,7489541,776101,74458,,0,01,2026
2,3403,95,5,1220,133071,9255,715,,0,01,2026
2,3403,96,5,1220,3888,111,20,,0,01,2026
2,3403,97,5,1220,42925,143,3607,,0,01,2026
2,3403,98,5,1220,174434356,4099555,183603,,0,01,2026
2,3403,98,5,1220,230829,41069,9867,,1,01,2026
2,3403,98,6,1220,182299,112854,700,,1,01,2026
2,3404,27,5,1220,4470532,8862992,29300,,0,01,2026
2,3404,27,7,1220,802705,1966048,500,,0,01,2026
2,3404,79,6,1220,296483,82858,200,,0,01,2026
2,3404,84,5,1220,54700,5688,600,,0,01,2026
2,3404,98,5,1220,34500,3330,200,,0,01,2026
2,3406,10,5,1220,214203,1116400,2600,,0,01,2026
2,3406,10,6,1220,5862759,16494128,17300,,0,01,2026
2,3406,12,6,1220,171079,862210,1000,,0,01,2026
2,3406,27,6,1220,717704,2046456,3900,,0,01,2026
2,3406,27,6,1220,223230,691586,2400,,1,01,2026
2,3406,44,6,1220,278140,1087338,6200,,0,01,2026
2,3406,44,6,1220,68681,256329,150,,1,01,2026
2,3407,07,5,1220,526436,1093594,3600,,0,01,2026
2,3407,12,5,1220,19170,54000,200,,0,01,2026
2,3407,31,5,1220,451860,1063457,108900,,0,01,2026
2,3407,73,5,1220,14310,6000,200,,0,01,2026
2,3407,84,5,1220,234045,56332,1800,,0,01,2026
2,3407,87,5,1220,96000,15000,400,,0,01,2026
2,3407,98,5,1220,14310,6000,200,,0,01,2026
2,3408,07,5,1220,6874,29547,400,,0,01,2026
2,3409,10,5,1220,883389,4627856,14000,,0,01,2026
2,3409,12,5,1220,12396,32659,100,,0,01,2026
2,3411,30,3,1220,2626,43,1,,0,01,2026
2,3411,39,5,1220,34737,2316,929,,0,01,2026
2,3411,40,3,1220,800,9,14,,0,01,2026
2,3411,42,5,1220,1974,102,250,,0,01,2026
2,3411,72,5,1220,7776,4000,500,,1,01,2026
2,3411,76,3,1220,4737,7,2,,0,01,2026
2,3411,76,5,1220,5232,246,455,,0,01,2026
2,3411,82,5,1220,17639,345,600,,0,01,2026
2,3411,83,5,1220,7680,1966,78,,0,01,2026
2,3411,84,3,1220,8975,19,164,,0,01,2026
2,3411,84,5,1220,255529,50962,11458,,0,01,2026
2,3411,84,5,1220,7917,1315,200,,1,01,2026
2,3411,85,3,1220,29765,18,131,,0,01,2026
2,3411,85,5,1220,555917,9504,5048,,0,01,2026
2,3411,87,5,1220,70437,9083,730,,0,01,2026
2,3411,90,3,1220,15644,12,131,,0,01,2026
2,3411,90,5,1220,5357,213,3,,0,01,2026
2,3411,94,5,1220,9361,930,599,,0,01,2026
2,3411,98,3,1220,4909,21,209,,0,01,2026
2,3411,98,5,1220,781039,13440,3737,,0,01,2026
2,3414,10,5,1220,195664,988000,3300,,0,01,2026
2,3414,27,5,1220,390073,772144,3600,,0,01,2026
2,3414,94,5,1220,421494,40538,1511,,0,01,2026
2,3415,84,5,1220,340850,78241,2784,,0,01,2026
2,3415,94,5,1220,315363,36288,200,,0,01,2026
2,3417,27,5,1220,905596,2243718,60118,,0,01,2026
2,3419,10,5,1220,186891,959260,3200,,0,01,2026
2,3419,25,5,1220,302801,2892204,14547,,0,01,2026
2,3419,44,5,1220,9900,6804,2000,,0,01,2026
2,3421,10,5,1220,608683,3390000,11300,,0,01,2026
2,3422,01,5,1220,11986483,2496547,12250,,0,01,2026
2,3422,03,5,1220,65918,11907,200,,0,01,2026
2,3422,04,5,1220,78142,18199,150,,0,01,2026
2,3422,05,5,1220,12610,816,173,,0,01,2026
2,3422,07,5,1220,2419032,7319288,28638,,0,01,2026
2,3422,10,5,1220,3414654,11440445,39090,,0,01,2026
2,3422,11,5,1220,464824,1021094,4100,,0,01,2026
2,3422,12,5,1220,2131416,5041909,39989,,0,01,2026
2,3422,15,5,1220,21514,21270,100,,0,01,2026
2,3422,16,5,1220,114072,1800,100,,0,01,2026
2,3422,19,5,1220,267809,43263,3900,,0,01,2026
2,3422,20,5,1220,1806674,1821164,13082,,0,01,2026
2,3422,22,5,1220,22610,36184,101,,0,01,2026
2,3422,23,5,1220,106905,456210,1900,,0,01,2026
2,3422,25,5,1220,651536,5132531,30669,,0,01,2026
2,3422,27,5,1220,521754,1129213,21190,,0,01,2026
2,3422,28,5,1220,1655602,3537756,34000,,0,01,2026
2,3422,31,5,1220,9189021,15174720,319935,,0,01,2026
2,3422,35,5,1220,185689,36205,3250,,0,01,2026
2,3422,39,5,1220,246790,21039,1005,,0,01,2026
2,3422,39,6,1220,16434,2739,4,,1,01,2026
2,3422,40,5,1220,219794,23719,75,,0,01,2026
2,3422,41,5,1220,8552,792,57,,0,01,2026
2,3422,43,5,1220,2530,179,20,,0,01,2026
2,3422,44,5,1220,744613,728902,2292,,0,01,2026
2,3422,48,5,1220,66046,30564,250,,0,01,2026
2,3422,63,5,1220,15278,1975,363,,0,01,2026
2,3422,72,5,1220,17141,17663,200,,0,01,2026
2,3422,73,5,1220,341235,298074,7008,,0,01,2026
2,3422,82,5,1220,120828,3329,145,,0,01,2026
2,3422,84,5,1220,5365583,410364,8236,,0,01,2026
2,3422,87,5,1220,2554172,297052,3434,,0,01,2026
2,3422,89,5,1220,195937,12183,272,,0,01,2026
2,3422,90,5,1220,63153,17741,409,,0,01,2026
2,3422,94,5,1220,174785,34194,7742,,0,01,2026
2,3422,98,5,1220,3247380,365890,1377,,0,01,2026
2,3423,03,5,1220,92300,12965,400,,0,01,2026
2,3423,27,5,1220,617170,2603375,53185,,0,01,2026
2,3423,28,5,1220,31424,92579,700,,0,01,2026
2,3423,39,5,1220,992,34,3,,0,01,2026
2,3423,44,5,1220,594025,515103,10045,,0,01,2026
2,3423,48,5,1220,18116,19308,150,,0,01,2026
2,3423,84,5,1220,107089,16483,1550,,0,01,2026
2,3423,87,5,1220,387376,9072,350,,0,01,2026
2,3423,94,5,1220,26096,4215,3,,0,01,2026
2,3423,98,5,1220,29545,12097,410,,0,01,2026
2,3424,12,5,1220,116813,315408,1200,,0,01,2026
2,3426,23,5,1220,16742,46088,300,,0,01,2026
2,3426,27,5,1220,179793,916511,21100,,0,01,2026
2,3426,73,5,1220,553970,142490,1650,,0,01,2026
2,3426,84,5,1220,5154,2760,81,,0,01,2026
2,3426,87,5,1220,6915,3702,109,,0,01,2026
2,3426,90,5,1220,36007,8122,200,,0,01,2026
2,3426,98,5,1220,36007,8122,200,,0,01,2026
2,3427,84,3,1220,28393,28,108,,0,01,2026
2,3427,84,9,1220,4943,2,99,,0,01,2026
2,3427,85,3,1220,189391,448,386,,0,01,2026
2,3427,88,8,1220,1455816,2268,150,,0,01,2026
2,3427,90,3,1220,15008,182,0,,0,01,2026
2,3427,98,3,1220,13893,35,5,,0,01,2026
2,3430,12,5,1220,13918,78981,300,,0,01,2026
2,3430,98,8,1220,5984636,641440,334009,,0,01,2026
2,34XX,25,6,2010,52473,99380,150,,0,01,2026
2,34XX,39,5,2010,33617,1374,282,,0,01,2026
2,34XX,40,5,2010,71958,2858,862,,0,01,2026
2,34XX,61,5,2010,22954,1656,571,,0,01,2026
2,34XX,62,5,2010,89380,2092,4254,,0,01,2026
2,34XX,63,5,2010,14420,180,462,,0,01,2026
2,34XX,64,5,2010,2101,186,82,,0,01,2026
2,34XX,65,5,2010,2788,31,125,,0,01,2026
2,34XX,68,5,2010,4449,435,5,,0,01,2026
2,34XX,73,5,2010,61306,11943,194,,0,01,2026
2,34XX,82,5,2010,2137,88,39,,0,01,2026
2,34XX,83,5,2010,5142,52,26,,0,01,2026
2,34XX,84,3,2010,3318,8,17,,0,01,2026
2,34XX,84,5,2010,682216,52333,2253,,0,01,2026
2,34XX,85,3,2010,295121,2564,721,,0,01,2026
2,34XX,85,5,2010,552291,18018,12669,,0,01,2026
2,34XX,85,9,2010,73377,814,1468,,0,01,2026
2,34XX,85,9,2010,41345,453,215,,1,01,2026
2,34XX,87,5,2010,54547,32355,680,,0,01,2026
2,34XX,88,5,2010,7149,3,55,,0,01,2026
2,34XX,90,3,2010,3492,1,20,,0,01,2026
2,34XX,90,5,2010,560037,4347,439,,0,01,2026
2,34XX,94,5,2010,14784,723,516,,0,01,2026
2,34XX,98,5,2010,800507,26441,5831,,0,01,2026
2,34XX,98,9,2010,75864,203,47,,1,01,2026
2,3501,27,7,1220,528774920,1621142228,28676301,,0,01,2026
2,3501,38,3,1220,575820,2680,2680,,0,01,2026
2,3501,40,1,1220,41812,6506,4181,,1,01,2026
2,3501,76,3,1220,180928,74,2198,,0,01,2026
2,3501,84,3,1220,21213,510,1560,,0,01,2026
2,3501,84,3,1220,11153,6,848,,1,01,2026
2,3501,84,6,1220,2132,43,35,,1,01,2026
2,3501,85,3,1220,1167750,5696,4827,,0,01,2026
2,3501,87,1,1220,4990,128,157,,1,01,2026
2,3501,87,6,1220,4006,81,66,,1,01,2026
2,3501,90,3,1220,66262,64,1032,,0,01,2026
2,3501,94,3,1220,14530,46,211,,0,01,2026
2,3501,98,3,1220,105087,1962,1513,,0,01,2026
2,3501,98,5,1220,12384,319,7,,0,01,2026
2,35XX,21,3,1220,18496,48,1500,,0,01,2026
2,35XX,22,5,2010,51304,19930,2000,,0,01,2026
2,35XX,23,3,1220,28297,1701,1399,,0,01,2026
2,35XX,27,7,1220,3156120,0,471604,,0,01,2026
2,35XX,39,3,2010,929,1,20,,0,01,2026
2,35XX,39,6,2010,406,10,10,,1,01,2026
2,35XX,40,1,2010,54585,8492,5459,,1,01,2026
2,35XX,40,6,2010,4362,88,72,,1,01,2026
2,35XX,71,3,2010,2250,2,226,,0,01,2026
2,35XX,83,1,2010,11524,28,52,,1,01,2026
2,35XX,84,1,2010,71564,486,1605,,1,01,2026
2,35XX,84,3,1220,16765,141,950,,0,01,2026
2,35XX,84,3,2010,14711,260,1128,,0,01,2026
2,35XX,84,6,2010,20129,405,333,,1,01,2026
2,35XX,85,1,2010,14046,121,1131,,1,01,2026
2,35XX,85,3,1220,11412,11,25,,0,01,2026
2,35XX,85,3,2010,2102725,4110,9104,,0,01,2026
2,35XX,85,5,2010,332800,10519,31557,,0,01,2026
2,35XX,85,6,2010,23923,482,395,,1,01,2026
2,35XX,87,1,2010,21071,515,670,,1,01,2026
2,35XX,87,3,1220,13750,227,215,,0,01,2026
2,35XX,87,6,2010,7945,160,132,,1,01,2026
2,35XX,87,8,1220,19000,2091,1,,0,01,2026
2,35XX,87,8,2010,3840,99,300,,0,01,2026
2,35XX,88,3,1220,4706,7,250,,0,01,2026
2,35XX,90,3,1220,38963,52,3023,,0,01,2026
2,35XX,90,3,2010,240884,415,458,,0,01,2026
2,35XX,90,6,2010,3612,73,60,,1,01,2026
2,35XX,96,3,1220,32850,809,630,,0,01,2026
2,35XX,98,3,1220,168996,23,500,,0,01,2026
2,35XX,98,3,2010,28752,63,3356,,0,01,2026
2,35XX,98,8,1220,51900,7983,434,,0,01,2026
2,3604,07,5,1220,97036,196032,400,,0,01,2026
2,3604,07,6,1220,429474,1181549,1203,,0,01,2026
2,3604,07,6,1220,220916,489626,801,,1,01,2026
2,3604,10,5,1220,63029,244497,4000,,0,01,2026
2,3604,10,6,1220,4472299,20918648,24102,,0,01,2026
2,3604,10,6,1220,2835993,10633465,67200,,1,01,2026
2,3604,11,6,1220,10585291,19427663,89800,,0,01,2026
2,3604,11,6,1220,75313,134740,7000,,1,01,2026
2,3604,12,5,1220,31205,79000,300,,0,01,2026
2,3604,12,6,1220,404598,982253,41700,,0,01,2026
2,3604,12,6,1220,789430,1427028,45692,,1,01,2026
2,3604,15,6,1220,61161896,53472787,67500,,0,01,2026
2,3604,15,6,1220,10889431,9992931,55000,,1,01,2026
2,3604,23,6,1220,9869450,44359960,44400,,0,01,2026
2,3604,23,6,1220,1819729,7965368,46165,,1,01,2026
2,3604,25,5,1220,19108,59647,2122,,0,01,2026
2,3604,25,6,1220,8745742,35057214,280602,,0,01,2026
2,3604,25,6,1220,1995551,6967300,152000,,1,01,2026
2,3604,26,6,1220,54045,0,6000,,0,01,2026
2,3604,27,6,1220,53614896,134271397,1184750,,0,01,2026
2,3604,27,6,1220,75389882,212828109,3761083,,1,01,2026
2,3604,27,7,1220,2201805,0,329005,,0,01,2026
2,3604,28,5,1220,21034,82606,400,,0,01,2026
2,3604,28,6,1220,5253531,13567019,50413,,0,01,2026
2,3604,28,6,1220,1583157,6653217,200100,,1,01,2026
2,3604,29,6,1220,15476374,26774504,162510,,0,01,2026
2,3604,29,6,1220,2310470,3014351,260885,,1,01,2026
2,3604,31,5,1220,31803,104141,400,,0,01,2026
2,3604,31,6,1220,16284496,59991226,57101,,0,01,2026
2,3604,31,6,1220,66081743,225830519,4561050,,1,01,2026
2,3604,38,6,1220,802855,1655831,29039,,0,01,2026
2,3604,38,6,1220,159100,202280,10000,,1,01,2026
2,3604,39,5,1220,153121,87340,400,,0,01,2026
2,3604,39,6,1220,31487529,38704140,205830,,0,01,2026
2,3604,39,6,1220,33928925,40143616,86801,,1,01,2026
2,3604,44,5,1220,6768698,9149053,339190,,0,01,2026
2,3604,44,6,1220,65211318,164341199,13554667,,0,01,2026
2,3604,44,6,1220,4531652,11457999,19639,,1,01,2026
2,3604,47,5,1220,2786305,4849319,173427,,0,01,2026
2,3604,47,6,1220,20750365,36641999,389118,,0,01,2026
2,3604,47,6,1220,8650364,12289383,755211,,1,01,2026
2,3604,48,5,1220,8908,19289,1607,,0,01,2026
2,3604,48,6,1220,1727824,1542480,7452,,0,01,2026
2,3604,48,6,1220,2852012,3043597,20369,,1,01,2026
2,3604,49,5,1220,5516,565,100,,0,01,2026
2,3604,68,5,1220,295717,303006,10746,,0,01,2026
2,3604,68,6,1220,18948,52100,450,,1,01,2026
2,3604,72,6,1220,6975189,15147940,145350,,0,01,2026
2,3604,72,6,1220,2869406,10100130,45183,,1,01,2026
2,3604,76,6,1220,32999391,8477646,1258117,,0,01,2026
2,3604,76,6,1220,2104345,620432,16600,,1,01,2026
2,3604,84,5,1220,258052,29836,579,,0,01,2026
2,3604,86,6,1220,473492,548658,20000,,0,01,2026
2,3604,88,3,1220,6628,54,80,,0,01,2026
2,3604,98,6,1220,1881365,111425,1500,,0,01,2026
2,3604,98,6,1220,42000,12451,500,,1,01,2026
2,3613,17,5,1220,18028,7194,300,,0,01,2026
2,3613,27,5,1220,33920,60034,1600,,0,01,2026
2,3613,28,5,1220,70918,121632,1800,,0,01,2026
2,3613,32,5,1220,46914,7384,572,,0,01,2026
2,3613,38,5,1220,15599,1047,178,,0,01,2026
2,3613,39,5,1220,164945,11064,2035,,0,01,2026
2,3613,40,5,1220,2823,327,506,,0,01,2026
2,3613,44,5,1220,572989,1107027,26336,,0,01,2026
2,3613,47,5,1220,2025755,3164909,156081,,0,01,2026
2,3613,48,5,1220,2370229,4007055,318421,,0,01,2026
2,3613,49,5,1220,11963,1044,250,,0,01,2026
2,3613,59,5,1220,363,110,3,,0,01,2026
2,3613,62,5,1220,8195,10,1,,0,01,2026
2,3613,63,5,1220,24402,147,41,,0,01,2026
2,3613,73,5,1220,138446,5120,2041,,0,01,2026
2,3613,76,5,1220,11850,300,207,,0,01,2026
2,3613,82,5,1220,21563,1129,330,,0,01,2026
2,3613,83,5,1220,2915,136,250,,0,01,2026
2,3613,84,5,1220,752580,72614,15006,,0,01,2026
2,3613,85,5,1220,11975,900,200,,0,01,2026
2,3613,86,5,1220,5863,2156,227,,0,01,2026
2,3613,87,5,1220,20595,1069,317,,0,01,2026
2,3613,88,5,1220,74097,859,306,,0,01,2026
2,3613,90,5,1220,3028,22,96,,0,01,2026
2,3613,94,5,1220,6783,730,229,,0,01,2026
2,3613,98,5,1220,377538,14705,6976,,0,01,2026
2,36XX,71,5,2010,9129,54,2,,0,01,2026
2,36XX,84,5,2010,3962,57,1,,0,01,2026
2,3701,25,1,1220,1264493,41330664,415000,,0,01,2026
2,3701,33,3,1220,2318,36,100,,0,01,2026
2,3701,40,3,1220,5280,1203,1501,,0,01,2026
2,3701,56,3,1220,13853,87,600,,0,01,2026
2,3701,76,9,1220,87137,6211,300,,0,01,2026
2,3701,83,9,1220,2375,164,8,,0,01,2026
2,3701,84,3,1220,68610,399,1785,,0,01,2026
2,3701,84,9,1220,88537,841,307,,0,01,2026
2,3701,85,3,1220,68993,71,2136,,0,01,2026
2,3701,85,5,1220,54603,7175,1000,,0,01,2026
2,3701,90,3,1220,74034,423,1863,,0,01,2026
2,3701,90,5,1220,11339,239,625,,0,01,2026
2,3701,98,3,1220,33620,47,3700,,0,01,2026
2,37XX,25,1,1220,548871,17315988,8500,,0,01,2026
2,37XX,27,1,1220,13862353,26700747,1900,,0,01,2026
2,37XX,39,3,2010,5438,533,3554,,0,01,2026
2,37XX,39,9,2010,77827,962,271,,0,01,2026
2,37XX,40,9,2010,102136,1546,354,,0,01,2026
2,37XX,64,3,2010,10904,911,2004,,0,01,2026
2,37XX,68,3,2010,9916,109,530,,0,01,2026
2,37XX,72,1,1220,965992,1836790,61450,,0,01,2026
2,37XX,73,9,2010,6462,875,22,,0,01,2026
2,37XX,82,3,2010,13940,2,100,,0,01,2026
2,37XX,84,3,2010,29498,617,3085,,0,01,2026
2,37XX,84,9,2010,3430647,327767,19487,,0,01,2026
2,37XX,85,3,2010,367166,3624,4681,,0,01,2026
2,37XX,85,9,2010,675728,13466,5027,,0,01,2026
2,37XX,86,1,1220,967534,86183,10000,,0,01,2026
2,37XX,90,3,2010,2397,63,524,,0,01,2026
2,37XX,90,5,2010,3264,20,102,,0,01,2026
2,37XX,90,9,2010,78594,1239,272,,0,01,2026
2,37XX,98,9,2010,167070,9972,578,,0,01,2026
2,3801,01,5,1220,7039348,4309682,51266,,0,01,2026
2,3801,02,5,1220,39107501,7764986,382223,,0,01,2026
2,3801,02,5,1220,63279,18765,1,,1,01,2026
2,3801,03,5,1220,18853890,1754229,92349,,0,01,2026
2,3801,04,5,1220,1224721,449590,18517,,0,01,2026
2,3801,05,5,1220,937211,632127,7238,,0,01,2026
2,3801,06,5,1220,6012539,1816004,195785,,0,01,2026
2,3801,07,5,1220,79037961,34193826,905425,,0,01,2026
2,3801,07,5,2010,24058338,9507515,232726,,0,01,2026
2,3801,08,5,1220,6291209,1734594,113483,,0,01,2026
2,3801,09,5,1220,3907478,371937,100234,,0,01,2026
2,3801,10,5,1220,2197534,6271789,108906,,0,01,2026
2,3801,11,5,1220,1136492,1626557,19118,,0,01,2026
2,3801,12,5,1220,991263,1485437,22259,,0,01,2026
2,3801,12,6,1220,267031,384540,16400,,1,01,2026
2,3801,13,5,1220,191260,20777,700,,0,01,2026
2,3801,14,5,1220,49716,27080,1200,,0,01,2026
2,3801,15,5,1220,4150023,2749544,67250,,0,01,2026
2,3801,15,5,2010,64350,18000,150,,0,01,2026
2,3801,15,6,1220,19390489,17383549,241768,,0,01,2026
2,3801,16,5,1220,29981583,4633732,247416,,0,01,2026
2,3801,17,5,1220,12882051,8298980,90669,,0,01,2026
2,3801,17,5,2010,96973,26180,471,,0,01,2026
2,3801,18,5,1220,46575616,7963212,119181,,0,01,2026
2,3801,18,5,2010,45119,9096,73,,0,01,2026
2,3801,19,5,1220,117859293,31293795,1327418,,0,01,2026
2,3801,19,5,2010,18494,3702,19,,0,01,2026
2,3801,19,6,1220,102899,63498,1250,,0,01,2026
2,3801,19,6,1220,59474,25378,500,,1,01,2026
2,3801,20,5,1220,19547703,9375757,197563,,0,01,2026
2,3801,21,5,1220,40861416,15674729,352675,,0,01,2026
2,3801,21,5,2010,4212,315,211,,0,01,2026
2,3801,22,5,1220,37771138,17678273,375031,,0,01,2026
2,3801,22,6,1220,2833182,3345765,64739,,0,01,2026
2,3801,23,5,1220,8288894,15691415,298588,,0,01,2026
2,3801,23,6,1220,1607723,5696618,99560,,0,01,2026
2,3801,23,6,1220,208484,557261,3150,,1,01,2026
2,3801,24,5,1220,37500,2273,250,,0,01,2026
2,3801,25,1,1220,2490867,69054324,423500,,0,01,2026
2,3801,25,5,1220,4198872,32702618,148421,,0,01,2026
2,3801,25,5,1220,8984,19051,2250,,1,01,2026
2,3801,25,6,1220,804620,9546962,40745,,0,01,2026
2,3801,25,6,1220,3801454,28886376,222270,,1,01,2026
2,3801,26,5,1220,504040,422383,17501,,0,01,2026
2,3801,26,6,1220,27395,19578,250,,0,01,2026
2,3801,27,1,1220,11186408,38200938,6500,,0,01,2026
2,3801,27,5,1220,8238341,8722449,281241,,0,01,2026
2,3801,27,6,1220,3105977,7438789,32200,,0,01,2026
2,3801,27,6,1220,1629530,4429289,52250,,1,01,2026
2,3801,27,7,1220,3117375,11367711,182195,,0,01,2026
2,3801,28,5,1220,4695581,2846262,67163,,0,01,2026
2,3801,28,6,1220,840733,7496774,30824,,0,01,2026
2,3801,28,6,1220,123556,1492421,40966,,1,01,2026
2,3801,29,5,1220,7120850,1228281,114329,,0,01,2026
2,3801,30,5,1220,97891843,1224323,123389,,0,01,2026
2,3801,30,5,1220,3731929,132284,11673,,1,01,2026
2,3801,30,5,2010,17540,2927,36,,0,01,2026
2,3801,31,5,1220,587065,1038418,15808,,0,01,2026
2,3801,32,5,1220,17187553,2414135,70138,,0,01,2026
2,3801,32,5,1220,9783,1346,488,,1,01,2026
2,3801,33,5,1220,46220305,3931559,259590,,0,01,2026
2,3801,34,5,1220,12159157,3469974,91956,,0,01,2026
2,3801,34,6,1220,314103,141395,500,,0,01,2026
2,3801,35,5,1220,1451929,427314,9936,,0,01,2026
2,3801,38,5,1220,31155118,4401118,228137,,0,01,2026
2,3801,38,5,2010,5306,1578,150,,0,01,2026
2,3801,38,6,1220,70892,76611,3433,,0,01,2026
2,3801,39,5,1220,112233008,36586345,1885390,,0,01,2026
2,3801,39,5,1220,615662,242788,24407,,1,01,2026
2,3801,39,5,2010,77562,22157,3322,,0,01,2026
2,3801,39,6,1220,438969,599253,10896,,1,01,2026
2,3801,40,5,1220,55748909,12416782,687287,,0,01,2026
2,3801,40,5,1220,2457,108,25,,1,01,2026
2,3801,40,5,2010,169961,7043,8717,,0,01,2026
2,3801,41,5,1220,82232,93559,1800,,0,01,2026
2,3801,42,5,1220,731310,38551,37528,,0,01,2026
2,3801,42,5,2010,642,59,48,,0,01,2026
2,3801,43,5,1220,3484534,41989,785,,0,01,2026
2,3801,44,5,1220,19699786,18163463,516266,,0,01,2026
2,3801,44,5,1220,109237,76358,1539,,1,01,2026
2,3801,44,5,2010,15140,9435,200,,0,01,2026
2,3801,44,6,1220,6182085,13915610,82657,,0,01,2026
2,3801,44,6,1220,885709,1005139,6249,,1,01,2026
2,3801,45,5,1220,2743,85,150,,0,01,2026
2,3801,47,5,1220,375785,1783240,41362,,0,01,2026
2,3801,47,6,1220,7056135,11314142,216744,,1,01,2026
2,3801,48,5,1220,56960188,38474586,1317575,,0,01,2026
2,3801,48,5,1220,154374,35116,5923,,1,01,2026
2,3801,48,5,2010,6142,3103,290,,0,01,2026
2,3801,48,6,1220,1508566,1164906,8810,,0,01,2026
2,3801,48,6,1220,63249,71724,250,,1,01,2026
2,3801,49,5,1220,9489430,1315296,303754,,0,01,2026
2,3801,51,5,1220,3629,1170,94,,0,01,2026
2,3801,53,5,1220,10001,133,44,,0,01,2026
2,3801,54,5,1220,415898,54442,7300,,0,01,2026
2,3801,55,5,1220,30656,83663,2667,,0,01,2026
2,3801,56,5,1220,774170,123306,8469,,0,01,2026
2,3801,56,5,1220,11001,917,1,,1,01,2026
2,3801,57,5,1220,463952,175541,6149,,0,01,2026
2,3801,58,5,1220,51472,10239,3578,,0,01,2026
2,3801,59,5,1220,2233121,283718,18929,,0,01,2026
2,3801,59,5,2010,448,1,33,,0,01,2026
2,3801,60,5,1220,108810,18738,2613,,0,01,2026
2,3801,61,5,1220,1061410,70625,54290,,0,01,2026
2,3801,61,5,2010,6097,397,461,,0,01,2026
2,3801,62,5,1220,1823850,24925,8282,,0,01,2026
2,3801,62,5,2010,910,9,49,,0,01,2026
2,3801,63,5,1220,1379093,287236,35751,,0,01,2026
2,3801,63,5,1220,96200,7737,42,,1,01,2026
2,3801,64,5,1220,97827,2762,2072,,0,01,2026
2,3801,64,5,1220,64473,6692,3250,,1,01,2026
2,3801,64,5,2010,677,22,39,,0,01,2026
2,3801,65,5,1220,357748,41814,21868,,0,01,2026
2,3801,66,5,1220,1414,166,69,,0,01,2026
2,3801,67,5,1220,50852,1940,809,,0,01,2026
2,3801,68,5,1220,5330879,5907330,125277,,0,01,2026
2,3801,68,5,1220,31060,953,643,,1,01,2026
2,3801,68,5,2010,2040,91,28,,0,01,2026
2,3801,68,6,1220,26067,178587,200,,0,01,2026
2,3801,68,6,1220,1250901,7285597,8321,,1,01,2026
2,3801,69,5,1220,481756,104860,4434,,0,01,2026
2,3801,69,5,1220,42100,10185,4356,,1,01,2026
2,3801,70,5,1220,6088770,2954964,113209,,0,01,2026
2,3801,70,5,1220,2075,102,600,,1,01,2026
2,3801,70,5,2010,23469,21551,298,,0,01,2026
2,3801,70,6,2010,16460,344,188,,1,01,2026
2,3801,71,5,1220,19155611,5118,10596,,0,01,2026
2,3801,72,5,1220,63917023,82027101,970245,,0,01,2026
2,3801,72,5,2010,6082,2779,22,,0,01,2026
2,3801,72,6,1220,7288577,18780922,88000,,0,01,2026
2,3801,72,6,1220,1593195,4906575,18100,,1,01,2026
2,3801,73,5,1220,41392728,23534738,857511,,0,01,2026
2,3801,73,5,1220,25616,426,2601,,1,01,2026
2,3801,73,5,2010,123908,30970,5650,,0,01,2026
2,3801,74,5,1220,15543069,1564959,89062,,0,01,2026
2,3801,74,5,1220,642939,45055,1690,,1,01,2026
2,3801,75,5,1220,20072578,1009326,20883,,0,01,2026
2,3801,76,5,1220,81253821,22959002,2074626,,0,01,2026
2,3801,76,6,1220,29674247,9612572,159208,,0,01,2026
2,3801,78,5,1220,3216219,1357712,15566,,0,01,2026
2,3801,79,5,1220,25925036,7662177,71817,,0,01,2026
2,3801,80,5,1220,91049,303535,1000,,0,01,2026
2,3801,81,5,1220,3442229,219099,4500,,0,01,2026
2,3801,82,5,1220,6285164,370041,42945,,0,01,2026
2,3801,82,5,1220,76127,1860,200,,1,01,2026
2,3801,82,5,2010,234000,15192,3,,0,01,2026
2,3801,83,5,1220,39904710,6444262,1162780,,0,01,2026
2,3801,83,5,2010,44450,593,1649,,0,01,2026
2,3801,84,1,2010,10780,124,163,,1,01,2026
2,3801,84,5,1220,504457248,36961498,2479802,,0,01,2026
2,3801,84,5,1220,1803024,90499,27482,,1,01,2026
2,3801,84,5,2010,2867939,172437,12940,,0,01,2026
2,3801,84,6,2010,8450,102,68,,1,01,2026
2,3801,85,1,1220,5735,2111,213,,1,01,2026
2,3801,85,1,2010,7913,196,295,,1,01,2026
2,3801,85,5,1220,190554784,8620821,1500818,,0,01,2026
2,3801,85,5,1220,337574,20040,19150,,1,01,2026
2,3801,85,5,2010,2637875,214023,20740,,0,01,2026
2,3801,85,5,2010,2725,38,192,,1,01,2026
2,3801,85,6,2010,521046,138,448,,1,01,2026
2,3801,86,5,1220,1559009,163882,77468,,0,01,2026
2,3801,87,5,1220,630643839,110163969,10147047,,0,01,2026
2,3801,87,5,1220,18564,6798,601,,1,01,2026
2,3801,87,5,2010,1378873,136154,18944,,0,01,2026
2,3801,87,6,1220,580706640,47234160,2067644,,0,01,2026
2,3801,87,6,1220,2154,546,5,,1,01,2026
2,3801,87,6,2010,15252,3869,91,,1,01,2026
2,3801,88,3,1220,288000,1134,100,,0,01,2026
2,3801,88,5,1220,9024461,50346,58704,,0,01,2026
2,3801,88,5,1220,23304,114,501,,1,01,2026
2,3801,88,5,2010,29240,205,2925,,0,01,2026
2,3801,89,5,1220,895825,91490,6137,,0,01,2026
2,3801,90,5,1220,24818646,720801,174732,,0,01,2026
2,3801,90,5,1220,714890,7441,3502,,1,01,2026
2,3801,90,5,2010,563059,21423,3359,,0,01,2026
2,3801,91,5,1220,10068,0,51,,0,01,2026
2,3801,92,5,1220,271783,3347,3233,,0,01,2026
2,3801,93,5,1220,70352,18892,637,,0,01,2026
2,3801,94,5,1220,59521590,8690512,1335249,,0,01,2026
2,3801,94,5,1220,105800,6232,5355,,1,01,2026
2,3801,94,5,2010,320526,30037,3525,,0,01,2026
2,3801,94,5,2010,22718,756,807,,1,01,2026
2,3801,94,6,1220,6549,7261,1500,,1,01,2026
2,3801,95,5,1220,2879829,287150,36754,,0,01,2026
2,3801,96,5,1220,30697321,5978139,167481,,0,01,2026
2,3801,97,5,1220,90775,1460,2646,,0,01,2026
2,3801,97,5,1220,7500,34,573,,1,01,2026
2,3801,98,1,1220,17062,1311,601,,1,01,2026
2,3801,98,3,1220,5488,1343,2500,,0,01,2026
2,3801,98,5,1220,100888551,17793729,1472654,,0,01,2026
2,3801,98,5,1220,1236347,54540,23008,,1,01,2026
2,3801,98,5,2010,122652,1876,3504,,0,01,2026
2,3801,98,5,2010,3273,91,200,,1,01,2026
2,3801,98,6,1220,332449,1401380,254,,0,01,2026
2,3801,98,8,1220,5317211,13701443,56406,,0,01,2026
2,3802,01,5,1220,32207795,19167133,168785,,0,01,2026
2,3802,02,5,1220,589190,315906,1513,,0,01,2026
2,3802,03,5,1220,3329431,462413,16570,,0,01,2026
2,3802,04,5,1220,5289272,1886084,34042,,0,01,2026
2,3802,05,5,1220,1654655,715009,19634,,0,01,2026
2,3802,06,5,1220,6995687,1402871,143756,,0,01,2026
2,3802,07,5,1220,6917312,7102918,109727,,0,01,2026
2,3802,08,5,1220,6146445,2878643,86126,,0,01,2026
2,3802,08,5,2010,143127,17615,1728,,0,01,2026
2,3802,09,5,1220,12670257,1176572,40375,,0,01,2026
2,3802,09,5,2010,25135,2259,91,,0,01,2026
2,3802,10,5,1220,1570978,2590512,31417,,0,01,2026
2,3802,10,6,1220,110935,100640,66,,0,01,2026
2,3802,10,6,1220,6584,17283,500,,1,01,2026
2,3802,11,5,1220,3125959,4145119,61845,,0,01,2026
2,3802,11,6,1220,156593,91063,1,,0,01,2026
2,3802,11,6,1220,1226225,1200750,11214,,1,01,2026
2,3802,12,5,1220,5814543,6982074,60711,,0,01,2026
2,3802,12,5,1220,118720,254009,700,,1,01,2026
2,3802,12,5,2010,11600,1814,200,,0,01,2026
2,3802,12,6,1220,877647,1371238,8881,,0,01,2026
2,3802,12,6,1220,431564,362560,4800,,1,01,2026
2,3802,13,5,1220,274179,17579,1104,,0,01,2026
2,3802,14,5,1220,214433,1014496,37030,,0,01,2026
2,3802,15,5,1220,1849887,888640,28078,,0,01,2026
2,3802,15,6,1220,4383941,4975274,41216,,0,01,2026
2,3802,15,6,1220,9837694,9296780,92908,,1,01,2026
2,3802,16,5,1220,1807453,397387,16631,,0,01,2026
2,3802,17,5,1220,29546149,5771498,205131,,0,01,2026
2,3802,17,5,2010,4014,994,24,,0,01,2026
2,3802,17,6,1220,590534,81737,3600,,0,01,2026
2,3802,17,6,1220,3745741,5130322,51531,,1,01,2026
2,3802,18,5,1220,49695860,8031579,161558,,0,01,2026
2,3802,18,5,2010,52358,10540,102,,0,01,2026
2,3802,18,6,1220,470400,131194,900,,1,01,2026
2,3802,19,5,1220,149105401,38350070,1612650,,0,01,2026
2,3802,19,6,1220,1652743,751075,14650,,0,01,2026
2,3802,19,6,1220,326644,202407,5218,,1,01,2026
2,3802,20,5,1220,30888189,13397087,316519,,0,01,2026
2,3802,20,5,2010,2724,156,8,,0,01,2026
2,3802,20,6,1220,22318,36084,600,,0,01,2026
2,3802,20,6,1220,115664,118043,2510,,1,01,2026
2,3802,21,5,1220,39275247,12022983,394922,,0,01,2026
2,3802,21,5,2010,3312,1247,250,,0,01,2026
2,3802,22,5,1220,27116859,20677273,375275,,0,01,2026
2,3802,22,6,1220,1275402,1691797,15196,,0,01,2026
2,3802,22,6,1220,1014580,768038,14199,,1,01,2026
2,3802,23,5,1220,13465224,8228635,100930,,0,01,2026
2,3802,23,6,1220,39914,98010,680,,1,01,2026
2,3802,25,5,1220,5795994,37811876,287948,,0,01,2026
2,3802,25,5,1220,315006,642561,25350,,1,01,2026
2,3802,25,6,1220,1759674,16087924,45250,,0,01,2026
2,3802,25,6,1220,1371501,4326948,105575,,1,01,2026
2,3802,25,7,1220,54641,14495752,150,,0,01,2026
2,3802,26,5,1220,582539,1761074,17746,,0,01,2026
2,3802,26,6,1220,278314,779319,1300,,1,01,2026
2,3802,27,5,1220,14626262,21701031,502937,,0,01,2026
2,3802,27,6,1220,19856262,25595232,258952,,0,01,2026
2,3802,27,6,1220,25954502,48217539,428540,,1,01,2026
2,3802,27,7,1220,591704389,598813824,65880545,,0,01,2026
2,3802,28,5,1220,55741662,23573217,1043557,,0,01,2026
2,3802,28,5,1220,319362,123404,95,,1,01,2026
2,3802,28,6,1220,14666823,55079117,242345,,0,01,2026
2,3802,28,6,1220,12986188,72016855,1716903,,1,01,2026
2,3802,29,5,1220,23323333,3398318,419633,,0,01,2026
2,3802,29,5,1220,180000,195145,10,,1,01,2026
2,3802,29,5,2010,22860,785,157,,0,01,2026
2,3802,29,6,1220,5612653,10654360,119305,,0,01,2026
2,3802,29,6,1220,27029088,42809922,1237746,,1,01,2026
2,3802,29,7,1220,6128367,14532185,119737,,0,01,2026
2,3802,30,5,1220,31624028,712209,135885,,0,01,2026
2,3802,30,5,1220,1198408,230888,23867,,1,01,2026
2,3802,31,5,1220,3659657,9913127,48450,,0,01,2026
2,3802,31,6,1220,5355532,14169581,41950,,0,01,2026
2,3802,32,5,1220,19884880,5428564,295123,,0,01,2026
2,3802,32,5,2010,14657,8474,87,,0,01,2026
2,3802,32,6,1220,4973693,2175631,12000,,0,01,2026
2,3802,33,5,1220,25395398,3291588,226540,,0,01,2026
2,3802,33,5,1220,209059,5562,3499,,1,01,2026
2,3802,33,5,2010,11351,278,172,,0,01,2026
2,3802,33,6,1220,68094,58512,3,,0,01,2026
2,3802,33,6,1220,307053,25668,1650,,1,01,2026
2,3802,34,5,1220,32580781,9511560,394984,,0,01,2026
2,3802,34,5,2010,17071,7922,2,,0,01,2026
2,3802,35,5,1220,3363433,966059,24596,,0,01,2026
2,3802,35,6,1220,166266,171398,1000,,1,01,2026
2,3802,36,5,1220,62458,9102,280,,0,01,2026
2,3802,37,5,1220,130952,47,165,,0,01,2026
2,3802,38,5,1220,38803847,8943163,288495,,0,01,2026
2,3802,38,5,1220,96140,37986,609,,1,01,2026
2,3802,38,5,2010,9030,7161,200,,0,01,2026
2,3802,38,6,1220,6718300,3097074,30890,,0,01,2026
2,3802,38,6,1220,6685884,4172226,7100,,1,01,2026
2,3802,39,5,1220,223358542,69860275,3583768,,0,01,2026
2,3802,39,5,1220,495907,299604,31937,,1,01,2026
2,3802,39,5,2010,270628,20630,3283,,0,01,2026
2,3802,39,6,1220,3672081,2877925,24031,,0,01,2026
2,3802,39,6,1220,75111089,83319181,235609,,1,01,2026
2,3802,40,5,1220,70257504,13477956,493321,,0,01,2026
2,3802,40,5,1220,8013,10054,1595,,1,01,2026
2,3802,40,5,2010,290337,29709,6452,,0,01,2026
2,3802,40,6,1220,4947258,1012950,94356,,0,01,2026
2,3802,40,6,1220,12657124,1686901,16872,,1,01,2026
2,3802,40,6,2010,1930,279,3,,1,01,2026
2,3802,41,5,1220,613633,355036,7645,,0,01,2026
2,3802,42,5,1220,1353037,23218,9880,,0,01,2026
2,3802,43,5,1220,3450,515,43,,0,01,2026
2,3802,44,5,1220,31456409,28766563,833516,,0,01,2026
2,3802,44,5,1220,74221,144262,10124,,1,01,2026
2,3802,44,5,2010,3260,854,69,,0,01,2026
2,3802,44,6,1220,23551659,60903227,1719426,,0,01,2026
2,3802,44,6,1220,13141361,20921507,408998,,1,01,2026
2,3802,45,5,1220,44710,7192,394,,0,01,2026
2,3802,47,5,1220,1460543,8211014,364048,,0,01,2026
2,3802,47,6,1220,66269,175090,950,,0,01,2026
2,3802,47,6,1220,5271001,8418692,57150,,1,01,2026
2,3802,48,5,1220,107172211,72630179,2936412,,0,01,2026
2,3802,48,5,1220,228192,96376,12065,,1,01,2026
2,3802,48,5,2010,11898,1748,4,,0,01,2026
2,3802,48,6,1220,21424437,22374773,599183,,0,01,2026
2,3802,48,6,1220,11589248,12179539,524535,,1,01,2026
2,3802,48,6,2010,20853,16308,2100,,1,01,2026
2,3802,49,5,1220,7864502,1794601,140177,,0,01,2026
2,3802,49,5,1220,101951,4599,25340,,1,01,2026
2,3802,49,5,2010,2940,1148,85,,0,01,2026
2,3802,50,5,1220,1875,29,38,,0,01,2026
2,3802,51,5,1220,31668,1930,529,,0,01,2026
2,3802,52,5,1220,353,4,7,,0,01,2026
2,3802,54,5,1220,1286885,170333,19430,,0,01,2026
2,3802,55,5,1220,571888,43378,16818,,0,01,2026
2,3802,56,5,1220,3048556,494232,46301,,0,01,2026
2,3802,56,5,1220,188704,19562,453,,1,01,2026
2,3802,56,6,1220,1038259,144180,2401,,0,01,2026
2,3802,57,5,1220,623343,159763,6652,,0,01,2026
2,3802,58,5,1220,409927,56799,66982,,0,01,2026
2,3802,59,5,1220,5226607,584044,62125,,0,01,2026
2,3802,59,5,1220,130909,9578,1200,,1,01,2026
2,3802,59,5,2010,4051,249,200,,0,01,2026
2,3802,60,5,1220,500297,74624,6955,,0,01,2026
2,3802,61,5,1220,1066599,20457,9694,,0,01,2026
2,3802,61,5,2010,2284,55,25,,0,01,2026
2,3802,62,5,1220,890738,8251,13205,,0,01,2026
2,3802,62,5,2010,1062,74,24,,0,01,2026
2,3802,63,5,1220,2285634,848559,58371,,0,01,2026
2,3802,63,5,2010,7384,403,465,,0,01,2026
2,3802,64,5,1220,284103,27358,4069,,0,01,2026
2,3802,64,5,2010,28937,4337,25,,0,01,2026
2,3802,64,6,1220,17611,2317,150,,1,01,2026
2,3802,65,5,1220,342776,10681,15212,,0,01,2026
2,3802,67,5,1220,159191,4655,624,,0,01,2026
2,3802,68,5,1220,12791192,10549850,174373,,0,01,2026
2,3802,68,5,2010,18331,1937,539,,0,01,2026
2,3802,68,6,1220,438745,306601,10675,,0,01,2026
2,3802,68,6,1220,2001747,11381362,13100,,1,01,2026
2,3802,69,5,1220,1119408,363373,12039,,0,01,2026
2,3802,69,5,1220,15841,4162,427,,1,01,2026
2,3802,69,5,2010,7301,4708,415,,0,01,2026
2,3802,70,5,1220,11159989,4302608,166331,,0,01,2026
2,3802,70,5,2010,61602,4413,3408,,0,01,2026
2,3802,70,6,1220,160750,41009,1238,,1,01,2026
2,3802,71,5,1220,23840618,66567,27625,,0,01,2026
2,3802,72,5,1220,30354207,28072655,630552,,0,01,2026
2,3802,72,6,1220,31662731,76311777,265951,,0,01,2026
2,3802,72,6,1220,33678500,53332632,373282,,1,01,2026
2,3802,73,5,1220,48179771,12290345,749720,,0,01,2026
2,3802,73,5,1220,739985,42544,22705,,1,01,2026
2,3802,73,5,2010,108339,29229,5881,,0,01,2026
2,3802,73,6,1220,209272,240296,1503,,0,01,2026
2,3802,73,6,1220,7002804,3429843,19500,,1,01,2026
2,3802,74,5,1220,18443628,1810829,99937,,0,01,2026
2,3802,74,5,1220,25419156,2124090,30378,,1,01,2026
2,3802,74,6,1220,2110319,4804606,10200,,0,01,2026
2,3802,74,6,1220,72681608,6107314,31665,,1,01,2026
2,3802,75,5,1220,12754080,648940,16795,,0,01,2026
2,3802,75,5,2010,14325,7,41,,0,01,2026
2,3802,75,6,1220,1428600,1211800,150000,,1,01,2026
2,3802,76,5,1220,89382495,26007484,2354481,,0,01,2026
2,3802,76,5,1220,354525,6040,14472,,1,01,2026
2,3802,76,5,2010,18765,1551,103,,0,01,2026
2,3802,76,6,1220,225325532,71120750,6048643,,0,01,2026
2,3802,76,6,1220,14489492,3813151,35801,,1,01,2026
2,3802,78,5,1220,933086,455412,9704,,0,01,2026
2,3802,79,5,1220,3215286,911064,40296,,0,01,2026
2,3802,79,6,1220,13381902,4023438,148402,,1,01,2026
2,3802,80,5,1220,233675,7204,923,,0,01,2026
2,3802,80,5,2010,14425,493,32,,0,01,2026
2,3802,81,5,1220,7537031,660837,73589,,0,01,2026
2,3802,81,5,1220,6540,72,3,,1,01,2026
2,3802,82,5,1220,5451335,268042,66154,,0,01,2026
2,3802,82,5,1220,41329,313,2950,,1,01,2026
2,3802,83,5,1220,33200855,4641533,652402,,0,01,2026
2,3802,83,5,1220,84805,7376,9338,,1,01,2026
2,3802,83,5,2010,63768,850,2453,,0,01,2026
2,3802,83,6,1220,11464,1022,117,,0,01,2026
2,3802,83,6,1220,11340,539,9,,1,01,2026
2,3802,84,5,1220,468663618,25902418,5744053,,0,01,2026
2,3802,84,5,1220,2146816,234028,103914,,1,01,2026
2,3802,84,5,2010,4445016,248483,26694,,0,01,2026
2,3802,84,6,1220,17180733,3137477,28306,,0,01,2026
2,3802,84,6,1220,5953254,326197,8783,,1,01,2026
2,3802,84,6,2010,29890,9426,788,,0,01,2026
2,3802,84,6,2010,42096,4676,261,,1,01,2026
2,3802,85,5,1220,184400630,10564871,1527719,,0,01,2026
2,3802,85,5,1220,3481828,160318,84308,,1,01,2026
2,3802,85,5,2010,2526540,67629,28802,,0,01,2026
2,3802,85,6,1220,218816,10703,320,,1,01,2026
2,3802,86,5,1220,1922977,257597,44881,,0,01,2026
2,3802,86,5,1220,104035,4843,3729,,1,01,2026
2,3802,87,5,1220,327335823,67833226,8211055,,0,01,2026
2,3802,87,5,1220,2040385,78773,44426,,1,01,2026
2,3802,87,5,2010,1849602,276147,17331,,0,01,2026
2,3802,87,6,1220,172711102,21950200,1096440,,0,01,2026
2,3802,87,6,1220,3090359,515783,6977,,1,01,2026
2,3802,87,6,2010,6925,2335,299,,0,01,2026
2,3802,87,6,2010,43038,11108,202,,1,01,2026
2,3802,88,3,1220,3235610,4598,574,,0,01,2026
2,3802,88,5,1220,73995388,258950,587167,,0,01,2026
2,3802,88,5,1220,17596,45,2500,,1,01,2026
2,3802,89,5,1220,2717966,351021,7135,,0,01,2026
2,3802,89,5,2010,57213,3306,209,,0,01,2026
2,3802,90,5,1220,49743487,912553,437247,,0,01,2026
2,3802,90,5,1220,548023,7520,4059,,1,01,2026
2,3802,90,5,2010,497536,18670,2575,,0,01,2026
2,3802,90,6,1220,145557,5499,1750,,1,01,2026
2,3802,91,5,1220,113785,2781,1000,,0,01,2026
2,3802,92,5,1220,651715,10344,9071,,0,01,2026
2,3802,93,5,1220,10934351,547630,26098,,0,01,2026
2,3802,94,5,1220,99125578,13145467,1488633,,0,01,2026
2,3802,94,5,1220,265299,57187,13201,,1,01,2026
2,3802,94,5,2010,68059,7197,1133,,0,01,2026
2,3802,94,6,1220,9514,10834,6000,,0,01,2026
2,3802,94,6,1220,272562,21324,2421,,1,01,2026
2,3802,95,5,1220,7197724,887029,87220,,0,01,2026
2,3802,95,5,1220,14685,317,100,,1,01,2026
2,3802,95,5,2010,183850,7955,1000,,0,01,2026
2,3802,95,6,1220,7164,1981,100,,1,01,2026
2,3802,96,5,1220,18941655,3543828,111369,,0,01,2026
2,3802,96,5,1220,5632,395,495,,1,01,2026
2,3802,96,6,1220,598548,163862,8800,,0,01,2026
2,3802,97,5,1220,284327,22094,3844,,0,01,2026
2,3802,97,5,2010,2111,0,42,,0,01,2026
2,3802,98,5,1220,364581395,59539976,1833898,,0,01,2026
2,3802,98,5,1220,1035956,94656,37021,,1,01,2026
2,3802,98,5,2010,121021,10855,2607,,0,01,2026
2,3802,98,6,1220,474308,297795,3744,,0,01,2026
2,3802,98,6,1220,2410299,319860,26090,,1,01,2026
2,3803,03,5,1220,54645,4938,764,,0,01,2026
2,3803,04,5,1220,1125113,714857,18000,,0,01,2026
2,3803,07,5,1220,34807,18144,200,,0,01,2026
2,3803,10,5,1220,36803,102487,600,,0,01,2026
2,3803,12,5,1220,33262,50876,1825,,0,01,2026
2,3803,15,5,1220,4018,1225,96,,0,01,2026
2,3803,17,5,1220,225125,30004,3415,,0,01,2026
2,3803,18,5,1220,40893,4834,1500,,0,01,2026
2,3803,19,5,1220,10509,820,300,,0,01,2026
2,3803,20,5,1220,15069,17895,237,,0,01,2026
2,3803,22,5,1220,17345,19362,299,,0,01,2026
2,3803,23,5,1220,31421,8335,1,,0,01,2026
2,3803,25,1,1220,539732,17001736,10000,,0,01,2026
2,3803,25,6,1220,9703,81431,250,,0,01,2026
2,3803,27,1,1220,9396088,17266699,900,,0,01,2026
2,3803,27,5,1220,105642,159973,898,,0,01,2026
2,3803,28,5,1220,2455334,273944,2050,,0,01,2026
2,3803,29,5,1220,105441,80023,2906,,0,01,2026
2,3803,30,5,1220,390641,18553,97,,0,01,2026
2,3803,32,5,1220,63612,21397,457,,0,01,2026
2,3803,33,5,1220,641872,777435,10500,,0,01,2026
2,3803,38,5,1220,59000,18144,135,,0,01,2026
2,3803,39,5,1220,615704,237457,11115,,0,01,2026
2,3803,40,5,1220,25600,897176,36392,,0,01,2026
2,3803,44,5,1220,14593535,19181121,342782,,0,01,2026
2,3803,44,6,1220,1794095,6777208,60600,,0,01,2026
2,3803,44,6,1220,16176,90000,3292,,1,01,2026
2,3803,47,5,1220,55872,79446,1000,,0,01,2026
2,3803,48,5,1220,1652913,1556532,71092,,0,01,2026
2,3803,49,5,1220,783308,35603,1004,,0,01,2026
2,3803,59,5,1220,1375,298,22,,0,01,2026
2,3803,63,5,1220,3235,67,32,,0,01,2026
2,3803,68,5,1220,64544,43389,900,,0,01,2026
2,3803,70,5,1220,128904,7079,1767,,0,01,2026
2,3803,71,5,1220,3473850,13848,502,,0,01,2026
2,3803,72,5,1220,7347682,9570412,52435,,0,01,2026
2,3803,72,6,1220,64785,168200,400,,0,01,2026
2,3803,72,6,1220,9458847,12878572,24439,,1,01,2026
2,3803,73,5,1220,574654,311213,47567,,0,01,2026
2,3803,73,6,1220,7722355,5331273,63000,,0,01,2026
2,3803,76,5,1220,2839346,829628,16035,,0,01,2026
2,3803,82,5,1220,11861,1348,232,,0,01,2026
2,3803,83,5,1220,4208,286,81,,0,01,2026
2,3803,84,5,1220,5736638,399748,90190,,0,01,2026
2,3803,85,5,1220,509339,34943,3682,,0,01,2026
2,3803,86,5,1220,635378,168775,57920,,0,01,2026
2,3803,87,5,1220,4405923,222500,10637,,0,01,2026
2,3803,89,5,1220,593975,20739,1628,,0,01,2026
2,3803,90,5,1220,20899,989,511,,0,01,2026
2,3803,93,5,1220,7021,764,2500,,0,01,2026
2,3803,94,5,1220,614729,393803,5366,,0,01,2026
2,3803,98,5,1220,2864679,250238,4819,,0,01,2026
2,3806,27,7,1220,9191142,0,1373389,,0,01,2026
2,3806,29,3,1220,18810,11,1881,,0,01,2026
2,3806,76,3,1220,23196,31,150,,0,01,2026
2,3806,83,3,1220,12785,88,85,,0,01,2026
2,3806,84,3,1220,148603,496,32261,,0,01,2026
2,3806,90,3,1220,2940,3,50,,0,01,2026
2,3806,98,3,1220,39053,74,1980,,0,01,2026
2,3807,27,5,1220,9825,4527,1450,,0,01,2026
2,3807,28,3,1220,454745,682,13929,,0,01,2026
2,3807,28,5,1220,3808,1905,3500,,0,01,2026
2,3807,29,3,1220,3925,0,150,,0,01,2026
2,3807,29,5,1220,3420,1016,853,,0,01,2026
2,3807,32,5,1220,51843,5048,1280,,0,01,2026
2,3807,34,5,1220,34271,4823,178,,0,01,2026
2,3807,35,5,1220,7225,348,7,,0,01,2026
2,3807,38,3,1220,9596,222,958,,0,01,2026
2,3807,38,5,1220,188096,13686,1182,,0,01,2026
2,3807,39,3,1220,2925,295,2925,,0,01,2026
2,3807,39,5,1220,557394,44863,9838,,0,01,2026
2,3807,39,5,1220,1516,153,500,,1,01,2026
2,3807,40,5,1220,50927,955,971,,0,01,2026
2,3807,44,5,1220,7500,34,50,,0,01,2026
2,3807,48,5,1220,20986,3347,875,,0,01,2026
2,3807,49,5,1220,2107,573,42,,0,01,2026
2,3807,62,5,1220,25270,89,201,,0,01,2026
2,3807,63,5,1220,17981,334,3500,,0,01,2026
2,3807,65,5,1220,6480,503,150,,0,01,2026
2,3807,68,5,1220,19722,2315,219,,0,01,2026
2,3807,70,5,1220,10528,432,1056,,0,01,2026
2,3807,71,3,1220,4000,1,43,,0,01,2026
2,3807,73,3,1220,21950,1156,812,,0,01,2026
2,3807,73,5,1220,503644,31159,11336,,0,01,2026
2,3807,74,5,1220,25921,768,387,,0,01,2026
2,3807,76,5,1220,88125,4156,1927,,0,01,2026
2,3807,79,5,1220,25122,1641,172,,0,01,2026
2,3807,82,3,1220,24514,631,1084,,0,01,2026
2,3807,82,5,1220,60065,840,939,,0,01,2026
2,3807,83,3,1220,11382,54,376,,0,01,2026
2,3807,83,5,1220,236384,17184,8058,,0,01,2026
2,3807,84,3,1220,411453,145,2847,,0,01,2026
2,3807,84,5,1220,4526608,166151,51515,,0,01,2026
2,3807,85,3,1220,1021455,1758,86334,,0,01,2026
2,3807,85,3,1220,17084,57,155,,1,01,2026
2,3807,85,5,1220,2564977,36774,16436,,0,01,2026
2,3807,86,5,1220,162040,6141,15396,,0,01,2026
2,3807,87,5,1220,398018,42541,10971,,0,01,2026
2,3807,88,5,1220,186343,325,1205,,0,01,2026
2,3807,90,3,1220,153486,841,7929,,0,01,2026
2,3807,90,5,1220,1003609,11472,3098,,0,01,2026
2,3807,94,5,1220,370499,17089,6083,,0,01,2026
2,3807,95,5,1220,7437,70,744,,0,01,2026
2,3807,96,5,1220,9267,54,20,,0,01,2026
2,3807,97,3,1220,6824,10,3,,0,01,2026
2,3807,98,3,1220,84019,145,5519,,0,01,2026
2,3807,98,5,1220,630514,39423,11569,,0,01,2026
2,3818,27,1,1220,4892894,9119742,900,,0,01,2026
2,3882,39,3,1220,822,1308,82,,0,01,2026
2,3882,87,3,1220,8212,972,820,,0,01,2026
2,3882,88,3,1220,6628,124,120,,0,01,2026
2,38XX,01,3,2010,62989,668,14500,,0,01,2026
2,38XX,39,3,2010,9226,246,922,,0,01,2026
2,38XX,40,3,2010,7646,8349,792,,0,01,2026
2,38XX,40,5,2010,784,59,157,,0,01,2026
2,38XX,62,3,2010,566,5,57,,0,01,2026
2,38XX,68,3,2010,26130,227,539,,0,01,2026
2,38XX,70,3,2010,88803,119,154,,0,01,2026
2,38XX,83,3,2010,22197,149,1556,,0,01,2026
2,38XX,84,3,2010,95760,1405,4237,,0,01,2026
2,38XX,84,5,2010,22009,2,105,,0,01,2026
2,38XX,85,3,2010,501097,8569,84326,,0,01,2026
2,38XX,85,5,2010,40714,222,234,,0,01,2026
2,38XX,85,8,2010,5925,92,80,,0,01,2026
2,38XX,87,3,2010,119351,14227,7210,,0,01,2026
2,38XX,87,5,2010,627739,21338,367,,0,01,2026
2,38XX,87,8,2010,10142,76,1014,,0,01,2026
2,38XX,90,3,2010,275465,853,27546,,0,01,2026
2,38XX,90,5,2010,3053,19,7,,0,01,2026
2,38XX,94,3,2010,1644,25,164,,0,01,2026
2,38XX,98,3,2010,75806,759,10389,,0,01,2026
2,38XX,98,5,2010,2224,47,9,,0,01,2026
2,38XX,98,8,2010,584200,4718,2000,,0,01,2026
2,3901,01,8,2010,2400,80,1000,,0,01,2026
2,3901,03,3,2010,5599,708,3728,,0,01,2026
2,3901,07,3,2010,2700,290,584,,0,01,2026
2,3901,09,3,2010,15920,1883,3826,,0,01,2026
2,3901,09,5,2010,464959,110729,7200,,0,01,2026
2,3901,12,3,2010,86109,9209,26845,,0,01,2026
2,3901,29,1,2010,41552,23460,300,,1,01,2026
2,3901,33,3,2010,14920,99,300,,0,01,2026
2,3901,39,1,2010,126934,40855,3572,,1,01,2026
2,3901,39,3,2010,160279,3508,3669,,0,01,2026
2,3901,39,5,2010,79232,395,1434,,0,01,2026
2,3901,39,6,2010,2235,49,20,,1,01,2026
2,3901,40,1,2010,71054,11663,4324,,1,01,2026
2,3901,40,3,2010,3128,31,65,,0,01,2026
2,3901,40,6,2010,7706,231,976,,1,01,2026
2,3901,42,3,2010,37740,1136,4014,,0,01,2026
2,3901,42,9,2010,15172,1027,1518,,0,01,2026
2,3901,48,3,2010,51892,3394,1255,,0,01,2026
2,3901,61,9,2010,152184,7511,15219,,0,01,2026
2,3901,62,9,2010,2787,261,278,,0,01,2026
2,3901,63,1,2010,61920,396,273,,1,01,2026
2,3901,71,3,2010,89824,1,950,,0,01,2026
2,3901,73,1,2010,14221,155,150,,1,01,2026
2,3901,73,3,2010,14518,144,17,,0,01,2026
2,3901,73,6,2010,21857,489,251,,1,01,2026
2,3901,82,1,2010,8388,273,52,,1,01,2026
2,3901,83,3,2010,3136,25,500,,0,01,2026
2,3901,84,1,2010,8580,397,858,,0,01,2026
2,3901,84,1,2010,1893826,71856,21007,,1,01,2026
2,3901,84,3,2010,4794752,38654,134245,,0,01,2026
2,3901,84,5,2010,79754,837,6158,,0,01,2026
2,3901,84,6,2010,309694,13846,6271,,1,01,2026
2,3901,84,8,2010,11656,198,3100,,0,01,2026
2,3901,85,1,2010,4033,155,403,,0,01,2026
2,3901,85,1,2010,620049,18971,7961,,1,01,2026
2,3901,85,3,2010,6747263,46965,229083,,0,01,2026
2,3901,85,5,2010,63704,540,1771,,0,01,2026
2,3901,85,5,2010,21499,2,9,,1,01,2026
2,3901,85,6,2010,110701,2266,991,,1,01,2026
2,3901,85,8,2010,2343756,11458,5822,,0,01,2026
2,3901,85,9,2010,1598198,22,20779,,0,01,2026
2,3901,87,1,2010,531334,22762,5423,,1,01,2026
2,3901,87,3,2010,115869,2904,5640,,0,01,2026
2,3901,87,6,2010,78356,2791,888,,1,01,2026
2,3901,87,8,2010,5681,170,103,,0,01,2026
2,3901,88,3,2010,90376,85,428,,0,01,2026
2,3901,90,1,2010,57532,867,838,,1,01,2026
2,3901,90,3,2010,1391225,14876,21655,,0,01,2026
2,3901,90,3,2010,25505,228,41,,1,01,2026
2,3901,90,5,2010,98775,5859,988,,0,01,2026
2,3901,90,6,2010,6225,81,46,,1,01,2026
2,3901,94,3,2010,17170,268,1718,,0,01,2026
2,3901,94,5,2010,2299,10,75,,0,01,2026
2,3901,94,8,2010,866,181,86,,0,01,2026
2,3901,98,1,2010,159757,19614,8442,,1,01,2026
2,3901,98,3,2010,374715,1910,6823,,0,01,2026
2,3901,98,5,2010,182205,1270,2823,,0,01,2026
2,3901,98,8,2010,5450,1400,1,,0,01,2026
2,39XX,01,3,1220,8450,5,100,,0,01,2026
2,39XX,05,3,1220,22146,39,845,,0,01,2026
2,39XX,25,1,1220,1288959,44841000,1200000,,0,01,2026
2,39XX,27,1,1220,8100288,21039708,9000,,0,01,2026
2,39XX,27,1,1220,4131,903,1,,1,01,2026
2,39XX,27,7,1220,2837719500,7660758820,182212905,,0,01,2026
2,39XX,28,3,1220,3059,1,13,,0,01,2026
2,39XX,29,3,1220,188916,47,1522,,0,01,2026
2,39XX,30,3,1220,3272971,254,10133,,0,01,2026
2,39XX,34,3,1220,2466,48,73,,0,01,2026
2,39XX,38,9,1220,716613,2327,9315,,1,01,2026
2,39XX,39,1,1220,1795,99,45,,1,01,2026
2,39XX,39,3,1220,23128,1215,2663,,0,01,2026
2,39XX,39,3,2010,10735,351,264,,0,01,2026
2,39XX,39,5,1220,10379,1056,8428,,0,01,2026
2,39XX,39,6,1220,2802,24,57,,1,01,2026
2,39XX,40,1,1220,18158,1937,1163,,1,01,2026
2,39XX,40,3,1220,17287,211,239,,0,01,2026
2,39XX,40,6,1220,1908,16,64,,1,01,2026
2,39XX,41,3,1220,23450,1024,492,,0,01,2026
2,39XX,42,5,1220,3046,20,1,,1,01,2026
2,39XX,48,3,1220,9349,3,297,,0,01,2026
2,39XX,62,3,1220,2770,1,75,,0,01,2026
2,39XX,63,1,1220,5500,536,92,,1,01,2026
2,39XX,63,3,1220,2444,2,2,,0,01,2026
2,39XX,68,1,1220,43434,2024,788,,1,01,2026
2,39XX,68,3,1220,22301,1222,2708,,0,01,2026
2,39XX,71,3,1220,12447,8,313,,0,01,2026
2,39XX,72,1,1220,460218,4503000,10000,,0,01,2026
2,39XX,82,3,1220,11209,39,79,,0,01,2026
2,39XX,82,3,1220,12167,96,167,,1,01,2026
2,39XX,83,3,1220,39266,111,1819,,0,01,2026
2,39XX,83,6,1220,10232,500,366,,1,01,2026
2,39XX,84,1,1220,280380,13765,2364,,1,01,2026
2,39XX,84,3,1220,2961258,11384,49571,,0,01,2026
2,39XX,84,5,1220,68913,11349,1011,,0,01,2026
2,39XX,84,6,1220,54856,2511,998,,1,01,2026
2,39XX,84,8,1220,6000,39,500,,0,01,2026
2,39XX,85,1,1220,19303609,671346,252,,0,01,2026
2,39XX,85,1,1220,47983,2450,1377,,1,01,2026
2,39XX,85,3,1220,1901945,1220,16343,,0,01,2026
2,39XX,85,3,1220,2075,12,22,,1,01,2026
2,39XX,85,3,2010,251891,716,1067,,0,01,2026
2,39XX,85,5,1220,6720,14,1000,,0,01,2026
2,39XX,85,5,1220,2122,144,1,,1,01,2026
2,39XX,85,6,1220,25794,2608,645,,1,01,2026
2,39XX,87,1,1220,31223,2654,962,,1,01,2026
2,39XX,87,3,2010,7870,951,242,,0,01,2026
2,39XX,87,5,1220,4107,925,1100,,0,01,2026
2,39XX,87,6,1220,18515,510,465,,1,01,2026
2,39XX,88,1,1220,21500,240,621,,1,01,2026
2,39XX,88,3,1220,253624,171,2575,,0,01,2026
2,39XX,88,5,1220,181960,474,1575,,0,01,2026
2,39XX,90,1,1220,5712,79,307,,1,01,2026
2,39XX,90,3,1220,2845135,3277,12189,,0,01,2026
2,39XX,90,5,1220,68335,272,350,,0,01,2026
2,39XX,90,5,1220,12246055,1476,5326,,1,01,2026
2,39XX,94,1,1220,760,14,5,,1,01,2026
2,39XX,94,3,1220,24507,45,416,,0,01,2026
2,39XX,94,3,2010,258,34,9,,0,01,2026
2,39XX,94,5,1220,6759,33,358,,0,01,2026
2,39XX,94,6,1220,10345,278,206,,1,01,2026
2,39XX,97,3,1220,2530,1,1,,0,01,2026
2,39XX,98,1,1220,3649,173,166,,1,01,2026
2,39XX,98,3,1220,1049600,2230,6893,,0,01,2026
2,39XX,98,5,1220,2606582,5391,1920,,0,01,2026
2,39XX,98,5,1220,694125,523,2653,,1,01,2026
2,39XX,98,6,1220,129632,2001,2654,,1,01,2026
2,4101,06,3,1220,4722,163,145,,0,01,2026
2,4101,09,3,1220,2731,46,105,,0,01,2026
2,4101,12,3,1220,2856,10,455,,0,01,2026
2,4101,18,3,1220,44861,4701,4891,,0,01,2026
2,4101,21,3,1220,10436,260,853,,0,01,2026
2,4101,23,3,1220,11871,723,564,,0,01,2026
2,4101,28,3,1220,521416,11800,12019,,0,01,2026
2,4101,29,3,1220,1996409,398,18358,,0,01,2026
2,4101,30,3,1220,892048,1206,11222,,0,01,2026
2,4101,31,3,1220,3450,7010,392,,0,01,2026
2,4101,32,3,1220,20474,345,2019,,0,01,2026
2,4101,33,3,1220,183498,1500,10570,,0,01,2026
2,4101,34,3,1220,43131,2466,19510,,0,01,2026
2,4101,35,3,1220,4501,39,650,,0,01,2026
2,4101,37,3,1220,4507,81,515,,0,01,2026
2,4101,38,3,1220,859885,799,34503,,0,01,2026
2,4101,39,3,1220,2404272,55716,167626,,0,01,2026
2,4101,40,1,1220,32557,5441,3256,,1,01,2026
2,4101,40,3,1220,1116356,22094,37524,,0,01,2026
2,4101,41,3,1220,2488,154,31,,0,01,2026
2,4101,42,3,1220,267452,5606,16563,,0,01,2026
2,4101,43,3,1220,11977,59,1014,,0,01,2026
2,4101,44,3,1220,31818,3657,10370,,0,01,2026
2,4101,48,3,1220,328274,47090,19012,,0,01,2026
2,4101,49,3,1220,480585,19869,35560,,0,01,2026
2,4101,51,3,1220,3194,129,47,,0,01,2026
2,4101,54,3,1220,9922,210,104,,0,01,2026
2,4101,55,3,1220,2121,65,106,,0,01,2026
2,4101,56,3,1220,34505,1620,3068,,0,01,2026
2,4101,57,3,1220,4649,49,328,,0,01,2026
2,4101,58,3,1220,99649,2243,18652,,0,01,2026
2,4101,59,3,1220,207654,4831,20074,,0,01,2026
2,4101,60,3,1220,375,39,303,,0,01,2026
2,4101,61,3,1220,559662,3863,24226,,0,01,2026
2,4101,62,3,1220,538714,2002,21210,,0,01,2026
2,4101,63,3,1220,332863,5210,41683,,0,01,2026
2,4101,64,3,1220,122420,6734,2570,,0,01,2026
2,4101,65,3,1220,124349,382,3499,,0,01,2026
2,4101,66,3,1220,3090,51,2228,,0,01,2026
2,4101,67,3,1220,4625,267,301,,0,01,2026
2,4101,68,3,1220,59953,1830,3870,,0,01,2026
2,4101,69,3,1220,18492,3018,201,,0,01,2026
2,4101,70,3,1220,132043,13260,9588,,0,01,2026
2,4101,71,3,1220,11486994,764,86067,,0,01,2026
2,4101,72,3,1220,8263,2570,260,,0,01,2026
2,4101,73,3,1220,802426,7558,27343,,0,01,2026
2,4101,74,3,1220,126888,1584,2197,,0,01,2026
2,4101,75,3,1220,311421,237,4915,,0,01,2026
2,4101,76,3,1220,251092,608,10828,,0,01,2026
2,4101,81,3,1220,323146,3443,5545,,0,01,2026
2,4101,82,3,1220,1231648,18600,42638,,0,01,2026
2,4101,83,3,1220,387884,4354,13678,,0,01,2026
2,4101,84,3,1220,37630086,255990,552279,,0,01,2026
2,4101,84,3,1220,4080,19,501,,1,01,2026
2,4101,85,3,1220,38105673,711221,598826,,0,01,2026
2,4101,85,3,1220,44927,321,28000,,1,01,2026
2,4101,86,3,1220,123267,2909,3487,,0,01,2026
2,4101,87,3,1220,795542,70248,31627,,0,01,2026
2,4101,88,3,1220,4568972,5395,77026,,0,01,2026
2,4101,90,3,1220,32079062,184221,576023,,0,01,2026
2,4101,91,3,1220,73363,2,1019,,0,01,2026
2,4101,92,3,1220,329974,10171,10470,,0,01,2026
2,4101,93,3,1220,129926,171,1500,,0,01,2026
2,4101,94,3,1220,2589181,38271,80782,,0,01,2026
2,4101,95,3,1220,427382,30963,13097,,0,01,2026
2,4101,96,3,1220,18723,2172,2339,,0,01,2026
2,4101,97,3,1220,891217,4172,9971,,0,01,2026
2,4101,98,3,1220,50470374,60079,687422,,0,01,2026
2,4101,98,3,1220,2150,2,14,,1,01,2026
2,4102,23,3,1220,8858,481,150,,0,01,2026
2,4102,39,3,1220,2853,9,250,,0,01,2026
2,4102,40,3,1220,26668,1931,322,,0,01,2026
2,4102,61,3,1220,2955,50,3808,,0,01,2026
2,4102,75,3,1220,46502,747,605,,0,01,2026
2,4102,83,3,1220,14551,55,189,,0,01,2026
2,4102,84,3,1220,1045309,10901,14541,,0,01,2026
2,4102,84,5,1220,61808,348,250,,0,01,2026
2,4102,84,9,1220,134569,361,1748,,0,01,2026
2,4102,85,3,1220,103810,1601,2381,,0,01,2026
2,4102,85,3,1220,2748,1,178,,1,01,2026
2,4102,87,3,1220,3372,49,71,,0,01,2026
2,4102,88,3,1220,5425,5,71,,0,01,2026
2,4102,90,3,1220,118458,15537,6358,,0,01,2026
2,4102,94,3,1220,1276,3,1,,0,01,2026
2,4102,98,3,1220,2371873,1154,13706,,0,01,2026
2,4103,39,1,1220,2623,6,5,,1,01,2026
2,4103,61,3,1220,18240,68,2500,,0,01,2026
2,4103,76,3,1220,3781,3,75,,0,01,2026
2,4103,83,5,1220,27513,1526,115,,0,01,2026
2,4103,84,3,1220,27835,271,741,,0,01,2026
2,4103,84,9,1220,5446,1,71,,0,01,2026
2,4103,84,9,1220,204695,6,2661,,1,01,2026
2,4103,87,1,1220,3000,147,43,,1,01,2026
2,4103,90,1,1220,22275,278,454,,1,01,2026
2,4103,90,3,1220,23633,108,648,,0,01,2026
2,4103,94,9,1220,2465,311,31,,0,01,2026
2,4103,94,9,1220,92136,10140,1198,,1,01,2026
2,4103,98,3,1220,80404,367,1500,,0,01,2026
2,4104,58,3,1220,972,6,455,,0,01,2026
2,4104,73,3,1220,3430,737,116,,0,01,2026
2,4104,84,3,1220,32616,779,705,,0,01,2026
2,4104,85,3,1220,2574,21,38,,0,01,2026
2,4104,88,3,1220,15004180,44484,1185455,,0,01,2026
2,4104,90,3,1220,59479,40,604,,0,01,2026
2,4104,94,3,1220,26524,68,291,,0,01,2026
2,4104,98,3,1220,268816,211,5835,,0,01,2026
2,4104,98,3,1220,84492,23,500,,1,01,2026
2,4105,10,1,1220,4262501,20441760,500300,,0,01,2026
2,4105,27,7,1220,121860460,349570746,17328933,,0,01,2026
2,4105,27,9,1220,22183293,58423485,2209411,,0,01,2026
2,4105,39,5,1220,497,23,455,,0,01,2026
2,4105,72,1,1220,2222343,4111000,137534,,0,01,2026
2,4105,76,1,1220,285414,59893,100,,0,01,2026
2,4105,87,9,1220,14257,1371,1628,,1,01,2026
2,4105,98,5,1220,29602,56,213,,1,01,2026
2,4110,28,3,1220,36083,2,500,,0,01,2026
2,4110,39,1,1220,11784,120,93,,1,01,2026
2,4110,39,3,1220,16830,837,11352,,0,01,2026
2,4110,40,1,1220,1762,21,12,,1,01,2026
2,4110,40,9,1220,1913,118,24,,0,01,2026
2,4110,62,3,1220,2626,5,150,,0,01,2026
2,4110,73,1,1220,4882,43,26,,1,01,2026
2,4110,73,9,1220,2241,2,29,,0,01,2026
2,4110,76,9,1220,15951,945,208,,1,01,2026
2,4110,84,1,1220,94335,1066,615,,1,01,2026
2,4110,84,3,1220,25123,428,1077,,0,01,2026
2,4110,84,9,1220,551635,40171,1911,,0,01,2026
2,4110,85,3,1220,114929,155,2967,,0,01,2026
2,4110,85,9,1220,170774,118,2261,,0,01,2026
2,4110,88,3,1220,9116,64,50,,0,01,2026
2,4110,94,3,1220,3203,10,266,,0,01,2026
2,4110,98,3,1220,738687,5665,607,,0,01,2026
2,4110,98,5,1220,10046,46,42,,0,01,2026
2,4110,98,9,1220,229031,5122,2932,,0,01,2026
2,4115,22,5,1220,45598,38556,7,,0,01,2026
2,4115,22,6,1220,1493299,2821437,9670,,0,01,2026
2,4115,22,6,1220,690850,1603110,19,,1,01,2026
2,4115,39,3,1220,5641,42,8,,0,01,2026
2,4115,40,3,1220,1252,3,1,,0,01,2026
2,4115,62,3,1220,58768,360,268,,0,01,2026
2,4115,73,3,1220,3968,3,75,,0,01,2026
2,4115,84,3,1220,23738,169,2930,,0,01,2026
2,4115,85,3,1220,6943,3,2,,0,01,2026
2,4115,88,3,1220,195802,1167,504,,0,01,2026
2,4115,90,3,1220,14345,3,207,,0,01,2026
2,4115,94,3,1220,1080,120,425,,0,01,2026
2,4115,98,3,1220,111296,1488,1832,,0,01,2026
2,41XX,05,3,2010,4752,62,533,,0,01,2026
2,41XX,13,3,2010,2464,23,100,,0,01,2026
2,41XX,22,3,2010,3600,340,50,,0,01,2026
2,41XX,22,5,2010,188872,67090,4,,0,01,2026
2,41XX,22,5,2010,649038,231230,11,,1,01,2026
2,41XX,22,6,1220,497469,1760616,42,,0,01,2026
2,41XX,22,6,2010,918849,164730,3000,,0,01,2026
2,41XX,22,6,2010,586669,140308,5701,,1,01,2026
2,41XX,22,9,2010,426780,109886,9000,,0,01,2026
2,41XX,24,9,2010,2881700,226637,37461,,1,01,2026
2,41XX,25,1,1220,1591661,50283332,20000,,0,01,2026
2,41XX,30,3,2010,68192,223,1859,,0,01,2026
2,41XX,30,9,2010,135148,3649,1757,,0,01,2026
2,41XX,32,3,2010,11297,356,1339,,0,01,2026
2,41XX,33,3,2010,77229,561,2483,,0,01,2026
2,41XX,38,3,2010,24795,228,2030,,0,01,2026
2,41XX,39,1,2010,1737696,1015609,126237,,1,01,2026
2,41XX,39,3,2010,737462,20479,74679,,0,01,2026
2,41XX,39,9,2010,4625,133,61,,1,01,2026
2,41XX,40,1,2010,77269,11392,6847,,1,01,2026
2,41XX,40,3,2010,290587,24874,39678,,0,01,2026
2,41XX,40,3,2010,790,3,18,,1,01,2026
2,41XX,40,9,2010,517,7,7,,0,01,2026
2,41XX,41,3,2010,13633,1394,1127,,0,01,2026
2,41XX,42,1,2010,1492,13,12,,1,01,2026
2,41XX,42,3,2010,221543,2700,12000,,0,01,2026
2,41XX,43,3,2010,3000,7,75,,0,01,2026
2,41XX,44,3,2010,3346,306,42,,0,01,2026
2,41XX,48,3,2010,41090,838,4194,,0,01,2026
2,41XX,49,3,2010,48610,662,1445,,0,01,2026
2,41XX,51,3,2010,1155,13,115,,0,01,2026
2,41XX,54,3,2010,2462,137,1406,,0,01,2026
2,41XX,55,3,2010,3250,42,526,,0,01,2026
2,41XX,57,3,2010,12260,118,561,,0,01,2026
2,41XX,58,3,2010,32948,420,5242,,0,01,2026
2,41XX,59,3,2010,53263,501,5795,,0,01,2026
2,41XX,60,3,2010,5984,993,9222,,0,01,2026
2,41XX,61,3,2010,95496,5122,26122,,0,01,2026
2,41XX,62,3,2010,265940,4892,47268,,0,01,2026
2,41XX,63,3,2010,182890,1475,6684,,0,01,2026
2,41XX,64,3,2010,130724,2889,11630,,0,01,2026
2,41XX,65,3,2010,11418,259,2387,,0,01,2026
2,41XX,67,3,2010,300,7,78,,0,01,2026
2,41XX,68,3,2010,1458905,63785,33153,,0,01,2026
2,41XX,69,3,2010,8130,96,150,,0,01,2026
2,41XX,70,3,2010,246353,35491,7895,,0,01,2026
2,41XX,71,3,2010,44203288,1435,45583,,0,01,2026
2,41XX,72,3,2010,8400,6892,2239,,0,01,2026
2,41XX,73,3,2010,503860,5530,23147,,0,01,2026
2,41XX,74,3,2010,9980,13,116,,0,01,2026
2,41XX,75,3,2010,28189,76,567,,0,01,2026
2,41XX,76,3,2010,188352,1059,5311,,0,01,2026
2,41XX,81,3,2010,55536,317,1751,,0,01,2026
2,41XX,82,3,2010,344615,2747,19613,,0,01,2026
2,41XX,83,3,2010,590126,4968,34854,,0,01,2026
2,41XX,84,1,2010,481237,4232,9215,,1,01,2026
2,41XX,84,3,2010,16001011,221353,421253,,0,01,2026
2,41XX,84,3,2010,5299,88,285,,1,01,2026
2,41XX,84,9,2010,13693,9,178,,0,01,2026
2,41XX,84,9,2010,642295,83037,8347,,1,01,2026
2,41XX,85,1,2010,7542,41,314,,1,01,2026
2,41XX,85,3,2010,21991345,257788,617598,,0,01,2026
2,41XX,85,3,2010,12325,146,8363,,1,01,2026
2,41XX,85,5,2010,56669,1006,11261,,0,01,2026
2,41XX,85,6,2010,142196,9434,4173,,1,01,2026
2,41XX,85,9,2010,306061,17538,3996,,0,01,2026
2,41XX,85,9,2010,10985423,93909,142820,,1,01,2026
2,41XX,87,3,2010,942215,99426,171082,,0,01,2026
2,41XX,87,3,2010,8811,213,1,,1,01,2026
2,41XX,87,8,2010,24459,1180,1,,0,01,2026
2,41XX,88,3,2010,1220927,3732,29087,,0,01,2026
2,41XX,90,1,2010,19587,431,334,,1,01,2026
2,41XX,90,3,2010,21104807,85731,351913,,0,01,2026
2,41XX,90,9,2010,18537,175,241,,0,01,2026
2,41XX,90,9,2010,236527,3486,3075,,1,01,2026
2,41XX,92,3,2010,2700,9,75,,0,01,2026
2,41XX,94,3,2010,277526,4649,33075,,0,01,2026
2,41XX,95,3,2010,72020,2869,3107,,0,01,2026
2,41XX,96,3,2010,20576,2443,194,,0,01,2026
2,41XX,97,3,2010,389665,1296,4702,,0,01,2026
2,41XX,98,1,2010,3957,50,162,,1,01,2026
2,41XX,98,3,2010,10726888,27214,209364,,0,01,2026
2,41XX,98,9,2010,25320,588,329,,0,01,2026
2,41XX,98,9,2010,265264,8056,3447,,1,01,2026
2,4504,33,5,1220,64926,2319,492,,0,01,2026
2,4504,39,3,1220,37673,326,410,,0,01,2026
2,4504,84,3,1220,2071061,7834,1399,,0,01,2026
2,4504,85,3,1220,161002,123,1283,,0,01,2026
2,4504,86,3,1220,16963,408,2,,0,01,2026
2,4504,88,3,1220,232627,117,895,,0,01,2026
2,4504,90,3,1220,594752,1704,799,,0,01,2026
2,4504,94,3,1220,29072,1322,387,,0,01,2026
2,4504,98,3,1220,607286,485,4315,,0,01,2026
2,45XX,22,5,2010,699389,224746,9600,,0,01,2026
2,45XX,22,6,2010,266809,84650,1200,,1,01,2026
2,45XX,27,7,1220,29455392,90201298,40571,,0,01,2026
2,45XX,27,9,1220,312342810,703187362,4805273,,0,01,2026
2,45XX,29,3,1220,2985,2,125,,0,01,2026
2,45XX,32,3,1220,2500,21,250,,0,01,2026
2,45XX,39,1,2010,94393,10747,3500,,1,01,2026
2,45XX,39,3,1220,18294,19,30,,0,01,2026
2,45XX,39,3,2010,895,2,4,,0,01,2026
2,45XX,40,1,2010,2191,9,29,,1,01,2026
2,45XX,59,3,2010,1226,519,1500,,0,01,2026
2,45XX,70,1,2010,3208,137,333,,1,01,2026
2,45XX,73,3,1220,25949,24,44,,0,01,2026
2,45XX,82,3,1220,4555,2,1500,,0,01,2026
2,45XX,83,1,2010,344025,35567,9480,,1,01,2026
2,45XX,84,1,1220,4000,394,163,,1,01,2026
2,45XX,84,1,2010,40055,5373,2078,,1,01,2026
2,45XX,84,3,1220,937030,795,1044,,0,01,2026
2,45XX,84,3,2010,16821,53,456,,0,01,2026
2,45XX,85,1,2010,84237,1356,1518,,1,01,2026
2,45XX,85,3,1220,145291,194,300,,0,01,2026
2,45XX,85,3,2010,17939,68,347,,0,01,2026
2,45XX,87,1,2010,2294,98,238,,1,01,2026
2,45XX,87,3,1220,6000,32,500,,0,01,2026
2,45XX,87,3,2010,35003,240,750,,0,01,2026
2,45XX,88,3,1220,291857,245,427,,0,01,2026
2,45XX,88,8,1220,4900000,20186,9879,,0,01,2026
2,45XX,90,1,2010,6066,2169,193,,1,01,2026
2,45XX,90,3,1220,141556,538,1389,,0,01,2026
2,45XX,90,3,2010,17886,56,55,,0,01,2026
2,45XX,94,3,1220,53148,86,376,,0,01,2026
2,45XX,98,1,1220,10200,4850,1716,,1,01,2026
2,45XX,98,3,1220,79932,115,1627,,0,01,2026
2,45XX,98,3,2010,412206,294,4404,,0,01,2026
2,45XX,98,8,1220,37800,156,76,,0,01,2026
2,49XX,02,1,1220,2728215,1110262,133896,,1,01,2026
2,49XX,03,1,1220,207574,20100,4500,,1,01,2026
2,49XX,04,1,1220,36068,10325,2306,,1,01,2026
2,49XX,04,1,2010,110930,47253,32500,,1,01,2026
2,49XX,07,1,1220,2336282,2709298,124809,,1,01,2026
2,49XX,07,1,2010,357040,264000,47672,,1,01,2026
2,49XX,09,1,2010,3747386,420086,415000,,1,01,2026
2,49XX,12,1,2010,91340,147330,10400,,1,01,2026
2,49XX,15,1,1220,327441,256121,16523,,1,01,2026
2,49XX,16,1,1220,166320,102060,9500,,1,01,2026
2,49XX,17,1,1220,89589,7527,6544,,1,01,2026
2,49XX,17,1,2010,163367,36318,10400,,1,01,2026
2,49XX,18,1,1220,980238,192103,75298,,1,01,2026
2,49XX,19,1,1220,820911,110580,53365,,1,01,2026
2,49XX,19,1,2010,22019,2321,2000,,0,01,2026
2,49XX,19,1,2010,197298,139422,22300,,1,01,2026
2,49XX,20,1,1220,2561570,1744697,190408,,1,01,2026
2,49XX,20,1,2010,197695,183059,32938,,1,01,2026
2,49XX,21,1,1220,26721,30084,2,,1,01,2026
2,49XX,21,1,2010,254780,62293,9456,,1,01,2026
2,49XX,22,1,1220,9507,40551,13221,,1,01,2026
2,49XX,22,1,2010,3027309,2458319,116290,,1,01,2026
2,49XX,23,1,1220,37920,42047,4959,,1,01,2026
2,49XX,25,1,1220,57834,218688,15000,,1,01,2026
2,49XX,25,1,2010,60818,174364,10742,,1,01,2026
2,49XX,27,1,1220,129282,165693,15205,,1,01,2026
2,49XX,27,1,2010,17124682,40212730,322222,,0,01,2026
2,49XX,28,1,2010,31728,22700,2500,,1,01,2026
2,49XX,29,1,1220,52252,25123,4341,,1,01,2026
2,49XX,29,3,1220,220800,306,1,,0,01,2026
2,49XX,31,1,2010,150746,95419,8908,,1,01,2026
2,49XX,32,1,2010,34044,70030,3,,1,01,2026
2,49XX,32,5,1220,16045,813,500,,0,01,2026
2,49XX,33,1,2010,635262,120550,51855,,1,01,2026
2,49XX,34,1,2010,1690788,932763,263757,,1,01,2026
2,49XX,34,3,2010,5588,1132,3558,,0,01,2026
2,49XX,35,1,2010,20613,7276,2500,,1,01,2026
2,49XX,35,3,2010,5862,324,500,,0,01,2026
2,49XX,38,1,2010,350070,152741,57033,,1,01,2026
2,49XX,39,1,1220,656486,96246,31703,,1,01,2026
2,49XX,39,1,2010,2779852,1844005,132380,,1,01,2026
2,49XX,39,3,1220,4226,52,1,,0,01,2026
2,49XX,39,3,2010,8558,64,67,,0,01,2026
2,49XX,39,5,1220,83414,49893,503,,0,01,2026
2,49XX,39,5,1220,192601,55578,3300,,1,01,2026
2,49XX,40,1,2010,173695,29040,12017,,1,01,2026
2,49XX,41,1,2010,6317,245,3147,,0,01,2026
2,49XX,44,1,1220,33774,43280,7999,,1,01,2026
2,49XX,44,1,2010,152023,3039,3210,,1,01,2026
2,49XX,48,1,1220,386803,401838,39926,,1,01,2026
2,49XX,48,1,2010,636361,202709,42586,,1,01,2026
2,49XX,49,1,2010,9807,466,1500,,1,01,2026
2,49XX,56,1,2010,2355,379,91,,1,01,2026
2,49XX,61,1,2010,136309,13168,7,,1,01,2026
2,49XX,64,1,2010,2715,105,1353,,0,01,2026
2,49XX,64,1,2010,100258,5069,2500,,1,01,2026
2,49XX,65,3,2010,2007,10,61,,0,01,2026
2,49XX,68,1,2010,619672,1686802,71627,,1,01,2026
2,49XX,69,1,2010,61646,122292,8001,,1,01,2026
2,49XX,70,1,2010,1664684,1581350,154294,,1,01,2026
2,49XX,72,1,2010,79068,93215,9254,,1,01,2026
2,49XX,73,1,1220,123010,41355,11133,,1,01,2026
2,49XX,73,1,2010,3500,900,2,,0,01,2026
2,49XX,73,1,2010,486600,123427,49285,,1,01,2026
2,49XX,73,3,2010,40474,1276,8720,,0,01,2026
2,49XX,76,1,2010,2359359,506404,340218,,1,01,2026
2,49XX,76,3,2010,7186,56,338,,0,01,2026
2,49XX,82,1,2010,2344,210,1972,,1,01,2026
2,49XX,83,1,2010,342354,71633,11651,,1,01,2026
2,49XX,83,3,2010,21604,417,2000,,0,01,2026
2,49XX,84,1,1220,3995642,63147,90174,,1,01,2026
2,49XX,84,1,2010,30808,2396,3206,,0,01,2026
2,49XX,84,1,2010,2705927,512096,226000,,1,01,2026
2,49XX,84,3,1220,2550,2,1,,0,01,2026
2,49XX,84,3,2010,65071,1573,5596,,0,01,2026
2,49XX,84,5,1220,23570,678,2449,,0,01,2026
2,49XX,85,1,2010,345290,95866,11769,,0,01,2026
2,49XX,85,1,2010,5425198,536133,85858,,1,01,2026
2,49XX,85,3,2010,83705,6184,27534,,0,01,2026
2,49XX,87,1,2010,805568,125484,29792,,0,01,2026
2,49XX,87,1,2010,286013,13683,12849,,1,01,2026
2,49XX,87,5,2010,110220,7301,4200,,0,01,2026
2,49XX,90,3,1220,1489941,12832,8927,,0,01,2026
2,49XX,94,1,1220,14735,44,4,,0,01,2026
2,49XX,94,1,1220,277903,38311,26124,,1,01,2026
2,49XX,94,1,2010,122143,11585,18919,,1,01,2026
2,49XX,94,3,2010,4318,153,4325,,0,01,2026
2,49XX,98,1,1220,108237,18599,5820,,1,01,2026
2,49XX,98,1,2010,958805,68092,16342,,1,01,2026
2,49XX,98,3,1220,39519,22,1,,0,01,2026
2,49XX,98,3,2010,68472,516,3127,,0,01,2026
2,51XX,22,1,2010,33099,4559,3372,,0,01,2026
2,51XX,22,1,2010,290450,225248,21545,,1,01,2026
2,5201,03,1,1220,471600,15966,5463,,1,01,2026
2,5201,03,1,2010,1919554,241590,102508,,1,01,2026
2,5201,04,1,2010,46760,17387,2000,,1,01,2026
2,5201,09,1,2010,153792,28067,4500,,1,01,2026
2,5201,17,1,2010,160863,40623,322,,1,01,2026
2,5201,17,9,1220,143986,17010,1,,0,01,2026
2,5201,19,1,2010,150415,93772,1500,,1,01,2026
2,5201,20,1,1220,213120,87892,5,,1,01,2026
2,5201,20,1,2010,514670,420849,3400,,1,01,2026
2,5201,22,1,2010,4092100,2366205,456788,,1,01,2026
2,5201,22,5,1220,388508,58876,1923,,0,01,2026
2,5201,22,5,2010,689694,118750,26225,,0,01,2026
2,5201,24,5,1220,170088,18885,2259,,0,01,2026
2,5201,30,1,1220,3067,3345,2000,,1,01,2026
2,5201,32,1,2010,10753,390,200,,1,01,2026
2,5201,33,1,1220,107501,840,133,,1,01,2026
2,5201,33,1,2010,565817,103160,29111,,1,01,2026
2,5201,33,9,1220,5287,38,1,,0,01,2026
2,5201,34,1,2010,1456217,903693,207187,,1,01,2026
2,5201,34,9,1220,65694,36622,2,,0,01,2026
2,5201,35,1,1220,2866,244,2228,,1,01,2026
2,5201,39,1,1220,460,6,4,,1,01,2026
2,5201,39,1,2010,3409538,2133738,94451,,1,01,2026
2,5201,39,3,2010,5320,947,1023,,0,01,2026
2,5201,39,5,1220,33242,3796,514,,0,01,2026
2,5201,39,9,2010,2718,14,118,,0,01,2026
2,5201,40,1,1220,286523,57453,12422,,1,01,2026
2,5201,40,1,2010,289,10,234,,1,01,2026
2,5201,40,9,2010,1638,4,77,,0,01,2026
2,5201,44,1,2010,50321,67895,6000,,1,01,2026
2,5201,48,1,2010,152863,187069,31672,,1,01,2026
2,5201,62,1,2010,1892259,16069,13841,,1,01,2026
2,5201,63,1,2010,12634,1032,2,,1,01,2026
2,5201,65,1,2010,2351362,19252,15049,,1,01,2026
2,5201,68,1,2010,94269,69712,4000,,1,01,2026
2,5201,69,1,2010,75637,159695,29393,,1,01,2026
2,5201,70,1,2010,99756,165735,12600,,1,01,2026
2,5201,71,3,2010,1523737,21,290,,0,01,2026
2,5201,72,5,1220,17887,43628,4000,,0,01,2026
2,5201,73,1,2010,3641,363,1,,1,01,2026
2,5201,83,1,2010,32960,9505,2177,,1,01,2026
2,5201,84,1,2010,3609,1,1,,0,01,2026
2,5201,84,1,2010,345880,46102,43020,,1,01,2026
2,5201,84,3,2010,110734,377,2568,,0,01,2026
2,5201,84,5,1220,10230,482,4,,0,01,2026
2,5201,84,5,2010,33000,1686,1500,,0,01,2026
2,5201,84,9,2010,415176,27347,7128,,0,01,2026
2,5201,84,9,2010,40097,6044,3,,1,01,2026
2,5201,85,1,1220,13420,18413,401,,1,01,2026
2,5201,85,1,2010,861440,2264,1014,,1,01,2026
2,5201,85,3,1220,30859,4,122,,0,01,2026
2,5201,85,3,2010,74834,725,3022,,0,01,2026
2,5201,85,5,2010,119380,21105,2521,,0,01,2026
2,5201,85,9,2010,70539,5201,2893,,0,01,2026
2,5201,87,1,2010,88394,4911,7068,,1,01,2026
2,5201,87,8,2010,3534,910,4500,,0,01,2026
2,5201,87,9,2010,201772,14895,9961,,0,01,2026
2,5201,90,1,1220,21442,276,753,,1,01,2026
2,5201,90,1,2010,55243,1386,751,,1,01,2026
2,5201,90,3,2010,8954,119,616,,0,01,2026
2,5201,92,1,2010,4600,17,16,,1,01,2026
2,5201,94,5,2010,5351,771,3000,,0,01,2026
2,5201,94,9,2010,925,64,31,,0,01,2026
2,5201,95,1,1220,11028,350,100,,1,01,2026
2,5201,96,1,2010,265873,20127,4000,,1,01,2026
2,5201,98,1,1220,170893,1487,2000,,1,01,2026
2,5201,98,1,2010,271650,90798,3335,,0,01,2026
2,5201,98,1,2010,147239,14872,3184,,1,01,2026
2,5201,98,3,1220,116297,25,235,,0,01,2026
2,5201,98,3,2010,14400,19,1440,,0,01,2026
2,5201,98,5,2010,6484737,2025339,306756,,0,01,2026
2,5201,98,8,1220,25000,965,322,,0,01,2026
2,5201,98,9,1220,4546,139,447,,0,01,2026
2,5203,03,1,2010,142058,14746,1200,,1,01,2026
2,5203,08,1,2010,74880,117966,8640,,1,01,2026
2,5203,19,1,2010,26589,11984,4543,,1,01,2026
2,5203,22,1,2010,1698697,295452,48000,,1,01,2026
2,5203,30,1,2010,9384,49,0,,1,01,2026
2,5203,33,1,2010,46903,42097,6000,,1,01,2026
2,5203,39,1,2010,475322,262927,10135,,1,01,2026
2,5203,40,1,2010,17780,3027,968,,1,01,2026
2,5203,49,1,2010,3949,80,30,,1,01,2026
2,5203,63,1,2010,153949,18962,6167,,1,01,2026
2,5203,65,1,2010,4857,8,0,,1,01,2026
2,5203,68,1,2010,14936,15480,4484,,1,01,2026
2,5203,83,1,2010,5952,642,250,,1,01,2026
2,5203,84,1,2010,9723,636,391,,1,01,2026
2,5203,84,9,2010,223849,9620,4478,,0,01,2026
2,5203,85,1,2010,1091723,21269,5366,,1,01,2026
2,5203,87,1,2010,86001,4110,1889,,1,01,2026
2,5203,87,8,2010,8060,880,3500,,0,01,2026
2,5203,90,1,2010,308953,20001,0,,1,01,2026
2,5203,98,1,2010,267903,10615,6381,,0,01,2026
2,5203,98,1,2010,2500,200,100,,1,01,2026
2,52XX,01,3,2010,265500,5500,25264,,0,01,2026
2,52XX,03,3,2010,7887251,648123,911483,,0,01,2026
2,52XX,06,3,2010,1376500,26884,108777,,0,01,2026
2,52XX,07,1,1220,20034,25720,5500,,1,01,2026
2,52XX,07,3,2010,62829,5823,8723,,0,01,2026
2,52XX,09,3,2010,99380,4191,28210,,0,01,2026
2,52XX,12,3,2010,649602,70968,198073,,0,01,2026
2,52XX,16,3,2010,101422,5240,10117,,0,01,2026
2,52XX,20,1,1220,4353333,2428011,69606,,1,01,2026
2,52XX,21,3,2010,6350,864,3532,,0,01,2026
2,52XX,22,5,2010,6953,958,144,,0,01,2026
2,52XX,24,3,2010,5289,96,206,,0,01,2026
2,52XX,24,5,2010,78428,1057,650,,0,01,2026
2,52XX,27,1,1220,3951618,5732300,63206,,0,01,2026
2,52XX,27,1,1220,100787,617056,61388,,1,01,2026
2,52XX,30,1,1220,3119,234,0,,1,01,2026
2,52XX,30,3,2010,143555,760,1976,,0,01,2026
2,52XX,33,1,1220,704446,56278,400,,1,01,2026
2,52XX,33,3,1220,33309,420,446,,0,01,2026
2,52XX,33,3,2010,23823,1926,30,,0,01,2026
2,52XX,38,3,1220,70090,6912,895,,0,01,2026
2,52XX,39,1,1220,1632,81,43,,1,01,2026
2,52XX,39,3,1220,25657,239,642,,0,01,2026
2,52XX,39,3,2010,5999,676,749,,0,01,2026
2,52XX,39,8,2010,420,10,200,,0,01,2026
2,52XX,40,3,1220,786,2,5,,0,01,2026
2,52XX,40,3,2010,8912,16,401,,0,01,2026
2,52XX,42,3,2010,10978,60,1,,0,01,2026
2,52XX,44,3,2010,7575,647,500,,0,01,2026
2,52XX,48,3,2010,106023,4870,4453,,0,01,2026
2,52XX,49,3,1220,2537,15,75,,0,01,2026
2,52XX,49,3,2010,11330,1088,500,,0,01,2026
2,52XX,56,3,2010,8535,273,650,,0,01,2026
2,52XX,58,3,1220,274,2,150,,0,01,2026
2,52XX,58,3,2010,3016,24,0,,0,01,2026
2,52XX,61,3,1220,566,1,7,,0,01,2026
2,52XX,61,3,2010,2169826,39483,185187,,0,01,2026
2,52XX,62,3,2010,124408,4090,8276,,0,01,2026
2,52XX,63,3,2010,10675,115,591,,0,01,2026
2,52XX,64,3,2010,278,25,0,,0,01,2026
2,52XX,65,3,2010,46919,1502,3382,,0,01,2026
2,52XX,68,3,2010,86686,481,1589,,0,01,2026
2,52XX,69,3,2010,360960,16459,25968,,0,01,2026
2,52XX,71,3,1220,13230,2,1075,,0,01,2026
2,52XX,71,3,2010,49129262,7164,73861,,0,01,2026
2,52XX,71,8,2010,95129,17,3279,,0,01,2026
2,52XX,73,3,1220,60088,54,356,,0,01,2026
2,52XX,73,3,2010,4698,10,36,,0,01,2026
2,52XX,76,3,1220,18727,25,587,,0,01,2026
2,52XX,76,3,2010,3494,2,87,,0,01,2026
2,52XX,79,1,1220,2439,71,36,,1,01,2026
2,52XX,83,1,1220,3048,182,35,,1,01,2026
2,52XX,83,3,1220,37048,229,1493,,0,01,2026
2,52XX,84,3,1220,5330620,4346,8983,,0,01,2026
2,52XX,84,3,1220,2900,808,808,,1,01,2026
2,52XX,84,3,2010,6478264,39080,107154,,0,01,2026
2,52XX,84,5,2010,43266,135,72,,0,01,2026
2,52XX,85,1,1220,4270,236,192,,1,01,2026
2,52XX,85,3,1220,972885,2685,45306,,0,01,2026
2,52XX,85,3,1220,3397,1,297,,1,01,2026
2,52XX,85,3,2010,2179832,32713,115271,,0,01,2026
2,52XX,85,9,1220,5382,162,1,,0,01,2026
2,52XX,87,1,1220,3613,142,59,,1,01,2026
2,52XX,87,3,1220,4678,554,75,,0,01,2026
2,52XX,87,3,2010,108098,6798,6833,,0,01,2026
2,52XX,87,8,1220,24278,2232,24278,,0,01,2026
2,52XX,88,3,1220,2313999,1013,8829,,0,01,2026
2,52XX,88,3,2010,352678,401,2378,,0,01,2026
2,52XX,89,1,1220,5000,2000,500,,0,01,2026
2,52XX,90,3,1220,400455,1089,4940,,0,01,2026
2,52XX,90,3,2010,448956,2459,37627,,0,01,2026
2,52XX,90,5,2010,70867,220,120,,0,01,2026
2,52XX,94,3,1220,9226,73,200,,0,01,2026
2,52XX,94,3,2010,19316,1458,5000,,0,01,2026
2,52XX,94,8,2010,7808,343,910,,0,01,2026
2,52XX,95,3,1220,9172,25,271,,0,01,2026
2,52XX,95,3,2010,27058,4950,4950,,0,01,2026
2,52XX,97,3,2010,133500,1961,1650,,0,01,2026
2,52XX,98,1,1220,93917,10069,917,,1,01,2026
2,52XX,98,3,1220,5946963,3049,32594,,0,01,2026
2,52XX,98,3,2010,33141003,91242,219403,,0,01,2026
2,52XX,98,5,1220,183000,10941,1950,,0,01,2026
2,52XX,98,5,2010,124158,1568,445,,0,01,2026
2,52XX,98,8,1220,145793,19560,1459,,0,01,2026
2,5301,03,1,2010,236907,28130,11646,,1,01,2026
2,5301,04,1,2010,496518,199377,29297,,1,01,2026
2,5301,07,3,2010,2271,167,1,,0,01,2026
2,5301,08,1,2010,31896,9715,3178,,1,01,2026
2,5301,09,1,2010,5790084,669617,50438,,1,01,2026
2,5301,12,3,2010,55356,4003,11,,0,01,2026
2,5301,17,1,2010,1289404,11905809,2,,0,01,2026
2,5301,22,1,2010,3631888,3199327,254668,,1,01,2026
2,5301,22,5,2010,84794,32394,100,,0,01,2026
2,5301,25,1,2010,4518909,10349730,102965,,0,01,2026
2,5301,27,1,1220,17081458,34254027,1300735,,0,01,2026
2,5301,27,1,2010,161181713,427284356,5352279,,0,01,2026
2,5301,27,7,1220,124552689,347230689,19836214,,0,01,2026
2,5301,29,1,2010,2296204,3134567,6,,0,01,2026
2,5301,29,1,2010,1897343,2093649,35604,,1,01,2026
2,5301,30,1,2010,196886,394,657,,1,01,2026
2,5301,33,1,2010,78091,7846,5000,,1,01,2026
2,5301,34,5,1220,22987,5670,200,,0,01,2026
2,5301,39,1,1220,1337,10,27,,1,01,2026
2,5301,39,1,2010,102442,60260,9,,0,01,2026
2,5301,39,1,2010,9448,714,361,,1,01,2026
2,5301,39,3,1220,638,3,2,,0,01,2026
2,5301,39,3,2010,4468,12,21,,0,01,2026
2,5301,39,9,1220,754127,1135267,15084,,0,01,2026
2,5301,39,9,1220,195236,274764,12000,,1,01,2026
2,5301,40,1,2010,419,18,5,,1,01,2026
2,5301,44,1,2010,23643,19914,4000,,1,01,2026
2,5301,56,1,1220,899,3,18,,1,01,2026
2,5301,61,5,2010,46169,992,1989,,0,01,2026
2,5301,63,1,2010,5200,437,230,,1,01,2026
2,5301,65,1,2010,84423,211,111,,1,01,2026
2,5301,70,1,2010,26517,37249,2614,,1,01,2026
2,5301,72,1,2010,542119,550000,18882,,1,01,2026
2,5301,72,9,1220,16546,6332,1731,,0,01,2026
2,5301,73,1,1220,22603,607,270,,1,01,2026
2,5301,73,1,2010,6774291,4048929,485873,,0,01,2026
2,5301,73,1,2010,1271731,162808,5048,,1,01,2026
2,5301,73,9,1220,5864189,283363,117284,,0,01,2026
2,5301,76,1,1220,32181,98,15,,1,01,2026
2,5301,76,5,1220,8784,6,6,,0,01,2026
2,5301,82,1,1220,3409,34,1,,1,01,2026
2,5301,83,1,2010,2208,2,247,,0,01,2026
2,5301,84,1,1220,16097,468,174,,1,01,2026
2,5301,84,1,2010,271180,23399,2774,,1,01,2026
2,5301,84,3,1220,16325,230,43,,0,01,2026
2,5301,84,3,2010,19579,375,1712,,0,01,2026
2,5301,84,5,2010,128384,4960,1323,,0,01,2026
2,5301,84,9,1220,2795892,201741,55918,,0,01,2026
2,5301,85,1,1220,210623,6303,4301,,1,01,2026
2,5301,85,1,2010,186247,1954,323,,0,01,2026
2,5301,85,1,2010,79000,3065,420,,1,01,2026
2,5301,85,3,1220,7343,32,481,,0,01,2026
2,5301,85,5,2010,114354,4418,1178,,0,01,2026
2,5301,87,1,1220,4000,1873,150,,0,01,2026
2,5301,87,1,1220,1631773,104783,7618,,1,01,2026
2,5301,87,5,1220,22160,5216,1000,,0,01,2026
2,5301,87,8,1220,58043,11341,1500,,0,01,2026
2,5301,88,5,1220,42585,31,27,,0,01,2026
2,5301,88,5,2010,10146,7,6,,0,01,2026
2,5301,90,1,1220,2585,160,60,,0,01,2026
2,5301,90,1,2010,261100,17585,309,,1,01,2026
2,5301,90,3,1220,20452,136,0,,0,01,2026
2,5301,94,1,1220,1994,137,36,,1,01,2026
2,5301,98,1,1220,60351,968,141,,1,01,2026
2,5301,98,5,1220,143958,105,90,,0,01,2026
2,5301,98,5,2010,260427,55552,299,,0,01,2026
2,5301,98,8,2010,1170000,3069,15000,,0,01,2026
2,53XX,03,3,1220,2460,146,500,,0,01,2026
2,53XX,03,3,2010,32482,2379,1510,,0,01,2026
2,53XX,09,3,2010,7625,1918,2014,,0,01,2026
2,53XX,26,1,1220,14105470,107599270,1553455,,0,01,2026
2,53XX,27,1,2010,51864446,114954207,2294390,,0,01,2026
2,53XX,28,3,1220,9949,1,290,,0,01,2026
2,53XX,30,3,2010,213778,3633,4365,,0,01,2026
2,53XX,32,3,1220,3019,21,2,,0,01,2026
2,53XX,39,3,1220,4681,85,1488,,0,01,2026
2,53XX,39,3,2010,365986,3218,7404,,0,01,2026
2,53XX,40,3,1220,8437,4,171,,0,01,2026
2,53XX,40,3,2010,14690,1750,7130,,0,01,2026
2,53XX,40,8,2010,339,1,150,,0,01,2026
2,53XX,62,3,1220,20000,98,300,,0,01,2026
2,53XX,62,3,2010,2744,12,100,,0,01,2026
2,53XX,73,3,1220,2479,7,46,,0,01,2026
2,53XX,74,3,1220,2490,1,150,,0,01,2026
2,53XX,75,3,1220,13744,53,248,,0,01,2026
2,53XX,82,3,1220,7892,69,69,,0,01,2026
2,53XX,84,1,2010,9256,177,221,,0,01,2026
2,53XX,84,3,1220,2789837,12748,56655,,0,01,2026
2,53XX,84,3,2010,14941168,66985,6504,,0,01,2026
2,53XX,84,5,1220,10239,331,696,,0,01,2026
2,53XX,84,8,2010,10149,230,2600,,0,01,2026
2,53XX,85,3,1220,1668650,2210,14731,,0,01,2026
2,53XX,85,3,2010,838715,1281,4095,,0,01,2026
2,53XX,85,8,2010,706764,6873,32003,,0,01,2026
2,53XX,86,3,1220,2300,139,800,,0,01,2026
2,53XX,87,1,2010,2467625,132840,125069,,0,01,2026
2,53XX,87,3,2010,26486,1645,102,,0,01,2026
2,53XX,87,5,1220,6000,397,500,,0,01,2026
2,53XX,87,5,2010,22318,1435,500,,0,01,2026
2,53XX,87,8,2010,17975,271,1156,,0,01,2026
2,53XX,88,3,1220,145909,829,239,,0,01,2026
2,53XX,88,3,2010,6000,136,2000,,0,01,2026
2,53XX,90,1,1220,23154,473,543,,0,01,2026
2,53XX,90,3,1220,1404046,3012,25233,,0,01,2026
2,53XX,90,3,1220,2412,7,60,,1,01,2026
2,53XX,90,3,2010,100628,1308,4960,,0,01,2026
2,53XX,94,3,1220,5029,13,709,,0,01,2026
2,53XX,94,3,2010,1274,9,101,,0,01,2026
2,53XX,94,8,2010,24363,1514,639,,0,01,2026
2,53XX,95,1,1220,4445,22,21,,0,01,2026
2,53XX,97,3,2010,131000,287,872,,0,01,2026
2,53XX,97,3,2010,5000,16,415,,1,01,2026
2,53XX,98,1,2010,1214070,749698,12680,,0,01,2026
2,53XX,98,1,2010,13000,246,796,,1,01,2026
2,53XX,98,3,1220,339149,478,4027,,0,01,2026
2,53XX,98,3,2010,27672175,19076,34622,,0,01,2026
2,53XX,98,8,2010,2700,13,500,,0,01,2026
2,54XX,05,3,1220,18462,4,1592,,0,01,2026
2,54XX,12,3,2010,3420,479,887,,0,01,2026
2,54XX,29,3,1220,2098,1,10,,0,01,2026
2,54XX,38,3,1220,2956,5,4,,0,01,2026
2,54XX,39,3,1220,6411,82,116,,0,01,2026
2,54XX,39,5,2010,5777,639,34,,0,01,2026
2,54XX,40,3,1220,2333,1,56,,0,01,2026
2,54XX,40,3,2010,493,1,1,,0,01,2026
2,54XX,68,3,1220,25314,91,15,,0,01,2026
2,54XX,75,3,1220,3281,10,2,,0,01,2026
2,54XX,76,3,1220,6580,2,150,,0,01,2026
2,54XX,84,3,1220,134152,1365,980,,0,01,2026
2,54XX,84,3,2010,42091,66,1242,,0,01,2026
2,54XX,85,3,1220,1437203,971,7948,,0,01,2026
2,54XX,85,3,1220,100000,27,1500,,1,01,2026
2,54XX,85,3,2010,128153,362,5874,,0,01,2026
2,54XX,85,5,1220,220850,201,300,,0,01,2026
2,54XX,87,3,2010,7400,270,270,,0,01,2026
2,54XX,88,3,1220,555604,281,3071,,0,01,2026
2,54XX,88,5,1220,7051,30,600,,0,01,2026
2,54XX,90,3,1220,87330,217,1525,,0,01,2026
2,54XX,90,3,2010,55410,941,3670,,0,01,2026
2,54XX,94,3,1220,11416,22,289,,0,01,2026
2,54XX,98,3,1220,203369,71,2100,,0,01,2026
2,54XX,98,3,2010,347045,3273,2674,,0,01,2026
2,5501,07,3,2010,43450,1143,9649,,0,01,2026
2,5501,09,3,2010,9414,1064,2498,,0,01,2026
2,5501,12,3,2010,109217,15797,32065,,0,01,2026
2,5501,16,3,2010,31927,1802,1,,0,01,2026
2,5501,22,5,2010,3362,463,276,,0,01,2026
2,5501,29,3,2010,55800,8,900,,0,01,2026
2,5501,29,5,2010,27152,770,2000,,0,01,2026
2,5501,30,8,2010,42290,2,1500,,0,01,2026
2,5501,33,1,2010,5416,2139,1375,,1,01,2026
2,5501,39,3,2010,9616,148,1253,,0,01,2026
2,5501,39,5,2010,232489,9639,8679,,0,01,2026
2,5501,39,9,2010,33824,12881,6000,,0,01,2026
2,5501,40,1,2010,38866,9772,3000,,1,01,2026
2,5501,40,3,2010,540,1,14,,0,01,2026
2,5501,40,5,2010,8642,361,575,,0,01,2026
2,5501,42,5,2010,3396,89,58,,0,01,2026
2,5501,48,9,2010,93352,138520,7500,,0,01,2026
2,5501,51,3,2010,32762,5351,2860,,0,01,2026
2,5501,55,5,2010,7826,119,73,,0,01,2026
2,5501,58,5,2010,9145,155,87,,0,01,2026
2,5501,62,5,2010,21808,6783,588,,0,01,2026
2,5501,63,5,2010,165771,1477,2645,,0,01,2026
2,5501,64,5,2010,28262,1135,260,,0,01,2026
2,5501,65,3,2010,1058,1,0,,0,01,2026
2,5501,65,5,2010,15004,1400,1500,,0,01,2026
2,5501,70,3,2010,10350,42,250,,0,01,2026
2,5501,70,5,2010,231646,472,320,,0,01,2026
2,5501,71,3,2010,9442,1,120,,0,01,2026
2,5501,73,3,2010,12262,25,59,,0,01,2026
2,5501,73,5,2010,13885,1409,1349,,0,01,2026
2,5501,75,3,2010,7975,4,229,,0,01,2026
2,5501,83,1,2010,5302,2,10,,1,01,2026
2,5501,84,1,2010,132186,6371,4419,,1,01,2026
2,5501,84,3,2010,2801059,5168,8913,,0,01,2026
2,5501,84,5,2010,1650277,10744,12499,,0,01,2026
2,5501,85,1,2010,4205,61,456,,0,01,2026
2,5501,85,1,2010,73474,1254,1992,,1,01,2026
2,5501,85,3,2010,2066629,9755,89604,,0,01,2026
2,5501,85,5,2010,792973,34826,19112,,0,01,2026
2,5501,85,9,2010,3317877,643667,11027,,0,01,2026
2,5501,87,1,2010,2029,52,41,,1,01,2026
2,5501,87,3,2010,11582,249,382,,0,01,2026
2,5501,88,3,2010,248025,73,3917,,0,01,2026
2,5501,88,5,2010,88465,357,404,,0,01,2026
2,5501,90,3,2010,204172,2556,11006,,0,01,2026
2,5501,90,5,2010,1017702,7003,8461,,0,01,2026
2,5501,94,3,2010,39448,939,3382,,0,01,2026
2,5501,95,9,2010,81320563,8416126,1624585,,0,01,2026
2,5501,96,5,2010,11362,764,1938,,0,01,2026
2,5501,97,3,2010,2225255,51,852,,0,01,2026
2,5501,98,3,2010,1010144,1423,51756,,0,01,2026
2,5501,98,5,2010,36116,2535,1505,,0,01,2026
2,5501,98,5,2010,122192,238,252,,1,01,2026
2,5501,98,9,2010,2237467,80429,1512,,0,01,2026
2,55XX,22,5,2010,1732942,495403,31700,,0,01,2026
2,55XX,22,9,1220,3888,2120,500,,0,01,2026
2,55XX,22,9,2010,204954,57885,5200,,0,01,2026
2,55XX,27,5,1220,2186,1009,1,,0,01,2026
2,55XX,27,7,1220,395500462,1185520174,39180400,,0,01,2026
2,55XX,28,3,1220,17882,28,235,,0,01,2026
2,55XX,29,3,1220,10124,1,1,,0,01,2026
2,55XX,32,3,1220,3281,24,250,,0,01,2026
2,55XX,39,3,1220,215410,12020,4089,,0,01,2026
2,55XX,39,3,2010,8687,74,515,,0,01,2026
2,55XX,39,5,1220,95476,2851,157,,0,01,2026
2,55XX,39,5,2010,9409,100,30,,0,01,2026
2,55XX,40,3,1220,17636,61,1748,,0,01,2026
2,55XX,40,3,2010,962,51,1561,,0,01,2026
2,55XX,40,5,1220,5722,9,5,,0,01,2026
2,55XX,61,3,1220,761,10,0,,0,01,2026
2,55XX,63,5,1220,1700,38,25,,0,01,2026
2,55XX,73,3,1220,67227,67,1072,,0,01,2026
2,55XX,73,5,1220,34799,1590,207,,0,01,2026
2,55XX,75,3,1220,48943,53,1079,,0,01,2026
2,55XX,76,3,1220,77808,2860,300,,0,01,2026
2,55XX,76,5,1220,27159,458,604,,0,01,2026
2,55XX,81,3,1220,15674,7,50,,0,01,2026
2,55XX,82,3,1220,150886,1053,1219,,0,01,2026
2,55XX,82,5,1220,2314,683,1,,0,01,2026
2,55XX,83,3,1220,88960,53,2208,,0,01,2026
2,55XX,83,3,2010,2060,81,206,,0,01,2026
2,55XX,83,5,1220,72785,94,54,,0,01,2026
2,55XX,84,1,1220,4470,1777,3264,,0,01,2026
2,55XX,84,3,1220,17224643,16749,32537,,0,01,2026
2,55XX,84,3,2010,41852,276,2748,,0,01,2026
2,55XX,84,5,1220,316259,4355,141,,0,01,2026
2,55XX,84,5,2010,801573,8398,1475,,0,01,2026
2,55XX,85,3,1220,3639598,4921,52223,,0,01,2026
2,55XX,85,3,1220,11238,10,1,,1,01,2026
2,55XX,85,3,2010,250695,400,7600,,0,01,2026
2,55XX,85,5,1220,197547,250,238,,0,01,2026
2,55XX,85,5,2010,803552,35880,1495,,0,01,2026
2,55XX,87,3,1220,2797,32,40,,0,01,2026
2,55XX,87,3,2010,26562,577,2850,,0,01,2026
2,55XX,87,5,1220,5733,519,83,,0,01,2026
2,55XX,88,3,1220,4242603,3756,17783,,0,01,2026
2,55XX,88,3,2010,57000,196,300,,0,01,2026
2,55XX,88,5,1220,2279371,2929,5927,,0,01,2026
2,55XX,90,3,1220,15547817,27760,41896,,0,01,2026
2,55XX,90,3,1220,11968,31,500,,1,01,2026
2,55XX,90,3,2010,43250,777,150,,0,01,2026
2,55XX,90,5,1220,150220,328,122,,0,01,2026
2,55XX,93,3,1220,19093,220,100,,0,01,2026
2,55XX,94,3,1220,73589,4490,4374,,0,01,2026
2,55XX,94,3,2010,2544,930,7,,0,01,2026
2,55XX,94,5,1220,88783,1508,102,,0,01,2026
2,55XX,94,5,2010,3970,28,1500,,0,01,2026
2,55XX,98,3,1220,11543023,7029,143074,,0,01,2026
2,55XX,98,3,2010,1473568,7158,54849,,0,01,2026
2,55XX,98,5,1220,6481940,8646,2115,,0,01,2026
2,55XX,98,5,2010,27539,58162,5,,0,01,2026
2,55XX,98,8,1220,131803,10217,22,,0,01,2026
2,60XX,89,8,1220,50247,7515,982,,0,01,2026
2,70XX,99,8,1220,222826358,0,0,,0,01,2026
2,70XX,99,8,2010,223828948,0,0,,0,01,2026
